TradDt,BizDt,Sgmt,Src,FinInstrmTp,FinInstrmId,ISIN,TckrSymb,SctySrs,XpryDt,FininstrmActlXpryDt,StrkPric,OptnTp,FinInstrmNm,OpnPric,HghPric,LwPric,ClsPric,LastPric,PrvsClsgPric,UndrlygPric,SttlmPric,OpnIntrst,ChngInOpnIntrst,TtlTradgVol,TtlTrfVal,TtlNbOfTxsExctd,SsnId,NewBrdLotQty,Rmks,Rsvd1,Rsvd2,Rsvd3,Rsvd4
2026-10-08,2026-10-08,CM,NSE,STK,19078,IN0020200104,SGBJUN28,GB,,,,,2.5%GOLDBONDS2028SR-III,14750.00,14750.00,14655.00,14698.24,14690.00,14690.00,,14685.40,,,43,632128.88,13,F1,1,,,,,
2026-10-08,2026-10-08,CM,NSE,STK,1342,IN0020200286,SGBN28VIII,GB,,,,,2.5%GOLDBONDS2028SR-VIII,14800.00,14800.00,14681.00,14701.19,14700.00,14700.00,,14704.71,,,61,896524.35,20,F1,1,,,,,
2026-10-08,2026-10-08,CM,NSE,STK,3742,IN0020210053,SGBMAY29I,GB,,,,,2.5%GOLDBONDS2029SR-I,14754.98,14755.00,14670.00,14680.84,14692.00,14683.65,,14681.70,,,472,6947460.38,88,F1,1,,,,,
2026-10-08,2026-10-08,CM,NSE,STK,3743,IN0020210061,SGBJUN29II,GB,,,,,2.5%GOLDBONDS2029SR-II,14680.00,14775.00,14666.00,14672.57,14668.00,14661.00,,14681.44,,,67,986163.98,17,F1,1,,,,,
2026-10-08,2026-10-08,CM,NSE,STK,3800,IN0020210087,SGBJU29III,GB,,,,,2.5%GOLDBONDS2029SR-III,14633.03,14948.99,14633.03,14727.76,14711.00,14711.00,,14727.26,,,91,1344884.38,22,F1,1,,,,,
2026-10-08,2026-10-08,CM,NSE,STK,5575,IN0020210145,SGBSEP29VI,GB,,,,,2.5%GOLDBONDS2029SR-VI,14998.70,14998.70,14668.69,14684.70,14698.00,14722.76,,14684.70,,,224,3319283.41,67,F1,1,,,,,
2026-10-08,2026-10-08,CM,NSE,STK,6518,IN0020210178,SGBNV29VII,GB,,,,,2.5%GOLDBONDS2029SR-VII,14799.00,14799.00,14683.00,14703.61,14703.00,14700.30,,14702.84,,,52,764837.97,21,F1,1,,,,,
2026-10-08,2026-10-08,CM,NSE,STK,5960,IN0020180249,SGBOCT26,GB,,,,,2.50%GOLDBONDS2026SR-II,14700.00,14700.00,14700.00,14700.00,14700.00,14699.00,,14700.00,,,18,264600.00,2,F1,1,,,,,
2026-10-08,2026-10-08,CM,NSE,STK,6355,IN0020180314,SGBNOV26,GB,,,,,2.50%GOLDBONDS2026SR-III,14912.40,14912.40,14912.40,14912.40,14912.40,14620.00,,14912.40,,,1,14912.40,1,F1,1,,,,,
2026-10-08,2026-10-08,CM,NSE,STK,7654,IN0020180389,SGBDEC26,GB,,,,,2.50%GOLDBONDS2026SR-IV,14649.99,14649.99,14603.12,14603.12,14603.12,14880.00,,14609.06,,,200,2925311.00,3,F1,1,,,,,
2026-10-08,2026-10-08,CM,NSE,STK,10261,IN0020190073,SGBJUN27,GB,,,,,2.50%GOLDBONDS2027SR-I,14685.00,14685.00,14685.00,14685.00,14685.00,14685.00,,14685.00,,,6,88110.00,4,F1,1,,,,,
2026-10-08,2026-10-08,CM,NSE,STK,11154,IN0020190081,SGBJUL27,GB,,,,,2.50%GOLDBONDS2027SR-II,14650.00,14650.00,14650.00,14650.00,14650.00,14702.74,,14650.00,,,2,29300.00,1,F1,1,,,,,
2026-10-08,2026-10-08,CM,NSE,STK,12904,IN0020190107,SGBAUG27,GB,,,,,2.50%GOLDBONDS2027SR-III,14700.00,14775.00,14620.01,14637.00,14632.01,14600.59,,14637.00,,,41,601853.05,19,F1,1,,,,,
2026-10-08,2026-10-08,CM,NSE,STK,13209,IN0020190115,SGBSEP27,GB,,,,,2.50%GOLDBONDS2027SR-IV,14699.98,14699.98,14699.98,14699.98,14699.98,14749.98,,14699.98,,,2,29399.96,1,F1,1,,,,,
2026-10-08,2026-10-08,CM,NSE,STK,8766,IN0020180561,SGBFEB27,GB,,,,,2.50%GOLDBONDS2027SR-VI,14743.35,14743.35,14630.00,14650.00,14650.00,14670.00,,14650.00,,,112,1640966.70,10,F1,1,,,,,
2026-10-08,2026-10-08,CM,NSE,STK,14252,IN0020190388,SGBOCT27VI,GB,,,,,2.50%GOLDBONDS2027SR-VI,14605.00,14605.00,14605.00,14605.00,14605.00,14750.00,,14604.64,,,10,146050.00,2,F1,1,,,,,
2026-10-08,2026-10-08,CM,NSE,STK,15432,IN0020190461,SGBDC27VII,GB,,,,,2.50%GOLDBONDS2027SR-VII,14780.00,14780.00,14670.01,14747.49,14749.99,14714.66,,14747.49,,,44,648954.61,8,F1,1,,,,,
2026-10-08,2026-10-08,CM,NSE,STK,18862,IN0020200062,SGBAPR28I,GB,,,,,2.50%GOLDBONDS2028SR-I,14827.18,14850.00,14735.30,14823.70,14845.00,14827.18,,14823.70,,,141,2086949.70,69,F1,1,,,,,
2026-10-08,2026-10-08,CM,NSE,STK,18972,IN0020200088,SGBMAY28,GB,,,,,2.50%GOLDBONDS2028SR-II,14657.00,14700.00,14655.00,14678.62,14680.00,14739.99,,14676.17,,,102,1496060.38,27,F1,1,,,,,
2026-10-08,2026-10-08,CM,NSE,STK,22242,IN0020200146,SGBJUL28IV,GB,,,,,2.50%GOLDBONDS2028SR-IV,14665.00,14679.00,14623.00,14625.40,14625.00,14674.40,,14632.20,,,36,527816.63,17,F1,1,,,,,
2026-10-08,2026-10-08,CM,NSE,STK,17664,IN0020190545,SGBFEB28IX,GB,,,,,2.50%GOLDBONDS2028SR-IX,14555.00,14555.00,14555.00,14555.00,14555.00,14719.00,,14540.00,,,3,43665.00,2,F1,1,,,,,
2026-10-08,2026-10-08,CM,NSE,STK,22385,IN0020200161,SGBAUG28V,GB,,,,,2.50%GOLDBONDS2028SR-V,14688.63,15000.00,14651.12,14770.50,14750.00,14688.67,,14767.44,,,884,13016547.34,171,F1,1,,,,,
2026-10-08,2026-10-08,CM,NSE,STK,149,IN0020200195,SGBSEP28VI,GB,,,,,2.50%GOLDBONDS2028SR-VI,14661.00,14743.99,14625.01,14625.12,14625.01,14648.96,,14625.12,,,146,2143393.39,47,F1,1,,,,,
2026-10-08,2026-10-08,CM,NSE,STK,834,IN0020200203,SGBOC28VII,GB,,,,,2.50%GOLDBONDS2028SR-VII,14750.00,14899.99,14741.00,14752.38,14750.00,14716.33,,14752.38,,,1622,24035879.00,14,F1,1,,,,,
2026-10-08,2026-10-08,CM,NSE,STK,17110,IN0020190537,SGBJ28VIII,GB,,,,,2.50%GOLDBONDS2028SR-VIII,14650.00,14650.00,14610.01,14623.34,14610.01,14615.02,,14606.01,,,3,43870.02,2,F1,1,,,,,
2026-10-08,2026-10-08,CM,NSE,STK,18451,IN0020190552,SGBMAR28X,GB,,,,,2.50%GOLDBONDS2028SR-X,14630.01,14749.98,14618.00,14648.50,14644.85,14629.58,,14648.50,,,231,3380725.24,59,F1,1,,,,,
2026-10-08,2026-10-08,CM,NSE,STK,5113,IN0020210111,SGBJUL29IV,GB,,,,,2.50%GOLDBONDS2029SR-IV,14655.01,14749.99,14641.01,14670.01,14670.01,14651.55,,14658.86,,,141,2071235.13,35,F1,1,,,,,
2026-10-08,2026-10-08,CM,NSE,STK,1920,IN0020200377,SGBJAN29IX,GB,,,,,2.50%GOLDBONDS2029SR-IX,14666.52,14724.99,14645.00,14675.00,14675.00,14663.00,,14675.00,,,66,967679.72,30,F1,1,,,,,
2026-10-08,2026-10-08,CM,NSE,STK,5455,IN0020210129,SGBAUG29V,GB,,,,,2.50%GOLDBONDS2029SR-V,14800.00,14823.76,14695.29,14701.22,14700.00,14812.50,,14702.97,,,85,1253491.34,41,F1,1,,,,,
2026-10-08,2026-10-08,CM,NSE,STK,7098,IN0020210228,SGBD29VIII,GB,,,,,2.50%GOLDBONDS2029SR-VIII,14712.01,14800.00,14700.00,14718.87,14710.00,14747.35,,14718.87,,,264,3883487.91,64,F1,1,,,,,
2026-10-08,2026-10-08,CM,NSE,STK,2003,IN0020200385,SGBJAN29X,GB,,,,,2.50%GOLDBONDS2029SR-X,14889.00,14889.00,14665.01,14708.50,14708.50,14651.82,,14708.50,,,34,500339.02,18,F1,1,,,,,
2026-10-08,2026-10-08,CM,NSE,STK,2200,IN0020200393,SGBFEB29XI,GB,,,,,2.50%GOLDBONDS2029SR-XI,14749.00,14749.00,14635.01,14660.19,14684.50,14675.60,,14660.19,,,46,674279.03,17,F1,1,,,,,
2026-10-08,2026-10-08,CM,NSE,STK,2810,IN0020200427,SGBMR29XII,GB,,,,,2.50%GOLDBONDS2029SR-XII,14630.01,14700.00,14630.01,14642.84,14640.00,14628.00,,14642.84,,,269,3940981.53,62,F1,1,,,,,
2026-10-08,2026-10-08,CM,NSE,STK,10232,IN0020220045,SGBJUN30,GB,,,,,2.50%GOLDBONDS2030SR-I,14850.00,14899.99,14815.00,14832.25,14878.00,14850.00,,14832.25,,,31,459838.09,27,F1,1,,,,,
2026-10-08,2026-10-08,CM,NSE,STK,11192,IN0020220078,SGBAUG30,GB,,,,,2.50%GOLDBONDS2030SR-II,15000.00,15000.01,14802.00,14850.00,14850.00,14880.00,,14850.00,,,170,2530988.15,65,F1,1,,,,,
2026-10-08,2026-10-08,CM,NSE,STK,13642,IN0020220110,SGBDE30III,GB,,,,,2.50%GOLDBONDS2030SR-III,14988.99,14988.99,14812.00,14861.29,14900.00,14825.40,,14866.04,,,364,5414747.94,75,F1,1,,,,,
2026-10-08,2026-10-08,CM,NSE,STK,7879,IN0020210236,SGBJAN30IX,GB,,,,,2.50%GOLDBONDS2030SR-IX,14721.01,14750.00,14673.00,14713.99,14673.00,14714.25,,14709.99,,,95,1399122.41,43,F1,1,,,,,
2026-10-08,2026-10-08,CM,NSE,STK,8401,IN0020210319,SGBMAR30X,GB,,,,,2.50%GOLDBONDS2030SR-X,14802.00,14900.00,14800.00,14810.00,14810.00,14760.00,,14795.00,,,32,474344.05,13,F1,1,,,,,
2026-10-08,2026-10-08,CM,NSE,STK,17202,IN0020230069,SGBJUN31I,GB,,,,,2.50%GOLDBONDS2031SR-I,15005.12,15300.00,14952.00,15106.09,15099.00,14965.15,,15110.32,,,423,6362054.41,128,F1,1,,,,,
2026-10-08,2026-10-08,CM,NSE,STK,19456,IN0020230093,SGBSEP31II,GB,,,,,2.50%GOLDBONDS2031SR-II,14967.01,15500.00,14911.01,15021.47,14972.50,14967.01,,15015.90,,,1666,24998696.60,267,F1,1,,,,,
2026-10-08,2026-10-08,CM,NSE,STK,22476,IN0020230168,SGBDE31III,GB,,,,,2.50%GOLDBONDS2031SR-III,15120.01,15198.99,15044.41,15079.11,15093.99,15120.01,,15082.15,,,1319,19928920.15,240,F1,1,,,,,
2026-10-08,2026-10-08,CM,NSE,STK,14598,IN0020220169,SGBMAR31IV,GB,,,,,2.50%GOLDBONDS2031SR-IV,14879.16,15079.99,14879.16,14930.00,14930.00,14879.16,,14930.00,,,65,971353.33,28,F1,1,,,,,
2026-10-08,2026-10-08,CM,NSE,STK,22886,IN0020230184,SGBFEB32IV,GB,,,,,2.50%GOLDBONDS2032SR-IV,15381.01,15460.00,15351.02,15379.21,15351.50,15393.69,,15376.91,,,593,9127350.29,185,F1,1,,,,,
2026-10-08,2026-10-08,CM,NSE,STK,16921,INE144J01027,20MICRONS,EQ,,,,,20 MICRONS LTD,204.90,204.91,193.00,194.81,194.20,204.56,,194.82,,,142707,28172571.51,3843,F1,1,,,,,
2026-10-08,2026-10-08,CM,NSE,STK,4,INE253B01015,21STCENMGM,EQ,,,,,21ST CENTURY MGMT SERVICE,40.05,41.07,40.05,41.07,41.07,39.12,,41.07,,,27836,1140942.61,91,F1,1,,,,,
2026-10-08,2026-10-08,CM,NSE,STK,13061,INE466L01038,360ONE,EQ,,,,,360 ONE WAM LIMITED,1067.20,1068.30,1038.30,1041.10,1041.10,1063.00,,1041.10,,,410285,429586288.10,21550,F1,1,,,,,
2026-10-08,2026-10-08,CM,NSE,STK,30105,INF579M01BB5,GOLD360,EQ,,,,,360ONEAMC - GOLD360,142.15,143.65,142.15,143.00,143.25,142.75,,143.22,,,4170,596346.15,209,F1,1,,,,,
2026-10-08,2026-10-08,CM,NSE,STK,763602,INF579M01BP5,MSCI360,EQ,,,,,360ONEAMC - MSCI360,9.51,9.53,9.33,9.37,9.37,9.51,,9.37,,,2424,22756.61,43,F1,1,,,,,
2026-10-08,2026-10-08,CM,NSE,STK,756150,INF579M01BC3,SILVER360,EQ,,,,,360ONEAMC - SILVER360,215.00,215.26,211.27,212.39,212.51,215.26,,212.66,,,9838,2098270.03,490,F1,1,,,,,
2026-10-08,2026-10-08,CM,NSE,STK,762518,INE994E01018,3BBLACKBIO,EQ,,,,,3B BLACKBIO DX LTD.,1629.90,1629.90,1511.00,1530.00,1530.00,1615.50,,1530.35,,,11870,18333063.80,1733,F1,1,,,,,
2026-10-08,2026-10-08,CM,NSE,STK,6240,INE748C01038,3IINFOLTD,BE,,,,,3I INFOTECH LIMITED,23.22,23.30,22.67,23.00,23.00,23.30,,23.00,,,157698,3618727.85,453,F1,1,,,,,
2026-10-08,2026-10-08,CM,NSE,STK,474,INE470A01017,3MINDIA,EQ,,,,,3M INDIA LIMITED,30850.00,31050.00,29915.00,30025.00,30140.00,30825.00,,30024.49,,,3002,91240980.00,1945,F1,1,,,,,
2026-10-08,2026-10-08,CM,NSE,STK,2595,INE105C01023,3PLAND,EQ,,,,,3P LAND HOLDINGS LIMITED,30.80,31.20,30.72,30.77,30.72,30.80,,30.77,,,693,21436.59,36,F1,1,,,,,
2026-10-08,2026-10-08,CM,NSE,STK,445,INE618L01018,5PAISA,EQ,,,,,5PAISA CAPITAL LIMITED,353.00,353.15,335.55,338.20,337.50,348.00,,338.14,,,38686,13269648.90,2934,F1,1,,,,,
2026-10-08,2026-10-08,CM,NSE,STK,11868,INE111B01023,63MOONS,EQ,,,,,63 MOONS TECHNOLOGIES LTD,786.80,789.55,759.15,761.55,762.00,783.20,,761.56,,,149584,115223531.50,6992,F1,1,,,,,
2026-10-08,2026-10-08,CM,NSE,STK,29323,INE053F07579,734IRFC28,N4,,,,,7.34 NCD 19FEB28 TR1 SR2,1029.99,1029.99,1025.00,1026.00,1026.00,1023.00,,1026.00,,,228,233879.92,4,F1,1,,,,,
2026-10-08,2026-10-08,CM,NSE,STK,19974,INE134E07349,736PFCL28,N2,,,,,7.36% TAX FREE NCD,1075.06,1075.50,1075.06,1075.50,1075.50,1074.97,,1075.50,,,68,73130.48,3,F1,1,,,,,
2026-10-08,2026-10-08,CM,NSE,STK,20052,INE787H07156,740IIFCL33,N1,,,,,7.40% TAX FREETRI SRIII,1150.15,1150.15,1150.10,1150.10,1150.10,1151.06,,1150.10,,,20,23002.05,2,F1,1,,,,,
2026-10-08,2026-10-08,CM,NSE,STK,19976,INE134E07588,760PFCL35,N3,,,,,7.60% TAX FREE NCD,1150.00,1150.00,1150.00,1150.00,1150.00,1152.06,,1150.00,,,10,11500.00,1,F1,1,,,,,
2026-10-08,2026-10-08,CM,NSE,STK,20034,INE261F07032,764NABAR31,N2,,,,,7.64% TAX FREE TRI SRIIB,1126.70,1126.70,1120.00,1121.00,1121.00,1120.00,,1121.00,,,520,585426.09,31,F1,1,,,,,
2026-10-08,2026-10-08,CM,NSE,STK,19928,INE031A07AO5,764HUDCO31,N8,,,,,7.64% TAX FREETRI SR2B,1121.00,1124.99,1121.00,1124.99,1124.99,1124.00,,1122.00,,,500,561497.50,6,F1,1,,,,,
2026-10-08,2026-10-08,CM,NSE,STK,19930,INE031A07AT4,769HUDCO31,N9,,,,,7.69% TAX FREETRII SR2B,1139.60,1139.60,1139.60,1139.60,1139.60,1140.27,,1139.60,,,86,98005.60,9,F1,1,,,,,
2026-10-08,2026-10-08,CM,NSE,STK,20030,INE202E07229,774IREDA31,N7,,,,,7.74% TAX FREE NCD,1132.05,1132.05,1132.05,1132.05,1132.05,1132.00,,1132.05,,,131,148298.55,1,F1,1,,,,,
2026-10-08,2026-10-08,CM,NSE,STK,19924,INE020B07GH7,812REC27,NI,,,,,8.12/8.32% TAX FREE NCD,1028.05,1028.25,1028.04,1028.04,1028.04,1026.50,,1028.04,,,2142,2202092.18,9,F1,1,,,,,
2026-10-08,2026-10-08,CM,NSE,STK,31240,INE031A07840,82HUDCO27,N2,,,,,8.20 NCD05MAR27 FV 1000,1059.90,1059.90,1055.26,1056.02,1056.02,1056.00,,1060.44,,,1400,1478706.50,12,F1,1,,,,,
2026-10-08,2026-10-08,CM,NSE,STK,20022,INE134E07208,830PFCL27,N5,,,,,8.30% TAX FREE NCD,1006.99,1009.00,1003.01,1004.00,1004.00,1004.59,,1004.03,,,1359,1365665.29,19,F1,1,,,,,
2026-10-08,2026-10-08,CM,NSE,STK,31762,INE733E07JG5,866NTPC33,N3,,,,,8.66%S-R-NCD SERIES 3A,1252.70,1259.00,1252.60,1259.00,1259.00,1276.00,,1259.00,,,19,23857.10,3,F1,1,,,,,
2026-10-08,2026-10-08,CM,NSE,STK,31766,INE733E07JI1,873NTPC28,N5,,,,,8.73%S-R-NCD SERIES 2B,1140.00,1149.00,1140.00,1149.00,1149.00,1135.62,,1149.00,,,500,572169.00,3,F1,1,,,,,
2026-10-08,2026-10-08,CM,NSE,STK,192,INE906B07DF8,875NHAI29,N6,,,,,8.75% TAX FREE TR I S IIB,1120.00,1120.00,1115.16,1117.02,1117.00,1117.10,,1117.02,,,3216,3595539.16,24,F1,1,,,,,
2026-10-08,2026-10-08,CM,NSE,STK,19968,INE031A07949,876HUDCO28,ND,,,,,8.76% TAX FREETRI SR2B,1066.00,1068.40,1066.00,1068.00,1068.00,1064.90,,1068.00,,,1283,1369440.26,24,F1,1,,,,,
2026-10-08,2026-10-08,CM,NSE,STK,20058,INE787H07370,891IIFCL34,N4,,,,,8.91% TAX FREE NCD,1269.00,1269.00,1269.00,1269.00,1269.00,1266.00,,1267.78,,,100,126900.00,1,F1,1,,,,,
2026-10-08,2026-10-08,CM,NSE,STK,31768,INE733E07JJ9,891NTPC33,N6,,,,,8.91%S-R-NCD SERIES 3B,1290.05,1298.00,1290.05,1295.00,1295.00,1295.00,,1297.00,,,2030,2626800.00,16,F1,1,,,,,
2026-10-08,2026-10-08,CM,NSE,STK,31487,INE848E07567,892NHPC33,N6,,,,,8.92% SEC RED BOND S3B,1275.00,1275.00,1275.00,1275.00,1275.00,1275.00,,1265.00,,,120,153000.00,1,F1,1,,,,,
2026-10-08,2026-10-08,CM,NSE,STK,20028,INE134E07463,892PFCL33,N8,,,,,8.92% TAX FREE NCD,1329.00,1329.00,1296.00,1319.98,1319.98,1294.00,,1305.00,,,450,595197.30,10,F1,1,,,,,
2026-10-08,2026-10-08,CM,NSE,STK,19970,INE031A07AB2,901HUDCO34,NE,,,,,9.01% TAX FREETRII SR3B,1285.50,1319.00,1285.00,1310.00,1310.00,1286.92,,1310.00,,,1534,1977081.44,22,F1,1,,,,,
2026-10-08,2026-10-08,CM,NSE,STK,759130,INE08PH01015,ABCOTS,EQ,,,,,A B COTSPIN INDIA LIMITED,195.90,195.90,189.02,190.67,190.50,192.07,,190.67,,,1925,366332.34,106,F1,1,,,,,
2026-10-08,2026-10-08,CM,NSE,STK,27016,INE00YB01025,ABINFRA,BE,,,,,A B INFRABUILD LIMITED,12.85,12.85,12.12,12.19,12.50,12.50,,12.27,,,354926,4408873.84,256,F1,1,,,,,
2026-10-08,2026-10-08,CM,NSE,STK,762528,INE850B01026,ABMKNO,EQ,,,,,A B M KNOWLEDGEWARE LTD.,164.41,164.99,155.00,161.27,162.50,169.00,,161.22,,,5804,942247.40,77,F1,1,,,,,
2026-10-08,2026-10-08,CM,NSE,STK,762536,INE366C01021,ACSTECH,BE,,,,,A C S TECHNOLOGIES LTD.,71.83,71.83,71.83,71.83,71.83,73.29,,72.01,,,36708,2636735.64,55,F1,1,,,,,
2026-10-08,2026-10-08,CM,NSE,STK,762538,INE701G01012,AKCAPIT,EQ,,,,,A K CAPITAL SERVICES LTD.,1730.30,1749.20,1689.40,1728.40,1730.00,1747.20,,1729.79,,,1608,2776791.70,144,F1,1,,,,,
2026-10-08,2026-10-08,CM,NSE,STK,766314,INE0OTC01025,AONESTEELS,EQ,,,,,A-ONE STEELS INDIA LTD,420.35,426.55,401.80,416.95,420.00,420.35,,417.00,,,535838,222467465.40,15398,F1,1,,,,,
2026-10-08,2026-10-08,CM,NSE,STK,20906,INE619I01012,A2ZINFRA,EQ,,,,,A2Z INFRA ENGINEERING LTD,13.91,13.91,13.58,13.72,13.66,14.10,,13.72,,,234410,3229194.55,453,F1,1,,,,,
2026-10-08,2026-10-08,CM,NSE,STK,12533,INE0D0U01013,AAATECH,EQ,,,,,AAA TECHNOLOGIES LIMITED,108.30,109.39,103.00,103.44,103.15,106.79,,103.36,,,319270,33177299.76,1499,F1,1,,,,,
2026-10-08,2026-10-08,CM,NSE,STK,23729,INE883F01010,AADHARHFC,EQ,,,,,AADHAR HOUSING FINANCE L,455.05,455.80,443.85,450.55,453.95,455.05,,450.56,,,178210,80188195.35,8451,F1,1,,,,,
2026-10-08,2026-10-08,CM,NSE,STK,235,INE087Z01024,AAKASH,EQ,,,,,AAKASH EXPLORATION SER L,8.39,8.40,8.00,8.20,8.22,8.24,,8.20,,,53295,432136.32,331,F1,1,,,,,
2026-10-08,2026-10-08,CM,NSE,STK,758216,INE124401014,AARADHYA,ST,,,,,AARADHYA DISPOSAL INDUS L,121.00,124.00,121.00,124.00,124.00,122.35,,124.00,,,3600,442740.00,3,F1,1200,,,,,
2026-10-08,2026-10-08,CM,NSE,STK,5245,INE198H01019,AAREYDRUGS,EQ,,,,,AAREY DRUGS & PHARM LTD,106.24,108.79,103.37,103.89,103.37,108.81,,103.74,,,436502,45716874.67,1628,F1,1,,,,,
2026-10-08,2026-10-08,CM,NSE,STK,761824,INE750R01016,AARNAV,BE,,,,,AARNAV FASHIONS LIMITED,37.01,37.50,35.30,35.54,35.51,37.01,,35.54,,,5425,194725.22,58,F1,1,,,,,
2026-10-08,2026-10-08,CM,NSE,STK,1030,INE721Z01010,AARON,EQ,,,,,AARON INDUSTRIES LIMITED,122.45,124.88,120.20,121.05,121.75,122.50,,121.05,,,5174,629818.67,225,F1,1,,,,,
2026-10-08,2026-10-08,CM,NSE,STK,17164,INE01C001026,AARTECH,BE,,,,,AARTECH SOLONICS LIMITED,48.20,48.20,47.00,47.69,47.30,47.61,,47.66,,,16769,795271.45,73,F1,1,,,,,
2026-10-08,2026-10-08,CM,NSE,STK,4481,INE767A01016,AARTIDRUGS,EQ,,,,,AARTI DRUGS LTD.,417.80,431.65,411.30,414.00,418.00,417.55,,414.03,,,246945,103764791.30,11084,F1,1,,,,,
2026-10-08,2026-10-08,CM,NSE,STK,7,INE769A01020,AARTIIND,EQ,,,,,AARTI INDUSTRIES LTD,493.20,502.60,476.00,478.05,478.00,491.25,,478.05,,,700924,342062069.15,31651,F1,1,,,,,
2026-10-08,2026-10-08,CM,NSE,STK,13868,INE0LRU01027,AARTIPHARM,EQ,,,,,AARTI PHARMALABS LIMITED,956.00,958.05,868.25,879.05,879.80,953.35,,879.06,,,1140881,1019741325.45,67736,F1,1,,,,,
2026-10-08,2026-10-08,CM,NSE,STK,19263,INE09EO01013,AARTISURF,BE,,,,,AARTI SURFACTANTS LIMITED,493.35,493.35,481.20,485.80,485.00,493.35,,485.81,,,2594,1262071.60,170,F1,1,,,,,
2026-10-08,2026-10-08,CM,NSE,STK,19073,INE754X01016,AARVI,EQ,,,,,AARVI ENCON LIMITED,143.00,143.00,137.35,138.26,138.02,140.71,,138.34,,,5006,699921.55,150,F1,1,,,,,
2026-10-08,2026-10-08,CM,NSE,STK,763800,INE2FMX01012,AASTHA,EQ,,,,,AASTHA SPINTEX LIMITED,30.29,30.69,28.62,28.68,28.67,30.12,,28.68,,,672748,19445869.18,3954,F1,1,,,,,
2026-10-08,2026-10-08,CM,NSE,STK,16961,INE0OB201016,AATMAJ,SM,,,,,AATMAJ HEALTHCARE LIMITED,22.95,22.95,22.95,22.95,22.95,22.05,,22.95,,,2000,45900.00,1,F1,2000,,,,,
2026-10-08,2026-10-08,CM,NSE,STK,5385,INE216P01012,AAVAS,EQ,,,,,AAVAS FINANCIERS LIMITED,1229.40,1229.40,1182.00,1190.50,1196.00,1231.70,,1190.29,,,43293,51784017.40,8629,F1,1,,,,,
2026-10-08,2026-10-08,CM,NSE,STK,7759,INE421A01028,ABAN,BE,,,,,ABAN OFFSHORE LTD.,18.64,18.64,18.00,18.64,18.64,17.76,,18.64,,,416166,7688961.12,1011,F1,1,,,,,
2026-10-08,2026-10-08,CM,NSE,STK,762523,INE365O01028,ABANSENT,EQ,,,,,ABANS ENTERPRISES LTD.,27.67,29.87,26.53,28.45,28.55,27.66,,28.45,,,24469,689068.07,427,F1,1,,,,,
2026-10-08,2026-10-08,CM,NSE,STK,13288,INE00ZE01026,AFSL,EQ,,,,,ABANS FINANCIAL SRVCS LTD,201.00,201.50,201.00,201.00,201.00,201.00,,201.00,,,2929,589142.38,80,F1,1,,,,,
2026-10-08,2026-10-08,CM,NSE,STK,13,INE117A01022,ABB,EQ,,,,,ABB INDIA LIMITED,7005.00,7005.50,6750.00,6770.00,6770.00,7005.00,,6770.00,,,155147,1063201857.50,32824,F1,1,,,,,
2026-10-08,2026-10-08,CM,NSE,STK,17903,INE358A01014,ABBOTINDIA,EQ,,,,,ABBOTT INDIA LIMITED,26090.00,26270.00,25475.00,25580.00,25530.00,26095.00,,25581.78,,,5523,142647460.00,3218,F1,1,,,,,
2026-10-08,2026-10-08,CM,NSE,STK,755940,INE860H07IP2,78ABCL33,N1,,,,,ABCL 7.8% SR V,1025.00,1025.00,1025.00,1025.00,1025.00,990.00,,1025.00,,,1,1025.00,1,F1,1,,,,,
2026-10-08,2026-10-08,CM,NSE,STK,755945,INE860H07IU2,ABCL28,N6,,,,,ABCL SR IV,1225.00,1225.00,1225.00,1225.00,1225.00,1172.53,,1225.00,,,83,101675.00,1,F1,1,,,,,
2026-10-08,2026-10-08,CM,NSE,STK,765463,INE1R2M01019,ABH,SM,,,,,ABH HEALTHCARE LIMITED,49.50,49.50,45.50,45.50,45.50,47.85,,45.50,,,27600,1277940.00,23,F1,1200,,,,,
2026-10-08,2026-10-08,CM,NSE,STK,27284,INE0UYG01015,ABHAPOWER,SM,,,,,ABHA POWER N STEEL LTD,22.05,23.25,22.05,23.25,23.25,22.40,,23.25,,,3200,72480.00,2,F1,1600,,,,,
2026-10-08,2026-10-08,CM,NSE,STK,4626,INE0CAJ01017,AILIMITED,SM,,,,,ABHISHEK INTEGRATIONS LTD,13.60,13.60,13.60,13.60,13.60,14.30,,13.60,,,3000,40800.00,1,F1,3000,,,,,
2026-10-08,2026-10-08,CM,NSE,STK,5551,INE251C01025,ABMINTLLTD,BE,,,,,ABM INTERNATIONAL LTD,41.16,41.16,40.96,40.96,40.96,41.16,,40.96,,,280,11469.00,2,F1,1,,,,,
2026-10-08,2026-10-08,CM,NSE,STK,23783,INE0QRV01016,ABSMARINE,SM,,,,,ABS MARINE SERVICES LTD,322.10,323.25,312.60,314.45,315.00,324.35,,314.45,,,56000,17837550.00,96,F1,500,,,,,
2026-10-08,2026-10-08,CM,NSE,STK,22,INE012A01025,ACC,EQ,,,,,ACC LIMITED,1164.10,1165.00,1125.10,1130.10,1132.00,1165.50,,1130.14,,,139914,159966851.70,14844,F1,1,,,,,
2026-10-08,2026-10-08,CM,NSE,STK,7053,INE793A01012,ACCELYA,EQ,,,,,ACCELYA SOLN INDIA LTD,1109.90,1109.90,1090.00,1094.40,1096.90,1100.10,,1094.42,,,44431,48819133.20,2840,F1,1,,,,,
2026-10-08,2026-10-08,CM,NSE,STK,20488,INE0Q5D01013,ACCENTMIC,SM,,,,,ACCENT MICROCELL LIMITED,670.00,670.00,643.00,645.60,647.15,666.65,,645.60,,,51500,33677675.00,92,F1,500,,,,,
2026-10-08,2026-10-08,CM,NSE,STK,757024,INE0T8T01010,ACCPL,ST,,,,,ACCRETION PHARMA LIMITED,184.05,185.90,178.50,180.00,180.00,185.30,,180.00,,,27600,5042280.00,20,F1,1200,,,,,
2026-10-08,2026-10-08,CM,NSE,STK,1465,INE648Z01023,ACCURACY,EQ,,,,,ACCURACY SHIPPING LIMITED,4.20,4.25,4.02,4.12,4.16,4.17,,4.12,,,56022,233273.55,279,F1,1,,,,,
2026-10-08,2026-10-08,CM,NSE,STK,11779,INE543V01017,ACEINTEG,EQ,,,,,ACE INTEGRATED SOLU. LTD.,17.00,17.15,16.45,16.45,16.45,16.84,,16.45,,,837,14068.24,37,F1,1,,,,,
2026-10-08,2026-10-08,CM,NSE,STK,761112,INE1J6M01010,ACETEC,SM,,,,,ACETECH E-COMMERCE LTD,134.00,134.00,129.50,132.70,132.70,140.00,,132.70,,,3600,475440.00,3,F1,1200,,,,,
2026-10-08,2026-10-08,CM,NSE,STK,766382,INE580P01029,ACEVECTOR,EQ,,,,,ACEVECTOR LIMITED,32.42,33.27,28.38,29.12,28.70,31.11,,29.12,,,75616274,2357725948.40,162838,F1,1,,,,,
2026-10-08,2026-10-08,CM,NSE,STK,27061,INE622W01025,ACMESOLAR,EQ,,,,,ACME SOLAR HOLDINGS LTD,436.40,437.95,416.15,420.40,422.30,436.15,,420.37,,,1067095,450681871.25,35453,F1,1,,,,,
2026-10-08,2026-10-08,CM,NSE,STK,13587,INE731H01025,ACE,EQ,,,,,ACTION CONST EQUIP LTD,1249.90,1249.90,1165.00,1179.80,1180.40,1249.90,,1180.08,,,394361,473398825.80,27851,F1,1,,,,,
2026-10-08,2026-10-08,CM,NSE,STK,5578,INE00FF01025,ACUTAAS,EQ,,,,,ACUTAAS CHEMICALS LIMITED,3174.60,3182.20,3036.00,3056.70,3059.00,3174.20,,3056.74,,,358872,1105644551.30,36819,F1,1,,,,,
2026-10-08,2026-10-08,CM,NSE,STK,10217,INE931S01010,ADANIENSOL,EQ,,,,,ADANI ENERGY SOLUTION LTD,1328.90,1328.90,1241.20,1251.50,1251.50,1318.80,,1251.54,,,2431825,3073841598.60,106327,F1,1,,,,,
2026-10-08,2026-10-08,CM,NSE,STK,25,INE423A01024,ADANIENT,EQ,,,,,ADANI ENTERPRISES LIMITED,2740.00,2743.00,2547.00,2596.00,2596.00,2743.00,,2595.99,,,4400475,11455474065.00,183857,F1,1,,,,,
2026-10-08,2026-10-08,CM,NSE,STK,3563,INE364U01010,ADANIGREEN,EQ,,,,,ADANI GREEN ENERGY LTD,1342.70,1344.80,1208.00,1235.70,1235.70,1341.40,,1235.82,,,7489433,9317056680.10,167185,F1,1,,,,,
2026-10-08,2026-10-08,CM,NSE,STK,15083,INE742F01042,ADANIPORTS,EQ,,,,,ADANI PORT & SEZ LTD,1749.90,1749.90,1674.20,1708.00,1708.00,1750.10,,1707.26,,,3344747,5667419621.10,137002,F1,1,,,,,
2026-10-08,2026-10-08,CM,NSE,STK,17388,INE814H01029,ADANIPOWER,EQ,,,,,ADANI POWER LTD,196.00,196.49,184.05,188.00,188.00,196.94,,188.00,,,46457240,8738873596.39,237567,F1,1,,,,,
2026-10-08,2026-10-08,CM,NSE,STK,6066,INE399L01023,ATGL,EQ,,,,,ADANI TOTAL GAS LIMITED,585.00,585.00,560.00,562.20,560.00,581.90,,562.17,,,736398,419962853.80,31100,F1,1,,,,,
2026-10-08,2026-10-08,CM,NSE,STK,764563,INE757C01021,ADDIND,EQ,,,,,ADDI INDUSTRIES LTD.,75.39,78.80,72.00,72.46,72.12,73.88,,74.66,,,3284,241964.68,322,F1,1,,,,,
2026-10-08,2026-10-08,CM,NSE,STK,22471,INE0RDH01021,ADDICTIVE,ST,,,,,ADDICTIVE LEARNING TECH L,41.85,43.00,41.80,42.20,43.00,42.80,,42.20,,,26000,1090400.00,14,F1,500,,,,,
2026-10-08,2026-10-08,CM,NSE,STK,19761,INE982B01027,ADFFOODS,EQ,,,,,ADF FOODS LIMITED,292.00,292.00,278.10,288.30,288.05,291.70,,288.38,,,118955,34187645.80,3785,F1,1,,,,,
2026-10-08,2026-10-08,CM,NSE,STK,763156,INE20PL01012,ADISOFT,SM,,,,,ADISOFT TECHNOLOGIES LTD,308.80,309.95,278.00,285.60,288.95,306.85,,285.60,,,278400,79407520.00,307,F1,800,,,,,
2026-10-08,2026-10-08,CM,NSE,STK,6018,INE404A01024,ABSLAMC,EQ,,,,,ADIT BIRL SUN LIF AMC LTD,1012.05,1024.60,996.20,1004.90,1005.00,1015.50,,1004.89,,,254248,257330505.75,50094,F1,1,,,,,
2026-10-08,2026-10-08,CM,NSE,STK,21614,INE674K01013,ABCAPITAL,EQ,,,,,ADITYA BIRLA CAPITAL LTD.,373.20,374.75,367.80,368.65,368.65,372.10,,368.66,,,4608495,1707831165.25,50175,F1,1,,,,,
2026-10-08,2026-10-08,CM,NSE,STK,30108,INE647O01011,ABFRL,EQ,,,,,ADITYA BIRLA FASHION & RT,44.46,45.09,43.05,43.18,43.34,44.62,,43.18,,,3988608,174619110.60,22188,F1,1,,,,,
2026-10-08,2026-10-08,CM,NSE,STK,756843,INE14LE01019,ABLBL,EQ,,,,,ADITYA BIRLA LIFES BRAN L,73.73,73.86,71.10,71.95,72.39,73.69,,71.95,,,5937102,432160731.29,24277,F1,1,,,,,
2026-10-08,2026-10-08,CM,NSE,STK,15239,INE865C01022,BIRLAMONEY,EQ,,,,,ADITYA BIRLA MONEY LTD,119.98,119.98,111.35,113.14,113.50,118.98,,113.14,,,30200,3445599.68,1420,F1,1,,,,,
2026-10-08,2026-10-08,CM,NSE,STK,625,INE055A01016,ABREL,EQ,,,,,ADITYA BIRLA REAL EST LTD,1049.40,1060.20,1011.60,1018.00,1016.10,1049.40,,1017.91,,,187497,192018246.90,18920,F1,1,,,,,
2026-10-08,2026-10-08,CM,NSE,STK,758858,INE819V01029,CPPLUS,EQ,,,,,ADITYA INFOTECH LIMITED,4100.00,4100.00,3889.20,3972.20,3989.00,4064.90,,3972.23,,,272957,1078273666.40,36199,F1,1,,,,,
2026-10-08,2026-10-08,CM,NSE,STK,25248,INE01YQ01013,AUSL,SM,,,,,ADITYA ULTRA STEEL LTD,22.75,22.75,22.65,22.65,22.65,22.75,,22.65,,,4000,90800.00,2,F1,2000,,,,,
2026-10-08,2026-10-08,CM,NSE,STK,25984,INE679V01027,AVL,EQ,,,,,ADITYA VISION LIMITED,620.00,623.10,595.60,604.45,611.65,621.10,,604.44,,,82911,50130459.95,9931,F1,1,,,,,
2026-10-08,2026-10-08,CM,NSE,STK,23804,INF209KB18D3,BSLGOLDETF,EQ,,,,,ADITYBIRLA SL GOLD ETF-GR,128.99,129.30,128.50,128.62,128.87,128.99,,128.62,,,560355,72264480.31,1841,F1,1,,,,,
2026-10-08,2026-10-08,CM,NSE,STK,24781,INF209KB19D1,BSLNIFTY,EQ,,,,,ADITYBIRLA SL NIF ETF-GR,26.96,26.96,26.08,26.15,26.08,26.50,,26.15,,,2651473,69611650.48,5397,F1,1,,,,,
2026-10-08,2026-10-08,CM,NSE,STK,34,INE045A01017,ADOR,EQ,,,,,ADOR WELDING LTD,1563.50,1563.50,1470.40,1486.10,1500.00,1552.10,,1486.11,,,44086,66123123.00,5740,F1,1,,,,,
2026-10-08,2026-10-08,CM,NSE,STK,766274,INE505M01015,ADROITIND,BE,,,,,ADROIT INDUSTRIES (I) LTD,215.10,218.99,212.45,212.45,212.45,223.63,,212.46,,,245524,52464995.51,1936,F1,1,,,,,
2026-10-08,2026-10-08,CM,NSE,STK,8644,INE737B01033,ADROITINFO,BE,,,,,ADROIT INFOTECH LIMITED,11.87,12.47,11.38,11.56,11.68,11.97,,11.56,,,223844,2644343.13,340,F1,1,,,,,
2026-10-08,2026-10-08,CM,NSE,STK,760657,INE0ALI01010,ADVAIT,EQ,,,,,ADVAIT ENRGY TRANSITION L,1910.80,1919.20,1860.20,1871.60,1870.70,1910.80,,1871.56,,,32228,60611620.60,4797,F1,1,,,,,
2026-10-08,2026-10-08,CM,NSE,STK,759402,INE1B0W01010,ADVANCE,EQ,,,,,ADVANCE AGROLIFE LIMITED,118.03,118.19,111.81,113.85,114.45,117.49,,113.86,,,182223,20827299.81,1860,F1,1,,,,,
2026-10-08,2026-10-08,CM,NSE,STK,18039,INE837H01020,ADVENZYMES,EQ,,,,,ADVANCED ENZYME TECH LTD,271.05,272.05,264.00,264.90,266.40,270.05,,264.91,,,132497,35301907.70,4301,F1,1,,,,,
2026-10-08,2026-10-08,CM,NSE,STK,14745,INE199C01026,ADVANIHOTR,EQ,,,,,ADVANI HOT.& RES.(I) LTD,47.51,48.36,47.02,47.23,47.13,47.91,,47.23,,,14310,677528.84,354,F1,1,,,,,
2026-10-08,2026-10-08,CM,NSE,STK,759769,INE28GN01010,ADVENTHTL,EQ,,,,,ADVENT HOTELS INTERNATI L,122.66,122.67,116.80,118.45,118.11,121.77,,118.43,,,134084,15925188.38,3459,F1,1,,,,,
2026-10-08,2026-10-08,CM,NSE,STK,765015,INE178T01024,ADVIKCA,EQ,,,,,ADVIK CAPITAL LTD.,1.00,1.02,0.96,0.98,1.01,0.98,,0.98,,,157493,155680.70,206,F1,1,,,,,
2026-10-08,2026-10-08,CM,NSE,STK,762227,INE1SJO01012,RAMBHAJO,EQ,,,,,ADVIT JEWELS LIMITED,361.50,364.80,346.00,356.55,354.80,360.80,,356.53,,,721735,255844537.05,16823,F1,1,,,,,
2026-10-08,2026-10-08,CM,NSE,STK,40,INE208C01025,AEGISLOG,EQ,,,,,AEGIS LOGISTICS LIMITED,1473.90,1473.90,1372.70,1382.30,1383.00,1460.20,,1382.32,,,880592,1235443846.70,59665,F1,1,,,,,
2026-10-08,2026-10-08,CM,NSE,STK,757336,INE0INX01018,AEGISVOPAK,EQ,,,,,AEGIS VOPAK TERMINALS LTD,294.95,295.25,282.95,285.20,284.60,294.25,,285.21,,,1013795,292500800.15,37889,F1,1,,,,,
2026-10-08,2026-10-08,CM,NSE,STK,757876,INE423A07468,AEL170725A,NG,,,,,AEL 0% 2030 SR VIII,1107.00,1107.00,1102.00,1104.63,1102.00,1109.00,,1104.63,,,164,181278.00,5,F1,1,,,,,
2026-10-08,2026-10-08,CM,NSE,STK,761347,INE423A07542,AEL1212026,NO,,,,,AEL 0% 2031 SR VIII,1035.80,1052.28,1035.80,1051.83,1051.83,1035.80,,1033.52,,,166,172023.40,3,F1,1,,,,,
2026-10-08,2026-10-08,CM,NSE,STK,761345,INE423A07518,862AEL31,NM,,,,,AEL 8.62% 2031 SR VI,1006.00,1025.00,1006.00,1019.33,1025.00,1020.00,,1019.33,,,7,7101.00,5,F1,1,,,,,
2026-10-08,2026-10-08,CM,NSE,STK,761343,INE423A07534,875AEL29,NK,,,,,AEL 8.75% 2029 SR IV,1055.00,1055.00,1055.00,1055.00,1055.00,1056.81,,1055.00,,,44,46420.00,2,F1,1,,,,,
2026-10-08,2026-10-08,CM,NSE,STK,757871,INE423A07427,885AEL28,NB,,,,,AEL 8.85% 2028 SR III,1010.00,1010.00,1010.00,1010.00,1010.00,1003.00,,1010.00,,,10,10100.00,2,F1,1,,,,,
2026-10-08,2026-10-08,CM,NSE,STK,761346,INE423A07526,890AEL31,NN,,,,,AEL 8.90% 2031 SR VII,1067.00,1069.99,1061.12,1062.03,1062.10,1067.00,,1062.07,,,2055,2187502.41,25,F1,1,,,,,
2026-10-08,2026-10-08,CM,NSE,STK,757869,INE423A07450,895AEL27,N9,,,,,AEL 8.95% 2027 SR I,1000.00,1010.01,1000.00,1010.01,1010.01,1005.15,,1010.01,,,421,421050.05,3,F1,1,,,,,
2026-10-08,2026-10-08,CM,NSE,STK,757874,INE423A07443,9AEL30,NE,,,,,AEL 9% 2030 SR VI,1025.00,1025.00,1017.10,1021.00,1024.90,1024.40,,1021.00,,,49,50001.80,5,F1,1,,,,,
2026-10-08,2026-10-08,CM,NSE,STK,757872,INE423A07435,915AEL28,NC,,,,,AEL 9.15% 2028 SR IV,1025.00,1034.90,1020.12,1034.90,1034.90,1025.00,,1024.59,,,13,13296.00,4,F1,1,,,,,
2026-10-08,2026-10-08,CM,NSE,STK,760234,INE947N01017,AEQUS,EQ,,,,,AEQUS LIMITED,287.75,289.40,265.60,268.00,266.95,288.15,,268.00,,,5008002,1363588233.60,62182,F1,1,,,,,
2026-10-08,2026-10-08,CM,NSE,STK,12015,INE065D01027,AEROENTER,EQ,,,,,AEROFLEX ENTERPRISES LTD,130.79,130.79,123.90,125.45,125.04,129.01,,125.45,,,412189,51801193.67,4998,F1,1,,,,,
2026-10-08,2026-10-08,CM,NSE,STK,18268,INE024001021,AEROFLEX,EQ,,,,,AEROFLEX INDUSTRIES LTD,572.05,574.90,525.50,529.00,527.50,563.85,,529.01,,,1597169,864113429.95,55317,F1,1,,,,,
2026-10-08,2026-10-08,CM,NSE,STK,13689,INE035801013,AERONEU,EQ,,,,,AEROFLEX NEU LIMITED,71.00,71.00,67.70,68.40,68.43,70.21,,68.39,,,25597,1772218.36,801,F1,1,,,,,
2026-10-08,2026-10-08,CM,NSE,STK,25065,INE0WL801011,AERON,SM,,,,,AERON COMPOSITE LIMITED,86.95,86.95,84.05,84.05,84.05,87.50,,84.05,,,2000,171000.00,2,F1,1000,,,,,
2026-10-08,2026-10-08,CM,NSE,STK,24830,INE0TSF01011,AESTHETIK,SM,,,,,AESTHETIK ENGINEERS LTD,67.05,69.70,67.05,69.45,69.70,67.00,,69.45,,,8000,552800.00,5,F1,1000,,,,,
2026-10-08,2026-10-08,CM,NSE,STK,9810,INE0BWX01014,AETHER,EQ,,,,,AETHER INDUSTRIES LIMITED,1787.60,1804.10,1736.90,1744.10,1739.20,1787.60,,1744.10,,,198493,351402011.40,20447,F1,1,,,,,
2026-10-08,2026-10-08,CM,NSE,STK,25977,INE101I01011,AFCONS,EQ,,,,,AFCONS INFRASTRUCTURE LTD,244.00,244.54,238.00,242.11,242.48,244.38,,242.06,,,354259,85549450.48,9055,F1,1,,,,,
2026-10-08,2026-10-08,CM,NSE,STK,11343,INE00WC01027,AFFLE,EQ,,,,,AFFLE 3I LIMITED,1438.00,1450.00,1388.10,1401.40,1404.00,1436.00,,1401.41,,,151287,213684701.30,20092,F1,1,,,,,
2026-10-08,2026-10-08,CM,NSE,STK,25855,INE692Z01013,AFFORDABLE,EQ,,,,,AFFORD ROBO & AUTO LTD,167.00,167.00,157.00,158.28,157.00,165.30,,158.30,,,11017,1762771.57,630,F1,1,,,,,
2026-10-08,2026-10-08,CM,NSE,STK,764159,INE916Y07099,115AFIL28A,N0,,,,,AFIL 11.50% 2028,9930.00,9930.00,9930.00,9930.00,9930.00,9926.51,,9930.00,,,3,29790.00,1,F1,1,,,,,
2026-10-08,2026-10-08,CM,NSE,STK,759098,INE916Y07040,12AFIL27A,N0,,,,,AFIL 12% 2027,9996.84,9996.84,9996.84,9996.84,9996.84,9994.00,,9996.84,,,1,9996.84,1,F1,1,,,,,
2026-10-08,2026-10-08,CM,NSE,STK,759446,INE916Y07032,12AFIL27,N0,,,,,AFIL 12% 2027 SR 1,9940.80,9940.80,9940.80,9940.80,9940.80,9940.80,,9940.80,,,10,99408.00,1,F1,1,,,,,
2026-10-08,2026-10-08,CM,NSE,STK,759283,INE916Y07057,12AFIL28,N0,,,,,AFIL 12% 2028,9950.00,9960.00,9950.00,9960.00,9960.00,9887.40,,9960.00,,,2,19910.00,2,F1,1,,,,,
2026-10-08,2026-10-08,CM,NSE,STK,14263,INE0MLA01012,AGARWALFT,SM,,,,,AGARWAL FLOAT GLASS I LTD,24.35,24.35,24.35,24.35,24.35,24.35,,24.35,,,1500,36525.00,1,F1,1500,,,,,
2026-10-08,2026-10-08,CM,NSE,STK,3389,INE204E01012,AGARIND,EQ,,,,,AGARWAL INDS CORP LTD.,391.70,391.70,360.10,369.15,372.85,388.90,,369.17,,,90828,33536418.20,3994,F1,1,,,,,
2026-10-08,2026-10-08,CM,NSE,STK,27309,INE0P8X01016,AGARWALTUF,SM,,,,,AGARWAL TOUGH GLASS IND L,177.45,179.00,164.00,164.45,164.45,175.55,,164.45,,,54000,9177840.00,42,F1,1200,,,,,
2026-10-08,2026-10-08,CM,NSE,STK,11033,INE753W01010,AGASTYAEN,BE,,,,,AGASTYA ENE AND INFRA LTD,64.99,64.99,64.17,64.17,64.17,65.47,,64.17,,,63983,4138941.91,120,F1,1,,,,,
2026-10-08,2026-10-08,CM,NSE,STK,1412,INE415A01038,AGI,EQ,,,,,AGI GREENPAC LIMITED,783.20,802.05,776.70,782.60,783.00,787.50,,782.60,,,113112,89025799.40,9329,F1,1,,,,,
2026-10-08,2026-10-08,CM,NSE,STK,24445,INE976R01033,AGIIL,EQ,,,,,AGI INFRA LIMITED,258.30,258.30,248.20,250.05,250.60,257.15,,250.05,,,403792,102142632.80,4612,F1,1,,,,,
2026-10-08,2026-10-08,CM,NSE,STK,10491,INE0LF301013,AGNI,SM,,,,,AGNI GREEN POWER LTD,14.30,14.90,14.10,14.20,14.20,14.30,,14.20,,,22500,327375.00,9,F1,2500,,,,,
2026-10-08,2026-10-08,CM,NSE,STK,11072,INE449G01018,AGRITECH,EQ,,,,,AGRI-TECH (INDIA) LIMITED,89.60,95.81,88.00,92.99,91.65,87.10,,92.98,,,11900,1105618.99,402,F1,1,,,,,
2026-10-08,2026-10-08,CM,NSE,STK,9046,INE740V01019,AGROPHOS,EQ,,,,,AGRO PHOS INDIA LIMITED,22.75,23.69,21.66,21.89,22.49,23.38,,21.89,,,32299,720243.99,281,F1,1,,,,,
2026-10-08,2026-10-08,CM,NSE,STK,759202,INE583L01014,AGSTRA,BZ,,,,,AGS TRANSACT TECH LTD,2.37,2.37,2.37,2.37,2.37,2.41,,2.37,,,65795,155934.15,58,F1,1,,,,,
2026-10-08,2026-10-08,CM,NSE,STK,2004,INE00PV01013,AHLADA,EQ,,,,,AHLADA ENGINEERS LIMITED,38.40,38.40,36.31,36.78,37.60,38.80,,36.78,,,7177,264499.46,111,F1,1,,,,,
2026-10-08,2026-10-08,CM,NSE,STK,17833,INE758C01029,AHLUCONT,EQ,,,,,AHLUWALIA CONT IND LTD,557.00,561.05,550.00,554.05,553.80,561.50,,554.05,,,71412,39578029.40,6874,F1,1,,,,,
2026-10-08,2026-10-08,CM,NSE,STK,13086,INE212H01026,AIAENG,EQ,,,,,AIA ENGINEERING LIMITED,3851.00,3851.00,3726.90,3742.90,3750.00,3858.00,,3742.86,,,34411,129597046.40,14116,F1,1,,,,,
2026-10-08,2026-10-08,CM,NSE,STK,23984,INE0RUV01018,AIMTRON,SM,,,,,AIMTRON ELECTRONICS LTD,1860.00,1860.00,1780.00,1788.30,1784.10,1835.90,,1788.30,,,28600,51454550.00,135,F1,200,,,,,
2026-10-08,2026-10-08,CM,NSE,STK,9878,INE805A01014,GOLDTECH,BE,,,,,AION-TECH SOLUTIONS LTD,42.21,42.21,40.80,40.80,40.80,41.40,,40.98,,,6489,269251.98,36,F1,1,,,,,
2026-10-08,2026-10-08,CM,NSE,STK,9897,INE645W01026,AIRAN,EQ,,,,,AIRAN LIMITED,15.50,15.50,14.70,14.95,15.28,15.32,,14.95,,,151582,2272902.18,519,F1,1,,,,,
2026-10-08,2026-10-08,CM,NSE,STK,6068,INE801L01010,AIROLAM,EQ,,,,,AIRO LAM LIMITED,92.89,92.89,85.05,86.52,86.49,91.07,,86.52,,,3891,339998.31,202,F1,1,,,,,
2026-10-08,2026-10-08,CM,NSE,STK,8124,INE031B01049,AJANTPHARM,EQ,,,,,AJANTA PHARMA LIMITED,3579.00,3580.40,3411.90,3435.60,3435.00,3569.80,,3435.62,,,83212,287505425.60,20853,F1,1,,,,,
2026-10-08,2026-10-08,CM,NSE,STK,29624,INE274Y01021,AJAXENGG,EQ,,,,,AJAX ENGINEERING LIMITED,579.00,586.25,567.70,571.25,575.00,582.75,,571.26,,,75642,43222842.20,5605,F1,1,,,,,
2026-10-08,2026-10-08,CM,NSE,STK,17307,INE298G01035,AJMERA,EQ,,,,,AJMERA REALTY & INF I LTD,117.00,117.79,115.50,115.77,116.00,117.99,,115.77,,,245670,28634521.86,2629,F1,1,,,,,
2026-10-08,2026-10-08,CM,NSE,STK,3403,INE820Y01021,AJOONI,EQ,,,,,AJOONI BIOTECH LIMITED,3.00,3.07,2.99,3.01,3.01,3.01,,3.01,,,245903,740403.56,336,F1,1,,,,,
2026-10-08,2026-10-08,CM,NSE,STK,21121,INE0PCY01014,AKANKSHA,SM,,,,,AKANKSHA POWER N INFRA L,191.00,198.85,180.50,180.50,180.50,190.00,,180.50,,,128000,24037350.00,101,F1,1000,,,,,
2026-10-08,2026-10-08,CM,NSE,STK,13510,INE737W01013,AKASH,EQ,,,,,AKASH INFRA-PROJECTS LTD,25.16,25.25,24.16,24.45,24.20,24.66,,24.45,,,9427,233105.99,57,F1,1,,,,,
2026-10-08,2026-10-08,CM,NSE,STK,2176,INE00Y801016,AKG,EQ,,,,,AKG EXIM LIMITED,9.38,9.49,9.31,9.40,9.40,9.38,,9.40,,,5442,51207.04,70,F1,1,,,,,
2026-10-08,2026-10-08,CM,NSE,STK,14895,INE642Z01026,AKI,BE,,,,,AKI INDIA LIMITED,6.20,6.20,5.90,6.13,6.13,6.01,,6.15,,,59557,358586.27,162,F1,1,,,,,
2026-10-08,2026-10-08,CM,NSE,STK,24304,INE0PMR01017,AKIKO,SM,,,,,AKIKO GLOBAL SERVICES L,434.55,434.55,395.00,401.00,400.00,413.00,,401.00,,,25600,10597280.00,27,F1,800,,,,,
2026-10-08,2026-10-08,CM,NSE,STK,24159,INE916Y01027,AFIL,EQ,,,,,AKME FINTRADE (INDIA) LTD,7.52,7.69,7.46,7.58,7.57,7.54,,7.58,,,109416,831119.43,412,F1,1,,,,,
2026-10-08,2026-10-08,CM,NSE,STK,8595,INE523B01011,AKSHOPTFBR,BE,,,,,AKSH OPTIFIBRE  LTD,7.79,8.00,7.35,7.39,7.40,7.73,,7.39,,,390619,2949009.41,501,F1,1,,,,,
2026-10-08,2026-10-08,CM,NSE,STK,9558,INE256Z01025,AKSHAR,EQ,,,,,AKSHAR SPINTEX LIMITED,0.42,0.43,0.41,0.42,0.42,0.42,,0.42,,,1065915,444257.38,233,F1,1,,,,,
2026-10-08,2026-10-08,CM,NSE,STK,20194,INE542B01011,AKSHARCHEM,BE,,,,,AKSHARCHEM INDIA LIMITED,373.00,379.80,365.00,367.85,372.95,374.30,,364.83,,,7627,2820758.00,130,F1,1,,,,,
2026-10-08,2026-10-08,CM,NSE,STK,24715,INE09XN01023,AKUMS,EQ,,,,,AKUMS DRUGS AND PHARMA L,816.60,831.95,773.20,786.70,784.90,822.55,,786.69,,,301314,239179908.05,28526,F1,1,,,,,
2026-10-08,2026-10-08,CM,NSE,STK,9921,INE914E01040,ALANKIT,EQ,,,,,ALANKIT LIMITED,7.59,7.85,7.58,7.60,7.60,7.71,,7.60,,,159157,1225432.37,450,F1,1,,,,,
2026-10-08,2026-10-08,CM,NSE,STK,17256,INE155C01010,ALBERTDAVD,EQ,,,,,ALBERT DAVID LIMITED,810.00,817.30,781.00,793.90,790.00,812.75,,794.20,,,6278,4990567.40,541,F1,1,,,,,
2026-10-08,2026-10-08,CM,NSE,STK,18762,INE448V01019,ALCODIS,SM,,,,,ALCOKRAFT DISTILLERIE LTD,61.00,61.00,56.60,56.60,56.60,61.95,,56.60,,,3125,182906.25,5,F1,625,,,,,
2026-10-08,2026-10-08,CM,NSE,STK,79,INE426A01027,ALEMBICLTD,EQ,,,,,ALEMBIC LIMITED,103.39,103.48,99.01,99.72,99.01,103.57,,99.73,,,602964,60688331.89,8712,F1,1,,,,,
2026-10-08,2026-10-08,CM,NSE,STK,25328,INE901L01018,APLLTD,EQ,,,,,ALEMBIC PHARMA LTD,833.80,835.10,797.95,800.50,800.00,833.80,,800.50,,,171505,138278025.55,14245,F1,1,,,,,
2026-10-08,2026-10-08,CM,NSE,STK,764573,INE782D01027,ALFREDHE,EQ,,,,,ALFRED HERBERT INDIA L,2819.00,2819.00,2740.00,2740.00,2740.00,2769.60,,2740.00,,,7,19259.00,4,F1,1,,,,,
2026-10-08,2026-10-08,CM,NSE,STK,761270,INE598D01035,ALGOQUANT,EQ,,,,,ALGOQUANT FINTECH LIMITED,70.20,71.00,66.57,67.50,67.48,70.20,,67.49,,,1585602,108276332.99,4742,F1,1,,,,,
2026-10-08,2026-10-08,CM,NSE,STK,13656,INE062D01024,ALICON,EQ,,,,,ALICON CASTALLOY LIMITED,904.90,904.90,847.05,859.00,855.00,901.40,,858.97,,,55487,47990250.85,4889,F1,1,,,,,
2026-10-08,2026-10-08,CM,NSE,STK,5265,INE03Q201024,ALIVUS,EQ,,,,,ALIVUS LIFE SCIENCES LTD,1370.20,1371.90,1320.30,1337.20,1336.50,1370.20,,1337.23,,,82770,111063913.80,9969,F1,1,,,,,
2026-10-08,2026-10-08,CM,NSE,STK,16963,INE773I01017,ALKALI,BE,,,,,ALKALI METALS LTD,88.70,92.00,88.00,89.15,89.00,88.71,,89.15,,,4158,372564.94,102,F1,1,,,,,
2026-10-08,2026-10-08,CM,NSE,STK,11703,INE540L01014,ALKEM,EQ,,,,,ALKEM LABORATORIES LTD.,5407.00,5407.00,5237.50,5249.50,5249.50,5350.50,,5249.47,,,281234,1486383995.00,35971,F1,1,,,,,
2026-10-08,2026-10-08,CM,NSE,STK,4487,INE150B01039,ALKYLAMINE,EQ,,,,,ALKYL AMINES CHEM. LTD,1915.40,1915.40,1815.00,1827.30,1822.00,1918.90,,1827.30,,,85427,158857210.20,12482,F1,1,,,,,
2026-10-08,2026-10-08,CM,NSE,STK,13203,INE0M2X01012,ALLETEC,SM,,,,,ALL E TECHNOLOGIES LTD,118.90,120.00,116.70,118.25,119.00,119.45,,118.25,,,20800,2465200.00,52,F1,400,,,,,
2026-10-08,2026-10-08,CM,NSE,STK,758448,INE0GV601021,ALLTIME,EQ,,,,,ALL TIME PLASTICS LIMITED,184.43,185.33,174.30,175.43,176.15,184.43,,175.43,,,105803,18739738.06,2019,F1,1,,,,,
2026-10-08,2026-10-08,CM,NSE,STK,763784,INE1YPB01014,AGL,EQ,,,,,ALLCARGO GLOBAL LIMITED,14.50,14.50,12.05,12.15,12.12,12.63,,12.15,,,3867954,49058617.32,4894,F1,1,,,,,
2026-10-08,2026-10-08,CM,NSE,STK,13501,INE418H01029,ALLCARGO,EQ,,,,,ALLCARGO LOGISTICS LTD,10.28,10.28,9.93,9.99,10.05,10.28,,9.99,,,4301600,43343386.83,4987,F1,1,,,,,
2026-10-08,2026-10-08,CM,NSE,STK,17778,INE0NN701020,ATL,EQ,,,,,ALLCARGO TERMINALS LTD,25.99,26.27,24.80,25.18,25.10,25.67,,25.18,,,332015,8418784.44,2758,F1,1,,,,,
2026-10-08,2026-10-08,CM,NSE,STK,11798,INE835G01018,ALLDIGI,EQ,,,,,ALLDIGI TECH LIMITED,782.30,787.45,774.00,782.75,774.40,783.80,,782.69,,,6869,5375568.40,506,F1,1,,,,,
2026-10-08,2026-10-08,CM,NSE,STK,24308,INE552Z01027,ABDL,EQ,,,,,ALLIED BLEND N DISTILS L,699.80,714.80,680.85,693.45,691.00,694.25,,693.47,,,845151,590122394.30,29810,F1,1,,,,,
2026-10-08,2026-10-08,CM,NSE,STK,14813,INE102I01027,ADSL,EQ,,,,,ALLIED DIGITAL SERV. LTD,102.77,105.00,98.10,98.42,98.50,102.04,,98.42,,,183260,18289968.36,3082,F1,1,,,,,
2026-10-08,2026-10-08,CM,NSE,STK,16723,INE326B01035,ALMONDZ,BE,,,,,ALMONDZ GLOBAL SEC LTD,19.98,20.50,18.57,18.83,19.00,19.54,,18.85,,,116135,2233347.11,240,F1,1,,,,,
2026-10-08,2026-10-08,CM,NSE,STK,17675,INE270A01029,ALOKINDS,EQ,,,,,ALOK INDUSTRIES LIMITED,8.50,9.47,8.24,9.00,9.08,8.29,,9.00,,,148792635,1353181712.20,419222,F1,1,,,,,
2026-10-08,2026-10-08,CM,NSE,STK,14848,INE385I01010,ALPA,EQ,,,,,ALPA LABORATORIES LTD,56.56,58.49,56.00,56.38,56.00,57.71,,56.29,,,9222,524259.09,208,F1,1,,,,,
2026-10-08,2026-10-08,CM,NSE,STK,22688,INE0R4701017,ALPEXSOLAR,SM,,,,,ALPEX SOLAR LIMITED,836.00,836.00,806.50,814.20,815.00,815.10,,814.20,,,19900,16187070.00,133,F1,100,,,,,
2026-10-08,2026-10-08,CM,NSE,STK,14601,INE137C01018,ALPHAGEO,BE,,,,,ALPHAGEO (INDIA) LIMITED,254.30,255.55,245.10,250.70,251.80,254.30,,250.64,,,2793,695114.15,100,F1,1,,,,,
2026-10-08,2026-10-08,CM,NSE,STK,764186,INE1JCQ01037,ALPINETEX,EQ,,,,,ALPINE TEXWORLD LIMITED,46.64,46.64,44.80,45.11,45.33,46.04,,45.13,,,106955,4853225.25,2343,F1,1,,,,,
2026-10-08,2026-10-08,CM,NSE,STK,764578,INE058F01019,ALUFLUOR,EQ,,,,,ALUFLUORIDE LTD.,658.15,661.95,640.00,645.00,641.00,649.15,,644.91,,,8809,5671371.40,569,F1,1,,,,,
2026-10-08,2026-10-08,CM,NSE,STK,23474,INE0STM01017,ALUWIND,SM,,,,,ALUWIND INFRA-TECH LTD,47.15,47.25,45.55,46.50,46.55,48.00,,46.50,,,24000,1117200.00,16,F1,1500,,,,,
2026-10-08,2026-10-08,CM,NSE,STK,760740,INE121R01077,AMAGI,EQ,,,,,AMAGI MEDIA LABS LIMITED,559.10,570.00,554.75,555.30,556.00,561.45,,555.30,,,136933,76649020.35,10356,F1,1,,,,,
2026-10-08,2026-10-08,CM,NSE,STK,764583,INE841D01013,AMAL,EQ,,,,,AMAL LTD.,813.35,813.35,762.10,774.80,783.00,798.05,,774.81,,,19308,15233485.85,1670,F1,1,,,,,
2026-10-08,2026-10-08,CM,NSE,STK,758910,INE084K01015,AMANTA,BE,,,,,AMANTA HEALTHCARE LIMITED,202.90,204.00,196.73,196.76,196.73,207.08,,196.73,,,67009,13312309.76,638,F1,1,,,,,
2026-10-08,2026-10-08,CM,NSE,STK,100,INE885A01032,ARE&M,EQ,,,,,AMARA RAJA ENERGY MOB LTD,733.05,740.60,715.00,720.30,718.00,733.25,,720.56,,,437641,318715141.55,33710,F1,1,,,,,
2026-10-08,2026-10-08,CM,NSE,STK,764588,INE484D01012,AMARJOTHI,EQ,,,,,AMARJOTHI SPINNING MILL L,147.95,151.95,147.20,147.30,147.30,147.12,,147.30,,,481,72350.59,32,F1,1,,,,,
2026-10-08,2026-10-08,CM,NSE,STK,763256,INE293601014,AMBAAUTO,SM,,,,,AMBA AUTO SALES AND SER L,115.50,115.50,110.00,112.40,112.40,111.25,,112.40,,,13000,1463400.00,13,F1,1000,,,,,
2026-10-08,2026-10-08,CM,NSE,STK,762546,INE432A01017,AMBALALSA,BE,,,,,AMBALAL SARABHAI ENT L,40.47,42.00,39.50,40.27,40.00,40.47,,40.74,,,32501,1323410.77,204,F1,1,,,,,
2026-10-08,2026-10-08,CM,NSE,STK,4083,INE00C501018,AMBANIORGO,SM,,,,,AMBANI ORGOCHEM LIMITED,126.80,126.80,126.80,126.80,126.80,120.80,,126.80,,,4000,507200.00,3,F1,1000,,,,,
2026-10-08,2026-10-08,CM,NSE,STK,1185,INE371P01015,AMBER,EQ,,,,,AMBER ENTERPRISES (I) LTD,6839.50,6839.50,6550.00,6555.00,6555.00,6925.00,,6555.54,,,241576,1608858158.50,31054,F1,1,,,,,
2026-10-08,2026-10-08,CM,NSE,STK,11496,INE792B01012,AMBICAAGAR,EQ,,,,,AMBICA AGAR & AROMAINDLTD,23.99,23.99,22.25,23.31,23.40,23.53,,23.25,,,8020,184926.00,252,F1,1,,,,,
2026-10-08,2026-10-08,CM,NSE,STK,15234,INE540G01014,AMBIKCO,EQ,,,,,AMBIKA COTTON MILL LTD.,1515.60,1539.00,1479.50,1483.30,1479.50,1504.90,,1483.28,,,4347,6481054.80,607,F1,1,,,,,
2026-10-08,2026-10-08,CM,NSE,STK,1270,INE079A01024,AMBUJACEM,EQ,,,,,AMBUJA CEMENTS LTD,356.90,357.25,341.00,341.00,341.00,356.90,,341.04,,,2489181,867345917.90,38417,F1,1,,,,,
2026-10-08,2026-10-08,CM,NSE,STK,14402,INE005I01014,AMDIND,BE,,,,,AMD INDUSTRIES LIMITED,52.88,52.88,50.30,50.64,50.80,52.37,,50.64,,,9188,470384.05,118,F1,1,,,,,
2026-10-08,2026-10-08,CM,NSE,STK,10898,INE0KT901015,AMEYA,SM,,,,,AMEYA PRECISION ENG LTD,159.90,162.40,156.00,162.05,162.40,154.70,,162.05,,,12000,1930800.00,12,F1,1000,,,,,
2026-10-08,2026-10-08,CM,NSE,STK,19867,INE275D01022,AMNPLST,EQ,,,,,AMINES & PLASTICIZERS LTD,172.60,178.80,163.35,165.87,165.85,172.60,,165.84,,,16346,2742266.18,615,F1,1,,,,,
2026-10-08,2026-10-08,CM,NSE,STK,761670,INE05TO01019,AEROPLANE,EQ,,,,,AMIR CHAND JAG KUM (E) L,219.99,220.89,211.90,216.09,213.00,218.44,,216.00,,,972495,208970403.69,16021,F1,1,,,,,
2026-10-08,2026-10-08,CM,NSE,STK,2598,INE606A01024,AMJLAND,EQ,,,,,AMJ LAND HOLDINGS LIMITED,36.45,37.68,36.45,36.66,36.56,37.35,,36.66,,,4161,153841.08,84,F1,1,,,,,
2026-10-08,2026-10-08,CM,NSE,STK,17547,INE098F01031,AMRUTANJAN,EQ,,,,,AMRUTAJAN HEALTH LTD,521.00,523.00,502.00,503.05,504.70,521.55,,503.08,,,49550,25437460.75,2564,F1,1,,,,,
2026-10-08,2026-10-08,CM,NSE,STK,759956,INE549H01021,ARSSBL,EQ,,,,,ANAND RATHI SH N STK BR L,574.00,574.00,535.00,537.55,535.50,571.15,,537.57,,,320882,177296170.00,10359,F1,1,,,,,
2026-10-08,2026-10-08,CM,NSE,STK,7145,INE463V01026,ANANDRATHI,EQ,,,,,ANAND RATHI WEALTH LTD,2139.00,2155.90,2064.30,2138.90,2138.90,2127.20,,2138.91,,,1335549,2832722004.70,69257,F1,1,,,,,
2026-10-08,2026-10-08,CM,NSE,STK,13620,INE242C01024,ANANTRAJ,EQ,,,,,ANANT RAJ LIMITED,615.00,616.90,567.55,582.50,584.00,612.15,,582.46,,,1898871,1130745832.70,43735,F1,1,,,,,
2026-10-08,2026-10-08,CM,NSE,STK,759363,INE1UA823019,ANANTAM,IV,,,,,ANANTAM HIGHWAYS TRUST,104.00,104.94,103.00,104.74,104.74,103.00,,104.74,,,9372,979365.23,81,F1,1,,,,,
2026-10-08,2026-10-08,CM,NSE,STK,764446,INE1J5V01013,ANAWIL,SM,,,,,ANAWIL WIRE AND ENGIN LTD,435.35,442.50,422.00,429.45,428.85,433.20,,429.45,,,124400,53801720.00,270,F1,400,,,,,
2026-10-08,2026-10-08,CM,NSE,STK,758427,INE0VG001016,AMCL,SM,,,,,ANB METAL CAST LIMITED,365.00,365.00,354.80,354.95,354.80,370.15,,354.95,,,12800,4569300.00,27,F1,400,,,,,
2026-10-08,2026-10-08,CM,NSE,STK,15420,INE666E01020,ACL,EQ,,,,,ANDHRA CEMENTS LIMITED,39.20,39.93,38.82,38.97,39.30,39.41,,38.97,,,6743,263145.07,188,F1,1,,,,,
2026-10-08,2026-10-08,CM,NSE,STK,166,INE435A01051,ANDHRAPAP,EQ,,,,,ANDHRA PAPER LIMITED,70.13,70.16,67.00,67.45,67.04,70.07,,67.45,,,203935,13886020.68,1709,F1,1,,,,,
2026-10-08,2026-10-08,CM,NSE,STK,136,INE715B01021,ANDHRSUGAR,EQ,,,,,ANDHRA SUGARS LTD,94.43,94.43,88.34,89.83,90.35,93.37,,89.78,,,321145,29341242.04,8846,F1,1,,,,,
2026-10-08,2026-10-08,CM,NSE,STK,5206,INE449C01025,ANDREWYU,EQ,,,,,ANDREW YULE & CO. LTD.,24.65,24.87,24.16,24.30,24.40,24.63,,24.30,,,51601,1260525.47,356,F1,1,,,,,
2026-10-08,2026-10-08,CM,NSE,STK,324,INE732I01021,ANGELONE,EQ,,,,,ANGEL ONE LIMITED,300.20,301.95,293.15,295.00,295.00,302.00,,295.00,,,7127359,2118104854.10,41299,F1,1,,,,,
2026-10-08,2026-10-08,CM,NSE,STK,482,INE635Y01015,AISL,SM,,,,,ANI INTEGRATED SERV LTD.,74.05,74.05,70.35,70.35,70.35,74.05,,70.35,,,19800,1402080.00,20,F1,600,,,,,
2026-10-08,2026-10-08,CM,NSE,STK,16657,INE087B01017,ANIKINDS,EQ,,,,,ANIK INDUSTRIES LTD,44.52,45.20,41.55,42.20,41.80,45.65,,42.40,,,23962,1022306.55,311,F1,1,,,,,
2026-10-08,2026-10-08,CM,NSE,STK,20453,INE071F01012,APCL,EQ,,,,,ANJANI PORTLAND CEM LTD,94.49,94.49,90.55,92.87,91.25,92.64,,92.87,,,3010,278719.41,122,F1,1,,,,,
2026-10-08,2026-10-08,CM,NSE,STK,25878,INE106I01010,ANKITMETAL,BZ,,,,,ANKIT MET & POW LTD,2.48,2.48,2.48,2.48,2.48,2.37,,2.48,,,21413,53104.24,20,F1,1,,,,,
2026-10-08,2026-10-08,CM,NSE,STK,758968,INE0Y8W01025,AHCL,EQ,,,,,ANLON HEALTHCARE LIMITED,26.78,27.83,26.78,26.78,26.78,28.18,,26.79,,,20145752,542706229.90,14974,F1,1,,,,,
2026-10-08,2026-10-08,CM,NSE,STK,13657,INE0LR101013,ANLON,SM,,,,,ANLON TECHNOLOGY SOL LTD,788.00,795.00,768.00,786.00,785.00,788.00,,786.00,,,10400,8112300.00,25,F1,400,,,,,
2026-10-08,2026-10-08,CM,NSE,STK,3732,INE02AR01019,ANMOL,BE,,,,,ANMOL INDIA LIMITED,13.29,13.33,12.64,12.67,12.65,13.03,,12.67,,,30800,397705.27,234,F1,1,,,,,
2026-10-08,2026-10-08,CM,NSE,STK,764471,INE0MGM01017,ANNAPURNA,EQ,,,,,ANNAPURNA SWADISHT LTD,131.50,131.50,121.60,124.00,123.30,129.40,,124.00,,,41485,5317607.55,899,F1,1,,,,,
2026-10-08,2026-10-08,CM,NSE,STK,765502,INE103001017,ANNU,EQ,,,,,ANNU PROJECTS LIMITED,45.64,47.26,45.05,46.33,46.70,45.53,,46.34,,,600436,27812990.74,6073,F1,1,,,,,
2026-10-08,2026-10-08,CM,NSE,STK,758740,INE0VTV01012,ANONDITA,SM,,,,,ANONDITA MEDICARE LIMITED,1073.00,1079.00,1045.00,1055.00,1055.00,1070.80,,1055.00,,,31800,33586770.00,156,F1,200,,,,,
2026-10-08,2026-10-08,CM,NSE,STK,765020,INE030C01015,ANSALBU,EQ,,,,,ANSAL BUILDWELL LTD.,84.00,86.19,81.60,82.42,81.60,84.50,,82.63,,,2409,204527.16,56,F1,1,,,,,
2026-10-08,2026-10-08,CM,NSE,STK,19677,INE436A01026,ANSALAPI,BZ,,,,,ANSAL PROP & INFRA LTD,3.85,3.88,3.78,3.78,3.78,3.85,,3.80,,,7419,28376.81,25,F1,1,,,,,
2026-10-08,2026-10-08,CM,NSE,STK,5194,INE414B01021,ANTGRAPHIC,EQ,,,,,ANTARCTICA LTD,0.71,0.71,0.69,0.69,0.69,0.70,,0.69,,,72152,50147.11,151,F1,1,,,,,
2026-10-08,2026-10-08,CM,NSE,STK,13598,INE818A01017,ANTELOPUS,EQ,,,,,ANTELOPUS SELAN ENRGY LTD,1141.00,1141.00,1095.00,1105.80,1108.00,1130.20,,1105.78,,,194209,216330953.90,10588,F1,1,,,,,
2026-10-08,2026-10-08,CM,NSE,STK,757885,INE0CZ201020,ANTHEM,EQ,,,,,ANTHEM BIOSCIENCES LTD,887.90,892.00,866.00,872.55,872.00,887.05,,872.58,,,324946,284965096.90,21908,F1,1,,,,,
2026-10-08,2026-10-08,CM,NSE,STK,1797,INE01BK01022,AWHCL,EQ,,,,,ANTONY WASTE HDG CELL LTD,348.70,348.75,335.25,339.25,342.00,348.70,,339.25,,,124721,42357745.05,5929,F1,1,,,,,
2026-10-08,2026-10-08,CM,NSE,STK,28314,INE489G01022,ANUHPHR,EQ,,,,,ANUH PHARMA LIMITED,84.40,86.10,81.10,81.79,81.20,85.51,,81.81,,,75558,6255607.61,1911,F1,1,,,,,
2026-10-08,2026-10-08,CM,NSE,STK,2829,INE930P01018,ANURAS,EQ,,,,,ANUPAM RASAYAN INDIA LTD,1165.20,1170.90,1082.30,1097.70,1090.00,1165.10,,1097.56,,,588879,657723303.50,24363,F1,1,,,,,
2026-10-08,2026-10-08,CM,NSE,STK,11945,INE0MIZ23019,ANZEN,IV,,,,,ANZEN IND ENE YLD PLU TRU,131.00,131.00,131.00,131.00,131.00,129.87,,131.13,,,50000,6550000.00,2,F1,25000,,,,,
2026-10-08,2026-10-08,CM,NSE,STK,758904,INF1J2R01114,AONEGOLD,EQ,,,,,AONEAMC - AONEGOLD,13.85,13.85,13.64,13.66,13.66,13.69,,13.66,,,502418,6871398.28,1749,F1,1,,,,,
2026-10-08,2026-10-08,CM,NSE,STK,30472,INF1J2R01056,AONELIQUID,EQ,,,,,AONEAMC - AONELIQUID,1080.17,1080.18,1080.15,1080.17,1080.18,1080.02,,1080.17,,,15727,16987841.77,382,F1,1,,,,,
2026-10-08,2026-10-08,CM,NSE,STK,757096,INF1J2R01064,AONENIFTY,EQ,,,,,AONEAMC - AONENIFTY,9.57,9.57,9.18,9.21,9.23,9.34,,9.21,,,238034,2198112.28,1505,F1,1,,,,,
2026-10-08,2026-10-08,CM,NSE,STK,760193,INF1J2R01171,AONESILVER,EQ,,,,,AONEAMC - AONESILVER,8.35,8.39,8.22,8.25,8.27,8.36,,8.25,,,597026,4938429.13,1500,F1,1,,,,,
2026-10-08,2026-10-08,CM,NSE,STK,759992,INF1J2R01148,AONETMMQ50,EQ,,,,,AONEAMC - AONETMMQ50,10.04,10.04,9.76,9.79,9.83,10.00,,9.79,,,37707,371426.92,327,F1,1,,,,,
2026-10-08,2026-10-08,CM,NSE,STK,29975,INF1J2R01015,AONETOTAL,EQ,,,,,AONEAMC - AONETOTAL,11.39,11.39,11.05,11.07,11.14,11.30,,11.07,,,347534,3879108.66,1246,F1,1,,,,,
2026-10-08,2026-10-08,CM,NSE,STK,11491,INE372A01015,APARINDS,EQ,,,,,APAR INDUSTRIES LTD.,18296.00,18375.00,17600.00,17816.00,17795.00,18160.00,,17815.31,,,99697,1783835320.00,28541,F1,1,,,,,
2026-10-08,2026-10-08,CM,NSE,STK,154,INE116A01032,APCOTEXIND,EQ,,,,,APCOTEX INDUSTRIES LIMITE,597.00,598.70,575.00,576.90,575.05,592.70,,576.84,,,59990,34861403.35,3354,F1,1,,,,,
2026-10-08,2026-10-08,CM,NSE,STK,27291,INE0T4V01015,APEXECO,ST,,,,,APEX ECOTECH LIMITED,254.00,254.00,244.55,246.30,244.60,253.15,,246.30,,,11200,2771600.00,13,F1,800,,,,,
2026-10-08,2026-10-08,CM,NSE,STK,21623,INE346W01013,APEX,EQ,,,,,APEX FROZEN FOODS LIMITED,343.40,343.40,328.55,330.60,328.65,343.40,,330.60,,,72204,24139372.60,4037,F1,1,,,,,
2026-10-08,2026-10-08,CM,NSE,STK,25780,INE702C01027,APLAPOLLO,EQ,,,,,APL APOLLO TUBES LTD,2125.00,2125.00,2040.00,2040.00,2040.00,2135.00,,2040.00,,,253118,525858266.20,25861,F1,1,,,,,
2026-10-08,2026-10-08,CM,NSE,STK,157,INE437A01024,APOLLOHOSP,EQ,,,,,APOLLO HOSPITALS ENTER. L,7869.50,7892.00,7607.50,7666.00,7666.00,7917.00,,7666.00,,,928942,7141942047.00,108474,F1,1,,,,,
2026-10-08,2026-10-08,CM,NSE,STK,1134,INE713T01028,APOLLO,EQ,,,,,APOLLO MICRO SYSTEMS LTD,413.95,415.65,391.70,395.15,393.55,414.75,,395.15,,,6111236,2430410620.45,78537,F1,1,,,,,
2026-10-08,2026-10-08,CM,NSE,STK,14361,INE126J01016,APOLLOPIPE,EQ,,,,,APOLLO PIPES LIMITED,528.75,530.60,503.35,506.90,504.10,531.45,,506.89,,,62109,31883531.35,3330,F1,1,,,,,
2026-10-08,2026-10-08,CM,NSE,STK,6302,INE451F01024,APOLSINHOT,EQ,,,,,APOLLO SINDOORI HOTEL LTD,1161.20,1180.00,1149.90,1159.10,1176.00,1178.30,,1159.10,,,1070,1239150.80,100,F1,1,,,,,
2026-10-08,2026-10-08,CM,NSE,STK,163,INE438A01022,APOLLOTYRE,EQ,,,,,APOLLO TYRES LTD,406.25,406.85,398.65,401.70,401.30,407.60,,401.71,,,400584,161204215.20,19609,F1,1,,,,,
2026-10-08,2026-10-08,CM,NSE,STK,764596,INE217S01014,APOORVA,BE,,,,,APOORVA LEAS F & INV C L,32.84,32.90,32.84,32.89,32.89,33.00,,34.16,,,25,822.18,3,F1,1,,,,,
2026-10-08,2026-10-08,CM,NSE,STK,24638,INE0LQG01010,APRAMEYA,SM,,,,,APRAMEYA ENGINEERING LTD,111.40,111.40,111.40,111.40,111.40,114.30,,111.40,,,500,55700.00,1,F1,500,,,,,
2026-10-08,2026-10-08,CM,NSE,STK,760366,INE0M2307370,915APSBC28,N0,,,,,APSBC 9.15% 2028 STRPP C,101098.01,101098.01,101098.01,101098.01,101098.01,101098.01,,101098.01,,,1,101098.01,1,F1,1,,,,,
2026-10-08,2026-10-08,CM,NSE,STK,760368,INE0M2307354,915APSBC29,N0,,,,,APSBC 9.15% 2029 STRPP D,103831.27,103831.27,103831.27,103831.27,103831.27,103030.97,,103831.27,,,40,4153250.80,1,F1,1,,,,,
2026-10-08,2026-10-08,CM,NSE,STK,760372,INE0M2307388,915APSBC31,N0,,,,,APSBC 9.15% 2031 STRPP F,102859.11,102859.11,102859.11,102859.11,102859.11,105400.00,,102859.11,,,3,308577.33,1,F1,1,,,,,
2026-10-08,2026-10-08,CM,NSE,STK,761435,INE1OOJ01011,APSISAERO,ST,,,,,APSIS AEROCOM LIMITED,609.75,611.20,562.15,568.50,568.50,582.10,,568.50,,,62400,37242600.00,39,F1,1200,,,,,
2026-10-08,2026-10-08,CM,NSE,STK,10755,INE266F01018,APTECHT,EQ,,,,,APTECH LIMITED,87.00,87.59,84.75,85.05,85.00,86.87,,85.05,,,73175,6267447.31,1633,F1,1,,,,,
2026-10-08,2026-10-08,CM,NSE,STK,5435,INE852O01025,APTUS,EQ,,,,,APTUS VALUE HSG FIN I LTD,219.90,223.00,216.00,216.92,217.89,219.46,,216.92,,,2083763,457100706.15,50835,F1,1,,,,,
2026-10-08,2026-10-08,CM,NSE,STK,23365,INE416A01051,AQYLON,EQ,,,,,AQYLON NEXUS LIMITED,16.00,16.20,15.67,15.77,15.88,15.79,,15.77,,,200438,3180630.50,712,F1,1,,,,,
2026-10-08,2026-10-08,CM,NSE,STK,19253,INE08NJ01024,ARABIAN,SM,,,,,ARABIAN PETROLEUM LIMITED,100.05,100.05,93.15,95.45,95.45,102.50,,95.45,,,10000,970300.00,5,F1,2000,,,,,
2026-10-08,2026-10-08,CM,NSE,STK,758670,INE0YDV01010,ARCIIL,SM,,,,,ARC INSULATION & INSU LTD,31.35,32.95,31.35,32.00,32.00,32.50,,32.00,,,4000,128150.00,4,F1,1000,,,,,
2026-10-08,2026-10-08,CM,NSE,STK,12024,INE128X01021,ACI,EQ,,,,,ARCHEAN CHEMICAL IND LTD,480.95,480.95,460.00,462.20,463.05,476.20,,462.22,,,225917,104836305.90,11703,F1,1,,,,,
2026-10-08,2026-10-08,CM,NSE,STK,245,INE0CHO01012,ADL,EQ,,,,,ARCHIDPLY DECOR LIMITED,72.50,73.95,70.41,73.64,70.41,72.29,,73.51,,,137,10085.71,15,F1,1,,,,,
2026-10-08,2026-10-08,CM,NSE,STK,16795,INE877I01016,ARCHIDPLY,EQ,,,,,ARCHIDPLY IND. LTD,104.75,104.75,100.51,101.00,100.63,102.73,,101.00,,,11049,1138404.26,123,F1,1,,,,,
2026-10-08,2026-10-08,CM,NSE,STK,5688,INE731A01020,ARCHIES,EQ,,,,,ARCHIES LTD,12.42,12.42,12.00,12.01,12.01,12.42,,12.02,,,2576,31132.95,71,F1,1,,,,,
2026-10-08,2026-10-08,CM,NSE,STK,764598,INE372M01010,ARCL,EQ,,,,,ARCL ORGANICS LTD.,241.40,241.40,211.50,221.87,221.00,229.99,,217.94,,,1607,359706.95,74,F1,1,,,,,
2026-10-08,2026-10-08,CM,NSE,STK,764480,INE0XNF01022,ARDEE,EQ,,,,,ARDEE INDUSTRIES LIMITED,50.75,50.87,48.58,48.96,49.18,50.79,,48.96,,,1426456,70444197.71,7618,F1,1,,,,,
2026-10-08,2026-10-08,CM,NSE,STK,758700,INE784R01023,ARFIN,EQ,,,,,ARFIN INDIA LIMITED,104.29,112.69,102.60,107.52,106.48,103.06,,107.52,,,18357661,1978600352.86,107723,F1,1,,,,,
2026-10-08,2026-10-08,CM,NSE,STK,13092,INE0L2Y01011,ARHAM,SM,,,,,ARHAM TECHNOLOGIES LTD,204.00,204.00,185.00,189.75,191.40,198.85,,189.75,,,101000,19506450.00,79,F1,1000,,,,,
2026-10-08,2026-10-08,CM,NSE,STK,15208,INE298I01015,ARIES,BE,,,,,ARIES AGRO LTD.,519.00,519.00,469.85,472.70,472.10,494.55,,472.78,,,18759,8970389.35,328,F1,1,,,,,
2026-10-08,2026-10-08,CM,NSE,STK,3813,INE420B01036,ARIHANTCAP,EQ,,,,,ARIHANT CAPITAL MKTS LTD,98.50,98.50,95.06,95.62,95.15,97.38,,95.62,,,749697,72477502.95,6009,F1,1,,,,,
2026-10-08,2026-10-08,CM,NSE,STK,13885,INE413D01011,ARIHANT,EQ,,,,,ARIHANT FOUN & HOU LTD,927.00,940.80,904.35,939.75,940.00,929.90,,939.76,,,2464,2293407.15,101,F1,1,,,,,
2026-10-08,2026-10-08,CM,NSE,STK,20159,INE643K01018,ARIHANTSUP,EQ,,,,,ARIHANT SUPERSTRUCT LTD,235.60,235.60,217.48,219.51,217.72,231.18,,219.51,,,7208,1612796.38,703,F1,1,,,,,
2026-10-08,2026-10-08,CM,NSE,STK,757614,INE0H9P01028,ARIS,EQ,,,,,ARISINFRA SOLUTIONS LTD,142.50,142.97,134.58,136.42,136.90,142.31,,136.44,,,548947,76317482.89,7570,F1,1,,,,,
2026-10-08,2026-10-08,CM,NSE,STK,13926,INE082101010,ARISTO,SM,,,,,ARISTO BIO T AND LIFESC L,94.00,94.00,94.00,94.00,94.00,94.00,,94.00,,,800,75200.00,1,F1,800,,,,,
2026-10-08,2026-10-08,CM,NSE,STK,25398,INE0QRL01017,ARKADE,EQ,,,,,ARKADE DEVELOPERS LIMITED,120.98,120.98,117.00,117.67,117.00,119.73,,117.67,,,292344,34687968.76,3977,F1,1,,,,,
2026-10-08,2026-10-08,CM,NSE,STK,17263,INE109C01017,ARMANFIN,EQ,,,,,ARMAN FIN SERV LTD,1740.00,1750.90,1700.00,1703.90,1700.10,1741.20,,1703.96,,,27644,47354869.50,3989,F1,1,,,,,
2026-10-08,2026-10-08,CM,NSE,STK,766295,INE0TWE01016,ARMEE,EQ,,,,,ARMEE INFOTECH LIMITED,271.00,273.30,252.25,256.40,255.30,269.95,,256.37,,,524567,137445944.05,13342,F1,1,,,,,
2026-10-08,2026-10-08,CM,NSE,STK,760749,INE0TZX01019,ARMOUR,SM,,,,,ARMOUR SECURITY (INDIA) L,20.00,20.00,18.05,18.05,18.05,19.75,,18.05,,,6000,116100.00,3,F1,2000,,,,,
2026-10-08,2026-10-08,CM,NSE,STK,14557,INE210C01013,AROGRANITE,EQ,,,,,ARO GRANITE IND. LTD.,22.54,22.89,22.26,22.76,22.79,22.53,,22.75,,,4137,93785.25,57,F1,1,,,,,
2026-10-08,2026-10-08,CM,NSE,STK,9260,INE570D01018,ARROWGREEN,EQ,,,,,ARROW GREENTECH LIMITED,899.90,899.90,841.05,847.45,854.85,893.35,,847.45,,,32294,27775336.10,2863,F1,1,,,,,
2026-10-08,2026-10-08,CM,NSE,STK,29015,INE968D01022,ARSHIYA,BZ,,,,,ARSHIYA LIMITED,0.86,0.86,0.81,0.82,0.83,0.84,,0.83,,,67752,56709.75,67,F1,1,,,,,
2026-10-08,2026-10-08,CM,NSE,STK,6156,INE738V01013,ARTNIRMAN,EQ,,,,,ART NIRMAN LIMITED,40.23,41.27,37.60,38.00,39.00,40.13,,38.00,,,1446,55564.68,46,F1,1,,,,,
2026-10-08,2026-10-08,CM,NSE,STK,761330,INE757T01025,AEPL,EQ,,,,,ARTEMIS ELECTRICALS & P L,15.29,15.84,14.65,14.85,15.10,15.04,,14.85,,,8748,130836.10,144,F1,1,,,,,
2026-10-08,2026-10-08,CM,NSE,STK,16913,INE025R01021,ARTEMISMED,EQ,,,,,ARTEMIS MED SERVICE LTD,319.20,319.20,307.65,308.45,308.95,318.30,,308.45,,,339500,105405746.65,19349,F1,1,,,,,
2026-10-08,2026-10-08,CM,NSE,STK,756896,INE0TTG01017,ARUNAYA,SM,,,,,ARUNAYA ORGANICS LIMITED,13.80,13.85,13.80,13.85,13.85,13.80,,13.85,,,4000,55300.00,2,F1,2000,,,,,
2026-10-08,2026-10-08,CM,NSE,STK,2814,INE006Z01016,ARVEE,EQ,,,,,ARVEE LABORATORIES I LTD,210.26,220.00,210.00,212.08,210.00,211.79,,212.08,,,4739,1021535.24,264,F1,1,,,,,
2026-10-08,2026-10-08,CM,NSE,STK,9111,INE955V01021,ARVINDFASN,EQ,,,,,ARVIND FASHIONS LIMITED,398.00,400.25,389.15,392.10,390.00,397.95,,392.10,,,236141,92943417.95,19229,F1,1,,,,,
2026-10-08,2026-10-08,CM,NSE,STK,193,INE034A01011,ARVIND,EQ,,,,,ARVIND LIMITED,528.10,528.10,500.45,510.50,511.60,529.30,,510.50,,,1030883,525482862.30,47761,F1,1,,,,,
2026-10-08,2026-10-08,CM,NSE,STK,19579,INE0P4T01013,ARVINDPORT,SM,,,,,ARVIND PORT AND INFRA LTD,31.00,31.00,30.00,31.00,31.00,31.60,,31.00,,,16500,504600.00,11,F1,1500,,,,,
2026-10-08,2026-10-08,CM,NSE,STK,10457,INE034S01021,ARVSMART,EQ,,,,,ARVIND SMARTSPACES LTD,609.25,624.00,600.00,608.50,605.40,612.50,,608.72,,,62833,38124247.25,2358,F1,1,,,,,
2026-10-08,2026-10-08,CM,NSE,STK,764603,INE032E01017,ARYAMAN,EQ,,,,,ARYAMAN FINANCIAL SERV L,610.00,610.00,610.00,610.00,610.00,610.00,,614.75,,,24,14640.00,4,F1,1,,,,,
2026-10-08,2026-10-08,CM,NSE,STK,5378,INE439A01020,ASAHIINDIA,EQ,,,,,ASAHI INDIA GLASS LIMITED,980.05,980.05,934.00,938.80,944.00,976.25,,938.85,,,75267,71622989.60,8635,F1,1,,,,,
2026-10-08,2026-10-08,CM,NSE,STK,25092,INE228I01012,ASAHISONG,BE,,,,,ASAHI SONGWON COLOR LTD,384.00,384.00,362.00,364.10,363.60,376.40,,363.92,,,8067,2996293.85,134,F1,1,,,,,
2026-10-08,2026-10-08,CM,NSE,STK,24711,INE0LAA01017,ASHALOG,SM,,,,,ASHAPURA LOGISTICS LTD,60.05,60.05,60.05,60.05,60.05,63.85,,60.05,,,1000,60050.00,1,F1,1000,,,,,
2026-10-08,2026-10-08,CM,NSE,STK,203,INE348A01023,ASHAPURMIN,EQ,,,,,ASHAPURA MINECHEM LTD,488.20,491.45,467.55,469.35,469.00,488.00,,469.36,,,370650,176811944.45,12661,F1,1,,,,,
2026-10-08,2026-10-08,CM,NSE,STK,24403,INE365D01021,ASHIANA,EQ,,,,,ASHIANA HOUSING LTD,379.20,379.20,369.00,372.25,370.00,379.20,,372.23,,,32813,12249498.10,1391,F1,1,,,,,
2026-10-08,2026-10-08,CM,NSE,STK,762551,INE094B01013,ASHIKAG,BE,,,,,ASHIKA GLOBAL SEC LTD,384.00,391.00,375.20,382.55,380.60,386.90,,382.59,,,14718,5614000.55,133,F1,1,,,,,
2026-10-08,2026-10-08,CM,NSE,STK,206,INE440A01010,ASHIMASYN,EQ,,,,,ASHIMA LTD,14.51,14.93,13.50,14.08,14.00,14.51,,14.08,,,181130,2551980.83,557,F1,1,,,,,
2026-10-08,2026-10-08,CM,NSE,STK,212,INE208A01029,ASHOKLEY,EQ,,,,,ASHOK LEYLAND LTD,149.50,149.80,144.52,145.02,145.02,149.20,,145.03,,,15971379,2329004822.45,106813,F1,1,,,,,
2026-10-08,2026-10-08,CM,NSE,STK,20182,INE442H01029,ASHOKA,EQ,,,,,ASHOKA BUILDCON LTD,104.03,104.08,101.10,101.40,101.54,104.03,,101.40,,,723525,73724778.83,11045,F1,1,,,,,
2026-10-08,2026-10-08,CM,NSE,STK,16943,INE760Y01011,ASHOKAMET,EQ,,,,,ASHOKA METCAST LIMITED,14.81,14.99,14.46,14.60,14.64,14.61,,14.60,,,12937,189006.77,117,F1,1,,,,,
2026-10-08,2026-10-08,CM,NSE,STK,765573,INE19FR01012,ASHUTOSH,SM,,,,,ASHUTOSH FIBRE LIMITED,143.00,143.00,138.25,138.95,139.75,143.15,,138.95,,,34800,4883520.00,27,F1,1200,,,,,
2026-10-08,2026-10-08,CM,NSE,STK,760418,INE1A6Q01010,ASHWINI,SM,,,,,ASHWINI CONTAINER MOVER L,161.00,161.00,156.00,156.30,156.30,163.00,,156.30,,,10000,1572300.00,7,F1,1000,,,,,
2026-10-08,2026-10-08,CM,NSE,STK,7030,INE276G01015,ASIANENE,EQ,,,,,ASIAN ENERGY SERVICES LTD,481.00,481.00,453.30,459.45,458.20,480.15,,459.63,,,262784,121526496.35,12863,F1,1,,,,,
2026-10-08,2026-10-08,CM,NSE,STK,14889,INE022I01019,ASIANTILES,EQ,,,,,ASIAN GRANITO IND. LTD.,47.62,47.62,45.50,45.79,45.80,47.19,,45.79,,,730857,33663668.73,2946,F1,1,,,,,
2026-10-08,2026-10-08,CM,NSE,STK,19438,INE926K01017,AHLEAST,EQ,,,,,ASIAN HOTELS (EAST) LTD,135.63,136.00,132.05,132.78,132.50,134.95,,132.78,,,760,101172.00,31,F1,1,,,,,
2026-10-08,2026-10-08,CM,NSE,STK,18422,INE363A01022,ASIANHOTNR,EQ,,,,,ASIAN HOTELS (NORTH) LTD,339.00,339.25,325.00,329.50,337.00,330.25,,329.50,,,4470,1468679.25,301,F1,1,,,,,
2026-10-08,2026-10-08,CM,NSE,STK,19370,INE915K01010,AHLWEST,BE,,,,,ASIAN HOTELS (WEST) LTD,549.00,550.00,525.15,550.00,550.00,549.95,,550.00,,,1374,753853.55,11,F1,1,,,,,
2026-10-08,2026-10-08,CM,NSE,STK,236,INE021A01026,ASIANPAINT,EQ,,,,,ASIAN PAINTS LIMITED,2364.40,2367.00,2311.60,2311.60,2311.60,2372.10,,2313.19,,,652405,1523780573.40,61304,F1,1,,,,,
2026-10-08,2026-10-08,CM,NSE,STK,762553,INE194D01017,ASTAR,EQ,,,,,ASIAN STAR CO. LTD.,652.00,652.00,640.00,641.60,642.00,645.05,,641.60,,,30,19427.95,19,F1,1,,,,,
2026-10-08,2026-10-08,CM,NSE,STK,765025,INE822B01017,ASIANTNE,EQ,,,,,ASIAN TEA & EXPORTS LTD.,9.07,9.19,8.05,8.21,8.10,9.07,,8.29,,,28744,241206.20,139,F1,1,,,,,
2026-10-08,2026-10-08,CM,NSE,STK,20152,INE491J01022,ASKAUTOLTD,EQ,,,,,ASK AUTOMOTIVE LIMITED,628.75,628.75,588.00,594.60,588.00,626.55,,594.67,,,217664,131550854.95,12400,F1,1,,,,,
2026-10-08,2026-10-08,CM,NSE,STK,17270,INE991I01015,ASPINWALL,EQ,,,,,ASPINWALL & CO LTD,243.50,248.98,236.72,241.52,238.00,241.65,,241.52,,,8527,2052920.29,97,F1,1,,,,,
2026-10-08,2026-10-08,CM,NSE,STK,765237,INE165G01010,ASSAMENT,EQ,,,,,ASSAM ENTRADE LIMITED,789.55,789.55,789.55,789.55,789.55,789.55,,838.75,,,10,7895.50,1,F1,1,,,,,
2026-10-08,2026-10-08,CM,NSE,STK,766072,INE148G01016,ARCIL,EQ,,,,,ASSET RECONSTRUC CO (I) L,164.90,164.90,150.10,156.18,154.95,160.31,,156.23,,,6175518,964544892.59,91396,F1,1,,,,,
2026-10-08,2026-10-08,CM,NSE,STK,17598,INE073G01016,ASALCBR,EQ,,,,,ASSO ALCOHOLS & BREW LTD,587.05,590.70,567.00,573.20,575.70,590.10,,573.21,,,57765,33313844.90,3822,F1,1,,,,,
2026-10-08,2026-10-08,CM,NSE,STK,17728,INE563J01010,ASTEC,EQ,,,,,ASTEC LIFESCIENCES LTD,740.00,740.00,710.10,714.75,722.00,748.20,,714.74,,,34972,25174310.35,2638,F1,1,,,,,
2026-10-08,2026-10-08,CM,NSE,STK,1508,INE914M01019,ASTERDM,EQ,,,,,ASTER DM QUALITY CARE LTD,677.10,682.65,674.90,677.15,677.05,680.30,,677.16,,,1342683,909740677.50,38065,F1,1,,,,,
2026-10-08,2026-10-08,CM,NSE,STK,11618,INE386C01029,ASTRAMICRO,EQ,,,,,ASTRA MICROWAVE LTD,1700.00,1701.10,1625.00,1630.80,1638.40,1701.10,,1630.79,,,260781,431348789.30,21177,F1,1,,,,,
2026-10-08,2026-10-08,CM,NSE,STK,14418,INE006I01046,ASTRAL,EQ,,,,,ASTRAL LIMITED,1428.00,1452.00,1408.50,1408.50,1408.50,1427.70,,1408.50,,,579289,828795630.90,36960,F1,1,,,,,
2026-10-08,2026-10-08,CM,NSE,STK,5610,INE203A01020,ASTRAZEN,EQ,,,,,ASTRAZENECA PHARMA IND LT,5950.50,5950.50,5675.00,5719.50,5715.00,5918.00,,5718.63,,,6824,39467794.00,2466,F1,1,,,,,
2026-10-08,2026-10-08,CM,NSE,STK,764445,INE646X01014,ASTRON,BZ,,,,,ASTRON PAPER BORD MIL LTD,2.84,2.88,2.75,2.78,2.75,2.84,,2.78,,,22119,62156.52,72,F1,1,,,,,
2026-10-08,2026-10-08,CM,NSE,STK,15649,INE0ALR01029,ATALREAL,EQ,,,,,ATAL REALTECH LIMITED,11.97,12.65,11.52,11.63,11.64,12.12,,11.63,,,2019970,24393540.10,2172,F1,1,,,,,
2026-10-08,2026-10-08,CM,NSE,STK,15404,INE09KD01013,ATAM,EQ,,,,,ATAM VALVES LIMITED,55.95,55.96,54.03,54.91,55.00,55.26,,54.91,,,2602,141789.41,79,F1,1,,,,,
2026-10-08,2026-10-08,CM,NSE,STK,756402,INE0V0Q01019,ATCENERGY,SM,,,,,ATC ENERGIES SYSTEM LTD,21.00,21.50,20.40,21.00,21.50,21.00,,21.00,,,12000,251160.00,9,F1,1200,,,,,
2026-10-08,2026-10-08,CM,NSE,STK,757645,INE0LEZ01016,ATHERENERG,EQ,,,,,ATHER ENERGY LIMITED,1454.50,1469.00,1386.00,1406.00,1406.00,1455.00,,1405.95,,,2833297,4005127821.50,90591,F1,1,,,,,
2026-10-08,2026-10-08,CM,NSE,STK,760953,IN90NN701011,ATLPP,E1,,,,,ATL RE.0.50 PPD UP,9.04,9.90,8.75,8.78,8.77,9.04,,8.79,,,4207,38399.57,25,F1,1,,,,,
2026-10-08,2026-10-08,CM,NSE,STK,759007,INE0Z4F01028,ATLANTAELE,EQ,,,,,ATLANTA ELECTRICALS LTD,1896.00,1911.90,1755.00,1806.60,1806.00,1875.80,,1806.72,,,336989,610256020.30,32434,F1,1,,,,,
2026-10-08,2026-10-08,CM,NSE,STK,13585,INE285H01022,ATLANTAA,EQ,,,,,ATLANTAA LIMITED,36.19,36.50,34.61,35.15,35.00,35.47,,35.15,,,28140,996244.51,415,F1,1,,,,,
2026-10-08,2026-10-08,CM,NSE,STK,4568,INE446A01025,ATLASCYCLE,EQ,,,,,ATLAS CYCLE (HARYANA) LTD,91.00,93.20,91.00,91.53,92.70,92.10,,91.31,,,2671,245717.18,118,F1,1,,,,,
2026-10-08,2026-10-08,CM,NSE,STK,22785,INE05DH01017,ATMASTCO,SM,,,,,ATMASTCO LIMITED,120.60,120.60,114.00,114.65,114.05,117.85,,114.65,,,11600,1342000.00,26,F1,400,,,,,
2026-10-08,2026-10-08,CM,NSE,STK,30023,INE951D01028,ATULAUTO,EQ,,,,,ATUL AUTO LIMITED,429.70,432.00,407.10,410.35,408.95,426.25,,410.34,,,93982,39096039.00,4778,F1,1,,,,,
2026-10-08,2026-10-08,CM,NSE,STK,263,INE100A01010,ATUL,EQ,,,,,ATUL LTD,6015.50,6022.00,5904.00,5923.00,5905.00,5999.50,,5923.11,,,25841,154196961.50,7766,F1,1,,,,,
2026-10-08,2026-10-08,CM,NSE,STK,21238,INE949L01017,AUBANK,EQ,,,,,AU SMALL FINANCE BANK LTD,997.90,997.90,974.00,975.00,975.00,993.40,,975.00,,,973635,955584287.40,40154,F1,1,,,,,
2026-10-08,2026-10-08,CM,NSE,STK,765451,INE16W401027,AUGMONT,EQ,,,,,AUGMONT ENTERPRISES LTD,1229.00,1277.00,1210.10,1274.10,1277.00,1216.20,,1273.85,,,807492,1002561650.80,23901,F1,1,,,,,
2026-10-08,2026-10-08,CM,NSE,STK,12022,INE132H01018,AURIONPRO,EQ,,,,,AURIONPRO SOLN LTD,616.80,624.30,595.00,596.55,598.00,612.80,,596.57,,,110437,66955002.35,6678,F1,1,,,,,
2026-10-08,2026-10-08,CM,NSE,STK,15918,INE0NUL01018,AUROIMPEX,ST,,,,,AURO IMPEX & CHEMICALS L,42.05,44.00,42.05,44.00,44.00,42.05,,44.00,,,12800,558080.00,8,F1,1600,,,,,
2026-10-08,2026-10-08,CM,NSE,STK,275,INE406A01037,AUROPHARMA,EQ,,,,,AUROBINDO PHARMA LTD,1679.10,1681.90,1641.00,1645.00,1645.00,1682.00,,1644.99,,,439291,725727605.10,31012,F1,1,,,,,
2026-10-08,2026-10-08,CM,NSE,STK,10310,INE898S01029,AURUM,EQ,,,,,AURUM PROPTECH LIMITED,231.70,235.80,223.66,227.39,227.00,231.20,,227.39,,,92988,21238552.93,2772,F1,1,,,,,
2026-10-08,2026-10-08,CM,NSE,STK,31468,INE142K01011,AURUS,EQ,,,,,AURUS GEM CORP LIMITED,4.39,4.39,4.22,4.29,4.25,4.29,,4.29,,,4562,19702.63,94,F1,1,,,,,
2026-10-08,2026-10-08,CM,NSE,STK,4037,INE218C01016,AUSOMENT,EQ,,,,,AUSOM ENTERPRISE LIMITED,143.00,147.00,135.41,143.29,146.49,141.68,,143.02,,,11429,1609960.42,133,F1,1,,,,,
2026-10-08,2026-10-08,CM,NSE,STK,764608,INE759F01012,AUSTENG,EQ,,,,,AUSTIN ENGINEERING CO. L,161.74,164.67,150.61,151.39,152.00,161.74,,151.80,,,10101,1583949.06,403,F1,1,,,,,
2026-10-08,2026-10-08,CM,NSE,STK,21451,INE0P0001010,APS,SM,,,,,AUSTRALIAN PREM SOLAR I L,232.30,233.00,227.30,227.30,227.30,230.00,,227.30,,,6500,1493225.00,25,F1,250,,,,,
2026-10-08,2026-10-08,CM,NSE,STK,23553,INE206F01022,AIIL,EQ,,,,,AUTHUM INVEST & INFRA LTD,547.90,554.95,545.00,550.10,549.50,549.65,,550.04,,,115992,63678278.45,9043,F1,1,,,,,
2026-10-08,2026-10-08,CM,NSE,STK,14106,INE718H01014,AUTOIND,EQ,,,,,AUTOLINE INDUSTRIES LTD,83.00,83.39,79.01,80.06,80.88,83.38,,80.07,,,72173,5816174.92,1490,F1,1,,,,,
2026-10-08,2026-10-08,CM,NSE,STK,764558,INE451C01013,ACGL,EQ,,,,,AUTOMOBILE CORPN OF GOA L,1703.80,1730.00,1670.00,1690.10,1695.00,1703.80,,1687.69,,,654,1103275.70,137,F1,1,,,,,
2026-10-08,2026-10-08,CM,NSE,STK,278,INE449A01011,AUTOAXLES,EQ,,,,,AUTOMOTIVE AXLES LIMITED,1648.50,1656.40,1605.70,1608.80,1608.00,1651.40,,1608.82,,,7522,12162310.70,578,F1,1,,,,,
2026-10-08,2026-10-08,CM,NSE,STK,10634,INE900C01027,ASAL,EQ,,,,,AUTOMOTIVE STAMPINGS & AS,423.30,423.95,391.40,395.55,397.80,423.30,,395.72,,,40416,16241869.15,1463,F1,1,,,,,
2026-10-08,2026-10-08,CM,NSE,STK,21406,INE349W01017,AVADHSUGAR,EQ,,,,,AVADH SUG & ENERGY LTD,951.00,978.80,916.20,939.55,943.75,937.55,,939.43,,,519526,490413214.05,33221,F1,1,,,,,
2026-10-08,2026-10-08,CM,NSE,STK,15058,INE0LCL01028,AVALON,EQ,,,,,AVALON TECHNOLOGIES LTD,2429.70,2432.50,2272.30,2302.00,2298.00,2429.70,,2301.88,,,267746,627134943.50,33962,F1,1,,,,,
2026-10-08,2026-10-08,CM,NSE,STK,760733,INE1KU201016,AVANA,SM,,,,,AVANA ELECTROSYSTEMS LTD,141.00,143.95,137.05,137.95,138.90,139.60,,137.95,,,14000,1953100.00,7,F1,2000,,,,,
2026-10-08,2026-10-08,CM,NSE,STK,765030,INE758A01072,AVANCE,EQ,,,,,AVANCE TECHNOLOGIES LTD.,0.78,0.79,0.77,0.78,0.79,0.78,,0.78,,,3823054,2973115.13,1269,F1,1,,,,,
2026-10-08,2026-10-08,CM,NSE,STK,24610,INE005B01027,AVANTEL,EQ,,,,,AVANTEL LIMITED,153.20,153.20,145.00,145.31,145.88,153.28,,145.31,,,998810,147407941.20,12425,F1,1,,,,,
2026-10-08,2026-10-08,CM,NSE,STK,7936,INE871C01038,AVANTIFEED,EQ,,,,,AVANTI FEEDS LIMITED,723.05,724.80,695.00,698.65,698.95,722.30,,698.68,,,154178,109039074.00,13451,F1,1,,,,,
2026-10-08,2026-10-08,CM,NSE,STK,20502,INE617I01024,AVATAR,SM,,,,,AVATAR INDUSTRIES LIMITED,183.75,183.75,183.75,183.75,183.75,175.25,,183.75,,,2000,367500.00,1,F1,2000,,,,,
2026-10-08,2026-10-08,CM,NSE,STK,19913,INE192R01011,DMART,EQ,,,,,AVENUE SUPERMARTS LIMITED,3635.20,3638.00,3560.10,3585.00,3585.00,3636.00,,3585.02,,,365999,1314421546.60,23383,F1,1,,,,,
2026-10-08,2026-10-08,CM,NSE,STK,16249,INE483S01020,CCAVENUE,EQ,,,,,AVENUESAI LIMITED,15.56,15.56,14.98,15.02,15.03,15.56,,15.02,,,9784750,148642842.22,13675,F1,1,,,,,
2026-10-08,2026-10-08,CM,NSE,STK,15589,INE680Z01018,AVG,EQ,,,,,AVG LOGISTICS LIMITED,172.90,172.90,160.55,161.98,162.99,169.65,,161.99,,,15027,2484521.11,416,F1,1,,,,,
2026-10-08,2026-10-08,CM,NSE,STK,25520,INE0TFB01017,AVIANSH,SM,,,,,AVI ANSH TEXTILE LIMITED,97.05,97.50,95.15,96.20,97.50,98.00,,96.20,,,6000,578750.00,6,F1,1000,,,,,
2026-10-08,2026-10-08,CM,NSE,STK,755092,INE0V9I01017,AVIENCE,SM,,,,,AVIENCE BIOMEDICALS LTD,290.00,290.00,276.00,276.60,276.00,287.40,,276.60,,,39600,11031630.00,62,F1,600,,,,,
2026-10-08,2026-10-08,CM,NSE,STK,14064,INE855F01042,ASMS,EQ,,,,,AVIO SMART MRKT STACK LTD,6.08,6.08,5.80,5.81,5.80,5.95,,5.81,,,111580,655573.93,432,F1,1,,,,,
2026-10-08,2026-10-08,CM,NSE,STK,13557,INE323B01024,AVONMORE,EQ,,,,,AVONMORE CAP&MGT SERV LTD,13.29,13.29,12.31,12.43,12.49,12.80,,12.43,,,56134,702941.29,372,F1,1,,,,,
2026-10-08,2026-10-08,CM,NSE,STK,23159,INE0R9401019,AVPINFRA,SM,,,,,AVP INFRACON LIMITED,56.55,56.60,53.30,53.50,53.35,55.60,,53.50,,,32000,1743800.00,32,F1,800,,,,,
2026-10-08,2026-10-08,CM,NSE,STK,8827,INE652Z01025,AVROIND,EQ,,,,,AVRO INDIA LIMITED,6.18,6.29,5.61,5.87,5.87,6.13,,5.87,,,294136,1728512.04,667,F1,1,,,,,
2026-10-08,2026-10-08,CM,NSE,STK,14008,INE488D01021,AVTNPL,EQ,,,,,AVT NATURAL PRODUCTS LTD,89.40,89.80,85.10,85.45,85.19,88.75,,85.45,,,148749,12846049.59,2459,F1,1,,,,,
2026-10-08,2026-10-08,CM,NSE,STK,23864,INE108V01019,AWFIS,EQ,,,,,AWFIS SPACE SOLUTIONS LTD,253.04,253.04,235.75,238.12,238.06,250.75,,238.13,,,465552,111789561.33,11630,F1,1,,,,,
2026-10-08,2026-10-08,CM,NSE,STK,8110,INE699H01024,AWL,EQ,,,,,AWL AGRI BUSINESS LIMITED,186.25,188.00,181.60,182.81,184.10,187.11,,182.80,,,1298637,239504042.37,20812,F1,1,,,,,
2026-10-08,2026-10-08,CM,NSE,STK,766238,INE16J201028,AXIOMGAS,ST,,,,,AXIOM GAS ENGINEERING LTD,43.00,44.10,43.00,44.10,44.10,42.00,,44.10,,,304000,13374600.00,77,F1,2000,,,,,
2026-10-08,2026-10-08,CM,NSE,STK,5900,INE238A01034,AXISBANK,EQ,,,,,AXIS BANK LIMITED,1244.70,1257.00,1232.60,1245.00,1245.00,1242.50,,1245.48,,,7360960,9163979854.60,225315,F1,1,,,,,
2026-10-08,2026-10-08,CM,NSE,STK,765499,INF846KA1598,ENERGYAXIS,EQ,,,,,AXISAMC - ENERGYAXIS,18.58,18.97,17.86,17.95,18.49,18.40,,17.98,,,23060,414204.98,128,F1,1,,,,,
2026-10-08,2026-10-08,CM,NSE,STK,1044,INF846K01X63,BNKETFAXIS,EQ,,,,,AXISAMC-BNKETFAXIS,566.23,567.33,561.11,561.85,561.11,566.23,,561.85,,,5560,3125254.58,28,F1,1,,,,,
2026-10-08,2026-10-08,CM,NSE,STK,5732,INF846K016C7,CONSUMAXIS,EQ,,,,,AXISAMC-CONSUMAXIS,112.50,112.71,111.00,111.01,111.01,113.24,,111.01,,,1771,197973.02,32,F1,1,,,,,
2026-10-08,2026-10-08,CM,NSE,STK,20532,INF846K01W80,GOLDAXIS,EQ,,,,,AXISAMC-GOLDAXIS,122.29,122.38,121.56,121.77,121.94,121.90,,121.77,,,397178,48450250.45,2653,F1,1,,,,,
2026-10-08,2026-10-08,CM,NSE,STK,3608,INF846K01Z12,HEALTHAXIS,EQ,,,,,AXISAMC-HEALTHAXIS,160.90,164.20,159.40,160.00,159.40,162.95,,160.00,,,5238,843992.28,109,F1,1,,,,,
2026-10-08,2026-10-08,CM,NSE,STK,3010,INF846K01Y96,ITAXIS,EQ,,,,,AXISAMC-ITAXIS,309.01,312.80,305.35,310.38,312.00,306.14,,310.38,,,56833,17562888.40,81,F1,1,,,,,
2026-10-08,2026-10-08,CM,NSE,STK,21252,INF846K01W98,NIFTYAXIS,EQ,,,,,AXISAMC-NIFTYAXIS,244.23,251.33,244.23,246.72,246.00,250.50,,246.72,,,587984,145882324.19,600,F1,1,,,,,
2026-10-08,2026-10-08,CM,NSE,STK,14742,INF846K010Q0,SENSEXAXIS,EQ,,,,,AXISAMC-SENSEXAXIS,75.69,75.69,74.25,74.33,74.99,75.32,,74.34,,,4136,309407.81,102,F1,1,,,,,
2026-10-08,2026-10-08,CM,NSE,STK,11193,INF846K011K1,SILVERAXIS,EQ,,,,,AXISAMC-SILVERAXIS,217.00,217.90,213.60,214.62,214.14,217.45,,214.62,,,529091,113998025.44,2712,F1,1,,,,,
2026-10-08,2026-10-08,CM,NSE,STK,30155,INF846KA1119,VALUEAXIS,EQ,,,,,AXISAMC-VALUEAXIS,31.55,31.55,30.00,30.37,30.45,30.93,,30.37,,,104875,3191543.51,693,F1,1,,,,,
2026-10-08,2026-10-08,CM,NSE,STK,9436,INE555B01013,AXISCADES,EQ,,,,,AXISCADES TECH LTD,2245.00,2245.00,2063.50,2077.60,2080.00,2245.60,,2077.70,,,333272,700646200.00,36229,F1,1,,,,,
2026-10-08,2026-10-08,CM,NSE,STK,9902,INE02EZ01022,AXITA,EQ,,,,,AXITA COTTON LIMITED,7.53,7.53,7.40,7.41,7.41,7.44,,7.41,,,265685,1974070.91,564,F1,1,,,,,
2026-10-08,2026-10-08,CM,NSE,STK,764613,INE767C01012,AXTEL,EQ,,,,,AXTEL INDUSTRIES LTD.,432.05,439.75,432.05,432.80,432.75,435.50,,432.78,,,5717,2483000.75,238,F1,1,,,,,
2026-10-08,2026-10-08,CM,NSE,STK,760981,INE501X01029,AYE,EQ,,,,,AYE FINANCE LIMITED,166.63,170.37,158.85,160.79,160.92,167.63,,160.77,,,822596,134958253.01,30653,F1,1,,,,,
2026-10-08,2026-10-08,CM,NSE,STK,10285,INE193B01039,AYMSYNTEX,EQ,,,,,AYM SYNTEX LIMITED,276.55,278.60,271.15,271.75,271.15,277.50,,271.75,,,44664,12209654.80,1235,F1,1,,,,,
2026-10-08,2026-10-08,CM,NSE,STK,20905,INE02IJ01035,AZAD,EQ,,,,,AZAD ENGINEERING LIMITED,3051.00,3052.70,2863.10,2883.70,2880.00,3048.20,,2883.77,,,603234,1770667550.40,58094,F1,1,,,,,
2026-10-08,2026-10-08,CM,NSE,STK,765035,INE566M01017,AZADIND,EQ,,,,,AZAD INDIA MOBILITY LTD.,85.99,85.99,81.00,82.56,83.00,82.85,,82.35,,,20151,1665365.23,474,F1,1,,,,,
2026-10-08,2026-10-08,CM,NSE,STK,762616,INE489D01011,BNALTD,BE,,,,,B & A LTD.,358.05,363.00,358.05,363.00,363.00,368.00,,363.00,,,304,108852.15,2,F1,1,,,,,
2026-10-08,2026-10-08,CM,NSE,STK,12153,INE01EE01011,BBTCL,EQ,,,,,B&B TRIPLEWALL CONT LTD,231.83,234.10,221.91,225.54,224.00,225.66,,225.39,,,18589,4216438.63,669,F1,1,,,,,
2026-10-08,2026-10-08,CM,NSE,STK,11226,INE116D01028,BAGFILMS,EQ,,,,,B.A.G FILMS AND MEDIA LTD,4.14,4.16,4.04,4.07,4.08,4.12,,4.07,,,117938,480623.49,114,F1,1,,,,,
2026-10-08,2026-10-08,CM,NSE,STK,759420,INE17CQ01015,BAGDIGITAL,SM,,,,,B.A.G.CONVERGENCE LIMITED,109.00,110.40,107.00,110.40,110.40,110.15,,110.40,,,12800,1398880.00,5,F1,1600,,,,,
2026-10-08,2026-10-08,CM,NSE,STK,13290,INE350H01032,BLKASHYAP,EQ,,,,,B.L.KASHYAP & SON LTD,53.24,54.39,51.68,52.14,52.00,53.94,,52.14,,,326522,17378424.81,1696,F1,1,,,,,
2026-10-08,2026-10-08,CM,NSE,STK,25114,INE01FR01028,STYLEBAAZA,EQ,,,,,BAAZAR STYLE RETAIL LTD,379.90,388.00,370.05,372.35,375.00,379.90,,372.33,,,586747,223046892.20,11297,F1,1,,,,,
2026-10-08,2026-10-08,CM,NSE,STK,17735,INE878I01022,BAFNAPH,BE,,,,,BAFNA PHARMACEUTICALS LTD,409.85,409.85,409.80,409.85,409.85,401.85,,416.70,,,1108,454113.30,19,F1,1,,,,,
2026-10-08,2026-10-08,CM,NSE,STK,763363,INE2OVN25015,BAGMANE,RR,,,,,BAGMANE PRIME OFFICE REIT,106.97,107.00,106.25,106.52,106.50,106.62,,106.52,,,552349,58885248.79,11633,F1,1,,,,,
2026-10-08,2026-10-08,CM,NSE,STK,12989,INE029Q01017,BAHETI,SM,,,,,BAHETI RECYCLING IND LTD,721.00,731.00,680.00,693.40,700.00,712.65,,693.40,,,24750,17326631.25,49,F1,375,,,,,
2026-10-08,2026-10-08,CM,NSE,STK,13794,INE020D01022,BAIDFIN,EQ,,,,,BAID FINSERV LIMITED,10.46,10.73,9.90,10.17,10.14,10.21,,10.17,,,60974,625580.87,255,F1,1,,,,,
2026-10-08,2026-10-08,CM,NSE,STK,16669,INE917I01010,BAJAJ-AUTO,EQ,,,,,BAJAJ AUTO LIMITED,9840.00,9894.00,9637.00,9637.00,9637.00,9884.00,,9637.08,,,198806,1935156969.00,32549,F1,1,,,,,
2026-10-08,2026-10-08,CM,NSE,STK,19531,INE933K01021,BAJAJCON,EQ,,,,,BAJAJ CONSUMER CARE LTD,485.00,509.80,480.30,489.15,489.95,483.00,,489.13,,,972259,482201423.65,32735,F1,1,,,,,
2026-10-08,2026-10-08,CM,NSE,STK,15034,INE193E01025,BAJAJELEC,EQ,,,,,BAJAJ ELECT.LTD,299.15,300.15,289.05,290.05,291.90,300.70,,290.05,,,141208,41400020.15,7669,F1,1,,,,,
2026-10-08,2026-10-08,CM,NSE,STK,317,INE296A01032,BAJFINANCE,EQ,,,,,BAJAJ FINANCE LIMITED,956.50,962.75,946.30,955.95,955.95,963.85,,955.94,,,9368412,8941714218.60,167725,F1,1,,,,,
2026-10-08,2026-10-08,CM,NSE,STK,16675,INE918I01026,BAJAJFINSV,EQ,,,,,BAJAJ FINSERV LTD.,1727.30,1738.60,1700.00,1708.00,1708.00,1743.30,,1707.99,,,1193738,2043693166.10,71621,F1,1,,,,,
2026-10-08,2026-10-08,CM,NSE,STK,6863,INE411U01027,BAJAJHCARE,EQ,,,,,BAJAJ HEALTHCARE LIMITED,323.90,324.00,311.20,314.85,314.00,323.30,,314.90,,,100994,31875031.55,3866,F1,1,,,,,
2026-10-08,2026-10-08,CM,NSE,STK,308,INE306A01021,BAJAJHIND,EQ,,,,,BAJAJ HINDUSTHAN SUGAR LT,20.94,21.12,19.86,20.04,20.14,21.05,,20.04,,,15262142,312448612.49,26642,F1,1,,,,,
2026-10-08,2026-10-08,CM,NSE,STK,305,INE118A01012,BAJAJHLDNG,EQ,,,,,BAJAJ HOLDINGS & INVS LTD,10630.00,10860.00,10600.00,10600.00,10600.00,10662.00,,10600.00,,,54532,585943366.00,16998,F1,1,,,,,
2026-10-08,2026-10-08,CM,NSE,STK,25270,INE377Y01014,BAJAJHFL,EQ,,,,,BAJAJ HOUSING FINANCE LTD,84.08,84.22,81.90,82.14,82.14,84.08,,82.14,,,3402612,282082868.54,35460,F1,1,,,,,
2026-10-08,2026-10-08,CM,NSE,STK,762563,INE704G01024,BAJAJST,EQ,,,,,BAJAJ STEEL INDS. LTD.,328.00,333.95,322.10,324.30,326.90,331.40,,324.94,,,10062,3286707.15,559,F1,1,,,,,
2026-10-08,2026-10-08,CM,NSE,STK,20531,INE0KQN01018,BAJEL,EQ,,,,,BAJEL PROJECTS LIMITED,162.49,162.49,155.00,156.63,157.70,162.34,,156.62,,,231341,36479774.35,4964,F1,1,,,,,
2026-10-08,2026-10-08,CM,NSE,STK,13444,INE083D01012,BALPHARMA,BE,,,,,BAL PHARMA LTD.,100.59,100.59,95.10,96.21,95.45,98.62,,95.98,,,14562,1436146.04,144,F1,1,,,,,
2026-10-08,2026-10-08,CM,NSE,STK,14501,INE050E01027,BALAMINES,EQ,,,,,BALAJI AMINES LIMITED,2156.00,2168.40,2078.00,2085.50,2087.60,2155.90,,2085.51,,,254861,537255613.80,25025,F1,1,,,,,
2026-10-08,2026-10-08,CM,NSE,STK,9158,INE794B01026,BALAJITELE,EQ,,,,,BALAJI TELEFILMS LIMITED.,89.84,90.06,85.35,86.08,86.00,89.18,,86.08,,,95182,8276351.44,1460,F1,1,,,,,
2026-10-08,2026-10-08,CM,NSE,STK,11309,INE618N01022,BALAXI,EQ,,,,,BALAXI PHARMA LTD,22.81,23.40,21.05,22.09,22.16,22.38,,22.09,,,61447,1388560.19,220,F1,1,,,,,
2026-10-08,2026-10-08,CM,NSE,STK,335,INE787D01026,BALKRISIND,EQ,,,,,BALKRISHNA IND. LTD,2014.80,2027.80,1976.60,1996.90,1999.40,2006.60,,1996.83,,,189701,378546667.70,27952,F1,1,,,,,
2026-10-08,2026-10-08,CM,NSE,STK,10181,INE875R01011,BALKRISHNA,EQ,,,,,BALKRISHNA PAPER MILLS L,15.90,16.38,15.67,15.73,15.70,16.00,,15.73,,,6065,96166.94,62,F1,1,,,,,
2026-10-08,2026-10-08,CM,NSE,STK,338,INE164A01016,BALMLAWRIE,EQ,,,,,BALMER LAWRIE & CO LTD,159.40,159.40,155.75,156.08,155.95,158.88,,156.07,,,129306,20267228.51,4360,F1,1,,,,,
2026-10-08,2026-10-08,CM,NSE,STK,762603,INE525F01025,BLIL,EQ,,,,,BALMER LAWRIE INVSTS. L,65.78,65.79,64.62,64.92,65.02,65.28,,64.92,,,39069,2544202.35,1661,F1,1,,,,,
2026-10-08,2026-10-08,CM,NSE,STK,341,INE119A01028,BALRAMCHIN,EQ,,,,,BALRAMPUR CHINI MILLS LTD,704.45,717.25,681.75,689.45,689.40,706.60,,689.45,,,1408394,988591770.55,41773,F1,1,,,,,
2026-10-08,2026-10-08,CM,NSE,STK,23607,INE011E01029,BALUFORGE,EQ,,,,,BALU FORGE INDUSTRIES LTD,509.40,509.40,487.00,489.45,488.00,507.50,,489.45,,,555173,273822894.60,20831,F1,1,,,,,
2026-10-08,2026-10-08,CM,NSE,STK,347,INE655B01011,BANARBEADS,EQ,,,,,BANARAS BEADS LTD,110.27,112.99,110.27,110.28,110.27,110.27,,110.30,,,1142,126380.75,99,F1,1,,,,,
2026-10-08,2026-10-08,CM,NSE,STK,13880,INE213C01025,BANCOINDIA,EQ,,,,,BANCO PRODUCTS (I) LTD,601.05,605.35,588.00,588.90,593.10,600.20,,588.86,,,55576,33021178.10,4293,F1,1,,,,,
2026-10-08,2026-10-08,CM,NSE,STK,2263,INE545U01014,BANDHANBNK,EQ,,,,,BANDHAN BANK LIMITED,163.29,163.29,154.13,155.54,155.54,162.99,,155.59,,,14678826,2305439499.61,76305,F1,1,,,,,
2026-10-08,2026-10-08,CM,NSE,STK,760325,INF194KB1KJ7,GOLDBND,EQ,,,,,BANDHANAMC - GOLDBND,146.43,147.07,145.90,146.43,146.60,146.40,,146.42,,,1448,212179.72,163,F1,1,,,,,
2026-10-08,2026-10-08,CM,NSE,STK,18783,INF194KA1U07,IDFNIFTYET,EQ,,,,,BANDHANAMC - IDFNIFTYET,249.45,250.00,245.25,248.66,250.00,250.44,,248.66,,,945,234209.69,53,F1,1,,,,,
2026-10-08,2026-10-08,CM,NSE,STK,760328,INF194KB1KI9,SILVERBND,EQ,,,,,BANDHANAMC - SILVERBND,219.25,219.52,215.44,215.97,215.61,219.27,,215.95,,,12639,2740585.05,171,F1,1,,,,,
2026-10-08,2026-10-08,CM,NSE,STK,15303,INE863I01016,BANG,EQ,,,,,BANG OVERSEAS LTD.,33.65,34.24,32.15,33.70,33.95,33.64,,33.72,,,27413,918265.72,281,F1,1,,,,,
2026-10-08,2026-10-08,CM,NSE,STK,4668,INE028A01039,BANKBARODA,EQ,,,,,BANK OF BARODA,234.55,239.40,233.07,234.00,234.00,234.55,,234.00,,,14608595,3453085635.02,126675,F1,1,,,,,
2026-10-08,2026-10-08,CM,NSE,STK,4745,INE084A01016,BANKINDIA,EQ,,,,,BANK OF INDIA,134.00,135.49,131.90,132.35,132.35,133.55,,132.27,,,5494158,734829061.03,37562,F1,1,,,,,
2026-10-08,2026-10-08,CM,NSE,STK,11377,INE457A01014,MAHABANK,EQ,,,,,BANK OF MAHARASHTRA,84.15,84.50,82.05,82.05,82.05,84.15,,82.05,,,9505081,790159829.73,42357,F1,1,,,,,
2026-10-08,2026-10-08,CM,NSE,STK,822,INE862Y01015,BANKA,EQ,,,,,BANKA BIOLOO LIMITED,67.29,70.00,66.60,68.35,66.60,67.97,,68.35,,,2311,157537.37,57,F1,1,,,,,
2026-10-08,2026-10-08,CM,NSE,STK,12034,INE186H01022,BASML,EQ,,,,,BANNARI AM SPIN MILL LTD.,22.51,22.91,19.65,20.74,20.75,22.69,,20.74,,,579977,11978047.13,1461,F1,1,,,,,
2026-10-08,2026-10-08,CM,NSE,STK,350,INE459A01010,BANARISUG,EQ,,,,,BANNARI AMMAN SUGARS LTD,3386.90,3386.90,3300.00,3300.00,3300.00,3375.30,,3299.73,,,1106,3657361.40,126,F1,1,,,,,
2026-10-08,2026-10-08,CM,NSE,STK,24386,INE0B9K01025,BANSALWIRE,EQ,,,,,BANSAL WIRE INDUSTRIES L,328.75,329.00,309.70,313.20,313.35,324.00,,313.13,,,189053,60119086.40,6216,F1,1,,,,,
2026-10-08,2026-10-08,CM,NSE,STK,14511,INE629D01020,BANSWRAS,EQ,,,,,BANSWARA SYNTEX LIMITED,105.96,105.96,101.71,102.16,102.78,105.44,,102.17,,,8825,911795.68,351,F1,1,,,,,
2026-10-08,2026-10-08,CM,NSE,STK,15073,INE139I01011,BVCL,EQ,,,,,BARAK VALLEY CEM. LTD.,40.69,41.38,40.50,41.15,40.99,40.69,,41.15,,,12420,506887.16,244,F1,1,,,,,
2026-10-08,2026-10-08,CM,NSE,STK,29176,INE0QX401014,BARFLEX,SM,,,,,BARFLEX POLYFILMS LIMITED,56.80,57.00,53.70,53.90,53.90,55.60,,53.90,,,22000,1213600.00,10,F1,2000,,,,,
2026-10-08,2026-10-08,CM,NSE,STK,24117,INF251K01TL6,BBNPNBETF,EQ,,,,,BARODABNP - BBNPNBETF,54.35,55.71,54.35,54.80,55.10,55.46,,54.80,,,2025,111721.05,31,F1,1,,,,,
2026-10-08,2026-10-08,CM,NSE,STK,20547,INF251K01SU9,BBNPPGOLD,EQ,,,,,BARODABNP - BBNPPGOLD,142.30,142.60,141.40,141.65,142.00,141.60,,141.65,,,937,133044.20,52,F1,1,,,,,
2026-10-08,2026-10-08,CM,NSE,STK,368,INE373A01013,BASF,EQ,,,,,BASF INDIA LTD,3470.00,3470.00,3336.00,3346.80,3340.00,3453.80,,3346.82,,,12322,41811975.10,3526,F1,1,,,,,
2026-10-08,2026-10-08,CM,NSE,STK,18442,INE0OCC01013,BASILIC,SM,,,,,BASILIC FLY STUDIO LTD,215.20,218.00,206.20,212.00,215.00,216.75,,212.00,,,56700,12090570.00,95,F1,300,,,,,
2026-10-08,2026-10-08,CM,NSE,STK,371,INE176A01028,BATAINDIA,EQ,,,,,BATA INDIA LTD,617.10,617.10,601.00,603.35,605.00,615.10,,603.35,,,91894,55797033.25,6656,F1,1,,,,,
2026-10-08,2026-10-08,CM,NSE,STK,762568,INE177C01022,BATLIBOI,EQ,,,,,BATLIBOI LTD.,97.80,97.80,89.00,93.98,95.50,94.80,,93.84,,,58777,5406628.29,1819,F1,1,,,,,
2026-10-08,2026-10-08,CM,NSE,STK,22571,INE0JFJ01011,BAWEJA,SM,,,,,BAWEJA STUDIOS LIMITED,26.45,26.50,25.75,25.85,26.00,25.25,,25.85,,,8800,229760.00,11,F1,800,,,,,
2026-10-08,2026-10-08,CM,NSE,STK,17927,INE462A01022,BAYERCROP,EQ,,,,,BAYER CROPSCIENCE LTD,3510.00,3522.30,3366.30,3381.60,3378.00,3491.50,,3381.82,,,46172,157392101.80,13243,F1,1,,,,,
2026-10-08,2026-10-08,CM,NSE,STK,2513,INE412G01024,BCLIND,EQ,,,,,BCL INDUSTRIES LIMITED,31.50,31.82,29.50,29.88,30.05,31.55,,29.89,,,836004,25301865.44,5107,F1,1,,,,,
2026-10-08,2026-10-08,CM,NSE,STK,761494,INE00SW01015,BCPL,EQ,,,,,BCPL RAILWAY INFRA LTD,66.20,67.20,64.80,64.91,65.00,66.43,,64.93,,,11491,751266.53,266,F1,1,,,,,
2026-10-08,2026-10-08,CM,NSE,STK,17933,INE520H01022,BEARDSELL,EQ,,,,,BEARDSELL LIMITED,22.54,22.68,21.75,21.77,21.75,22.22,,21.77,,,39298,861431.95,277,F1,1,,,,,
2026-10-08,2026-10-08,CM,NSE,STK,20196,INE844K01012,BEDMUTHA,EQ,,,,,BEDMUTHA INDUST LTD,110.00,113.50,108.00,108.50,108.00,110.08,,108.50,,,1657,182332.05,64,F1,1,,,,,
2026-10-08,2026-10-08,CM,NSE,STK,762573,INE213D01015,BEEKAY,EQ,,,,,BEEKAY STEEL INDS. LTD.,434.00,438.00,415.30,421.05,421.60,440.05,,421.47,,,684,291674.50,52,F1,1,,,,,
2026-10-08,2026-10-08,CM,NSE,STK,765291,INE1EEM01017,BLEL,EQ,,,,,BEHARI LAL ENGINEERING L,517.00,518.95,485.10,486.95,489.20,514.40,,486.95,,,859991,428942841.30,26584,F1,1,,,,,
2026-10-08,2026-10-08,CM,NSE,STK,757938,INE344T01014,BELLACASA,EQ,,,,,BELLA CASA FASH AND RET L,259.00,259.93,245.00,246.27,246.00,251.77,,246.27,,,10817,2724117.78,1071,F1,1,,,,,
2026-10-08,2026-10-08,CM,NSE,STK,757102,INE894V01022,BELRISE,EQ,,,,,BELRISE INDUSTRIES LTD,246.31,246.60,233.27,234.80,234.60,246.31,,234.80,,,1764665,420649340.17,26002,F1,1,,,,,
2026-10-08,2026-10-08,CM,NSE,STK,15067,INE0N7W01012,BLAL,EQ,,,,,BEML LAND ASSETS LIMITED,156.80,160.00,154.59,156.16,154.59,156.57,,156.19,,,13851,2163198.77,442,F1,1,,,,,
2026-10-08,2026-10-08,CM,NSE,STK,395,INE258A01024,BEML,EQ,,,,,BEML LIMITED,2010.00,2012.00,1908.00,1911.20,1914.00,2006.20,,1911.22,,,188955,367747021.70,16820,F1,1,,,,,
2026-10-08,2026-10-08,CM,NSE,STK,764618,INE664D01019,BENARAS,EQ,,,,,BENARES HOTELS LTD.,10112.00,10290.00,10112.00,10200.00,10200.00,10201.00,,10200.00,,,62,631217.00,26,F1,1,,,,,
2026-10-08,2026-10-08,CM,NSE,STK,766390,INE2OKU01014,BMISL,ST,,,,,BENCH MARK INFOTECH SER L,123.95,133.65,120.95,132.50,133.65,127.30,,132.50,,,686400,85921440.00,409,F1,1200,,,,,
2026-10-08,2026-10-08,CM,NSE,STK,762578,INE083K01017,BENGALASM,EQ,,,,,BENGAL & ASSAM CO. LTD.,6001.50,6034.00,5900.00,5901.50,5900.00,6036.00,,5904.87,,,203,1210234.00,105,F1,1,,,,,
2026-10-08,2026-10-08,CM,NSE,STK,404,INE463A01038,BERGEPAINT,EQ,,,,,BERGER PAINTS (I) LTD,465.90,471.00,462.45,467.95,466.45,463.90,,467.95,,,545378,255216019.05,25137,F1,1,,,,,
2026-10-08,2026-10-08,CM,NSE,STK,2306,INE052T01021,BESTAGRO,EQ,,,,,BEST AGROLIFE LIMITED,17.71,17.76,16.72,16.88,16.86,17.59,,16.88,,,489980,8405537.32,2082,F1,1,,,,,
2026-10-08,2026-10-08,CM,NSE,STK,759842,INE351Y01019,BETA,EQ,,,,,BETA DRUGS LIMITED,2000.00,2000.00,1890.00,1898.00,1920.00,1991.40,,1898.00,,,24558,47198952.60,3557,F1,1,,,,,
2026-10-08,2026-10-08,CM,NSE,STK,5662,INE0HQI01014,BEWLTD,SM,,,,,BEW ENGINEERING LIMITED,61.00,61.00,56.25,56.70,56.70,58.45,,56.70,,,27000,1577000.00,35,F1,500,,,,,
2026-10-08,2026-10-08,CM,NSE,STK,21113,INE878K01010,BFINVEST,EQ,,,,,BF INVESTMENT LIMITED,441.20,441.20,425.00,426.00,425.00,439.10,,426.00,,,10716,4604770.80,1091,F1,1,,,,,
2026-10-08,2026-10-08,CM,NSE,STK,14567,INE243D01012,BFUTILITIE,EQ,,,,,BF UTILITIES LIMITED,493.05,495.75,468.10,471.05,468.10,496.20,,471.07,,,62569,29914482.65,2978,F1,1,,,,,
2026-10-08,2026-10-08,CM,NSE,STK,764183,INF0QA701CI0,BANK10BETF,EQ,,,,,BFAM - BANK10BETF,20.10,20.34,19.51,19.61,19.57,20.15,,19.62,,,51268,1022704.41,571,F1,1,,,,,
2026-10-08,2026-10-08,CM,NSE,STK,21986,INF0QA701714,BANKBETF,EQ,,,,,BFAM - BANKBETF,56.31,56.31,55.40,55.41,55.45,56.09,,55.41,,,26657,1483748.78,260,F1,1,,,,,
2026-10-08,2026-10-08,CM,NSE,STK,23915,INF0QA701854,LIQUIDBETF,EQ,,,,,BFAM - LIQUIDBETF,1103.00,1103.00,1102.06,1102.07,1102.08,1101.91,,1102.07,,,418277,460972278.70,117,F1,1,,,,,
2026-10-08,2026-10-08,CM,NSE,STK,21959,INF0QA701722,NIFTYBETF,EQ,,,,,BFAM - NIFTYBETF,232.89,232.89,228.45,229.55,228.46,232.77,,229.33,,,4141,952760.85,103,F1,1,,,,,
2026-10-08,2026-10-08,CM,NSE,STK,15193,INE661I01014,BGRENERGY,BE,,,,,BGR ENERGY SYSTEMS LTD,269.00,269.00,251.00,259.46,259.05,256.31,,259.46,,,139109,36441215.73,1109,F1,1,,,,,
2026-10-08,2026-10-08,CM,NSE,STK,758228,INE0ZRC01017,BHADORA,ST,,,,,BHADORA INDUSTRIES LTD,154.00,154.00,147.30,147.50,147.50,153.15,,147.50,,,8400,1277700.00,6,F1,1200,,,,,
2026-10-08,2026-10-08,CM,NSE,STK,13400,INE354C01027,BHAGERIA,EQ,,,,,BHAGERIA INDUSTRIES LTD,387.00,387.00,365.00,367.00,366.00,377.55,,367.05,,,160878,59665626.95,4541,F1,1,,,,,
2026-10-08,2026-10-08,CM,NSE,STK,6164,INE414D01027,BHAGCHEM,EQ,,,,,BHAGIRADHA CHEM & INDS L,232.99,235.00,220.20,222.87,220.45,235.82,,222.87,,,481702,111415017.23,3600,F1,1,,,,,
2026-10-08,2026-10-08,CM,NSE,STK,20799,INE458B01036,BHAGYANGR,BE,,,,,BHAGYANAGAR INDIA LIMITED,39.00,41.40,39.00,41.40,41.40,454.55,,41.40,,,118087,4825038.60,269,F1,1,,,,,
2026-10-08,2026-10-08,CM,NSE,STK,19556,INE474E01029,BHANDARI,EQ,,,,,BHANDARI HOSIERY EXP LTD,2.83,2.84,2.75,2.76,2.76,2.78,,2.76,,,81208,226683.88,197,F1,1,,,,,
2026-10-08,2026-10-08,CM,NSE,STK,419,INE922A01025,BEPL,EQ,,,,,BHANSALI ENG. POLYMERS LT,127.50,128.36,123.02,123.44,123.15,127.61,,123.44,,,1029919,128536123.40,8687,F1,1,,,,,
2026-10-08,2026-10-08,CM,NSE,STK,13761,INE464A01036,BBL,EQ,,,,,BHARAT BIJLEE LTD,2050.00,2084.80,2009.00,2075.30,2070.00,2042.00,,2075.30,,,24984,51061245.80,3366,F1,1,,,,,
2026-10-08,2026-10-08,CM,NSE,STK,760726,INE05XR01022,BHARATCOAL,EQ,,,,,BHARAT COKING COAL LTD,32.00,32.09,31.20,31.31,31.25,32.09,,31.31,,,3090614,97448052.69,13829,F1,1,,,,,
2026-10-08,2026-10-08,CM,NSE,STK,2144,INE171Z01026,BDL,EQ,,,,,BHARAT DYNAMICS LIMITED,1083.70,1087.60,1047.70,1050.50,1050.50,1085.00,,1050.74,,,853117,904176881.70,33757,F1,1,,,,,
2026-10-08,2026-10-08,CM,NSE,STK,383,INE263A01024,BEL,EQ,,,,,BHARAT ELECTRONICS LTD,378.00,378.10,366.20,367.30,367.30,378.30,,367.29,,,13373488,4951946613.60,170595,F1,1,,,,,
2026-10-08,2026-10-08,CM,NSE,STK,422,INE465A01025,BHARATFORG,EQ,,,,,BHARAT FORGE LTD,1836.70,1842.00,1778.00,1790.60,1790.60,1841.80,,1790.60,,,484831,872181731.90,40286,F1,1,,,,,
2026-10-08,2026-10-08,CM,NSE,STK,9397,INE561C01019,BHARATGEAR,BE,,,,,BHARAT GEARS LTD,105.99,109.80,105.00,105.73,106.94,104.87,,106.35,,,29967,3218600.48,284,F1,1,,,,,
2026-10-08,2026-10-08,CM,NSE,STK,764623,INE365Y01019,BPLPHARMA,EQ,,,,,BHARAT PARENTERALS LTD.,1899.60,1938.70,1850.00,1892.80,1890.00,1881.20,,1894.53,,,10327,19621636.10,1308,F1,1,,,,,
2026-10-08,2026-10-08,CM,NSE,STK,526,INE029A01011,BPCL,EQ,,,,,BHARAT PETROLEUM CORP  LT,295.10,295.15,282.95,286.25,286.25,296.35,,286.25,,,7116001,2044210959.25,78009,F1,1,,,,,
2026-10-08,2026-10-08,CM,NSE,STK,3834,INE838B01021,BHARATRAS,EQ,,,,,BHARAT RASAYAN LTD,992.40,995.20,958.00,966.80,969.50,985.20,,966.72,,,13280,12958989.00,1749,F1,1,,,,,
2026-10-08,2026-10-08,CM,NSE,STK,21683,INE727S01012,BRNL,EQ,,,,,BHARAT ROAD NETWORK LTD,15.80,16.00,15.40,15.60,15.62,15.93,,15.60,,,31808,495833.32,393,F1,1,,,,,
2026-10-08,2026-10-08,CM,NSE,STK,30244,INE415D01024,BHARATSE,EQ,,,,,BHARAT SEATS LIMITED,204.97,204.97,199.03,200.84,202.00,204.59,,200.84,,,85980,17280347.44,3291,F1,1,,,,,
2026-10-08,2026-10-08,CM,NSE,STK,16123,INE316L01019,BHARATWIRE,EQ,,,,,BHARAT WIRE ROPES LTD.,171.99,171.99,164.10,165.73,164.98,171.99,,165.74,,,153125,25680595.53,4130,F1,1,,,,,
2026-10-08,2026-10-08,CM,NSE,STK,10604,INE397D01024,BHARTIARTL,EQ,,,,,BHARTI AIRTEL LIMITED,1847.80,1847.80,1789.70,1804.60,1804.60,1833.90,,1802.95,,,6582419,11926496950.10,221966,F1,1,,,,,
2026-10-08,2026-10-08,CM,NSE,STK,23489,INE343G01021,BHARTIHEXA,EQ,,,,,BHARTI HEXACOM LIMITED,1470.00,1538.00,1467.90,1500.70,1500.00,1477.90,,1500.70,,,373610,564676761.60,51465,F1,1,,,,,
2026-10-08,2026-10-08,CM,NSE,STK,7848,INE828A01016,BIL,EQ,,,,,BHARTIYA INTERNATIONAL,1073.95,1076.85,1042.65,1048.55,1043.00,1072.90,,1048.36,,,7802,8245324.90,646,F1,1,,,,,
2026-10-08,2026-10-08,CM,NSE,STK,438,INE257A01026,BHEL,EQ,,,,,BHEL,448.80,451.45,429.45,429.60,429.60,448.50,,429.60,,,12838774,5640956763.35,126882,F1,1,,,,,
2026-10-08,2026-10-08,CM,NSE,STK,762621,INE274K01012,BTTL,BE,,,,,BHILWARA TECHNICAL TEXT L,39.40,39.99,38.00,39.00,39.00,39.50,,39.00,,,596,23356.17,59,F1,1,,,,,
2026-10-08,2026-10-08,CM,NSE,STK,18431,INE412U01025,BIGBLOC,EQ,,,,,BIGBLOC CONSTRUCTION LTD,36.30,36.90,34.46,34.63,35.24,36.47,,34.67,,,76141,2694150.67,1130,F1,1,,,,,
2026-10-08,2026-10-08,CM,NSE,STK,11966,INE00E101023,BIKAJI,EQ,,,,,BIKAJI FOODS INTERN LTD,483.40,488.05,466.75,468.65,469.40,483.55,,468.66,,,146925,69746508.45,15299,F1,1,,,,,
2026-10-08,2026-10-08,CM,NSE,STK,25527,INE0SQH01013,BIKEWO,ST,,,,,BIKEWO GREEN TECH LIMITED,126.10,128.00,126.10,128.00,128.00,126.10,,128.00,,,14000,1769200.00,7,F1,2000,,,,,
2026-10-08,2026-10-08,CM,NSE,STK,13622,INE071A01013,BILVYAPAR,BE,,,,,BIL VYAPAR LIMITED,4.25,4.47,4.10,4.15,4.15,4.29,,4.15,,,10988,48191.65,37,F1,1,,,,,
2026-10-08,2026-10-08,CM,NSE,STK,762586,INE986A01012,BI,BE,,,,,BILCARE LTD.,95.00,95.00,92.87,92.87,92.87,94.75,,95.90,,,2958,277132.62,19,F1,1,,,,,
2026-10-08,2026-10-08,CM,NSE,STK,759806,INE0HOQ01053,GROWW,EQ,,,,,BILLIONBRAINS GARAGE VN L,197.37,198.52,189.74,192.60,193.20,197.75,,192.61,,,21260958,4112879023.38,139872,F1,1,,,,,
2026-10-08,2026-10-08,CM,NSE,STK,762588,INE469A01019,BIMETAL,EQ,,,,,BIMETAL BEARINGS LTD.,635.00,640.05,635.00,638.00,638.00,640.65,,638.00,,,96,61250.05,6,F1,1,,,,,
2026-10-08,2026-10-08,CM,NSE,STK,763598,INE1BKA01015,BMLL,SM,,,,,BIO MEDICA LABORATORIES L,158.00,158.00,153.00,155.00,155.00,159.00,,155.00,,,19000,2953600.00,15,F1,1000,,,,,
2026-10-08,2026-10-08,CM,NSE,STK,11373,INE376G01013,BIOCON,EQ,,,,,BIOCON LIMITED.,360.50,361.15,347.20,350.00,350.00,360.00,,349.98,,,2135284,750297323.55,38992,F1,1,,,,,
2026-10-08,2026-10-08,CM,NSE,STK,4136,INE829A01014,BIOFILCHEM,EQ,,,,,BIOFIL CHEM & PHARMA LTD,30.01,30.80,28.55,29.52,29.40,30.43,,29.51,,,10323,305868.76,277,F1,1,,,,,
2026-10-08,2026-10-08,CM,NSE,STK,760942,INE0XW001014,BIOPOL,SM,,,,,BIOPOL CHEMICALS LIMITED,53.25,53.25,48.70,49.90,49.90,52.25,,49.90,,,14400,726180.00,12,F1,1200,,,,,
2026-10-08,2026-10-08,CM,NSE,STK,477,INE800A01015,BIRLACABLE,EQ,,,,,BIRLA CABLE LIMITED,384.00,384.00,365.80,366.90,369.50,385.05,,366.97,,,319579,119034519.60,8240,F1,1,,,,,
2026-10-08,2026-10-08,CM,NSE,STK,480,INE340A01012,BIRLACORPN,EQ,,,,,BIRLA CORPORATION LTD,811.85,816.95,790.20,794.85,797.25,814.40,,794.88,,,32855,26359361.55,3643,F1,1,,,,,
2026-10-08,2026-10-08,CM,NSE,STK,762596,INE372E01025,BIRLAPREC,BE,,,,,BIRLA PRECISION TECH L,58.99,59.00,55.32,56.17,55.32,58.23,,56.06,,,74736,4202647.14,607,F1,1,,,,,
2026-10-08,2026-10-08,CM,NSE,STK,1455,INE557A01011,BIRLANU,EQ,,,,,BIRLANU LIMITED,1331.00,1331.70,1271.40,1284.70,1282.50,1321.30,,1284.71,,,14128,18180772.90,1807,F1,1,,,,,
2026-10-08,2026-10-08,CM,NSE,STK,24404,INF209KC1134,ABGSEC,EQ,,,,,BIRLASLAMC - ABGSEC,112.99,112.99,112.99,112.99,112.99,112.99,,112.99,,,2,225.98,1,F1,1,,,,,
2026-10-08,2026-10-08,CM,NSE,STK,760247,INF209KC1670,ABSL10BANK,EQ,,,,,BIRLASLAMC - ABSL10BANK,162.72,162.82,160.69,161.32,160.69,163.61,,161.32,,,779,126019.23,20,F1,1,,,,,
2026-10-08,2026-10-08,CM,NSE,STK,13987,INF209KB17D5,ABSLBANETF,EQ,,,,,BIRLASLAMC - ABSLBANETF,56.73,56.73,55.85,55.92,55.88,56.50,,55.92,,,166965,9365627.39,1833,F1,1,,,,,
2026-10-08,2026-10-08,CM,NSE,STK,14518,INF209KB18T9,ABSLLIQUID,EQ,,,,,BIRLASLAMC - ABSLLIQUID,999.99,1000.01,999.99,1000.00,999.99,999.99,,1000.00,,,5791,5790946.07,17,F1,1,,,,,
2026-10-08,2026-10-08,CM,NSE,STK,761066,INF209KC1662,ABSLMSCIN,EQ,,,,,BIRLASLAMC - ABSLMSCIN,27.75,27.75,27.34,27.34,27.34,27.89,,27.34,,,1338,36753.41,12,F1,1,,,,,
2026-10-08,2026-10-08,CM,NSE,STK,7339,INF209KB16D7,ABSLNN50ET,EQ,,,,,BIRLASLAMC - ABSLNN50ET,74.82,74.91,70.95,73.75,71.63,73.35,,73.63,,,16688,1205660.26,281,F1,1,,,,,
2026-10-08,2026-10-08,CM,NSE,STK,5957,INF209KB10E8,BSLSENETFG,EQ,,,,,BIRLASLAMC - BSLSENETFG,73.49,73.51,72.02,72.28,72.39,73.15,,72.28,,,2648,192341.98,101,F1,1,,,,,
2026-10-08,2026-10-08,CM,NSE,STK,24847,INF209KC1142,GSEC10ABSL,EQ,,,,,BIRLASLAMC - GSEC10ABSL,111.10,111.10,110.63,110.64,110.64,111.20,,110.64,,,3,332.37,3,F1,1,,,,,
2026-10-08,2026-10-08,CM,NSE,STK,6297,INF209KB10C2,HEALTHY,EQ,,,,,BIRLASLAMC - HEALTHY,16.49,17.00,16.11,16.16,16.23,16.49,,16.16,,,308216,5023898.62,1368,F1,1,,,,,
2026-10-08,2026-10-08,CM,NSE,STK,10693,INF209KB14K7,MOMENTUM,EQ,,,,,BIRLASLAMC - MOMENTUM,30.17,30.17,29.27,29.32,29.69,30.17,,29.32,,,164306,4837180.70,447,F1,1,,,,,
2026-10-08,2026-10-08,CM,NSE,STK,10690,INF209KB15K4,NIFTYQLITY,EQ,,,,,BIRLASLAMC - NIFTYQLITY,19.78,19.99,19.45,19.53,19.54,19.78,,19.53,,,43804,857262.82,262,F1,1,,,,,
2026-10-08,2026-10-08,CM,NSE,STK,8003,INF209KB19F6,SILVER,EQ,,,,,BIRLASLAMC - SILVER,217.76,218.49,214.51,215.21,215.55,218.35,,215.23,,,673146,145294715.74,9263,F1,1,,,,,
2026-10-08,2026-10-08,CM,NSE,STK,6462,INF209KB11D8,TECH,EQ,,,,,BIRLASLAMC - TECH,30.89,31.08,30.31,30.48,30.46,30.48,,30.48,,,11988,368287.64,145,F1,1,,,,,
2026-10-08,2026-10-08,CM,NSE,STK,23806,INF209KB19Z4,ABSLPSE,EQ,,,,,BIRLASLAMC-ABSLPSE,9.78,10.05,9.40,9.44,9.56,9.65,,9.44,,,147191,1395361.29,871,F1,1,,,,,
2026-10-08,2026-10-08,CM,NSE,STK,6994,INE836A01035,BSOFT,EQ,,,,,BIRLASOFT LIMITED,278.00,285.70,271.00,271.80,271.00,278.05,,271.80,,,3155620,877759148.20,59625,F1,1,,,,,
2026-10-08,2026-10-08,CM,NSE,STK,3435,INE676A01027,BBOX,EQ,,,,,BLACK BOX LIMITED,901.00,913.60,851.20,856.55,852.10,884.85,,856.54,,,1783271,1563473940.25,73595,F1,1,,,,,
2026-10-08,2026-10-08,CM,NSE,STK,762598,INE761G01016,BLACKROSE,EQ,,,,,BLACK ROSE INDS. LTD.,112.90,112.90,107.00,107.27,107.00,110.78,,107.28,,,13828,1497840.91,380,F1,1,,,,,
2026-10-08,2026-10-08,CM,NSE,STK,27144,INE0UIZ01018,BLACKBUCK,EQ,,,,,BLACKBUCK LIMITED,617.00,617.95,586.50,587.60,588.50,616.40,,587.61,,,195194,116641084.20,14083,F1,1,,,,,
2026-10-08,2026-10-08,CM,NSE,STK,8132,INE791A01024,BLBLIMITED,EQ,,,,,BLB LIMITED,17.25,17.25,16.52,16.69,16.61,16.91,,16.69,,,61799,1041540.95,640,F1,1,,,,,
2026-10-08,2026-10-08,CM,NSE,STK,19269,INE416D01022,BLISSGVS,BE,,,,,BLISS GVS PHARMA LTD,693.95,693.95,660.00,667.70,667.10,681.55,,667.71,,,146919,98780712.00,1748,F1,1,,,,,
2026-10-08,2026-10-08,CM,NSE,STK,22566,INE0NLT01028,BLSE,EQ,,,,,BLS E-SERVICES LIMITED,156.15,160.80,155.20,157.55,156.75,158.20,,157.53,,,1566257,248969134.40,11116,F1,1,,,,,
2026-10-08,2026-10-08,CM,NSE,STK,17279,INE153T01027,BLS,EQ,,,,,BLS INTL SERVS LTD,220.84,221.26,213.37,215.08,216.30,220.84,,214.98,,,674812,146067939.60,21163,F1,1,,,,,
2026-10-08,2026-10-08,CM,NSE,STK,765040,INE373T01047,BLUECLOUDS,EQ,,,,,BLUE CLOUD SOFTECH SOLU L,20.58,21.15,19.82,19.96,19.91,20.35,,19.96,,,10852083,221382821.07,23601,F1,1,,,,,
2026-10-08,2026-10-08,CM,NSE,STK,7480,INE472B01011,BLUECOAST,EQ,,,,,BLUE COAST HOTELS LIMITED,22.49,22.49,20.42,20.63,22.48,22.49,,20.63,,,1583,32541.85,39,F1,1,,,,,
2026-10-08,2026-10-08,CM,NSE,STK,495,INE233B01017,BLUEDART,EQ,,,,,BLUE DART EXPRESS LTD,4555.20,4600.40,4545.00,4557.00,4558.30,4555.20,,4556.76,,,6512,29703566.60,2289,F1,1,,,,,
2026-10-08,2026-10-08,CM,NSE,STK,19686,INE0KBH01020,BLUEJET,EQ,,,,,BLUE JET HEALTHCARE LTD,543.95,543.95,516.00,518.55,520.00,541.35,,518.56,,,316481,165831145.80,16560,F1,1,,,,,
2026-10-08,2026-10-08,CM,NSE,STK,23413,INE0SAK01011,BLUEPEBBLE,ST,,,,,BLUE PEBBLE LIMITED,66.50,67.00,66.50,67.00,67.00,67.00,,67.00,,,1200,80200.00,3,F1,400,,,,,
2026-10-08,2026-10-08,CM,NSE,STK,8311,INE472A01039,BLUESTARCO,EQ,,,,,BLUE STAR LIMITED,1532.80,1543.50,1514.60,1519.00,1519.00,1530.10,,1519.00,,,232039,354241286.00,17349,F1,1,,,,,
2026-10-08,2026-10-08,CM,NSE,STK,758185,INE0X3M01010,BLUEWATER,ST,,,,,BLUE WATER LOGISTICS LTD,549.00,549.00,522.25,522.25,522.25,549.70,,522.25,,,5000,2638000.00,5,F1,1000,,,,,
2026-10-08,2026-10-08,CM,NSE,STK,759291,INE304W01038,BLUESTONE,EQ,,,,,BLUESTONE JEWEL LFSTL LTD,835.00,835.95,795.10,799.25,800.95,831.10,,799.27,,,505863,408316788.05,24327,F1,1,,,,,
2026-10-08,2026-10-08,CM,NSE,STK,757520,INE0U4101014,BLUSPRING,EQ,,,,,BLUSPRING ENTERPRISES LTD,146.40,149.00,134.99,135.79,135.00,142.71,,135.80,,,381601,53726122.90,5451,F1,1,,,,,
2026-10-08,2026-10-08,CM,NSE,STK,759256,INE965W01036,BMWVENTLTD,EQ,,,,,BMW VENTURES LIMITED,50.11,50.70,49.52,49.72,50.00,50.11,,49.72,,,51496,2582505.84,1557,F1,1,,,,,
2026-10-08,2026-10-08,CM,NSE,STK,762608,INE00HZ01011,BNAGROCHEM,EQ,,,,,BN AGROCHEM LTD.,213.55,214.21,195.00,199.39,206.00,215.21,,199.39,,,20042,3995467.80,266,F1,1,,,,,
2026-10-08,2026-10-08,CM,NSE,STK,25021,INE338D01028,BODALCHEM,BE,,,,,BODAL CHEMICALS LTD,184.99,186.85,174.94,174.95,174.94,184.14,,174.04,,,369594,65182036.58,2249,F1,1,,,,,
2026-10-08,2026-10-08,CM,NSE,STK,14150,INE0EEJ01023,BTML,EQ,,,,,BODHI TREE MULTIMEDIA LTD,6.94,7.14,6.86,6.88,6.90,7.14,,6.88,,,126415,874868.94,219,F1,1,,,,,
2026-10-08,2026-10-08,CM,NSE,STK,11640,INE802W01023,BOHRAIND,EQ,,,,,BOHRA INDUSTRIES LIMITED,13.88,14.69,13.86,14.23,14.59,14.21,,14.23,,,3768,53178.32,18,F1,1,,,,,
2026-10-08,2026-10-08,CM,NSE,STK,380,INE050A01025,BBTC,EQ,,,,,BOMBAY BURMAH TRADING COR,1269.40,1269.40,1215.10,1224.60,1219.00,1269.40,,1224.54,,,95885,118352492.20,13536,F1,1,,,,,
2026-10-08,2026-10-08,CM,NSE,STK,513,INE032A01023,BOMDYEING,EQ,,,,,BOMBAY DYEING & MFG. CO L,101.70,102.47,97.12,97.73,97.68,101.63,,97.74,,,610988,60685971.83,7688,F1,1,,,,,
2026-10-08,2026-10-08,CM,NSE,STK,6052,INE0I3Y01014,BMETRICS,SM,,,,,BOMBAY METRICS S C LTD,36.60,36.60,35.05,35.05,35.05,38.00,,35.05,,,4000,144080.00,5,F1,800,,,,,
2026-10-08,2026-10-08,CM,NSE,STK,809,INE032Z01020,BSHSL,EQ,,,,,BOMBAY SUPER HYBRID SEEDS,77.10,81.90,75.56,78.36,77.00,78.25,,78.36,,,11035,862305.98,236,F1,1,,,,,
2026-10-08,2026-10-08,CM,NSE,STK,31128,INE053F07538,810IRFC27,N2,,,,,BOND 8.10% PA TAX FREE S2,1004.99,1007.00,1003.60,1004.21,1004.05,1004.98,,1004.21,,,6586,6614892.82,36,F1,1,,,,,
2026-10-08,2026-10-08,CM,NSE,STK,31040,INE906B07CB9,830NHAI27,N2,,,,,BOND 8.30% PA TAX FREE S2,1008.11,1008.11,1005.51,1006.07,1006.07,1008.11,,1006.50,,,2692,2707768.14,15,F1,1,,,,,
2026-10-08,2026-10-08,CM,NSE,STK,30986,INE020B07HQ6,837REC33,N7,,,,,BOND 8.37% TAX FREE S3A,40800.00,40800.00,40800.00,40800.00,40800.00,34000.00,,21171.90,,,1,40800.00,1,F1,1,,,,,
2026-10-08,2026-10-08,CM,NSE,STK,603,INE053F07686,865IRFC29,NA,,,,,BOND 8.65% PA TF TI-SIIB,1110.98,1110.98,1103.12,1107.00,1107.00,1110.98,,1107.00,,,5596,6195354.78,74,F1,1,,,,,
2026-10-08,2026-10-08,CM,NSE,STK,30990,INE020B07HS2,871REC28,N9,,,,,BOND 8.71% TAX FREE S2B,1130.10,1133.00,1130.00,1131.55,1133.00,1133.00,,1131.55,,,1157,1309602.00,13,F1,1,,,,,
2026-10-08,2026-10-08,CM,NSE,STK,1999,INE053F07744,888IRFC29,NE,,,,,BOND 8.88% PA TF TII-SIIB,1125.15,1125.25,1120.05,1125.00,1125.00,1128.00,,1122.50,,,272,305847.25,6,F1,1,,,,,
2026-10-08,2026-10-08,CM,NSE,STK,31969,INE557F07124,888NHB29,N5,,,,,BOND 8.88%PA TF TR-I S 2B,5650.00,5650.00,5650.00,5650.00,5650.00,6329.00,,5650.00,,,5,28250.00,1,F1,1,,,,,
2026-10-08,2026-10-08,CM,NSE,STK,31970,INE557F07132,901NHB34,N6,,,,,BOND 9.01%PA TF TR-I S 3B,6499.00,6499.90,6395.10,6471.05,6480.00,6383.01,,6471.05,,,504,3259176.50,16,F1,1,,,,,
2026-10-08,2026-10-08,CM,NSE,STK,2953,INE020B07IH3,886REC34,NG,,,,,BOND8.86% PA TF TR II S3B,1339.98,1339.98,1339.98,1339.98,1339.98,1299.80,,1339.98,,,551,738328.98,1,F1,1,,,,,
2026-10-08,2026-10-08,CM,NSE,STK,761056,INE0B9A01018,BONLON,EQ,,,,,BONLON INDUSTRIES LIMITED,40.00,41.00,39.00,39.33,39.10,40.68,,39.30,,,8843,353615.48,106,F1,1,,,,,
2026-10-08,2026-10-08,CM,NSE,STK,757919,INE16SF01016,BORANA,EQ,,,,,BORANA WEAVES LIMITED,270.80,271.00,255.55,259.80,263.80,270.70,,259.79,,,19626,5134032.00,739,F1,1,,,,,
2026-10-08,2026-10-08,CM,NSE,STK,19401,INE02PY01013,BOROLTD,EQ,,,,,BOROSIL LIMITED,280.20,282.45,265.15,269.15,269.70,281.15,,269.16,,,213742,58420208.05,5409,F1,1,,,,,
2026-10-08,2026-10-08,CM,NSE,STK,3149,INE666D01022,BORORENEW,EQ,,,,,BOROSIL RENEWABLES LTD,436.35,443.00,427.90,430.10,430.10,438.10,,430.10,,,276426,119950855.70,15142,F1,1,,,,,
2026-10-08,2026-10-08,CM,NSE,STK,24014,INE02L001032,BOROSCI,EQ,,,,,BOROSIL SCIENTIFIC LTD,115.03,115.51,107.00,108.11,107.00,115.03,,108.11,,,99491,10950985.37,2364,F1,1,,,,,
2026-10-08,2026-10-08,CM,NSE,STK,4491,INE782A01015,BOSCH-HCIL,EQ,,,,,BOSCH HOME COMFRT IND LTD,1960.00,2037.00,1910.00,1943.80,1935.00,1948.10,,1943.81,,,102060,200863202.10,17079,F1,1,,,,,
2026-10-08,2026-10-08,CM,NSE,STK,2181,INE323A01026,BOSCHLTD,EQ,,,,,BOSCH LIMITED,44410.00,44450.00,43000.00,43155.00,43155.00,44410.00,,43156.30,,,21529,933981000.00,11634,F1,1,,,,,
2026-10-08,2026-10-08,CM,NSE,STK,530,INE110A01019,BPL,EQ,,,,,BPL LTD,44.22,44.75,42.05,42.50,42.45,44.22,,42.50,,,48022,2061437.38,1108,F1,1,,,,,
2026-10-08,2026-10-08,CM,NSE,STK,24905,INE0R4Z01018,BRACEPORT,SM,,,,,BRACE PORT LOGISTICS LTD,63.00,63.00,62.05,62.05,62.05,65.00,,62.05,,,4800,299360.00,3,F1,1600,,,,,
2026-10-08,2026-10-08,CM,NSE,STK,764628,INE320I01017,BRAHMINFRA,EQ,,,,,BRAHMAPUTRA INFRA L,144.00,144.20,138.00,140.49,142.40,142.98,,140.46,,,19989,2813232.62,307,F1,1,,,,,
2026-10-08,2026-10-08,CM,NSE,STK,24814,INE02RE01045,FIRSTCRY,EQ,,,,,BRAINBEES SOLUTIONS LTD,172.00,172.20,166.10,168.56,168.95,172.20,,168.56,,,2078375,349973343.74,23581,F1,1,,,,,
2026-10-08,2026-10-08,CM,NSE,STK,7780,INE977Y01011,BCONCEPTS,EQ,,,,,BRAND CONCEPTS LIMITED,141.00,144.90,138.42,142.47,144.50,143.73,,142.47,,,9968,1418165.53,344,F1,1,,,,,
2026-10-08,2026-10-08,CM,NSE,STK,760972,INE0XUD01014,BRANDMAN,SM,,,,,BRANDMAN RETAIL LIMITED,164.40,169.75,164.40,169.10,169.75,162.15,,169.10,,,4800,796800.00,6,F1,800,,,,,
2026-10-08,2026-10-08,CM,NSE,STK,15184,INE791I01019,BRIGADE,EQ,,,,,BRIGADE ENTER. LTD,554.20,558.20,540.20,547.20,546.00,554.20,,547.16,,,303610,165906032.05,20724,F1,1,,,,,
2026-10-08,2026-10-08,CM,NSE,STK,757794,INE03NU01014,BRIGHOTEL,EQ,,,,,BRIGADE HOTEL VENTURE LTD,56.52,56.99,55.40,55.60,55.41,56.87,,55.60,,,64682,3613578.37,3330,F1,1,,,,,
2026-10-08,2026-10-08,CM,NSE,STK,764633,INE630D01010,BRIGHTBR,EQ,,,,,BRIGHT BROTHERS LTD.,234.00,234.00,222.50,228.00,230.00,234.00,,228.79,,,49,11197.40,11,F1,1,,,,,
2026-10-08,2026-10-08,CM,NSE,STK,8833,INE425B01027,BCG,EQ,,,,,BRIGHTCOM GROUP LIMITED,9.08,9.20,8.95,8.99,9.05,9.08,,8.99,,,5967212,53973978.29,5329,F1,1,,,,,
2026-10-08,2026-10-08,CM,NSE,STK,547,INE216A01030,BRITANNIA,EQ,,,,,BRITANNIA INDUSTRIES LTD,4802.00,4844.70,4745.60,4745.60,4745.60,4780.00,,4745.69,,,193750,928838701.00,26896,F1,1,,,,,
2026-10-08,2026-10-08,CM,NSE,STK,2203,INE0FDU25010,BIRET,RR,,,,,BROOKFIELD INDIA RET,329.95,329.99,321.60,323.16,322.70,329.60,,323.15,,,1132603,368253475.81,20288,F1,1,,,,,
2026-10-08,2026-10-08,CM,NSE,STK,25136,INE650L01011,BROOKS,EQ,,,,,BROOKS LAB LIMITED,60.00,70.53,59.01,69.46,70.53,58.78,,69.63,,,1508771,104558578.87,7990,F1,1,,,,,
2026-10-08,2026-10-08,CM,NSE,STK,19585,INE118H01025,BSE,EQ,,,,,BSE LIMITED,3355.00,3389.00,3311.00,3334.80,3334.80,3356.00,,3334.80,,,4342269,14516976064.80,169151,F1,1,,,,,
2026-10-08,2026-10-08,CM,NSE,STK,559,INE594B01012,BSL,EQ,,,,,BSL LTD,121.24,121.24,119.10,119.57,119.51,120.04,,119.57,,,107,12815.58,20,F1,1,,,,,
2026-10-08,2026-10-08,CM,NSE,STK,2716,INE295F01017,BUTTERFLY,EQ,,,,,BTRFLY GANDHI APPL LTD,545.50,548.85,530.00,538.30,544.70,545.00,,539.00,,,11489,6223331.15,858,F1,1,,,,,
2026-10-08,2026-10-08,CM,NSE,STK,24704,INE0SZ301012,BULKCORP,ST,,,,,BULKCORP INTERNATIONAL L,79.00,79.25,78.90,79.10,78.90,79.85,,79.10,,,12000,949020.00,10,F1,1200,,,,,
2026-10-08,2026-10-08,CM,NSE,STK,15198,INE817H01022,BURNPUR,BE,,,,,BURNPUR CEMENT LIMITED,14.00,14.48,13.60,13.66,13.71,14.11,,13.65,,,39590,552621.19,399,F1,1,,,,,
2026-10-08,2026-10-08,CM,NSE,STK,764643,INE084D01010,CGVAK,EQ,,,,,C G V A K SOFTWARE & EX L,136.49,140.06,133.00,137.73,137.99,133.80,,137.91,,,5151,713941.70,115,F1,1,,,,,
2026-10-08,2026-10-08,CM,NSE,STK,760854,INE0SMX01019,CKKRETAIL,SM,,,,,C K K RETAIL MART LIMITED,171.50,171.50,167.00,168.00,168.00,168.00,,168.00,,,4000,676000.00,5,F1,800,,,,,
2026-10-08,2026-10-08,CM,NSE,STK,18372,INE0QBU01012,CPS,SM,,,,,C P S SHAPERS LIMITED,1100.40,1175.00,1097.25,1136.10,1175.00,1155.00,,1136.10,,,900,1000125.00,6,F1,150,,,,,
2026-10-08,2026-10-08,CM,NSE,STK,7227,INE0BV301023,MAPMYINDIA,EQ,,,,,C.E. INFO SYSTEMS LIMITED,895.40,909.10,870.00,874.70,874.00,896.00,,874.74,,,90531,81066550.65,8049,F1,1,,,,,
2026-10-08,2026-10-08,CM,NSE,STK,27274,INE0U7V01015,C2C,SM,,,,,C2C ADVANCED SYSTEMS LTD,175.65,178.00,174.00,175.20,178.00,178.70,,175.20,,,58200,10219117.50,311,F1,150,,,,,
2026-10-08,2026-10-08,CM,NSE,STK,764255,INE11XY01018,CMLL,EQ,,,,,CALIBER MINING AND LOG L,534.85,534.85,508.50,515.15,517.00,531.95,,515.08,,,286651,147516243.20,5668,F1,1,,,,,
2026-10-08,2026-10-08,CM,NSE,STK,8400,INE526B01014,CALSOFT,BE,,,,,CALIFORNIA SOFTWARE CO LT,36.00,36.04,33.61,34.25,34.50,35.11,,34.25,,,108642,3759288.56,913,F1,1,,,,,
2026-10-08,2026-10-08,CM,NSE,STK,14222,INE627H01017,CTE,BE,,,,,CAMBRIDGE TECH ENTER LTD,37.02,37.02,36.00,36.51,37.02,37.02,,37.24,,,3187,116721.57,31,F1,1,,,,,
2026-10-08,2026-10-08,CM,NSE,STK,6216,INE052I01032,CAMLINFINE,EQ,,,,,CAMLIN FINE SCIENCES LTD,94.52,94.65,88.26,88.84,89.10,94.52,,88.81,,,775653,69838181.01,8688,F1,1,,,,,
2026-10-08,2026-10-08,CM,NSE,STK,9362,INE278Y01022,CAMPUS,EQ,,,,,CAMPUS ACTIVEWEAR LIMITED,207.58,207.58,197.00,199.00,198.20,208.37,,199.00,,,725417,144983354.16,24395,F1,1,,,,,
2026-10-08,2026-10-08,CM,NSE,STK,583,INE477A01020,CANFINHOME,EQ,,,,,CAN FIN HOMES LTD,727.30,731.40,714.15,723.75,722.50,727.00,,723.60,,,193895,140159770.30,25459,F1,1,,,,,
2026-10-08,2026-10-08,CM,NSE,STK,10794,INE476A01022,CANBK,EQ,,,,,CANARA BANK,119.15,120.37,117.20,117.35,117.35,119.15,,117.35,,,15108675,1792630039.36,86180,F1,1,,,,,
2026-10-08,2026-10-08,CM,NSE,STK,759477,INE01TY01017,CANHLIFE,EQ,,,,,CANARA HSBC LIFE INS CO L,147.29,148.50,141.06,145.56,143.10,146.06,,145.56,,,1139709,165155803.01,17908,F1,1,,,,,
2026-10-08,2026-10-08,CM,NSE,STK,759311,INE218I01013,CRAMC,EQ,,,,,CANARA ROBECO AMC LIMITED,231.18,231.18,220.00,220.79,220.90,229.52,,220.80,,,347604,77828240.82,7591,F1,1,,,,,
2026-10-08,2026-10-08,CM,NSE,STK,19368,INE0QG301017,CANARYS,SM,,,,,CANARYS AUTOMATIONS LTD,27.45,27.45,26.10,27.00,27.00,27.45,,27.00,,,36000,963800.00,9,F1,4000,,,,,
2026-10-08,2026-10-08,CM,NSE,STK,20160,INE068L01024,CANTABIL,EQ,,,,,CANTABIL RETAIL LTD,227.51,236.60,226.50,232.76,235.50,228.22,,232.78,,,108900,25128514.23,1723,F1,1,,,,,
2026-10-08,2026-10-08,CM,NSE,STK,21749,INE264T01014,CAPACITE,EQ,,,,,CAPACITE INFRAPROJECT LTD,182.68,182.69,176.10,177.19,176.70,181.72,,177.19,,,173192,31011086.12,4557,F1,1,,,,,
2026-10-08,2026-10-08,CM,NSE,STK,759867,INE0ILV01024,CAPILLARY,EQ,,,,,CAPILLARY TECHNO INDIA L,584.00,584.00,552.00,553.80,557.80,578.30,,553.81,,,238910,133619750.55,11911,F1,1,,,,,
2026-10-08,2026-10-08,CM,NSE,STK,756015,INE345H01024,CIFL,EQ,,,,,CAPITAL INDIA FINANCE LTD,21.35,21.35,19.61,20.17,20.60,20.97,,20.17,,,119288,2429444.74,1985,F1,1,,,,,
2026-10-08,2026-10-08,CM,NSE,STK,29157,INE0Z8Z23013,CAPINVIT,IV,,,,,CAPITAL INFRA TRUST,77.98,77.98,76.22,76.66,76.97,77.89,,76.66,,,720127,55290558.61,13842,F1,1,,,,,
2026-10-08,2026-10-08,CM,NSE,STK,22675,INE646H01017,CAPITALSFB,EQ,,,,,CAPITAL SMALL FIN BANK L,274.20,280.00,266.05,268.95,273.95,274.20,,268.98,,,36250,9817076.95,1440,F1,1,,,,,
2026-10-08,2026-10-08,CM,NSE,STK,19451,INE707C01018,CAPTRUST,BE,,,,,CAPITAL TRUST LIMITED,22.90,23.12,22.00,23.08,23.12,22.02,,23.11,,,132997,3066365.44,302,F1,1,,,,,
2026-10-08,2026-10-08,CM,NSE,STK,3906,INE475E01026,CAPLIPOINT,EQ,,,,,CAPLIN POINT LAB LTD.,2649.10,2652.70,2529.00,2548.80,2539.00,2649.10,,2548.97,,,69987,180366275.00,11081,F1,1,,,,,
2026-10-08,2026-10-08,CM,NSE,STK,20329,INE180C01042,CGCL,EQ,,,,,CAPRI GLOBAL CAPITAL LTD,248.95,249.51,241.00,241.54,241.26,250.74,,241.38,,,1133999,276069324.27,15869,F1,1,,,,,
2026-10-08,2026-10-08,CM,NSE,STK,764203,INE536P01021,CPL,EQ,,,,,CAPTAIN POLYPLAST LIMITED,61.90,62.50,59.53,60.06,59.76,61.10,,60.06,,,42251,2559820.36,448,F1,1,,,,,
2026-10-08,2026-10-08,CM,NSE,STK,595,INE120A01034,CARBORUNIV,EQ,,,,,CARBORUNDUM UNIVERSAL LTD,1264.00,1264.00,1205.00,1209.40,1205.00,1256.70,,1209.44,,,172823,211056339.20,23105,F1,1,,,,,
2026-10-08,2026-10-08,CM,NSE,STK,29113,INE752H01013,CARERATING,EQ,,,,,CARE RATINGS LIMITED,1591.00,1599.20,1530.20,1542.30,1535.80,1595.90,,1541.74,,,34961,54691437.80,4934,F1,1,,,,,
2026-10-08,2026-10-08,CM,NSE,STK,758941,INE0P6P01016,CPEDU,EQ,,,,,CAREER POINT EDUTECH LTD,179.72,183.90,177.25,178.82,178.15,179.72,,178.82,,,6078,1096040.51,88,F1,1,,,,,
2026-10-08,2026-10-08,CM,NSE,STK,28879,INE0V7W01012,CARRARO,EQ,,,,,CARRARO INDIA LIMITED,533.95,534.00,505.00,509.80,510.00,533.85,,509.79,,,123419,63532536.90,7213,F1,1,,,,,
2026-10-08,2026-10-08,CM,NSE,STK,5407,INE290S01011,CARTRADE,EQ,,,,,CARTRADE TECH LIMITED,2917.90,2927.50,2818.10,2837.90,2826.00,2914.70,,2837.62,,,162253,466187325.40,27052,F1,1,,,,,
2026-10-08,2026-10-08,CM,NSE,STK,1879,INE482D01024,CARYSIL,EQ,,,,,CARYSIL LIMITED,1007.90,1019.00,991.40,1011.80,1018.00,1007.50,,1011.71,,,106289,106756271.90,8906,F1,1,,,,,
2026-10-08,2026-10-08,CM,NSE,STK,758129,INE0WL201014,CUDML,SM,,,,,CASH UR DRIVE MARKETING L,100.00,100.00,80.55,87.20,88.15,100.65,,87.20,,,144000,12863850.00,127,F1,1000,,,,,
2026-10-08,2026-10-08,CM,NSE,STK,1250,INE172A01027,CASTROLIND,EQ,,,,,CASTROL INDIA LIMITED,196.50,198.09,194.32,196.08,196.12,197.15,,196.08,,,2531668,495467882.03,35393,F1,1,,,,,
2026-10-08,2026-10-08,CM,NSE,STK,11452,INE421D01022,CCL,EQ,,,,,CCL PRODUCTS (I) LTD,1050.60,1059.70,1041.90,1050.60,1055.50,1052.30,,1050.60,,,55123,57879075.50,9327,F1,1,,,,,
2026-10-08,2026-10-08,CM,NSE,STK,15254,INE482A01020,CEATLTD,EQ,,,,,CEAT LIMITED,3301.60,3306.40,3209.30,3226.20,3216.00,3301.90,,3226.30,,,40691,132247166.40,8615,F1,1,,,,,
2026-10-08,2026-10-08,CM,NSE,STK,757687,INE11J101017,CEDAAR,SM,,,,,CEDAAR TEXTILE LIMITED,12.40,12.70,12.40,12.70,12.70,11.55,,12.70,,,29000,367950.00,27,F1,1000,,,,,
2026-10-08,2026-10-08,CM,NSE,STK,24742,INE0AG901020,CEIGALL,EQ,,,,,CEIGALL INDIA LIMITED,380.00,391.00,369.20,374.10,376.75,372.80,,374.14,,,859874,326141514.15,14404,F1,1,,,,,
2026-10-08,2026-10-08,CM,NSE,STK,761037,INE016Q01014,CEINSYS,EQ,,,,,CEINSYS TECH LIMITED,699.75,699.75,658.50,666.45,666.90,691.15,,666.50,,,38698,25990088.15,3403,F1,1,,,,,
2026-10-08,2026-10-08,CM,NSE,STK,13162,INE185H01016,CELEBRITY,EQ,,,,,CELEBRITY FASHIONS LTD,6.02,6.30,5.91,6.00,6.08,6.02,,6.00,,,17611,107217.00,103,F1,1,,,,,
2026-10-08,2026-10-08,CM,NSE,STK,18806,INE0OMO01025,CELLECOR,SM,,,,,CELLECOR GADGETS LIMITED,29.45,29.95,28.30,28.55,28.55,29.45,,28.55,,,348000,10098450.00,66,F1,3000,,,,,
2026-10-08,2026-10-08,CM,NSE,STK,19795,INE0LMW01024,CELLO,EQ,,,,,CELLO WORLD LIMITED,386.80,391.00,373.65,375.70,377.15,390.65,,375.70,,,1868274,714277743.80,42578,F1,1,,,,,
2026-10-08,2026-10-08,CM,NSE,STK,5622,INE686A01026,CEMPRO,EQ,,,,,CEMINDIA PROJECTS LIMITED,1160.00,1202.90,1132.10,1140.80,1138.00,1137.80,,1140.83,,,553267,648277301.30,52972,F1,1,,,,,
2026-10-08,2026-10-08,CM,NSE,STK,14894,INE483A01010,CENTRALBK,EQ,,,,,CENTRAL BANK OF INDIA,30.42,30.62,29.90,29.99,30.00,30.44,,29.99,,,4709484,142184755.49,14965,F1,1,,,,,
2026-10-08,2026-10-08,CM,NSE,STK,21174,INE736A01011,CDSL,EQ,,,,,CENTRAL DEPO SER (I) LTD,1270.50,1276.70,1247.20,1258.00,1258.00,1275.00,,1258.00,,,695430,876892624.60,40059,F1,1,,,,,
2026-10-08,2026-10-08,CM,NSE,STK,761581,INE05HV01027,CMPDI,EQ,,,,,CENTRAL MINE P N D INST L,209.07,212.65,205.11,206.65,205.11,209.05,,206.65,,,2075231,435225011.54,25631,F1,1,,,,,
2026-10-08,2026-10-08,CM,NSE,STK,2454,INE660C01027,CENTRUM,EQ,,,,,CENTRUM CAPITAL LIMITED,20.71,20.71,19.31,19.44,19.40,20.35,,19.45,,,306946,6019069.03,881,F1,1,,,,,
2026-10-08,2026-10-08,CM,NSE,STK,14982,INE320B01020,CENTUM,EQ,,,,,CENTUM ELECTRONICS LTD,4330.30,4345.20,4021.70,4142.10,4154.00,4345.90,,4142.18,,,140841,583270985.00,30089,F1,1,,,,,
2026-10-08,2026-10-08,CM,NSE,STK,619,INE485A01015,CENTENKA,EQ,,,,,CENTURY ENKA LTD,565.00,569.90,549.90,555.55,561.00,569.90,,555.77,,,30530,17074301.50,3305,F1,1,,,,,
2026-10-08,2026-10-08,CM,NSE,STK,11511,INE281A01026,CENTEXT,EQ,,,,,CENTURY EXTRUSIONS LTD,17.94,19.06,16.89,18.60,18.99,17.82,,18.60,,,518161,9300791.63,1856,F1,1,,,,,
2026-10-08,2026-10-08,CM,NSE,STK,766164,INE281A20018,CENTEXT-RE,BE,,,,,CENTURY EXTRUSIONS LTD,2.16,3.02,1.85,2.95,3.02,2.16,,2.94,,,354069,876915.74,568,F1,1,,,,,
2026-10-08,2026-10-08,CM,NSE,STK,13305,INE348B01021,CENTURYPLY,EQ,,,,,CENTURY PLYBOARDS (I) LTD,689.00,689.00,657.00,659.85,657.10,683.50,,659.81,,,35186,23483392.95,6658,F1,1,,,,,
2026-10-08,2026-10-08,CM,NSE,STK,15039,INE739E01017,CERA,EQ,,,,,CERA SANITARYWARE LTD,5038.50,5048.50,4925.50,4949.50,4934.00,5038.50,,4948.82,,,4494,22396894.00,1720,F1,1,,,,,
2026-10-08,2026-10-08,CM,NSE,STK,628,INE486A01021,CESC,EQ,,,,,CESC LTD,131.18,132.37,128.31,128.73,128.70,131.18,,128.74,,,1690507,220633266.99,31759,F1,1,,,,,
2026-10-08,2026-10-08,CM,NSE,STK,760,INE067A01029,CGPOWER,EQ,,,,,CG POWER AND IND SOL LTD,894.00,896.30,862.00,862.05,862.05,894.50,,862.05,,,1549328,1350779957.05,61131,F1,1,,,,,
2026-10-08,2026-10-08,CM,NSE,STK,8546,INE427F01016,CHALET,EQ,,,,,CHALET HOTELS LIMITED,848.00,848.05,818.80,825.55,825.00,847.40,,825.55,,,102997,85223557.40,11970,F1,1,,,,,
2026-10-08,2026-10-08,CM,NSE,STK,3482,INE419D01026,CLSEL,EQ,,,,,CHAMAN LAL SETIA EXP LTD,296.00,296.50,286.10,289.25,290.00,295.15,,289.24,,,44437,12874058.55,2057,F1,1,,,,,
2026-10-08,2026-10-08,CM,NSE,STK,637,INE085A01013,CHAMBLFERT,EQ,,,,,CHAMBAL FERTILIZERS LTD,396.40,397.05,376.10,378.65,378.95,396.35,,378.70,,,715945,275012688.65,36786,F1,1,,,,,
2026-10-08,2026-10-08,CM,NSE,STK,29633,INE0B2N01016,CHANDAN,SM,,,,,CHANDAN HEALTHCARE LTD,247.00,255.00,237.00,237.50,237.00,247.90,,237.50,,,55200,13375560.00,43,F1,800,,,,,
2026-10-08,2026-10-08,CM,NSE,STK,18667,INE0PT101017,CHAVDA,ST,,,,,CHAVDA INFRA LIMITED,54.00,55.50,54.00,55.50,55.50,56.30,,55.50,,,12000,654400.00,6,F1,2000,,,,,
2026-10-08,2026-10-08,CM,NSE,STK,757991,INE0TGX01019,CHEMBONDCH,BE,,,,,CHEMBOND CHEMICAL LIMITED,224.75,229.70,218.25,219.31,218.25,229.66,,219.31,,,5372,1194240.60,89,F1,1,,,,,
2026-10-08,2026-10-08,CM,NSE,STK,14618,INE995D01025,CHEMBOND,EQ,,,,,CHEMBOND MATERIALTECH LTD,188.00,191.90,180.10,181.76,182.35,188.56,,181.76,,,2217,409499.38,289,F1,1,,,,,
2026-10-08,2026-10-08,CM,NSE,STK,270,INE03YM01018,CHEMCON,EQ,,,,,CHEMCON SPECIAL CHEM LTD,222.16,222.87,213.76,215.12,214.06,220.59,,215.11,,,47440,10274902.50,1111,F1,1,,,,,
2026-10-08,2026-10-08,CM,NSE,STK,765045,INE298W01016,CHEMCRUX,EQ,,,,,CHEMCRUX ENTERPRISES LTD.,87.97,87.97,83.81,86.03,85.69,87.16,,85.90,,,5467,469772.87,185,F1,1,,,,,
2026-10-08,2026-10-08,CM,NSE,STK,2799,INE783X01023,CHEMFAB,EQ,,,,,CHEMFAB ALKALIS LIMITED,345.00,345.00,325.00,327.60,328.00,331.80,,327.60,,,4582,1504692.95,164,F1,1,,,,,
2026-10-08,2026-10-08,CM,NSE,STK,5449,INE488A01050,CHEMPLASTS,EQ,,,,,CHEMPLAST SANMAR LIMITED,227.60,227.60,211.50,212.38,213.80,228.22,,212.38,,,592736,129295880.83,12958,F1,1,,,,,
2026-10-08,2026-10-08,CM,NSE,STK,2049,INE178A01016,CHENNPETRO,EQ,,,,,CHENNAI PETROLEUM CORP LT,1605.00,1625.00,1521.10,1531.00,1529.00,1612.30,,1531.00,,,6075729,9508178880.20,208230,F1,1,,,,,
2026-10-08,2026-10-08,CM,NSE,STK,24625,INE0U1T01012,CHETANA,SM,,,,,CHETANA EDUCATION LIMITED,37.25,37.30,37.05,37.05,37.05,39.00,,37.05,,,30400,1127280.00,17,F1,1600,,,,,
2026-10-08,2026-10-08,CM,NSE,STK,9879,INE974B01016,CHEVIOT,EQ,,,,,CHEVIOT COMPANY LIMITED,1146.20,1159.20,1130.00,1138.00,1149.40,1148.40,,1137.00,,,1802,2053934.40,179,F1,1,,,,,
2026-10-08,2026-10-08,CM,NSE,STK,8866,INE102B01014,CHOICEIN,EQ,,,,,CHOICE INTERNATIONAL LTD,723.75,726.00,708.10,710.65,708.20,723.70,,710.65,,,152810,109498013.60,4970,F1,1,,,,,
2026-10-08,2026-10-08,CM,NSE,STK,759610,INF2KCX01012,CHOICEGOLD,EQ,,,,,CHOICEAMC - CHOICEGOLD,145.27,146.18,145.00,145.09,145.04,145.27,,145.09,,,50597,7357715.64,112,F1,1,,,,,
2026-10-08,2026-10-08,CM,NSE,STK,21740,INE149A01033,CHOLAHLDNG,EQ,,,,,CHOLAMANDALAM FIN HOL LTD,1408.40,1408.40,1353.00,1370.40,1358.00,1402.70,,1370.85,,,47048,65240537.90,8645,F1,1,,,,,
2026-10-08,2026-10-08,CM,NSE,STK,685,INE121A01024,CHOLAFIN,EQ,,,,,CHOLAMANDALAM IN & FIN CO,1550.00,1571.60,1543.10,1544.00,1544.00,1564.70,,1544.01,,,1539977,2395209748.70,79623,F1,1,,,,,
2026-10-08,2026-10-08,CM,NSE,STK,14937,INE536H01010,CIEINDIA,EQ,,,,,CIE AUTOMOTIVE INDIA LTD,377.35,378.95,370.00,371.65,371.45,378.70,,371.66,,,172401,64492070.15,14630,F1,1,,,,,
2026-10-08,2026-10-08,CM,NSE,STK,27161,INE704H01022,CINELINE,EQ,,,,,CINELINE INDIA LIMITED,94.80,94.80,90.00,90.75,90.00,93.35,,90.75,,,20344,1880252.53,335,F1,1,,,,,
2026-10-08,2026-10-08,CM,NSE,STK,8024,INE039B01026,CINEVISTA,EQ,,,,,CINEVISTA LIMITED,15.90,15.90,14.36,14.60,14.71,15.37,,14.58,,,71458,1081962.25,354,F1,1,,,,,
2026-10-08,2026-10-08,CM,NSE,STK,694,INE059A01026,CIPLA,EQ,,,,,CIPLA LTD,1323.20,1334.20,1292.00,1306.80,1306.80,1327.20,,1306.80,,,551708,719613739.90,36632,F1,1,,,,,
2026-10-08,2026-10-08,CM,NSE,STK,763149,INE2Q7823014,CITIUSINVT,IV,,,,,CITIUS TRANSNET INV TRUST,115.80,115.80,113.06,114.88,114.90,114.26,,114.88,,,384959,44135280.67,2224,F1,1,,,,,
2026-10-08,2026-10-08,CM,NSE,STK,5701,INE491A01021,CUB,EQ,,,,,CITY UNION BANK LTD,223.49,225.47,219.74,220.07,220.20,222.12,,220.07,,,2359128,524106896.66,78560,F1,1,,,,,
2026-10-08,2026-10-08,CM,NSE,STK,20223,INE201M01029,CLEDUCATE,EQ,,,,,CL EDUCATE LIMITED,52.51,52.51,47.86,49.84,49.00,53.12,,49.72,,,66520,3323028.08,391,F1,1,,,,,
2026-10-08,2026-10-08,CM,NSE,STK,758736,INE0UQ601012,CLASSICEIL,SM,,,,,CLASSIC ELECTRODE (IND) L,49.60,50.65,49.60,50.30,50.40,49.50,,50.30,,,11200,561280.00,7,F1,1600,,,,,
2026-10-08,2026-10-08,CM,NSE,STK,754695,INE1QGM01024,CLAYCRAFT,SM,,,,,CLAY CRAFT INDIA LIMITED,172.00,173.95,160.00,161.30,160.00,171.15,,161.30,,,61200,10093470.00,95,F1,600,,,,,
2026-10-08,2026-10-08,CM,NSE,STK,760183,INE647U01026,CLEANMAX,EQ,,,,,CLEAN MAX ENVIRO EN SOL L,1390.00,1396.90,1322.00,1348.30,1348.20,1388.50,,1348.29,,,259581,349756835.10,22481,F1,1,,,,,
2026-10-08,2026-10-08,CM,NSE,STK,5049,INE227W01023,CLEAN,EQ,,,,,CLEAN SCIENCE & TECH LTD,813.65,827.75,794.20,796.80,795.20,813.70,,796.77,,,230719,187045767.70,16549,F1,1,,,,,
2026-10-08,2026-10-08,CM,NSE,STK,760143,INE1EF801010,CSSL,SM,,,,,CLEAR SECURED SERVICES L,77.10,77.50,76.60,76.60,76.60,78.20,,76.60,,,7000,538000.00,5,F1,1000,,,,,
2026-10-08,2026-10-08,CM,NSE,STK,30893,INE00WV01027,CMRGREEN,EQ,,,,,CMR GREEN TECHNOLOGIES L,224.80,225.49,216.10,217.22,216.80,224.99,,217.18,,,246318,54046345.48,5280,F1,1,,,,,
2026-10-08,2026-10-08,CM,NSE,STK,7603,INE925R01014,CMSINFO,EQ,,,,,CMS INFO SYSTEMS LIMITED,218.43,221.95,213.86,214.35,214.27,218.37,,214.35,,,480125,104392114.36,22283,F1,1,,,,,
2026-10-08,2026-10-08,CM,NSE,STK,20374,INE522F01014,COALINDIA,EQ,,,,,COAL INDIA LTD,414.50,414.50,403.85,409.35,409.35,414.50,,409.35,,,5463875,2229481657.25,94157,F1,1,,,,,
2026-10-08,2026-10-08,CM,NSE,STK,6006,INE377E01024,COASTCORP,EQ,,,,,COASTAL CORPORATION LTD,36.90,36.91,34.00,34.25,34.30,36.98,,34.26,,,97392,3406860.21,1636,F1,1,,,,,
2026-10-08,2026-10-08,CM,NSE,STK,21508,INE704P01025,COCHINSHIP,EQ,,,,,COCHIN SHIPYARD LIMITED,1255.10,1256.00,1200.00,1200.00,1200.00,1255.10,,1200.16,,,940775,1148544338.40,44828,F1,1,,,,,
2026-10-08,2026-10-08,CM,NSE,STK,11165,INE335K01011,COFFEEDAY,EQ,,,,,COFFEE DAY ENTERPRISE LTD,30.81,33.40,30.00,30.53,30.41,30.63,,30.53,,,4260764,135990335.03,15951,F1,1,,,,,
2026-10-08,2026-10-08,CM,NSE,STK,11543,INE591G01025,COFORGE,EQ,,,,,COFORGE LIMITED,1826.00,1870.60,1804.50,1814.30,1814.30,1822.20,,1814.34,,,1849205,3409053179.40,92465,F1,1,,,,,
2026-10-08,2026-10-08,CM,NSE,STK,17945,INE03QK01018,COHANCE,EQ,,,,,COHANCE LIFESCIENCES LTD,456.00,456.00,438.30,442.40,442.00,455.45,,442.40,,,847656,376818856.00,36040,F1,1,,,,,
2026-10-08,2026-10-08,CM,NSE,STK,15141,INE259A01022,COLPAL,EQ,,,,,COLGATE PALMOLIVE LTD.,1760.20,1782.00,1735.70,1735.70,1735.70,1757.40,,1735.76,,,234538,412387216.40,26144,F1,1,,,,,
2026-10-08,2026-10-08,CM,NSE,STK,762628,INE819A01049,COMFINTE,EQ,,,,,COMFORT INTECH LTD.,6.49,6.49,6.20,6.23,6.23,6.37,,6.23,,,82241,515352.63,279,F1,1,,,,,
2026-10-08,2026-10-08,CM,NSE,STK,21578,INE073V01015,COMSYN,EQ,,,,,COMMERCIAL SYN BAGS LTD,262.95,267.70,255.40,256.50,255.60,260.85,,256.49,,,109386,28476184.75,2765,F1,1,,,,,
2026-10-08,2026-10-08,CM,NSE,STK,19513,INE597Z01014,COMMITTED,SM,,,,,COMMITTED CARGO CARE LTD,302.00,309.00,302.00,309.00,309.00,309.95,,309.00,,,1600,488800.00,2,F1,800,,,,,
2026-10-08,2026-10-08,CM,NSE,STK,764648,INE823B01015,COMPEAU,EQ,,,,,COMPETENT AUTOMOB CO. L,362.00,362.00,362.00,362.00,362.00,362.00,,365.50,,,1,362.00,1,F1,1,,,,,
2026-10-08,2026-10-08,CM,NSE,STK,19670,INE070C01037,COMPINFO,BZ,,,,,COMPUAGE INFOCOM LTD,1.10,1.10,1.05,1.06,1.07,1.10,,1.08,,,1938,2083.09,30,F1,1,,,,,
2026-10-08,2026-10-08,CM,NSE,STK,31138,INE453B01029,COMPUSOFT,EQ,,,,,COMPUCOM SOFTWARE LTD,13.35,13.35,12.90,12.90,12.90,13.25,,12.89,,,9235,119806.07,143,F1,1,,,,,
2026-10-08,2026-10-08,CM,NSE,STK,342,INE596I01020,CAMS,EQ,,,,,COMPUTER AGE MNGT SER LTD,691.60,691.60,662.00,662.50,662.50,694.60,,662.50,,,1020764,688302369.35,39962,F1,1,,,,,
2026-10-08,2026-10-08,CM,NSE,STK,18060,INE338H01029,CONCORDBIO,EQ,,,,,CONCORD BIOTECH LIMITED,1360.00,1371.00,1309.50,1330.80,1358.00,1359.70,,1330.79,,,181142,243220280.20,25818,F1,1,,,,,
2026-10-08,2026-10-08,CM,NSE,STK,28764,INE037Z01029,CEWATER,EQ,,,,,CONCORD ENVIRO SYSTEMS L,262.90,264.15,253.55,254.80,254.00,260.95,,254.83,,,25788,6623868.45,1369,F1,1,,,,,
2026-10-08,2026-10-08,CM,NSE,STK,764641,INE700F01024,CFEL,BE,,,,,CONFIDENCE FUTURIST ENE L,44.50,46.00,44.00,44.00,44.00,44.44,,43.93,,,8459,380839.13,109,F1,1,,,,,
2026-10-08,2026-10-08,CM,NSE,STK,10238,INE552D01024,CONFIPET,EQ,,,,,CONFIDENCE PETRO IND LTD.,92.00,92.01,84.40,84.90,84.93,91.75,,84.90,,,3728198,323123789.95,27915,F1,1,,,,,
2026-10-08,2026-10-08,CM,NSE,STK,758453,INE0EAS01014,CONNPLEX,SM,,,,,CONNPLEX CINEMAS LIMITED,250.50,250.50,240.10,245.00,245.00,256.65,,245.00,,,34400,8495040.00,36,F1,800,,,,,
2026-10-08,2026-10-08,CM,NSE,STK,14992,INE429I01024,CCCL,EQ,,,,,CONS. CONST. CONSORT LTD,13.20,13.20,12.70,12.79,12.84,12.99,,12.79,,,143389,1844339.71,449,F1,1,,,,,
2026-10-08,2026-10-08,CM,NSE,STK,11732,INE025A01027,CONSOFINVT,BE,,,,,CONSO. FIN. & HOLD. LTD.,287.90,291.80,282.05,282.05,282.05,285.00,,282.05,,,7491,2147110.15,39,F1,1,,,,,
2026-10-08,2026-10-08,CM,NSE,STK,4749,INE111A01025,CONCOR,EQ,,,,,CONTAINER CORP OF IND LTD,441.80,444.80,433.25,434.00,434.00,439.75,,434.00,,,1456360,637494488.55,28366,F1,1,,,,,
2026-10-08,2026-10-08,CM,NSE,STK,2531,INE340Z01019,CONTI,SM,,,,,CONTINENTAL SEED CHEM LTD,10.75,10.75,10.75,10.75,10.75,10.25,,10.75,,,3333,35829.75,1,F1,3333,,,,,
2026-10-08,2026-10-08,CM,NSE,STK,17477,INE663B01015,CONTROLPR,EQ,,,,,CONTROL PRINT LIMITED,623.20,623.20,605.00,613.40,614.80,619.95,,613.16,,,11503,7022780.40,1041,F1,1,,,,,
2026-10-08,2026-10-08,CM,NSE,STK,8560,INE0HS001028,COOLCAPS,SM,,,,,COOL CAPS INDUSTRIES LTD,21.50,22.50,20.55,20.90,20.90,21.85,,20.90,,,27500,585500.00,21,F1,1250,,,,,
2026-10-08,2026-10-08,CM,NSE,STK,4007,INE558D01021,CORALFINAC,EQ,,,,,CORAL INDIA FIN & HOUS LT,30.86,31.89,30.02,30.26,30.11,31.41,,30.26,,,8645,264453.16,169,F1,1,,,,,
2026-10-08,2026-10-08,CM,NSE,STK,15275,INE792I01017,CORDSCABLE,BE,,,,,CORDS CABLE INDUS LTD.,316.10,318.00,300.20,301.30,303.00,316.00,,301.36,,,37971,11574290.00,682,F1,1,,,,,
2026-10-08,2026-10-08,CM,NSE,STK,766288,INE11ES01010,COREIN,ST,,,,,COREINTEGRA CONSULT SER L,95.45,95.45,95.45,95.45,95.45,90.95,,95.45,,,1600,152720.00,1,F1,1600,,,,,
2026-10-08,2026-10-08,CM,NSE,STK,739,INE169A01031,COROMANDEL,EQ,,,,,COROMANDEL INTERNTL. LTD,1740.00,1748.80,1662.20,1673.70,1671.90,1745.50,,1673.79,,,239886,405972647.70,35137,F1,1,,,,,
2026-10-08,2026-10-08,CM,NSE,STK,760254,INE02ZQ01018,CORONA,EQ,,,,,CORONA REMEDIES LIMITED,2041.00,2041.00,1980.60,1993.50,2000.00,2041.10,,1993.28,,,15069,30147379.90,3387,F1,1,,,,,
2026-10-08,2026-10-08,CM,NSE,STK,742,INE757A01017,COSMOFIRST,EQ,,,,,COSMO FIRST LIMITED,830.00,831.75,799.05,812.70,817.50,831.95,,812.73,,,57788,46785635.85,5108,F1,1,,,,,
2026-10-08,2026-10-08,CM,NSE,STK,6385,INE652F01027,CCHHL,EQ,,,,,COUNTRY CLUB HOSP HOL LTD,12.99,12.99,12.26,12.30,12.28,12.81,,12.30,,,24485,306615.83,196,F1,1,,,,,
2026-10-08,2026-10-08,CM,NSE,STK,16989,INE695B01025,COUNCODOS,BE,,,,,COUNTRY CONDO S LIMITED,6.65,6.65,6.21,6.31,6.50,6.53,,6.31,,,179933,1127446.84,196,F1,1,,,,,
2026-10-08,2026-10-08,CM,NSE,STK,20086,INE521J01018,CPCAP,EQ,,,,,CP CAPITAL LIMITED,155.22,160.33,151.12,152.17,151.70,155.22,,152.17,,,59663,9274650.44,1157,F1,1,,,,,
2026-10-08,2026-10-08,CM,NSE,STK,2328,INF457M01133,CPSEETF,EQ,,,,,CPSE ETF,89.56,89.56,87.02,87.15,87.65,89.12,,87.15,,,1247634,109393057.09,11812,F1,1,,,,,
2026-10-08,2026-10-08,CM,NSE,STK,2854,INE00LO01017,CRAFTSMAN,EQ,,,,,CRAFTSMAN AUTOMATION LTD,10225.00,10225.00,9980.00,10038.00,10051.00,10198.00,,10043.69,,,56037,563813589.00,18264,F1,1,,,,,
2026-10-08,2026-10-08,CM,NSE,STK,764653,INE145E01017,CRAVATEX,EQ,,,,,CRAVATEX LTD.,345.45,352.00,335.20,344.65,335.20,355.20,,344.36,,,383,132493.50,46,F1,1,,,,,
2026-10-08,2026-10-08,CM,NSE,STK,16419,INE0OFK01019,CRAYONS,SM,,,,,CRAYONS ADVERTISING LTD,23.50,24.65,23.50,23.55,23.55,23.50,,23.55,,,4000,95700.00,4,F1,1000,,,,,
2026-10-08,2026-10-08,CM,NSE,STK,9384,INE230B01021,CREATIVEYE,EQ,,,,,CREATIVE EYE LIMITED,6.29,6.29,5.91,6.00,6.00,6.21,,6.02,,,11465,70681.43,74,F1,1,,,,,
2026-10-08,2026-10-08,CM,NSE,STK,23468,INE0R7401011,CGRAPHICS,SM,,,,,CREATIVE GRAPHICS S IND L,158.00,159.00,150.20,150.90,150.20,153.45,,150.90,,,15200,2347760.00,18,F1,800,,,,,
2026-10-08,2026-10-08,CM,NSE,STK,11155,INE985W01018,CNL,EQ,,,,,CREATIVE NEWTECH LIMITED,1085.00,1085.00,1056.00,1060.20,1061.00,1079.00,,1060.20,,,11895,12606866.10,968,F1,1,,,,,
2026-10-08,2026-10-08,CM,NSE,STK,765303,INE1KPX01025,CREDENT,SM,,,,,CREDENT CONNECT N CARE L,365.00,370.30,361.30,368.05,370.00,370.45,,368.05,,,14400,5271600.00,24,F1,600,,,,,
2026-10-08,2026-10-08,CM,NSE,STK,4421,INE741K01010,CREDITACC,EQ,,,,,CREDITACCESS GRAMEEN LTD,1240.90,1280.00,1231.90,1263.40,1258.00,1239.60,,1263.30,,,314609,398808982.70,42360,F1,1,,,,,
2026-10-08,2026-10-08,CM,NSE,STK,20878,INE220Q01020,MUFTI,EQ,,,,,CREDO BRANDS MARKETING L,69.10,70.78,68.00,68.26,68.01,69.96,,68.26,,,70824,4894865.05,1901,F1,1,,,,,
2026-10-08,2026-10-08,CM,NSE,STK,766361,INE716D01033,CRSL,BZ,,,,,CRESSANDA RAILWAY SOLUT L,2.10,2.10,2.00,2.07,2.08,2.06,,2.07,,,168920,346796.64,374,F1,1,,,,,
2026-10-08,2026-10-08,CM,NSE,STK,13900,INE559D01011,CREST,EQ,,,,,CREST VENTURES LIMITED,356.70,359.75,351.25,351.80,351.40,362.85,,351.80,,,551,195274.50,62,F1,1,,,,,
2026-10-08,2026-10-08,CM,NSE,STK,19099,INE203Y01012,CRESTO,BE,,,,,CRESTO TECHNO LIMITED,20.04,20.79,19.04,20.00,20.00,20.04,,20.00,,,4826,93711.45,36,F1,1,,,,,
2026-10-08,2026-10-08,CM,NSE,STK,757,INE007A01025,CRISIL,EQ,,,,,CRISIL LTD,4495.20,4517.70,4391.00,4404.00,4391.00,4509.10,,4403.87,,,12843,56983162.30,6333,F1,1,,,,,
2026-10-08,2026-10-08,CM,NSE,STK,757850,INE0S4R01014,CRIZAC,EQ,,,,,CRIZAC LIMITED,167.80,167.80,159.02,159.97,161.90,166.91,,159.99,,,231178,37629460.56,4675,F1,1,,,,,
2026-10-08,2026-10-08,CM,NSE,STK,17094,INE299U01018,CROMPTON,EQ,,,,,CROMPT GREA CON ELEC LTD,210.30,212.50,203.13,204.34,204.34,210.70,,204.34,,,2157911,446566646.02,39313,F1,1,,,,,
2026-10-08,2026-10-08,CM,NSE,STK,18263,INE00NH01017,CLSL,ST,,,,,CROP LIFE SCIENCE LIMITED,58.00,58.00,57.95,57.95,57.95,58.00,,57.95,,,4000,231900.00,2,F1,2000,,,,,
2026-10-08,2026-10-08,CM,NSE,STK,8083,INE491V01019,CROWN,EQ,,,,,CROWN LIFTERS LIMITED,111.20,111.20,107.42,108.11,108.00,112.44,,108.11,,,12871,1401293.66,256,F1,1,,,,,
2026-10-08,2026-10-08,CM,NSE,STK,14966,INE679A01013,CSBBANK,EQ,,,,,CSB BANK LIMITED,305.15,306.55,299.65,301.75,301.50,306.50,,301.71,,,352293,106398501.40,12984,F1,1,,,,,
2026-10-08,2026-10-08,CM,NSE,STK,10350,INE718F01018,CSLFINANCE,EQ,,,,,CSL FINANCE LIMITED,209.99,209.99,199.99,202.53,201.00,206.94,,202.52,,,18034,3680226.97,642,F1,1,,,,,
2026-10-08,2026-10-08,CM,NSE,STK,763753,INE0ZK601013,CSM,EQ,,,,,CSM TECHNOLOGIES LIMITED,93.90,93.90,89.33,90.35,90.91,91.82,,90.31,,,241672,21762602.94,2466,F1,1,,,,,
2026-10-08,2026-10-08,CM,NSE,STK,15078,INE0NR623014,CUBEINVIT,IV,,,,,CUBE HIGHWAYS TRUST,154.85,155.25,154.00,154.17,154.06,154.85,,154.17,,,456252,70680545.85,12852,F1,1,,,,,
2026-10-08,2026-10-08,CM,NSE,STK,9881,INE144D01012,CUBEXTUB,BE,,,,,CUBEXTUBINGS-ROLLSETT,162.80,165.27,161.50,165.27,165.27,157.40,,165.27,,,240068,39521310.48,1734,F1,1,,,,,
2026-10-08,2026-10-08,CM,NSE,STK,1901,INE298A01020,CUMMINSIND,EQ,,,,,CUMMINS INDIA LTD,4872.20,4877.00,4720.00,4740.90,4740.90,4872.20,,4740.90,,,224821,1073499476.40,31843,F1,1,,,,,
2026-10-08,2026-10-08,CM,NSE,STK,18520,INE509F01029,CUPID,EQ,,,,,CUPID LIMITED,348.50,357.00,344.00,356.65,356.75,343.95,,356.66,,,29558194,10435566917.15,230535,F1,1,,,,,
2026-10-08,2026-10-08,CM,NSE,STK,30191,INE117B01020,CURAA,BE,,,,,CURA TECHNOLOGIES LIMITED,71.89,71.89,69.00,69.38,69.00,71.89,,69.38,,,345,24013.23,16,F1,1,,,,,
2026-10-08,2026-10-08,CM,NSE,STK,758964,INE1CRQ01014,CURRENT,SM,,,,,CURRENT INFRAPROJECTS LTD,91.20,91.20,91.20,91.20,91.20,91.60,,91.20,,,1600,145920.00,1,F1,1600,,,,,
2026-10-08,2026-10-08,CM,NSE,STK,11845,INE278G01037,CYBERMEDIA,BE,,,,,CYBER MEDIA (INDIA) LTD.,18.40,18.40,17.52,17.78,17.85,18.44,,17.83,,,11713,208466.60,52,F1,1,,,,,
2026-10-08,2026-10-08,CM,NSE,STK,6051,INE214A01019,CYBERTECH,EQ,,,,,CYBERTECH SYSTEMS & SOFTW,136.00,137.94,130.25,132.25,132.00,137.70,,132.20,,,37739,5040765.34,1751,F1,1,,,,,
2026-10-08,2026-10-08,CM,NSE,STK,17187,INE055S01018,CYIENTDLM,EQ,,,,,CYIENT DLM LIMITED,989.00,991.95,949.05,981.30,974.25,988.30,,981.26,,,619329,605290380.60,41312,F1,1,,,,,
2026-10-08,2026-10-08,CM,NSE,STK,5748,INE136B01020,CYIENT,EQ,,,,,CYIENT LIMITED,1120.70,1129.50,1071.30,1084.70,1077.10,1115.00,,1084.99,,,425447,467026257.60,34267,F1,1,,,,,
2026-10-08,2026-10-08,CM,NSE,STK,16900,INE864X01013,DPWIRES,EQ,,,,,D P WIRES LIMITED,227.40,234.90,205.05,215.64,215.00,227.46,,215.65,,,191324,41790109.52,4709,F1,1,,,,,
2026-10-08,2026-10-08,CM,NSE,STK,17851,INE250K01012,DLINKINDIA,EQ,,,,,D-LINK INDIA LTD,419.00,419.15,405.00,406.70,409.95,419.20,,406.71,,,53665,21976866.90,3522,F1,1,,,,,
2026-10-08,2026-10-08,CM,NSE,STK,936,INE266Y01019,DPABHUSHAN,EQ,,,,,D. P. ABHUSHAN LIMITED,2246.90,2315.80,2150.00,2258.90,2260.20,2262.70,,2258.84,,,157486,352572439.00,20347,F1,1,,,,,
2026-10-08,2026-10-08,CM,NSE,STK,17881,INE950I01011,DBCORP,EQ,,,,,D.B.CORP LTD,170.14,172.99,166.10,167.39,168.40,171.05,,167.39,,,59442,10077937.41,2326,F1,1,,,,,
2026-10-08,2026-10-08,CM,NSE,STK,772,INE016A01026,DABUR,EQ,,,,,DABUR INDIA LTD,382.80,386.65,376.80,376.80,376.80,383.55,,376.80,,,874845,333737786.30,33801,F1,1,,,,,
2026-10-08,2026-10-08,CM,NSE,STK,762636,INE928C01010,DAICHI,BE,,,,,DAI-ICHI KARKARIA LTD.,311.10,323.80,311.10,321.95,321.95,324.25,,321.95,,,466,146948.95,96,F1,1,,,,,
2026-10-08,2026-10-08,CM,NSE,STK,8075,INE00R701025,DALBHARAT,EQ,,,,,DALMIA BHARAT LIMITED,1636.10,1658.40,1585.10,1592.90,1605.00,1640.10,,1592.88,,,75425,121041110.10,15342,F1,1,,,,,
2026-10-08,2026-10-08,CM,NSE,STK,781,INE495A01022,DALMIASUG,EQ,,,,,DALMIA BHARAT SUG IN LTD,449.50,456.30,425.10,428.95,432.00,447.65,,428.95,,,198793,87175184.80,8586,F1,1,,,,,
2026-10-08,2026-10-08,CM,NSE,STK,28662,INE284H01025,DAMCAPITAL,EQ,,,,,DAM CAPITAL ADVISORS LTD,148.75,148.76,140.15,141.38,141.10,148.74,,141.38,,,386479,55330990.00,7291,F1,1,,,,,
2026-10-08,2026-10-08,CM,NSE,STK,17569,INE497D01022,DAMODARIND,BE,,,,,DAMODAR INDUSTRIES LTD,26.50,27.00,26.06,26.58,26.80,26.87,,26.58,,,4084,107039.85,20,F1,1,,,,,
2026-10-08,2026-10-08,CM,NSE,STK,1110,INE688Y01022,DANGEE,EQ,,,,,DANGEE DUMS LIMITED,3.30,3.30,3.02,3.13,3.05,3.22,,3.13,,,78899,248710.16,136,F1,1,,,,,
2026-10-08,2026-10-08,CM,NSE,STK,25927,INE0YU901016,DANISH,SM,,,,,DANISH POWER LIMITED,1059.40,1069.95,990.00,999.50,1002.70,1059.40,,999.50,,,54600,56398252.50,260,F1,150,,,,,
2026-10-08,2026-10-08,CM,NSE,STK,757107,INE04Q901010,DCCL,SM,,,,,DAR CREDIT & CAPITAL LTD,40.00,40.00,40.00,40.00,40.00,41.90,,40.00,,,2000,80000.00,1,F1,2000,,,,,
2026-10-08,2026-10-08,CM,NSE,STK,7358,INE0IX101010,DATAPATTNS,EQ,,,,,DATA PATTERNS INDIA LTD,4253.00,4253.00,4080.00,4097.10,4110.70,4233.40,,4097.07,,,295706,1227380421.30,32723,F1,1,,,,,
2026-10-08,2026-10-08,CM,NSE,STK,11423,INE365B01017,DATAMATICS,EQ,,,,,DATAMATICS GLOBAL SER LTD,765.80,767.00,741.20,744.80,747.50,763.80,,744.80,,,37472,28288084.35,2636,F1,1,,,,,
2026-10-08,2026-10-08,CM,NSE,STK,21794,INE179G01029,DAVANGERE,EQ,,,,,DAVANGERE SUGAR COMPANY L,2.34,2.38,2.25,2.28,2.29,2.36,,2.28,,,6282307,14460080.03,2724,F1,1,,,,,
2026-10-08,2026-10-08,CM,NSE,STK,31111,INE921B01025,DBSTOCKBRO,BE,,,,,DB (INT) STOCK BROKERS,32.36,33.80,31.50,31.91,31.55,32.36,,32.09,,,5720,186436.26,70,F1,1,,,,,
2026-10-08,2026-10-08,CM,NSE,STK,11566,INE0A1101019,DCI,EQ,,,,,DC INFOTECH AND COMUN LTD,342.10,349.85,332.30,345.20,345.05,342.10,,345.21,,,141809,48730709.65,3663,F1,1,,,,,
2026-10-08,2026-10-08,CM,NSE,STK,13725,INE503A01015,DCBBANK,EQ,,,,,DCB BANK LIMITED,201.19,201.99,195.62,196.56,197.00,201.19,,196.57,,,1899693,378932645.31,79578,F1,1,,,,,
2026-10-08,2026-10-08,CM,NSE,STK,766014,INE04Q907231,13DCCL28,N0,,,,,DCCL 13% 2028,98333.33,98333.33,98333.33,98333.33,98333.33,100000.00,,98333.33,,,1,98333.33,1,F1,1,,,,,
2026-10-08,2026-10-08,CM,NSE,STK,23524,INE0S8401018,DCG,ST,,,,,DCG CABLES & WIRES LTD,71.55,72.55,71.50,71.85,71.50,74.80,,71.85,,,10800,775260.00,9,F1,1200,,,,,
2026-10-08,2026-10-08,CM,NSE,STK,4775,INE891B01012,DCMFINSERV,EQ,,,,,DCM FINANCIAL SERVICES LT,4.77,5.40,4.77,4.88,4.80,5.15,,4.91,,,40281,201863.37,312,F1,1,,,,,
2026-10-08,2026-10-08,CM,NSE,STK,805,INE498A01018,DCM,EQ,,,,,DCM LTD,71.90,71.90,68.64,69.84,70.20,71.01,,69.84,,,3384,236582.00,170,F1,1,,,,,
2026-10-08,2026-10-08,CM,NSE,STK,11041,INE08KP01019,DCMNVL,BE,,,,,DCM NOUVELLE LIMITED,171.00,172.65,165.00,167.94,170.00,172.99,,167.94,,,11729,1949890.03,54,F1,1,,,,,
2026-10-08,2026-10-08,CM,NSE,STK,760893,INE0OFM01015,DSFCL,BE,,,,,DCM SHRIRAM FINE CHEM LTD,29.45,30.79,28.40,28.76,29.40,29.33,,28.74,,,62883,1862619.24,241,F1,1,,,,,
2026-10-08,2026-10-08,CM,NSE,STK,7325,INE843D01027,DCMSRIND,EQ,,,,,DCM SHRIRAM IND LTD,39.81,40.50,38.26,38.42,38.32,39.81,,38.42,,,213669,8364989.42,2052,F1,1,,,,,
2026-10-08,2026-10-08,CM,NSE,STK,760896,INE0OU201013,DCMSIL,EQ,,,,,DCM SHRIRAM INTERNATNL L,79.22,81.00,75.00,75.72,75.00,79.22,,75.91,,,162798,12662654.30,2436,F1,1,,,,,
2026-10-08,2026-10-08,CM,NSE,STK,811,INE499A01024,DCMSHRIRAM,EQ,,,,,DCM SHRIRAM LIMITED,969.30,984.00,951.00,955.75,952.05,969.30,,955.84,,,50809,49036676.20,7099,F1,1,,,,,
2026-10-08,2026-10-08,CM,NSE,STK,817,INE500A01029,DCW,EQ,,,,,DCW LTD,46.80,46.89,44.11,44.30,44.18,46.60,,44.30,,,1204650,54168068.19,6201,F1,1,,,,,
2026-10-08,2026-10-08,CM,NSE,STK,11895,INE0KL801015,DCXINDIA,EQ,,,,,DCX SYSTEMS LIMITED,157.61,158.66,152.00,153.51,154.00,157.88,,153.50,,,348701,53676706.74,6879,F1,1,,,,,
2026-10-08,2026-10-08,CM,NSE,STK,29098,INE0HR601026,DDEVPLSTIK,EQ,,,,,DDEV PLASTIKS IND LTD,257.50,257.50,243.85,244.15,243.85,254.05,,244.16,,,109111,27022782.83,2958,F1,1,,,,,
2026-10-08,2026-10-08,CM,NSE,STK,15449,INE0JWV01011,DENEERS,SM,,,,,DE NEERS TOOLS LIMITED,168.00,168.45,167.40,168.45,168.45,166.25,,168.45,,,4800,805800.00,7,F1,600,,,,,
2026-10-08,2026-10-08,CM,NSE,STK,4279,INE244A01016,DENORA,EQ,,,,,DE NORA INDIA LIMITED,717.00,732.20,698.85,717.35,728.00,720.65,,717.45,,,13154,9377207.00,1404,F1,1,,,,,
2026-10-08,2026-10-08,CM,NSE,STK,14838,INE583C01021,DECCANCE,EQ,,,,,DECCAN CEMENTS LIMITED,549.15,549.15,531.30,532.95,532.65,545.25,,532.95,,,13594,7290934.95,508,F1,1,,,,,
2026-10-08,2026-10-08,CM,NSE,STK,762638,INE945F01025,DECNGOLD,EQ,,,,,DECCAN GOLD MINES LTD.,198.00,204.00,189.05,191.16,190.65,198.24,,191.15,,,1511142,295966443.44,24210,F1,1,,,,,
2026-10-08,2026-10-08,CM,NSE,STK,25421,INE0S7C01019,DECCANTRAN,SM,,,,,DECCAN TRANSCON LEASING L,20.50,20.50,19.55,19.55,19.55,20.55,,19.55,,,18000,363720.00,15,F1,1200,,,,,
2026-10-08,2026-10-08,CM,NSE,STK,24154,INE841L01016,DEEDEV,EQ,,,,,DEE DEVELOPMENT ENG LTD,625.00,651.45,605.45,608.60,612.00,624.10,,608.55,,,228401,142644362.05,11548,F1,1,,,,,
2026-10-08,2026-10-08,CM,NSE,STK,22799,INE586O01011,DEEM,SM,,,,,DEEM ROLL TECH LIMITED,44.65,44.65,44.65,44.65,44.65,47.00,,44.65,,,1000,44650.00,1,F1,1000,,,,,
2026-10-08,2026-10-08,CM,NSE,STK,3292,INE0FHS01024,DEEPINDS,EQ,,,,,DEEP INDUSTRIES LIMITED,790.80,791.85,765.00,777.60,769.80,795.60,,777.54,,,347535,269501648.50,22429,F1,1,,,,,
2026-10-08,2026-10-08,CM,NSE,STK,765058,INE00IY01012,DEEP,BE,,,,,DEEP POLYMERS LTD.,39.20,40.98,38.40,39.33,40.00,39.03,,39.36,,,9660,389135.23,89,F1,1,,,,,
2026-10-08,2026-10-08,CM,NSE,STK,765931,INE1M2N01020,DEEPA,EQ,,,,,DEEPA JEWELLERS LIMITED,229.00,235.41,222.78,232.80,233.51,227.06,,232.80,,,8368904,1930936892.83,98039,F1,1,,,,,
2026-10-08,2026-10-08,CM,NSE,STK,25892,INE0OPA01027,DBEIL,EQ,,,,,DEEPAK BUILDERS & ENG I L,6.78,6.78,6.30,6.39,6.36,6.55,,6.39,,,666735,4327955.16,378,F1,1,,,,,
2026-10-08,2026-10-08,CM,NSE,STK,827,INE501A01019,DEEPAKFERT,EQ,,,,,DEEPAK FERTILIZERS & PETR,1415.00,1415.10,1378.30,1390.20,1391.00,1415.40,,1390.13,,,269941,376151122.10,26510,F1,1,,,,,
2026-10-08,2026-10-08,CM,NSE,STK,19943,INE288B01029,DEEPAKNTR,EQ,,,,,DEEPAK NITRITE LTD,1558.80,1616.00,1558.70,1584.10,1582.40,1553.90,,1584.06,,,631015,1006553397.10,51245,F1,1,,,,,
2026-10-08,2026-10-08,CM,NSE,STK,22527,INE0SK801018,DELAPLEX,SM,,,,,DELAPLEX LIMITED,93.60,96.95,91.05,94.00,96.95,96.10,,94.00,,,3600,336090.00,6,F1,600,,,,,
2026-10-08,2026-10-08,CM,NSE,STK,9599,INE148O01028,DELHIVERY,EQ,,,,,DELHIVERY LIMITED,397.50,406.10,393.00,397.00,397.00,398.15,,397.00,,,2102812,837436336.15,29004,F1,1,,,,,
2026-10-08,2026-10-08,CM,NSE,STK,24395,INE726L01027,DELPHIFX,BE,,,,,DELPHI WORLD MONEY LTD,7.45,7.45,7.44,7.45,7.45,7.31,,7.41,,,59623,444190.40,45,F1,1,,,,,
2026-10-08,2026-10-08,CM,NSE,STK,29092,INE0XRN01019,DELTIC,SM,,,,,DELTA AUTOCORP LIMITED,34.70,34.70,33.40,33.40,33.40,35.00,,33.40,,,4000,136800.00,4,F1,1000,,,,,
2026-10-08,2026-10-08,CM,NSE,STK,15044,INE124G01033,DELTACORP,EQ,,,,,DELTA CORP LIMITED,82.25,82.30,77.40,78.32,78.00,82.37,,78.33,,,9531081,756253298.07,40332,F1,1,,,,,
2026-10-08,2026-10-08,CM,NSE,STK,1214,INE393A01011,DELTAMAGNT,EQ,,,,,DELTA MANUFACTURING LTD,55.10,56.99,55.10,56.63,56.64,56.47,,56.97,,,332,18619.12,19,F1,1,,,,,
2026-10-08,2026-10-08,CM,NSE,STK,17722,INE947J01015,DEN,EQ,,,,,DEN NETWORKS LTD,26.10,26.10,25.00,25.10,25.25,26.10,,25.10,,,319502,8123558.24,1495,F1,1,,,,,
2026-10-08,2026-10-08,CM,NSE,STK,29256,INE0R4L01018,DENTA,EQ,,,,,DENTA WATER N INFRA SOL L,265.00,265.00,255.00,258.70,260.00,263.70,,258.72,,,64345,16611255.70,2817,F1,1,,,,,
2026-10-08,2026-10-08,CM,NSE,STK,759079,INE0VOV01021,DEVX,EQ,,,,,DEV ACCELERATOR LIMITED,40.50,40.50,37.80,39.02,39.00,40.37,,39.02,,,232147,8964320.50,2499,F1,1,,,,,
2026-10-08,2026-10-08,CM,NSE,STK,8146,INE060X01034,DEVIT,EQ,,,,,DEV INFO TECHNOLOGY LTD,19.52,20.55,19.11,19.47,19.50,19.96,,19.47,,,98244,1915218.29,1094,F1,1,,,,,
2026-10-08,2026-10-08,CM,NSE,STK,5373,INE872J01023,DEVYANI,EQ,,,,,DEVYANI INTERNATIONAL LTD,128.65,129.35,122.41,123.23,124.45,128.98,,123.23,,,2021608,251563591.45,18277,F1,1,,,,,
2026-10-08,2026-10-08,CM,NSE,STK,764661,INE260R01016,DHABRIYA,BE,,,,,DHABRIYA POLYWOOD LTD.,494.00,500.90,466.00,485.95,488.00,477.05,,484.52,,,14513,7063698.50,254,F1,1,,,,,
2026-10-08,2026-10-08,CM,NSE,STK,10893,INE0I3401014,DBOL,EQ,,,,,DHAMPUR BIO ORGANICS LTD,141.00,143.09,134.72,140.43,141.40,140.25,,140.42,,,472789,65772472.72,9051,F1,1,,,,,
2026-10-08,2026-10-08,CM,NSE,STK,857,INE041A01016,DHAMPURSUG,EQ,,,,,DHAMPUR SUGAR MILLS LTD.,190.40,193.00,180.65,182.91,183.50,188.92,,182.91,,,886547,165583120.53,19851,F1,1,,,,,
2026-10-08,2026-10-08,CM,NSE,STK,11359,INE680A01011,DHANBANK,EQ,,,,,DHANLAXMI BANK LIMITED,32.00,33.74,31.41,32.65,32.65,32.83,,32.65,,,6525785,213781455.34,22942,F1,1,,,,,
2026-10-08,2026-10-08,CM,NSE,STK,27723,INE0V9V01010,DHANLAXMI,SM,,,,,DHANLAXMI CROP SCIENCE L,26.50,26.60,26.50,26.50,26.50,27.00,,26.50,,,14000,371200.00,7,F1,2000,,,,,
2026-10-08,2026-10-08,CM,NSE,STK,24418,INE0M3I01029,DHANSA,ST,,,,,DHANSA LABS LIMITED,29.30,29.30,28.85,28.85,28.85,28.20,,28.85,,,12000,350700.00,2,F1,2000,,,,,
2026-10-08,2026-10-08,CM,NSE,STK,24409,INE435G01025,DHANUKA,EQ,,,,,DHANUKA AGRITECH LTD,895.85,907.00,885.55,893.35,897.70,891.80,,893.35,,,26889,24105793.35,6031,F1,1,,,,,
2026-10-08,2026-10-08,CM,NSE,STK,18769,INE704V01015,DIRL,SM,,,,,DHANUKA INFRA REALTY LTD,9.50,9.50,9.50,9.50,9.50,9.50,,9.50,,,6000,57000.00,1,F1,6000,,,,,
2026-10-08,2026-10-08,CM,NSE,STK,760489,INE2HJL01019,DHARARAIL,SM,,,,,DHARA RAIL PROJECTS LTD,141.10,141.10,141.10,141.10,141.10,141.10,,141.10,,,2000,282200.00,2,F1,1000,,,,,
2026-10-08,2026-10-08,CM,NSE,STK,759203,INE278R01034,DHARAN,BZ,,,,,DHARAN INFRA-EPC LIMITED,0.14,0.15,0.13,0.13,0.14,0.14,,0.13,,,11143672,1526488.05,1098,F1,1,,,,,
2026-10-08,2026-10-08,CM,NSE,STK,24747,INE0YRN01025,DHARIWAL,SM,,,,,DHARIWALCORP LIMITED,27.65,28.80,27.65,28.60,28.60,28.40,,28.60,,,39000,1099200.00,13,F1,3000,,,,,
2026-10-08,2026-10-08,CM,NSE,STK,13001,INE00OQ01016,DHARMAJ,EQ,,,,,DHARMAJ CROP GUARD LTD,265.25,267.20,258.35,263.10,265.00,267.35,,263.09,,,67144,17624011.70,2365,F1,1,,,,,
2026-10-08,2026-10-08,CM,NSE,STK,765060,INE715T01031,DHATRE,EQ,,,,,DHATRE UDYOG LTD.,3.93,4.03,3.72,3.89,3.90,3.94,,3.89,,,57864,226275.98,163,F1,1,,,,,
2026-10-08,2026-10-08,CM,NSE,STK,764553,INE01NH01023,DHOOTTRANS,EQ,,,,,DHOOT TRANSMISSION LTD,1469.00,1507.70,1427.20,1440.40,1429.00,1463.70,,1440.51,,,1187219,1745069298.00,59474,F1,1,,,,,
2026-10-08,2026-10-08,CM,NSE,STK,6858,INE506Z01015,DHRUV,EQ,,,,,DHRUV CONSULTANCY SER LTD,19.98,21.41,19.98,20.94,20.72,19.47,,20.94,,,13084,273102.24,198,F1,1,,,,,
2026-10-08,2026-10-08,CM,NSE,STK,22233,INE320L01011,DHUNINV,EQ,,,,,DHUNSERI INVESTMENTS LTD,985.50,985.50,924.00,933.35,925.00,971.95,,933.23,,,191,181834.15,52,F1,1,,,,,
2026-10-08,2026-10-08,CM,NSE,STK,6239,INE341R01014,DTIL,BE,,,,,DHUNSERI TEA & IND. LTD.,152.37,157.00,151.00,151.16,151.00,152.37,,151.41,,,3189,489099.38,41,F1,1,,,,,
2026-10-08,2026-10-08,CM,NSE,STK,15214,INE477B01010,DVL,EQ,,,,,DHUNSERI VENTURES LIMITED,275.30,277.60,268.10,270.25,268.10,275.90,,270.25,,,6925,1883285.80,288,F1,1,,,,,
2026-10-08,2026-10-08,CM,NSE,STK,18644,INE591D01014,DIAMINESQ,EQ,,,,,DIAMINES & CHEMICALS LTD,239.40,241.93,235.00,235.73,235.00,239.04,,235.73,,,8649,2066083.68,88,F1,1,,,,,
2026-10-08,2026-10-08,CM,NSE,STK,18545,INE989C01038,DIACABS,BE,,,,,DIAMOND POWER INFRA LTD,374.90,380.00,351.10,371.90,375.00,369.15,,371.90,,,1005633,367931471.35,11093,F1,1,,,,,
2026-10-08,2026-10-08,CM,NSE,STK,703,INE303A01010,DICIND,EQ,,,,,DIC INDIA LIMITED,618.70,619.00,593.75,600.75,605.00,610.35,,600.75,,,489,294313.00,76,F1,1,,,,,
2026-10-08,2026-10-08,CM,NSE,STK,25672,INE184O01015,DIFFNKG,EQ,,,,,DIFFUSION ENGINEERS LTD,457.05,458.45,422.25,427.25,427.05,452.85,,427.25,,,162474,70588840.60,7305,F1,1,,,,,
2026-10-08,2026-10-08,CM,NSE,STK,10346,INE03JI01017,DGCONTENT,EQ,,,,,DIGICONTENT LIMITED,23.82,24.25,23.20,23.68,23.69,24.16,,23.68,,,5385,127427.99,61,F1,1,,,,,
2026-10-08,2026-10-08,CM,NSE,STK,21247,INE0PSC01024,DIGIDRIVE,EQ,,,,,DIGIDRIVE DISTRIBUTORS L,18.00,18.38,17.50,17.51,17.51,18.10,,17.51,,,39845,715418.58,176,F1,1,,,,,
2026-10-08,2026-10-08,CM,NSE,STK,19138,INE0QJ901011,DIGIKORE,SM,,,,,DIGIKORE STUDIOS LIMITED,36.30,37.05,35.35,35.65,35.80,36.45,,35.65,,,11200,402280.00,22,F1,400,,,,,
2026-10-08,2026-10-08,CM,NSE,STK,16683,INE927C01020,DIGISPICE,EQ,,,,,DIGISPICE TECHNOLOGIES LT,15.39,15.39,14.82,15.02,15.07,15.28,,15.02,,,50597,763675.67,158,F1,1,,,,,
2026-10-08,2026-10-08,CM,NSE,STK,757515,INE0U4701011,DIGITIDE,EQ,,,,,DIGITIDE SOLUTIONS LTD,76.07,76.08,70.90,71.65,72.39,75.70,,71.65,,,243269,17521436.69,3454,F1,1,,,,,
2026-10-08,2026-10-08,CM,NSE,STK,6136,INE731U01028,DIGJAMLMTD,BE,,,,,DIGJAM LTD,46.95,47.55,46.00,47.55,47.55,47.50,,47.55,,,5329,252890.30,18,F1,1,,,,,
2026-10-08,2026-10-08,CM,NSE,STK,641,INE016M01021,DNAMEDIA,EQ,,,,,DILIGENT MEDIA CORP LTD.,2.49,2.50,2.35,2.44,2.45,2.47,,2.43,,,60435,145437.93,110,F1,1,,,,,
2026-10-08,2026-10-08,CM,NSE,STK,18086,INE917M01012,DBL,EQ,,,,,DILIP BUILDCON LIMITED,408.85,409.20,395.50,397.40,395.50,409.25,,397.42,,,89566,35933553.10,4133,F1,1,,,,,
2026-10-08,2026-10-08,CM,NSE,STK,762643,INE131C01011,DISAQ,EQ,,,,,DISA INDIA LTD.,11501.00,11793.00,11211.00,11359.00,11211.00,11419.00,,11359.00,,,43,495100.00,28,F1,1,,,,,
2026-10-08,2026-10-08,CM,NSE,STK,14537,INE836F01026,DISHTV,EQ,,,,,DISH TV INDIA LTD.,2.16,2.18,1.99,2.03,2.13,2.14,,2.03,,,4479640,9306797.62,2287,F1,1,,,,,
2026-10-08,2026-10-08,CM,NSE,STK,21704,INE385W01011,DCAL,EQ,,,,,DISHMAN CARBO AMCIS LTD,153.25,153.25,146.00,146.66,147.60,152.46,,146.66,,,152394,22641143.38,2851,F1,1,,,,,
2026-10-08,2026-10-08,CM,NSE,STK,14479,INE753U01022,DIVGIITTS,EQ,,,,,DIVGI TORQTRANSFER SYST L,1092.90,1092.90,1020.60,1025.60,1026.00,1092.90,,1025.66,,,109222,114296665.30,9393,F1,1,,,,,
2026-10-08,2026-10-08,CM,NSE,STK,10940,INE361B01024,DIVISLAB,EQ,,,,,DIVI S LABORATORIES LTD,9588.00,9658.00,9355.00,9361.00,9361.00,9588.00,,9361.05,,,441895,4195890486.50,46059,F1,1,,,,,
2026-10-08,2026-10-08,CM,NSE,STK,30262,INE0NA501011,DIVINEHIRA,ST,,,,,DIVINE HIRA JEWELLERS LTD,108.70,108.70,102.60,104.90,104.90,108.00,,104.90,,,10800,1123200.00,8,F1,1200,,,,,
2026-10-08,2026-10-08,CM,NSE,STK,24286,INE0SCO01019,DPEL,SM,,,,,DIVINE POWER ENERGY LTD,609.00,609.00,602.00,604.15,604.15,605.95,,604.15,,,20500,12413975.00,37,F1,500,,,,,
2026-10-08,2026-10-08,CM,NSE,STK,21690,INE935N01020,DIXON,EQ,,,,,DIXON TECHNO (INDIA) LTD,13060.00,13070.00,12632.00,12650.00,12650.00,13024.00,,12650.19,,,215841,2766572365.00,42103,F1,1,,,,,
2026-10-08,2026-10-08,CM,NSE,STK,12749,INE0B1K01014,DJML,EQ,,,,,DJ MEDIAPRINT & LOG LTD,72.10,73.75,70.38,71.76,71.55,72.62,,71.76,,,73424,5281274.61,1150,F1,1,,,,,
2026-10-08,2026-10-08,CM,NSE,STK,14732,INE271C01023,DLF,EQ,,,,,DLF LIMITED,653.80,653.80,634.15,636.95,636.95,656.00,,636.95,,,4391406,2824724702.65,63030,F1,1,,,,,
2026-10-08,2026-10-08,CM,NSE,STK,6973,INE505A01010,DMCC,EQ,,,,,DMCC SPECIALITY CHEMICALS,356.05,360.00,334.00,337.10,336.10,356.05,,337.11,,,251316,86065232.75,9251,F1,1,,,,,
2026-10-08,2026-10-08,CM,NSE,STK,4822,INE021O01019,DODLA,EQ,,,,,DODLA DAIRY LIMITED,1019.00,1019.00,992.00,997.50,1017.90,1013.30,,997.49,,,21678,21659133.40,2859,F1,1,,,,,
2026-10-08,2026-10-08,CM,NSE,STK,12124,INE966A01022,DOLATALGO,EQ,,,,,DOLAT ALGOTECH LIMITED,62.20,62.20,59.25,59.72,59.49,61.68,,59.72,,,129811,7839078.67,1930,F1,1,,,,,
2026-10-08,2026-10-08,CM,NSE,STK,20560,INE325C01035,DOLLAR,EQ,,,,,DOLLAR INDUSTRIES LIMITED,278.00,281.85,271.65,279.55,280.00,278.95,,279.55,,,257928,71611432.75,4011,F1,1,,,,,
2026-10-08,2026-10-08,CM,NSE,STK,765977,INE0JHH01011,DOLLEX,EQ,,,,,DOLLEX AGROTECH LIMITED,38.19,38.19,36.80,37.21,37.50,37.49,,37.25,,,10697,397281.93,226,F1,1,,,,,
2026-10-08,2026-10-08,CM,NSE,STK,18139,INE920A01037,DOLPHIN,EQ,,,,,DOLPHIN OFF ENT (IND) L,657.40,657.40,615.00,620.05,628.00,652.90,,620.04,,,23588,14897525.60,2179,F1,1,,,,,
2026-10-08,2026-10-08,CM,NSE,STK,20551,INE321T01012,DOMS,EQ,,,,,DOMS INDUSTRIES LIMITED,2055.00,2080.00,2046.50,2057.40,2063.00,2058.90,,2057.74,,,15910,32782598.20,3643,F1,1,,,,,
2026-10-08,2026-10-08,CM,NSE,STK,13839,INE668D01028,DONEAR,EQ,,,,,DONEAR IND. LIMITED,80.00,82.00,79.50,79.95,79.70,80.86,,79.95,,,12755,1023543.83,294,F1,1,,,,,
2026-10-08,2026-10-08,CM,NSE,STK,15423,INE360C01024,DPSCLTD,BE,,,,,DPSC LIMITED,6.41,6.55,6.13,6.37,6.42,6.44,,6.37,,,128371,806990.38,587,F1,1,,,,,
2026-10-08,2026-10-08,CM,NSE,STK,29452,INE943P01029,AGARWALEYE,EQ,,,,,DR AGARWALS HEALTH CARE L,485.10,485.15,465.35,471.00,467.00,483.25,,470.97,,,208641,98824775.10,11547,F1,1,,,,,
2026-10-08,2026-10-08,CM,NSE,STK,762648,INE934C01018,DRAGARWQ,EQ,,,,,DR. AGARWAL'S EYE HOSP L,5200.00,5269.00,5132.00,5160.50,5178.00,5198.00,,5160.57,,,590,3059436.50,247,F1,1,,,,,
2026-10-08,2026-10-08,CM,NSE,STK,11654,INE600L01024,LALPATHLAB,EQ,,,,,DR. LAL PATH LABS LTD.,1945.10,1961.00,1888.00,1898.90,1897.80,1945.10,,1898.91,,,271926,519465073.40,33910,F1,1,,,,,
2026-10-08,2026-10-08,CM,NSE,STK,881,INE089A01031,DRREDDY,EQ,,,,,DR. REDDY S LABORATORIES,1197.30,1201.20,1167.20,1180.00,1180.00,1203.80,,1180.00,,,2278637,2691255022.40,71205,F1,1,,,,,
2026-10-08,2026-10-08,CM,NSE,STK,2645,INE03RS01027,DRCSYSTEMS,EQ,,,,,DRC SYSTEMS INDIA LIMITED,13.22,13.22,12.50,12.57,12.67,12.96,,12.58,,,24661,314942.54,232,F1,1,,,,,
2026-10-08,2026-10-08,CM,NSE,STK,10859,INE0JS101016,DREAMFOLKS,EQ,,,,,DREAMFOLKS SERVICES LTD,59.85,60.88,59.00,59.41,59.10,60.13,,59.41,,,62315,3716820.76,1009,F1,1,,,,,
2026-10-08,2026-10-08,CM,NSE,STK,11271,INE506A01018,DREDGECORP,EQ,,,,,DREDGING CORP OF INDIA,935.00,963.00,893.30,905.05,900.00,931.00,,905.18,,,173058,160023858.25,12310,F1,1,,,,,
2026-10-08,2026-10-08,CM,NSE,STK,17372,INE0P7201019,DRONE,SM,,,,,DRONE DESTINATION LIMITED,33.75,33.75,32.60,32.75,32.75,33.05,,32.75,,,17000,563125.00,23,F1,500,,,,,
2026-10-08,2026-10-08,CM,NSE,STK,8772,INE891A01022,DSKULKARNI,BE,,,,,DS KULKARNI DEVELOPERS L,28.21,28.21,28.21,28.21,28.21,27.66,,28.21,,,144,4062.24,3,F1,1,,,,,
2026-10-08,2026-10-08,CM,NSE,STK,778,INE055C01020,KEEPLEARN,EQ,,,,,DSJ KEEP LEARNING LTD,1.86,1.89,1.71,1.84,1.85,1.86,,1.84,,,81015,144822.12,117,F1,1,,,,,
2026-10-08,2026-10-08,CM,NSE,STK,1927,INF740KA1EU7,LIQUIDETF,EQ,,,,,DSP LIQUID ETF,1000.00,1000.01,999.99,999.99,1000.01,1000.00,,999.99,,,122284,122283929.96,217,F1,1,,,,,
2026-10-08,2026-10-08,CM,NSE,STK,761364,INF740KA1YH2,BANK10ADD,EQ,,,,,DSPAMC - BANK10ADD,16.26,16.64,16.05,16.19,16.23,16.35,,16.16,,,1685591,27435222.54,150,F1,1,,,,,
2026-10-08,2026-10-08,CM,NSE,STK,13644,INF740KA1RX3,BANKADD,EQ,,,,,DSPAMC - DSPBANK,56.25,56.40,55.80,55.86,56.07,56.50,,55.86,,,14529,814675.23,100,F1,1,,,,,
2026-10-08,2026-10-08,CM,NSE,STK,15356,INF740KA1ZP2,GOLDADD,EQ,,,,,DSPAMC - DSPGOLD,14.24,14.28,14.19,14.22,14.21,14.24,,14.22,,,5401057,76916615.10,6610,F1,1,,,,,
2026-10-08,2026-10-08,CM,NSE,STK,17207,INF740KA1SX1,ITADD,EQ,,,,,DSPAMC - DSPIT,29.99,30.08,29.44,29.53,29.66,29.58,,29.53,,,32299,960176.70,98,F1,1,,,,,
2026-10-08,2026-10-08,CM,NSE,STK,6606,INF740KA1QK2,EQUAL50ADD,EQ,,,,,DSPAMC - DSPNEWETF,321.69,322.52,314.42,314.87,316.42,321.69,,314.89,,,44712,14150121.48,738,F1,1,,,,,
2026-10-08,2026-10-08,CM,NSE,STK,7451,INF740KA1CL0,NIFTYADD,EQ,,,,,DSPAMC - DSPNIFTY,238.30,238.30,234.00,234.67,234.00,238.12,,234.67,,,191114,44899895.07,271,F1,1,,,,,
2026-10-08,2026-10-08,CM,NSE,STK,17616,INF740KA1SY9,PSUBANKADD,EQ,,,,,DSPAMC - DSPPSBKETF,81.72,82.42,81.01,81.16,81.41,81.72,,81.16,,,10528,857511.24,254,F1,1,,,,,
2026-10-08,2026-10-08,CM,NSE,STK,17576,INF740KA1TA7,PVTBANKADD,EQ,,,,,DSPAMC - DSPPVBKETF,27.48,28.80,27.25,27.35,27.25,27.48,,27.35,,,461573,12641778.53,1384,F1,1,,,,,
2026-10-08,2026-10-08,CM,NSE,STK,7456,INF740KA1ZF3,MIDQ50ADD,EQ,,,,,DSPAMC - DSPQ50ETF,23.74,23.75,23.20,23.38,23.32,23.74,,23.38,,,21565,505199.71,250,F1,1,,,,,
2026-10-08,2026-10-08,CM,NSE,STK,17613,INF740KA1SZ6,SENSEXADD,EQ,,,,,DSPAMC - DSPSENXETF,76.07,76.07,73.89,74.01,74.19,75.12,,74.01,,,5535,410115.66,168,F1,1,,,,,
2026-10-08,2026-10-08,CM,NSE,STK,10761,INF740KA1ZQ0,SILVERADD,EQ,,,,,DSPAMC - DSPSILVETF,21.09,21.09,20.67,20.74,20.75,21.06,,20.74,,,4662047,96909899.16,5983,F1,1,,,,,
2026-10-08,2026-10-08,CM,NSE,STK,759368,INF740KA1WU9,FLEXIADD,EQ,,,,,DSPAMC - FLEXIADD,9.46,9.50,9.26,9.29,9.34,9.46,,9.30,,,103022,964631.45,557,F1,1,,,,,
2026-10-08,2026-10-08,CM,NSE,STK,763530,INF740KA1ZA4,FMCGADD,EQ,,,,,DSPAMC - FMCGADD,44.90,45.16,44.01,44.19,44.31,45.00,,44.34,,,8144,361189.97,215,F1,1,,,,,
2026-10-08,2026-10-08,CM,NSE,STK,22592,INF740KA1ZG1,HEALTHADD,EQ,,,,,DSPAMC - HEALTHADD,16.32,16.32,15.83,15.84,15.91,16.32,,15.84,,,100713,1600743.53,268,F1,1,,,,,
2026-10-08,2026-10-08,CM,NSE,STK,766430,INF740KA1ZR8,INSURADD,EQ,,,,,DSPAMC - INSURADD,14.57,16.07,14.45,14.45,15.19,14.61,,14.45,,,14897,216907.97,31,F1,1,,,,,
2026-10-08,2026-10-08,CM,NSE,STK,23407,INF740KA1UM0,LIQUIDADD,EQ,,,,,DSPAMC - LIQUIDADD,1148.18,1148.20,1148.18,1148.18,1148.20,1148.02,,1148.18,,,570497,655037843.77,447,F1,1,,,,,
2026-10-08,2026-10-08,CM,NSE,STK,764428,INF740KA1ZH9,MIDBANKADD,EQ,,,,,DSPAMC - MIDBANKADD,16.26,16.69,15.96,16.07,15.96,16.34,,16.07,,,212870,3427150.76,74,F1,1,,,,,
2026-10-08,2026-10-08,CM,NSE,STK,760356,INF740KA1WW5,MIDCAPADD,EQ,,,,,DSPAMC - MIDCAPADD,21.83,22.09,21.34,21.52,21.48,21.83,,21.51,,,10311,221193.45,162,F1,1,,,,,
2026-10-08,2026-10-08,CM,NSE,STK,759978,INF740KA1WV7,MSCIADD,EQ,,,,,DSPAMC - MSCIADD,27.60,27.71,27.21,27.32,27.32,27.88,,27.32,,,925,25475.33,171,F1,1,,,,,
2026-10-08,2026-10-08,CM,NSE,STK,29464,INF740KA1VE5,NEXT30ADD,EQ,,,,,DSPAMC - NEXT30ADD,39.78,39.81,39.00,39.03,39.81,39.96,,39.03,,,5271,206590.41,188,F1,1,,,,,
2026-10-08,2026-10-08,CM,NSE,STK,760599,INF740KA1XU7,NEXT50ADD,EQ,,,,,DSPAMC - NEXT50ADD,69.71,69.74,68.22,68.32,68.51,69.98,,68.32,,,5246,360398.85,177,F1,1,,,,,
2026-10-08,2026-10-08,CM,NSE,STK,760359,INF740KA1WX3,SMALLADD,EQ,,,,,DSPAMC - SMALLADD,18.49,18.49,17.55,17.59,17.55,18.04,,17.53,,,69338,1226312.62,238,F1,1,,,,,
2026-10-08,2026-10-08,CM,NSE,STK,25171,INF740KA1UR9,TOP10ADD,EQ,,,,,DSPAMC - TOP10ADD,83.70,83.70,82.30,82.50,82.83,83.76,,82.51,,,261721,21610881.05,810,F1,1,,,,,
2026-10-08,2026-10-08,CM,NSE,STK,28952,INE741L01018,DUCON,EQ,,,,,DUCON INFRATECHNOLOGIES L,1.56,1.56,1.42,1.44,1.43,1.49,,1.44,,,2545594,3699844.04,855,F1,1,,,,,
2026-10-08,2026-10-08,CM,NSE,STK,5457,INE0HPK01020,DUGLOBAL,SM,,,,,DUDIGITAL GLOBAL LIMITED,20.80,20.80,20.80,20.80,20.80,21.80,,20.80,,,2500,52000.00,1,F1,2500,,,,,
2026-10-08,2026-10-08,CM,NSE,STK,24164,INE0OUW01013,DURLAX,SM,,,,,DURLAX TOP SURFACE LTD,60.30,62.90,60.30,61.00,60.80,61.95,,61.00,,,56000,3447800.00,28,F1,2000,,,,,
2026-10-08,2026-10-08,CM,NSE,STK,11667,INE366A01041,DWARKESH,EQ,,,,,DWARIKESH SUGAR IND LTD,46.80,47.40,43.75,44.00,44.30,46.80,,44.00,,,2242124,101656649.53,8878,F1,1,,,,,
2026-10-08,2026-10-08,CM,NSE,STK,25690,INE417B01040,DSSL,EQ,,,,,DYNACONS SYS & SOLN LTD,1052.40,1124.90,1023.90,1030.10,1027.00,1032.45,,1030.06,,,319949,346497887.60,28049,F1,1,,,,,
2026-10-08,2026-10-08,CM,NSE,STK,4525,INE221B01012,DYNAMATECH,EQ,,,,,DYNAMATIC TECHNOLOGIES,13723.00,13859.00,13220.00,13391.00,13420.00,13723.00,,13390.29,,,21879,293147263.00,10161,F1,1,,,,,
2026-10-08,2026-10-08,CM,NSE,STK,10417,INE600Y01019,DYCL,EQ,,,,,DYNAMIC CABLES LIMITED,442.50,442.65,422.15,423.90,424.00,441.05,,423.90,,,245975,105338180.40,8650,F1,1,,,,,
2026-10-08,2026-10-08,CM,NSE,STK,6079,INE0DZ701010,DYNAMIC,SM,,,,,DYNAMIC SRVCS & SEC LTD,125.00,128.00,119.00,123.80,123.80,130.05,,123.80,,,39000,4729675.00,40,F1,500,,,,,
2026-10-08,2026-10-08,CM,NSE,STK,21314,INE256H01015,DYNPRO,EQ,,,,,DYNEMIC PRODUCTS LIMITED,227.93,229.79,220.10,223.23,228.00,226.70,,223.61,,,6033,1344199.08,314,F1,1,,,,,
2026-10-08,2026-10-08,CM,NSE,STK,19267,INE0KFF01017,EFACTOR,SM,,,,,E FACTOR EXPERIENCES LTD,205.55,206.00,192.50,197.55,200.00,194.65,,197.55,,,20000,4034120.00,36,F1,400,,,,,
2026-10-08,2026-10-08,CM,NSE,STK,760531,INE1CEJ01017,E2ERAIL,SM,,,,,E TO E TRANS INFRA LTD,305.00,305.00,290.00,290.00,290.00,305.30,,290.00,,,59200,17692560.00,69,F1,800,,,,,
2026-10-08,2026-10-08,CM,NSE,STK,8940,INE255Z01027,E2E,BE,,,,,E2E NETWORKS LIMITED,744.00,753.35,698.00,714.15,725.00,723.30,,714.31,,,950336,695088008.20,18672,F1,1,,,,,
2026-10-08,2026-10-08,CM,NSE,STK,765065,INE595R01023,EASTWEST,EQ,,,,,EAST WEST FREIGHT CARRI L,2.36,2.36,2.27,2.32,2.33,2.35,,2.32,,,16648,38485.04,69,F1,1,,,,,
2026-10-08,2026-10-08,CM,NSE,STK,9769,INE962C01035,EASTSILK,BE,,,,,EASTERN SILK INDUSTRIES L,71.92,71.92,67.00,69.75,71.00,68.50,,69.75,,,202,13692.92,9,F1,1,,,,,
2026-10-08,2026-10-08,CM,NSE,STK,2792,INE07O001026,EASEMYTRIP,EQ,,,,,EASY TRIP PLANNERS LTD,5.78,5.87,5.77,5.78,5.78,5.86,,5.78,,,6711837,38935278.81,5529,F1,1,,,,,
2026-10-08,2026-10-08,CM,NSE,STK,765073,INE432F01032,EBIX,BE,,,,,EBIX LIMITED,17.26,17.50,16.60,16.82,16.87,17.26,,16.83,,,63817,1073519.11,126,F1,1,,,,,
2026-10-08,2026-10-08,CM,NSE,STK,15179,INE738I01010,ECLERX,EQ,,,,,ECLERX SERVICES LTD,1890.40,1915.10,1828.80,1846.80,1874.00,1896.00,,1846.58,,,73080,135527828.60,14117,F1,1,,,,,
2026-10-08,2026-10-08,CM,NSE,STK,764663,INE316A01038,ECORECO,EQ,,,,,ECO RECYCLING LTD.,426.35,429.20,408.60,411.95,414.00,424.25,,412.25,,,4649,1934235.90,570,F1,1,,,,,
2026-10-08,2026-10-08,CM,NSE,STK,759961,INE0VBS01016,ECOLINE,SM,,,,,ECOLINE EXIM LIMITED,189.25,189.25,176.50,182.00,182.00,187.40,,182.00,,,9000,1644750.00,8,F1,1000,,,,,
2026-10-08,2026-10-08,CM,NSE,STK,25060,INE06HJ01020,ECOSMOBLTY,EQ,,,,,ECOS (INDIA) MOB & HOSP L,108.50,109.80,105.31,107.43,106.01,108.24,,107.44,,,53062,5680399.02,1382,F1,1,,,,,
2026-10-08,2026-10-08,CM,NSE,STK,7196,INF754K01OB1,BBETF0432,EQ,,,,,EDELAMC - BBETF0432,1332.50,1341.83,1332.50,1337.13,1338.75,1337.00,,1337.13,,,1249,1671012.69,57,F1,1,,,,,
2026-10-08,2026-10-08,CM,NSE,STK,764378,INF754K01XH9,EBANK10,EQ,,,,,EDELAMC - EBANK10,16.15,16.16,16.00,16.09,16.09,16.32,,16.09,,,221,3555.10,12,F1,1,,,,,
2026-10-08,2026-10-08,CM,NSE,STK,25258,INF754K01TE4,EBANKNIFTY,EQ,,,,,EDELAMC - EBANKNIFTY,55.65,55.65,55.23,55.30,55.30,55.41,,55.30,,,453,25133.02,17,F1,1,,,,,
2026-10-08,2026-10-08,CM,NSE,STK,16253,INF754K01KO2,EBBETF0430,EQ,,,,,EDELAMC - EBBETF0430,1611.90,1611.90,1601.10,1609.82,1610.00,1605.78,,1609.81,,,25528,41008139.84,687,F1,1,,,,,
2026-10-08,2026-10-08,CM,NSE,STK,22239,INF754K01LE1,EBBETF0431,EQ,,,,,EDELAMC - EBBETF0431,1424.57,1431.46,1424.56,1426.59,1426.55,1423.34,,1426.59,,,3491,4981061.65,90,F1,1,,,,,
2026-10-08,2026-10-08,CM,NSE,STK,13139,INF754K01QX0,EBBETF0433,EQ,,,,,EDELAMC - EBBETF0433,1298.74,1303.51,1293.75,1300.70,1301.00,1298.74,,1300.70,,,2766,3598393.02,128,F1,1,,,,,
2026-10-08,2026-10-08,CM,NSE,STK,29019,INF754K01TX4,ECAPINSURE,EQ,,,,,EDELAMC - ECAPINSURE,23.28,23.28,22.61,22.75,22.94,23.28,,22.75,,,71734,1630887.34,435,F1,1,,,,,
2026-10-08,2026-10-08,CM,NSE,STK,19933,INF754K01SE6,EGOLD,EQ,,,,,EDELAMC - EGOLD,146.70,146.90,145.95,146.45,145.95,146.50,,146.45,,,23821,3489553.10,711,F1,1,,,,,
2026-10-08,2026-10-08,CM,NSE,STK,759466,INF754K01VW2,ELIQUID,EQ,,,,,EDELAMC - ELIQUID,1050.84,1050.99,1050.84,1050.97,1050.97,1050.83,,1050.97,,,33774,35491980.42,17,F1,1,,,,,
2026-10-08,2026-10-08,CM,NSE,STK,758952,INF754K01VV4,ELM250,EQ,,,,,EDELAMC - ELM250,15.68,15.88,15.33,15.46,15.53,15.58,,15.46,,,64649,1000706.85,474,F1,1,,,,,
2026-10-08,2026-10-08,CM,NSE,STK,764367,INF754K01XI7,ELMDIV,EQ,,,,,EDELAMC - ELMDIV,34.38,34.38,33.92,33.92,33.92,34.51,,33.92,,,224,7654.37,10,F1,1,,,,,
2026-10-08,2026-10-08,CM,NSE,STK,764288,INF754K01XG1,EMETAL,EQ,,,,,EDELAMC - EMETAL,12.48,12.97,11.73,11.91,11.73,12.42,,11.91,,,32213,386328.09,140,F1,1,,,,,
2026-10-08,2026-10-08,CM,NSE,STK,25996,INF754K01TF1,EMULTIMQ,EQ,,,,,EDELAMC - EMULTIMQ,40.72,40.85,39.20,39.34,39.36,40.72,,39.34,,,59203,2348289.43,440,F1,1,,,,,
2026-10-08,2026-10-08,CM,NSE,STK,763540,INF754K01XF3,ENEXT50,EQ,,,,,EDELAMC - ENEXT50,69.61,69.74,67.75,67.76,67.75,69.61,,67.78,,,522,35581.61,25,F1,1,,,,,
2026-10-08,2026-10-08,CM,NSE,STK,759998,INF754K01VX0,ENIFTY,EQ,,,,,EDELAMC - ENIFTY,22.27,22.80,22.27,22.51,22.53,22.85,,22.51,,,4624,104592.61,70,F1,1,,,,,
2026-10-08,2026-10-08,CM,NSE,STK,759995,INF754K01VY8,ESENSEX,EQ,,,,,EDELAMC - ESENSEX,73.17,73.17,72.09,72.15,72.14,73.17,,72.15,,,1698,123109.16,35,F1,1,,,,,
2026-10-08,2026-10-08,CM,NSE,STK,20257,INF754K01SF3,ESILVER,EQ,,,,,EDELAMC - ESILVER,217.51,218.65,214.65,215.67,215.95,218.59,,215.67,,,40127,8667877.27,1436,F1,1,,,,,
2026-10-08,2026-10-08,CM,NSE,STK,15119,INE532F01054,EDELWEISS,EQ,,,,,EDELWEISS FIN SERV LTD,134.10,134.39,126.78,127.71,127.99,133.80,,127.71,,,5719681,740553135.54,47920,F1,1,,,,,
2026-10-08,2026-10-08,CM,NSE,STK,758675,INE886D01026,EFCIL,EQ,,,,,EFC (I) LIMITED,173.80,173.80,167.00,167.07,167.34,173.80,,167.07,,,248907,42387551.72,2679,F1,1,,,,,
2026-10-08,2026-10-08,CM,NSE,STK,24435,INE0U9101019,EFFWA,SM,,,,,EFFWA INFRA & RESEARCH L,342.05,351.05,341.30,347.15,345.00,341.50,,347.15,,,27600,9508600.00,46,F1,400,,,,,
2026-10-08,2026-10-08,CM,NSE,STK,910,INE066A01021,EICHERMOT,EQ,,,,,EICHER MOTORS LTD,6936.00,6950.00,6767.50,6767.50,6767.50,6960.00,,6767.69,,,361283,2476046100.50,58519,F1,1,,,,,
2026-10-08,2026-10-08,CM,NSE,STK,916,INE126A01031,EIDPARRY,EQ,,,,,EID PARRY INDIA LTD,700.00,700.00,675.00,677.15,683.90,699.55,,677.15,,,289574,198427384.30,19786,F1,1,,,,,
2026-10-08,2026-10-08,CM,NSE,STK,15399,INE276C01014,EIHAHOTELS,EQ,,,,,EIH ASSOCIATED HOTELS LTD,297.30,297.30,288.00,291.05,292.25,297.30,,291.05,,,6532,1898704.90,572,F1,1,,,,,
2026-10-08,2026-10-08,CM,NSE,STK,919,INE230A01023,EIHOTEL,EQ,,,,,EIH LIMITED,294.00,296.00,290.25,291.20,291.00,296.50,,291.21,,,133690,39276810.40,6952,F1,1,,,,,
2026-10-08,2026-10-08,CM,NSE,STK,4040,INE158B01016,EIMCOELECO,EQ,,,,,EIMCO ELECON (INDIA) LTD,2250.00,2275.90,2198.00,2234.20,2242.00,2247.30,,2234.02,,,79547,177004427.50,5449,F1,1,,,,,
2026-10-08,2026-10-08,CM,NSE,STK,764671,INE0CPR01018,EKI,BE,,,,,EKI ENERGY SERVICES LTD,84.35,87.58,80.76,82.17,82.98,85.01,,81.96,,,17631,1452267.02,345,F1,1,,,,,
2026-10-08,2026-10-08,CM,NSE,STK,762653,INE280B01018,ELANTAS,EQ,,,,,ELANTAS BECK INDIA LTD.,14022.00,14100.00,13330.00,13597.00,13420.00,14022.00,,13599.61,,,1858,25571384.00,792,F1,1,,,,,
2026-10-08,2026-10-08,CM,NSE,STK,762658,INE927X01018,ELCIDIN,EQ,,,,,ELCID INVESTMENTS LTD.,100250.00,102700.00,99250.00,99260.00,99250.00,102900.00,,99378.46,,,16,1600960.00,15,F1,1,,,,,
2026-10-08,2026-10-08,CM,NSE,STK,8953,INE668G01021,ELDEHSG,EQ,,,,,ELDECO HSG & IND LTD.,769.00,774.00,751.00,762.95,751.00,769.00,,762.83,,,1046,793886.75,33,F1,1,,,,,
2026-10-08,2026-10-08,CM,NSE,STK,13643,INE205B01031,ELECON,EQ,,,,,ELECON ENG. CO. LTD,442.40,442.40,415.10,416.95,417.90,441.25,,416.91,,,719015,304844048.65,28377,F1,1,,,,,
2026-10-08,2026-10-08,CM,NSE,STK,20899,INE0Q1W01012,EFORCE,SM,,,,,ELECTRO FORCE (INDIA) LTD,19.80,19.80,18.75,18.75,18.75,19.35,,18.75,,,4800,93180.00,4,F1,1200,,,,,
2026-10-08,2026-10-08,CM,NSE,STK,11530,INE02YR01019,EMIL,EQ,,,,,ELECTRONICS MART IND LTD,212.10,212.14,192.10,193.31,194.67,211.54,,193.30,,,4764152,943875415.80,55679,F1,1,,,,,
2026-10-08,2026-10-08,CM,NSE,STK,928,INE086A01029,ELECTCAST,EQ,,,,,ELECTROSTEEL CASTINGS LTD,78.93,78.99,74.00,74.26,74.30,78.73,,74.26,,,2685874,203300607.96,20054,F1,1,,,,,
2026-10-08,2026-10-08,CM,NSE,STK,4469,INE822G01016,ELECTHERM,EQ,,,,,ELECTROTHERM (I) LTD.,718.05,718.05,676.00,683.75,686.70,722.95,,683.66,,,26579,18412592.40,1734,F1,1,,,,,
2026-10-08,2026-10-08,CM,NSE,STK,29595,INE0R9101015,ELGNZ,SM,,,,,ELEGANZ INTERIORS LIMITED,82.95,88.00,80.50,85.35,82.70,81.50,,85.35,,,62000,5180250.00,46,F1,1000,,,,,
2026-10-08,2026-10-08,CM,NSE,STK,766278,INE147X01013,ELEVATE,EQ,,,,,ELEVATE CAMPUSES LIMITED,351.00,353.35,325.45,329.85,330.30,350.00,,329.82,,,1725747,576503018.95,62792,F1,1,,,,,
2026-10-08,2026-10-08,CM,NSE,STK,937,INE285A01027,ELGIEQUIP,EQ,,,,,ELGI EQUIPMENTS LTD,599.75,600.00,576.00,579.00,576.00,602.05,,579.00,,,245828,144054424.55,17671,F1,1,,,,,
2026-10-08,2026-10-08,CM,NSE,STK,24924,INE819L01012,ELGIRUBCO,EQ,,,,,ELGI RUBBER CO. LTD,58.13,58.44,53.20,54.24,54.69,57.85,,54.24,,,51214,2840440.60,1106,F1,1,,,,,
2026-10-08,2026-10-08,CM,NSE,STK,13423,INE050401020,ELIN,EQ,,,,,ELIN ELECTRONICS LIMITED,79.10,79.10,74.00,75.56,76.00,77.07,,75.57,,,92409,6986306.92,1958,F1,1,,,,,
2026-10-08,2026-10-08,CM,NSE,STK,762663,INE669R01026,ELITECON,EQ,,,,,ELITECON INTERNATIONAL L,7.75,7.84,7.18,7.20,7.23,7.53,,7.20,,,4660153,34217659.32,6517,F1,1,,,,,
2026-10-08,2026-10-08,CM,NSE,STK,758563,INE236E01022,ELLEN,EQ,,,,,ELLENBARRIE INDUS GASES L,365.00,370.70,343.95,350.40,352.85,365.75,,350.40,,,755718,267837705.40,15776,F1,1,,,,,
2026-10-08,2026-10-08,CM,NSE,STK,4471,INE579B01039,ELPROINTL,EQ,,,,,ELPRO INTERNATIONAL LTD,174.90,175.90,170.00,174.53,175.00,174.86,,174.63,,,10448,1811597.97,176,F1,1,,,,,
2026-10-08,2026-10-08,CM,NSE,STK,29229,INE0ZOL01023,EMAPARTNER,SM,,,,,EMA PARTNERS INDIA LTD,80.05,80.05,80.05,80.05,80.05,80.05,,80.05,,,7000,560350.00,5,F1,1000,,,,,
2026-10-08,2026-10-08,CM,NSE,STK,13517,INE548C01032,EMAMILTD,EQ,,,,,EMAMI LIMITED,373.85,376.60,366.10,367.25,367.00,375.45,,367.26,,,511099,189202029.35,18954,F1,1,,,,,
2026-10-08,2026-10-08,CM,NSE,STK,10084,INE830C01026,EMAMIPAP,BE,,,,,EMAMI PAPER MILLS LIMITED,115.16,116.20,111.20,113.16,115.00,116.48,,113.17,,,33443,3787289.46,333,F1,1,,,,,
2026-10-08,2026-10-08,CM,NSE,STK,19277,INE778K01012,EMAMIREAL,EQ,,,,,EMAMI REALTY LIMITED,65.25,71.50,65.25,67.76,68.00,69.12,,67.76,,,13138,902188.15,268,F1,1,,,,,
2026-10-08,2026-10-08,CM,NSE,STK,14450,INE069I01010,EMBDL,EQ,,,,,EMBASSY DEVELOPMENTS LTD,57.49,59.00,55.60,56.26,56.06,57.19,,56.27,,,4082534,233298107.39,24869,F1,1,,,,,
2026-10-08,2026-10-08,CM,NSE,STK,9383,INE041025011,EMBASSY,RR,,,,,EMBASSY OFFICE PARKS REIT,428.00,433.94,428.00,431.27,430.20,435.30,,431.28,,,384603,165944407.71,17770,F1,1,,,,,
2026-10-08,2026-10-08,CM,NSE,STK,24398,INE168P01015,EMCURE,EQ,,,,,EMCURE PHARMACEUTICALS L,1905.10,1919.50,1838.00,1851.50,1838.30,1918.00,,1851.49,,,65719,122713509.50,15344,F1,1,,,,,
2026-10-08,2026-10-08,CM,NSE,STK,27629,INE0RHD01013,ETML,SM,,,,,EMERALD TYRE MANUF LTD,72.00,72.00,69.55,70.00,70.00,69.90,,70.00,,,4800,339660.00,4,F1,1200,,,,,
2026-10-08,2026-10-08,CM,NSE,STK,13421,INE296H01011,EMKAY,EQ,,,,,EMKAY GLOBAL FIN SERV LTD,288.40,288.40,263.10,265.65,263.65,287.30,,265.69,,,115131,31267286.25,3104,F1,1,,,,,
2026-10-08,2026-10-08,CM,NSE,STK,758591,INE0PXC01024,ETL,SM,,,,,EMKAY TOOLS LIMITED,1115.00,1115.00,1085.00,1087.50,1085.00,1125.00,,1087.50,,,1200,1318507.50,8,F1,150,,,,,
2026-10-08,2026-10-08,CM,NSE,STK,18142,INE753K01015,EMMBI,EQ,,,,,EMMBI INDUSTRIES LIMITED,85.62,88.00,84.00,85.32,85.00,85.62,,85.31,,,14986,1281215.32,216,F1,1,,,,,
2026-10-08,2026-10-08,CM,NSE,STK,759728,INE1C6T01020,EMMVEE,EQ,,,,,EMMVEE PHOTOVOLTAIC PWR L,306.55,314.20,299.00,302.00,300.40,305.80,,301.98,,,2237909,687609419.55,62237,F1,1,,,,,
2026-10-08,2026-10-08,CM,NSE,STK,764673,INE515H01014,EMPIND,EQ,,,,,EMPIRE INDUSTRIES LTD.,1044.60,1044.60,1015.00,1021.70,1024.00,1032.90,,1022.08,,,6369,6547759.10,230,F1,1,,,,,
2026-10-08,2026-10-08,CM,NSE,STK,762670,INE507F01023,EMPOWER,EQ,,,,,EMPOWER INDIA LTD.,1.80,1.84,1.80,1.83,1.84,1.76,,1.83,,,22812366,41846346.81,4780,F1,1,,,,,
2026-10-08,2026-10-08,CM,NSE,STK,18593,INE0OV601013,EMSLIMITED,EQ,,,,,EMS LIMITED,331.95,337.50,317.30,321.70,320.80,328.95,,321.70,,,544671,177340669.25,17125,F1,1,,,,,
2026-10-08,2026-10-08,CM,NSE,STK,9756,INE01QM01018,EMUDHRA,EQ,,,,,EMUDHRA LIMITED,606.30,606.30,561.20,569.90,583.20,605.50,,569.89,,,579645,334783958.95,25345,F1,1,,,,,
2026-10-08,2026-10-08,CM,NSE,STK,760321,INE433T01015,ENCOMPAS,SM,,,,,ENCOMPASS DESIGN INDIA L,239.05,252.00,239.05,249.80,252.00,249.00,,249.80,,,5200,1285340.00,12,F1,400,,,,,
2026-10-08,2026-10-08,CM,NSE,STK,18822,INE913H01037,ENDURANCE,EQ,,,,,ENDURANCE TECHNO. LTD.,2501.70,2512.40,2425.00,2433.50,2426.00,2513.40,,2433.67,,,78215,191814485.30,17541,F1,1,,,,,
2026-10-08,2026-10-08,CM,NSE,STK,15049,INE306C01019,ENERGYDEV,EQ,,,,,ENERGY DEVE. CO.LTD,14.75,14.75,13.77,14.14,14.02,14.57,,14.14,,,19761,279708.20,304,F1,1,,,,,
2026-10-08,2026-10-08,CM,NSE,STK,23745,INE0S1L01013,EMMIL,SM,,,,,ENERGY MISSION MACH IND L,124.00,126.90,122.00,122.60,122.50,122.85,,122.60,,,13000,1622012.50,33,F1,250,,,,,
2026-10-08,2026-10-08,CM,NSE,STK,4907,INE510A01028,ENGINERSIN,EQ,,,,,ENGINEERS INDIA LTD,307.80,307.80,277.75,289.00,289.20,308.30,,289.01,,,14479246,4145493269.25,180080,F1,1,,,,,
2026-10-08,2026-10-08,CM,NSE,STK,764678,INE130L01014,ENKEIWHEL,EQ,,,,,ENKEI WHEELS (INDIA) LTD.,396.15,396.15,380.00,390.10,393.95,388.45,,390.03,,,1373,531839.60,63,F1,1,,,,,
2026-10-08,2026-10-08,CM,NSE,STK,23230,INE0R9I01021,ENSER,SM,,,,,ENSER COMMUNICATIONS LTD,15.45,15.45,14.75,14.95,15.00,15.50,,14.95,,,105000,1582250.00,18,F1,5000,,,,,
2026-10-08,2026-10-08,CM,NSE,STK,22717,INE010601016,ENTERO,EQ,,,,,ENTERO HEALTHCARE SOLU L,1711.70,1719.90,1680.00,1688.80,1700.00,1713.30,,1688.77,,,63560,107736529.40,7447,F1,1,,,,,
2026-10-08,2026-10-08,CM,NSE,STK,13192,INE265F01028,ENIL,EQ,,,,,ENTERTAIN NET. IND. LTD.,92.97,93.20,91.27,91.51,91.40,92.00,,91.54,,,5585,510983.45,137,F1,1,,,,,
2026-10-08,2026-10-08,CM,NSE,STK,27213,INE0LLY01014,EIEL,EQ,,,,,ENVIRO INFRA ENGINEERS L,187.01,187.01,180.01,180.96,181.05,187.41,,180.97,,,360168,65625769.73,9751,F1,1,,,,,
2026-10-08,2026-10-08,CM,NSE,STK,25412,INE0SUH01015,ENVIRO,SM,,,,,ENVIROTECH SYSTEMS LTD,71.55,71.55,69.10,69.75,69.75,71.55,,69.75,,,18000,1257750.00,15,F1,1000,,,,,
2026-10-08,2026-10-08,CM,NSE,STK,22463,INE0G5901015,EPACK,EQ,,,,,EPACK DURABLE LIMITED,171.20,171.84,163.10,165.16,167.00,171.84,,165.16,,,354621,59174163.65,6226,F1,1,,,,,
2026-10-08,2026-10-08,CM,NSE,STK,759251,INE0MLS01022,EPACKPEB,EQ,,,,,EPACK PREFAB TECHN LTD,267.44,269.18,255.75,256.33,256.50,267.44,,256.31,,,1065154,279910084.50,21401,F1,1,,,,,
2026-10-08,2026-10-08,CM,NSE,STK,5382,INE071N01016,EPIGRAL,EQ,,,,,EPIGRAL LIMITED,1038.40,1038.40,995.20,1012.20,1014.00,1030.00,,1012.12,,,29610,29962829.90,3080,F1,1,,,,,
2026-10-08,2026-10-08,CM,NSE,STK,981,INE255A01020,EPL,EQ,,,,,EPL LIMITED,236.00,236.00,229.01,232.03,232.20,237.03,,232.03,,,3290602,762138910.60,84125,F1,1,,,,,
2026-10-08,2026-10-08,CM,NSE,STK,758349,INE11HF01010,EEPL,ST,,,,,EPPELTONE ENGINEERS LTD,132.10,133.00,131.50,133.00,133.00,133.00,,133.00,,,7000,924050.00,7,F1,1000,,,,,
2026-10-08,2026-10-08,CM,NSE,STK,761214,INE1KEC01023,EPWINDIA,SM,,,,,EPW INDIA LIMITED,232.00,232.00,232.00,232.00,232.00,244.00,,232.00,,,1200,278400.00,1,F1,1200,,,,,
2026-10-08,2026-10-08,CM,NSE,STK,3553,INE217G01035,EQUIPPP,BE,,,,,EQUIPPP SOC IMP TECH LTD,22.75,22.75,21.27,21.31,21.27,22.38,,21.31,,,5972,129392.51,43,F1,1,,,,,
2026-10-08,2026-10-08,CM,NSE,STK,913,INE063P01018,EQUITASBNK,EQ,,,,,EQUITAS SMALL FIN BNK LTD,68.92,69.19,66.10,66.44,66.26,68.92,,66.45,,,1079801,72849620.03,20060,F1,1,,,,,
2026-10-08,2026-10-08,CM,NSE,STK,21154,INE406M01024,ERIS,EQ,,,,,ERIS LIFESCIENCES LIMITED,1150.10,1187.40,1145.40,1155.10,1162.00,1145.80,,1154.65,,,465585,540880859.90,33759,F1,1,,,,,
2026-10-08,2026-10-08,CM,NSE,STK,955,INE284A01012,ESABINDIA,EQ,,,,,ESAB INDIA LTD,5601.00,5632.00,5307.50,5360.50,5366.00,5627.00,,5360.49,,,5623,30472606.50,1711,F1,1,,,,,
2026-10-08,2026-10-08,CM,NSE,STK,19884,INE818W01011,ESAFSFB,BE,,,,,ESAF SMALL FINANCE BANK L,43.54,43.54,40.54,42.17,42.19,42.67,,42.15,,,905029,37826398.15,1671,F1,1,,,,,
2026-10-08,2026-10-08,CM,NSE,STK,22767,INE0RQZ01017,ESCONET,ST,,,,,ESCONET TECHNOLOGIES LTD,247.00,247.00,232.25,232.25,232.25,244.45,,232.25,,,18000,4254880.00,43,F1,400,,,,,
2026-10-08,2026-10-08,CM,NSE,STK,958,INE042A01014,ESCORTS,EQ,,,,,ESCORTS KUBOTA LIMITED,2804.90,2809.00,2727.80,2773.60,2754.10,2785.50,,2775.19,,,46619,128792957.00,11165,F1,1,,,,,
2026-10-08,2026-10-08,CM,NSE,STK,765553,INE0DRI01029,ESDS,EQ,,,,,ESDS SOFTWARE SOLUTION L,1426.90,1426.90,1387.30,1426.90,1426.90,1359.00,,1426.90,,,3261278,4638460654.10,46990,F1,1,,,,,
2026-10-08,2026-10-08,CM,NSE,STK,759296,INE818W08149,113ESFB31,N0,,,,,ESFB 11.3% 2031 SR 2,102000.00,102000.00,102000.00,102000.00,102000.00,102979.44,,102000.00,,,1,102000.00,1,F1,1,,,,,
2026-10-08,2026-10-08,CM,NSE,STK,761461,INE818W08164,1165ESFB32,N0,,,,,ESFB 11.65% 2032 SR 4,103144.00,103144.00,103144.00,103144.00,103144.00,102000.00,,103144.00,,,1,103144.00,1,F1,1,,,,,
2026-10-08,2026-10-08,CM,NSE,STK,24678,INE0SBP01018,ESPRIT,SM,,,,,ESPRIT STONES LIMITED,61.05,61.05,56.50,57.00,57.00,62.10,,57.00,,,72000,4235040.00,43,F1,1600,,,,,
2026-10-08,2026-10-08,CM,NSE,STK,25634,INE122M01019,ESSARSHPNG,EQ,,,,,ESSAR SHIPPING LTD,16.90,16.90,15.95,16.06,16.15,16.66,,16.07,,,283463,4599615.92,1543,F1,1,,,,,
2026-10-08,2026-10-08,CM,NSE,STK,17084,INE0ITO01014,ESFL,SM,,,,,ESSEN SPECIALITY FILMS L,112.00,113.25,110.50,111.20,111.20,114.15,,111.20,,,27000,3016008.00,62,F1,360,,,,,
2026-10-08,2026-10-08,CM,NSE,STK,24265,INE778B01029,ESTER,EQ,,,,,ESTER INDUSTRIES LTD,95.80,97.95,90.36,94.67,97.00,94.55,,94.69,,,157811,14716935.21,1665,F1,1,,,,,
2026-10-08,2026-10-08,CM,NSE,STK,5097,INE758T01015,ETERNAL,EQ,,,,,ETERNAL LIMITED,328.00,328.40,317.50,319.05,319.05,328.00,,321.06,,,18044786,5821508319.15,159915,F1,1,,,,,
2026-10-08,2026-10-08,CM,NSE,STK,9750,INE04TZ01018,ETHOSLTD,EQ,,,,,ETHOS LIMITED,2646.00,2679.30,2570.20,2600.30,2612.60,2634.80,,2600.05,,,39204,103073666.50,8433,F1,1,,,,,
2026-10-08,2026-10-08,CM,NSE,STK,25162,INE0KCE01017,EUREKAFORB,EQ,,,,,EUREKA FORBES LIMITED,353.00,353.00,338.00,339.75,340.40,351.75,,339.80,,,185554,64364138.70,6927,F1,1,,,,,
2026-10-08,2026-10-08,CM,NSE,STK,6042,INE546V01010,EIFFL,BE,,,,,EURO (I) FRESH FOODS LTD,257.50,261.85,257.50,261.85,261.85,257.50,,261.85,,,378,98267.50,8,F1,1,,,,,
2026-10-08,2026-10-08,CM,NSE,STK,757953,INE505V01016,EUROBOND,EQ,,,,,EURO PANEL PRODUCTS LTD,139.57,142.50,132.00,134.54,134.00,140.27,,134.57,,,3604,490403.56,99,F1,1,,,,,
2026-10-08,2026-10-08,CM,NSE,STK,759797,INE198501012,EUROPRATIK,EQ,,,,,EURO PRATIK SALES LIMITED,178.01,183.93,170.35,173.98,176.95,179.12,,174.05,,,330831,59225044.82,5974,F1,1,,,,,
2026-10-08,2026-10-08,CM,NSE,STK,999,INE022C01012,EUROTEXIND,EQ,,,,,EUROTEX INDUSTRIES LTD,15.59,15.61,15.32,15.32,15.32,16.12,,15.32,,,17578,270393.42,46,F1,1,,,,,
2026-10-08,2026-10-08,CM,NSE,STK,766470,INE20M201019,EVENTIONS,ST,,,,,EVENTIONS LIMITED,111.00,111.00,105.45,105.45,105.45,118.00,,105.45,,,1681200,186599880.00,584,F1,1200,,,,,
2026-10-08,2026-10-08,CM,NSE,STK,11782,INE128A01029,EVEREADY,EQ,,,,,EVEREADY INDS. IND.  LTD.,325.00,325.10,317.00,318.60,324.00,320.50,,318.59,,,166173,53204869.20,3269,F1,1,,,,,
2026-10-08,2026-10-08,CM,NSE,STK,993,INE295A01018,EVERESTIND,EQ,,,,,EVEREST INDUSTRIES LTD,499.95,500.35,467.25,480.30,487.10,499.35,,478.75,,,26977,12944496.30,1266,F1,1,,,,,
2026-10-08,2026-10-08,CM,NSE,STK,13091,INE184H01027,EKC,EQ,,,,,EVEREST KANTO CYLINDERLTD,105.52,105.52,100.31,101.67,101.00,105.52,,101.66,,,252138,25745189.09,3514,F1,1,,,,,
2026-10-08,2026-10-08,CM,NSE,STK,11471,INE369A01029,EXCELINDUS,EQ,,,,,EXCEL INDUSTRIES LTD,919.10,928.85,907.50,918.70,921.00,923.90,,918.71,,,10049,9239703.65,740,F1,1,,,,,
2026-10-08,2026-10-08,CM,NSE,STK,25327,INE0Y4801011,EXCELLENT,ST,,,,,EXCELLENT WIRES N PACK L,185.00,193.00,182.70,182.70,182.70,185.00,,182.70,,,8000,1497120.00,5,F1,1600,,,,,
2026-10-08,2026-10-08,CM,NSE,STK,760007,INE606N01019,EXCELSOFT,EQ,,,,,EXCELSOFT TECHNOLOGIES L,84.57,84.57,80.18,80.99,81.01,81.71,,80.99,,,519593,42338534.07,4276,F1,1,,,,,
2026-10-08,2026-10-08,CM,NSE,STK,22947,INE777F01014,EXICOM,EQ,,,,,EXICOM TELE SYSTEMS LTD,154.99,154.99,146.37,147.13,147.79,153.78,,147.14,,,751647,112109541.78,10401,F1,1,,,,,
2026-10-08,2026-10-08,CM,NSE,STK,676,INE302A01020,EXIDEIND,EQ,,,,,EXIDE INDUSTRIES LTD,402.80,406.95,392.85,394.90,395.00,402.95,,394.92,,,1481428,590099579.90,44536,F1,1,,,,,
2026-10-08,2026-10-08,CM,NSE,STK,760422,INE19I001020,EXIMROUTES,SM,,,,,EXIM ROUTES LIMITED,87.00,91.40,87.00,91.40,91.40,84.40,,91.40,,,4000,351520.00,5,F1,800,,,,,
2026-10-08,2026-10-08,CM,NSE,STK,17486,INE201K01015,EXPLEOSOL,EQ,,,,,EXPLEO SOLUTIONS LIMITED,862.65,877.00,850.00,851.80,853.00,862.65,,851.81,,,17272,14792744.90,1215,F1,1,,,,,
2026-10-08,2026-10-08,CM,NSE,STK,5352,INE0GFE01026,EXXARO,EQ,,,,,EXXARO TILES LIMITED,6.10,6.44,6.01,6.12,6.11,6.13,,6.13,,,202766,1248727.99,431,F1,1,,,,,
2026-10-08,2026-10-08,CM,NSE,STK,760125,INE0HF201011,FABTECH,EQ,,,,,FABTECH TECHNOLOGIES LTD,141.14,141.88,137.21,138.98,140.00,143.03,,139.00,,,28275,3963096.04,883,F1,1,,,,,
2026-10-08,2026-10-08,CM,NSE,STK,1008,INE188A01015,FACT,EQ,,,,,FACT LTD,743.10,743.10,715.10,717.75,718.20,746.95,,717.83,,,65738,47775673.80,6377,F1,1,,,,,
2026-10-08,2026-10-08,CM,NSE,STK,1614,INE0DNW01011,FAIRCHEMOR,EQ,,,,,FAIRCHEM ORGANICS LIMITED,715.00,767.00,712.00,720.90,713.90,703.85,,720.90,,,104670,77178099.35,6962,F1,1,,,,,
2026-10-08,2026-10-08,CM,NSE,STK,24150,INE0PQK01013,FALCONTECH,SM,,,,,FALCON TECHNOPROJ IND LTD,12.00,12.85,12.00,12.85,12.85,12.90,,12.85,,,4800,59220.00,4,F1,1200,,,,,
2026-10-08,2026-10-08,CM,NSE,STK,765368,INE1Q2D01019,FASCINATE,SM,,,,,FASCINATE TEXTILES LTD,89.75,89.75,84.00,89.05,89.75,85.50,,89.05,,,277600,24885960.00,165,F1,800,,,,,
2026-10-08,2026-10-08,CM,NSE,STK,12000,INE963C01033,FAZE3Q,EQ,,,,,FAZE THREE LIMITED,453.40,454.85,412.35,424.10,420.65,450.10,,424.11,,,43028,18332389.30,2181,F1,1,,,,,
2026-10-08,2026-10-08,CM,NSE,STK,11999,INE512B01022,FCSSOFT,EQ,,,,,FCS SOFTWARE SOLN. LTD.,1.40,1.42,1.37,1.37,1.38,1.40,,1.37,,,1266940,1754636.77,994,F1,1,,,,,
2026-10-08,2026-10-08,CM,NSE,STK,4898,INE258B01022,FDC,EQ,,,,,FDC LIMITED,328.30,330.00,321.40,324.05,324.90,328.55,,324.05,,,113874,36950525.00,6383,F1,1,,,,,
2026-10-08,2026-10-08,CM,NSE,STK,20322,INE007N01010,FEDFINA,EQ,,,,,FEDBANK FINANCIAL SER L,149.10,149.10,141.60,145.31,145.40,148.56,,145.31,,,1166488,169101269.14,22286,F1,1,,,,,
2026-10-08,2026-10-08,CM,NSE,STK,762675,INE417D01020,FEDDERSHOL,EQ,,,,,FEDDERS HOLDING LTD.,63.20,63.74,60.66,61.76,61.35,63.43,,61.76,,,5042763,314117917.63,21526,F1,1,,,,,
2026-10-08,2026-10-08,CM,NSE,STK,1023,INE171A01029,FEDERALBNK,EQ,,,,,FEDERAL BANK LTD,323.50,326.35,319.50,321.00,321.00,323.50,,321.00,,,10087249,3260172354.05,148680,F1,1,,,,,
2026-10-08,2026-10-08,CM,NSE,STK,1190,INE529A01010,FMGOETZE,EQ,,,,,FEDERAL-MOGUL GOETZE (IND,445.00,445.00,432.60,434.85,432.60,441.15,,434.87,,,126883,55320481.50,4849,F1,1,,,,,
2026-10-08,2026-10-08,CM,NSE,STK,573,INE901X01013,FELIX,SM,,,,,FELIX INDUSTRIES LTD.,189.00,194.85,187.10,190.00,188.50,189.70,,190.00,,,56000,10684350.00,42,F1,500,,,,,
2026-10-08,2026-10-08,CM,NSE,STK,762680,INE225B01021,FERMENTA,EQ,,,,,FERMENTA BIOTECH LTD.,568.10,570.95,535.10,539.60,544.75,565.30,,539.41,,,153492,84378908.65,5934,F1,1,,,,,
2026-10-08,2026-10-08,CM,NSE,STK,8159,INE296C01020,FIBERWEB,EQ,,,,,FIBERWEB INDIA LIMITED,26.89,26.89,25.55,25.63,25.55,26.36,,25.63,,,8886,230643.54,139,F1,1,,,,,
2026-10-08,2026-10-08,CM,NSE,STK,9858,INE0LQQ01019,FIDEL,SM,,,,,FIDEL SOFTECH LIMITED,178.00,180.45,166.90,180.45,180.45,178.00,,180.45,,,8000,1403250.00,8,F1,1000,,,,,
2026-10-08,2026-10-08,CM,NSE,STK,13710,INE737H01014,FIEMIND,EQ,,,,,FIEM INDUSTRIES LIMITED,1810.00,1810.00,1742.50,1746.60,1743.00,1799.30,,1746.60,,,41058,72262394.20,5587,F1,1,,,,,
2026-10-08,2026-10-08,CM,NSE,STK,23647,INE185E01021,FILATFASH,EQ,,,,,FILATEX FASHIONS LIMITED,0.18,0.19,0.18,0.18,0.19,0.18,,0.18,,,19590372,3559531.01,1432,F1,1,,,,,
2026-10-08,2026-10-08,CM,NSE,STK,24532,INE816B01035,FILATEX,EQ,,,,,FILATEX INDIA LTD,111.62,111.62,106.01,109.74,109.30,111.63,,109.73,,,2775146,301561579.57,20328,F1,1,,,,,
2026-10-08,2026-10-08,CM,NSE,STK,759776,INE0EDU01014,FINBUD,SM,,,,,FINBUD FINANCIAL SERV LTD,121.00,124.95,120.00,120.50,120.50,122.50,,120.50,,,16000,1974100.00,8,F1,1000,,,,,
2026-10-08,2026-10-08,CM,NSE,STK,3744,INE686Y01026,FINEORG,EQ,,,,,FINE ORGANIC IND. LTD.,5650.00,5650.00,5354.50,5380.50,5365.00,5625.50,,5379.81,,,38476,210613002.00,10288,F1,1,,,,,
2026-10-08,2026-10-08,CM,NSE,STK,6198,INE045J01034,FCL,EQ,,,,,FINEOTEX CHEMICAL LIMITED,58.50,58.54,55.56,55.99,56.00,57.80,,55.99,,,16262759,915601327.68,59521,F1,1,,,,,
2026-10-08,2026-10-08,CM,NSE,STK,759239,INE734I01027,FINKURVE,EQ,,,,,FINKURVE FINANCIAL SERV L,67.53,68.80,65.91,67.41,67.49,67.53,,67.41,,,17804,1192242.06,455,F1,1,,,,,
2026-10-08,2026-10-08,CM,NSE,STK,6579,INE02NC01014,FINOPB,EQ,,,,,FINO PAYMENTS BANK LTD,134.00,150.95,134.00,145.53,143.51,128.76,,145.55,,,26642006,3899538946.92,231074,F1,1,,,,,
2026-10-08,2026-10-08,CM,NSE,STK,1038,INE235A01022,FINCABLES,EQ,,,,,FINOLEX CABLES LTD,1497.30,1499.00,1396.60,1402.20,1401.00,1483.50,,1402.18,,,719704,1025074451.80,51091,F1,1,,,,,
2026-10-08,2026-10-08,CM,NSE,STK,1041,INE183A01024,FINPIPE,EQ,,,,,FINOLEX INDUSTRIES LTD,153.00,155.00,148.55,149.76,151.10,153.91,,149.75,,,582621,87839013.25,16711,F1,1,,,,,
2026-10-08,2026-10-08,CM,NSE,STK,14304,INE684F01012,FSL,EQ,,,,,FIRSTSOURCE SOLU. LTD.,263.00,282.85,260.10,266.35,263.40,259.20,,266.35,,,19362338,5247170511.65,237622,F1,1,,,,,
2026-10-08,2026-10-08,CM,NSE,STK,757658,INE771F01041,FISCHER,EQ,,,,,FISCHER MEDICAL VENTURE L,32.61,32.70,31.25,31.96,32.00,32.63,,31.95,,,449805,14318987.81,2067,F1,1,,,,,
2026-10-08,2026-10-08,CM,NSE,STK,12032,INE128S01021,FIVESTAR,EQ,,,,,FIVE-STAR BUS FIN LTD,507.00,509.90,500.00,502.20,500.00,509.35,,502.19,,,444955,224503498.80,20618,F1,1,,,,,
2026-10-08,2026-10-08,CM,NSE,STK,20372,INE00Y201027,FLAIR,EQ,,,,,FLAIR WRITING INDUST LTD,226.10,228.90,222.00,224.44,222.10,227.97,,224.49,,,70493,15799800.14,2341,F1,1,,,,,
2026-10-08,2026-10-08,CM,NSE,STK,25516,INE060J01017,FLEXITUFF,BE,,,,,FLEXITUFF VENTURES INT L,3.20,3.25,3.20,3.25,3.25,3.19,,3.27,,,32390,105052.00,22,F1,1,,,,,
2026-10-08,2026-10-08,CM,NSE,STK,758208,INE0VCK01011,FLYSBS,SM,,,,,FLYSBS AVIATION LIMITED,623.20,653.00,600.00,618.50,617.00,631.50,,618.50,,,56400,34761690.00,250,F1,200,,,,,
2026-10-08,2026-10-08,CM,NSE,STK,760331,INE0SQZ01015,FWSTC,SM,,,,,FLYWINGS SIMULAT T C LTD,195.00,207.50,195.00,204.15,205.00,204.00,,204.15,,,129600,26090370.00,40,F1,600,,,,,
2026-10-08,2026-10-08,CM,NSE,STK,6836,INE593W01028,FOCUS,EQ,,,,,FOCUS LIGHTG & FIXTRS LTD,56.76,56.76,52.25,54.96,54.80,56.26,,54.96,,,48824,2665886.15,617,F1,1,,,,,
2026-10-08,2026-10-08,CM,NSE,STK,22520,INE0Q4701019,FONEBOX,ST,,,,,FONEBOX RETAIL LIMITED,140.50,140.50,140.50,140.50,140.50,133.85,,140.50,,,4000,562000.00,4,F1,1000,,,,,
2026-10-08,2026-10-08,CM,NSE,STK,6673,INE976E01023,FOODSIN,EQ,,,,,FOODS & INNS LIMITED,50.06,50.22,47.25,47.69,47.26,50.05,,47.69,,,49131,2380241.60,984,F1,1,,,,,
2026-10-08,2026-10-08,CM,NSE,STK,24917,INE0U2501017,FORCAS,ST,,,,,FORCAS STUDIO LIMITED,241.95,244.45,228.40,243.95,243.95,239.95,,243.95,,,12800,3018000.00,7,F1,1600,,,,,
2026-10-08,2026-10-08,CM,NSE,STK,11573,INE451A01017,FORCEMOT,EQ,,,,,FORCE MOTORS LIMITED,17000.00,17032.00,16611.00,16700.00,16700.00,16956.00,,16700.11,,,49079,824139564.00,17799,F1,1,,,,,
2026-10-08,2026-10-08,CM,NSE,STK,25664,INE0YKW01013,FORGEAUTO,SM,,,,,FORGE AUTO INTERNATION L,100.00,100.00,100.00,100.00,100.00,100.00,,100.00,,,1200,120000.00,1,F1,1200,,,,,
2026-10-08,2026-10-08,CM,NSE,STK,14592,INE061F01013,FORTIS,EQ,,,,,FORTIS HEALTHCARE LTD,779.10,779.10,762.35,763.00,763.00,779.10,,763.00,,,1664438,1277526280.80,45328,F1,1,,,,,
2026-10-08,2026-10-08,CM,NSE,STK,1073,INE519A01011,FOSECOIND,EQ,,,,,FOSECO INDIA LTD,6340.00,6464.00,6282.00,6343.50,6300.00,6373.00,,6342.67,,,11539,73417918.00,3233,F1,1,,,,,
2026-10-08,2026-10-08,CM,NSE,STK,760961,INE212S01015,FRACTAL,EQ,,,,,FRACTAL ANALYTICS LIMITED,721.00,721.30,698.00,700.65,699.85,721.30,,700.66,,,260764,185010981.00,16774,F1,1,,,,,
2026-10-08,2026-10-08,CM,NSE,STK,764683,INE194R01017,FREDUN,EQ,,,,,FREDUN PHARMACEUTICALS L,1488.00,1665.00,1462.70,1531.70,1538.00,1473.90,,1531.83,,,1074150,1692220862.20,96640,F1,1,,,,,
2026-10-08,2026-10-08,CM,NSE,STK,25871,INE0SFW01015,FRESHARA,ST,,,,,FRESHARA AGRO EXPORTS LTD,415.00,418.95,394.00,395.90,399.50,410.85,,395.90,,,22200,8888370.00,36,F1,600,,,,,
2026-10-08,2026-10-08,CM,NSE,STK,11501,INE385O01018,FROG,SM,,,,,FROG INNOVATIONS LIMITED,252.00,252.00,240.50,242.80,243.50,253.00,,242.80,,,18400,4509140.00,43,F1,400,,,,,
2026-10-08,2026-10-08,CM,NSE,STK,762685,INE572D01014,FRONTSP,EQ,,,,,FRONTIER SPRINGS LTD.,1442.80,1442.80,1380.00,1395.90,1400.00,1431.20,,1396.20,,,24543,34193238.30,2780,F1,1,,,,,
2026-10-08,2026-10-08,CM,NSE,STK,6545,INE388Y01029,NYKAA,EQ,,,,,FSN E COMMERCE VENTURES,340.85,344.10,332.30,332.30,332.30,341.25,,332.30,,,4233718,1428687681.10,79037,F1,1,,,,,
2026-10-08,2026-10-08,CM,NSE,STK,759876,INE12UR01024,UTLSOLAR,EQ,,,,,FUJIYAMA POWER SYSTEMS L,434.80,434.80,407.00,409.20,411.95,431.75,,409.22,,,281419,117041144.50,15553,F1,1,,,,,
2026-10-08,2026-10-08,CM,NSE,STK,11932,INE139R01012,FUSION,EQ,,,,,FUSION FINANCE LIMITED,168.11,168.12,160.85,162.35,162.95,168.52,,162.35,,,550556,90010172.98,11437,F1,1,,,,,
2026-10-08,2026-10-08,CM,NSE,STK,14868,INE452O01016,FLFL,BZ,,,,,FUT LIFESTYLE FASH LTD,0.97,1.01,0.94,0.96,0.95,0.98,,0.95,,,44549,42500.71,110,F1,1,,,,,
2026-10-08,2026-10-08,CM,NSE,STK,13812,INE623B01027,FEL,BZ,,,,,FUTURE ENTERPRISES LTD,0.37,0.37,0.36,0.36,0.36,0.36,,0.36,,,112856,41340.26,96,F1,1,,,,,
2026-10-08,2026-10-08,CM,NSE,STK,30491,IN9623B01058,FELDVR,BZ,,,,,FUTURE ENTERPRISES LTD,2.00,2.03,1.94,1.95,1.95,2.04,,1.94,,,1479,2953.11,21,F1,1,,,,,
2026-10-08,2026-10-08,CM,NSE,STK,21017,INE360L01017,FMNL,EQ,,,,,FUTURE MKT NETWORKS LTD,8.25,8.68,7.61,8.15,8.21,8.12,,8.14,,,29030,234763.89,188,F1,1,,,,,
2026-10-08,2026-10-08,CM,NSE,STK,1168,INE075D01018,GMBREW,EQ,,,,,G M BREWERIES LTD,988.00,1010.00,880.00,887.45,890.00,984.95,,887.39,,,1154788,1086521764.05,58230,F1,1,,,,,
2026-10-08,2026-10-08,CM,NSE,STK,5054,INE201P01022,GRINFRA,EQ,,,,,G R INFRAPROJECTS LIMITED,802.35,806.30,780.00,789.40,792.05,798.40,,789.35,,,16925,13441054.20,2614,F1,1,,,,,
2026-10-08,2026-10-08,CM,NSE,STK,1129,INE586X01012,GTECJAINX,EQ,,,,,G-TEC JAINX EDUCATION LTD,35.70,35.70,34.22,35.51,35.00,35.69,,35.51,,,10119,357806.49,104,F1,1,,,,,
2026-10-08,2026-10-08,CM,NSE,STK,1085,INE524A01029,GABRIEL,EQ,,,,,GABRIEL INDIA LTD,1357.70,1357.70,1316.90,1335.40,1329.00,1346.90,,1335.36,,,168589,225324728.10,21662,F1,1,,,,,
2026-10-08,2026-10-08,CM,NSE,STK,18018,INE224E01028,GATECH,BE,,,,,GACM TECHNOLOGIES LIMITED,0.60,0.62,0.59,0.59,0.61,0.62,,0.59,,,16045021,9612997.58,4655,F1,1,,,,,
2026-10-08,2026-10-08,CM,NSE,STK,27,INE224E01036,GATECHDVR,BE,,,,,GACM TECHNOLOGIES LIMITED,0.47,0.48,0.46,0.46,0.47,0.47,,0.46,,,442407,204861.37,139,F1,1,,,,,
2026-10-08,2026-10-08,CM,NSE,STK,4717,INE129A01019,GAIL,EQ,,,,,GAIL (INDIA) LTD,170.11,170.60,166.30,167.70,167.70,170.71,,167.70,,,7163700,1198428991.87,91607,F1,1,,,,,
2026-10-08,2026-10-08,CM,NSE,STK,765396,INE18UN01038,GAJA,EQ,,,,,GAJA ALT ASSET MGT LTD,148.00,149.50,141.88,145.10,146.00,146.35,,145.11,,,341010,49403917.75,5499,F1,1,,,,,
2026-10-08,2026-10-08,CM,NSE,STK,25134,INE0RE001014,GALAPREC,EQ,,,,,GALA PRECISION ENG LTD,1173.70,1173.70,1086.00,1103.20,1100.00,1161.40,,1103.36,,,52381,58334682.80,5234,F1,1,,,,,
2026-10-08,2026-10-08,CM,NSE,STK,759089,INE09A801015,GML,SM,,,,,GALAXY MEDICARE LIMITED,16.65,16.65,16.65,16.65,16.65,16.65,,16.65,,,2000,33300.00,1,F1,2000,,,,,
2026-10-08,2026-10-08,CM,NSE,STK,1315,INE600K01018,GALAXYSURF,EQ,,,,,GALAXY SURFACTANTS LTD,2434.00,2458.00,2376.10,2406.70,2422.60,2434.00,,2406.57,,,42011,101891585.80,10281,F1,1,,,,,
2026-10-08,2026-10-08,CM,NSE,STK,13337,INE297H01019,GALLANTT,EQ,,,,,GALLANTT ISPAT LIMITED,512.00,522.50,500.45,503.15,502.00,514.55,,503.21,,,79564,40481453.95,4077,F1,1,,,,,
2026-10-08,2026-10-08,CM,NSE,STK,20303,INE717W01049,GANDHAR,EQ,,,,,GANDHAR OIL REFINE IND L,301.00,303.00,289.35,296.45,300.00,299.20,,296.39,,,1098034,324901539.70,20446,F1,1,,,,,
2026-10-08,2026-10-08,CM,NSE,STK,14116,INE524B01027,GANDHITUBE,EQ,,,,,GANDHI SPL. TUBES LTD,984.95,985.00,946.00,951.50,952.00,974.15,,951.51,,,8708,8304660.25,779,F1,1,,,,,
2026-10-08,2026-10-08,CM,NSE,STK,5617,INE388A01029,GANESHBE,BE,,,,,GANESH BENZOPLAST LIMITED,119.00,119.00,111.90,111.90,111.90,117.78,,111.88,,,862082,98574354.10,623,F1,1,,,,,
2026-10-08,2026-10-08,CM,NSE,STK,759012,INE652V01016,GANESHCP,EQ,,,,,GANESH CONSUMER PRODUCT L,161.00,161.24,150.00,150.66,150.50,158.87,,150.64,,,775542,120380698.96,6683,F1,1,,,,,
2026-10-08,2026-10-08,CM,NSE,STK,24439,INE0R8C01018,GGBL,SM,,,,,GANESH GREEN BHARAT LTD,222.00,222.00,213.05,215.00,216.95,218.15,,215.00,,,14400,3135645.00,45,F1,300,,,,,
2026-10-08,2026-10-08,CM,NSE,STK,14339,INE460C01014,GANESHHOU,EQ,,,,,GANESH HOUSING LIMITED,699.00,703.45,676.70,691.80,692.60,701.10,,691.79,,,40397,27745647.45,2436,F1,1,,,,,
2026-10-08,2026-10-08,CM,NSE,STK,27339,INE0TVT01024,GANESHIN,SM,,,,,GANESH INFRAWORLD LIMITED,88.15,88.25,85.00,85.05,85.10,88.55,,85.05,,,36000,3116160.00,43,F1,800,,,,,
2026-10-08,2026-10-08,CM,NSE,STK,6944,INE845D01014,GANECOS,EQ,,,,,GANESHA ECOSPHERE LIMITED,998.90,998.90,959.10,961.30,965.00,998.90,,961.29,,,59515,57773682.90,4163,F1,1,,,,,
2026-10-08,2026-10-08,CM,NSE,STK,757525,INE0ZI101018,GANGABATH,SM,,,,,GANGA BATH FITTINGS LTD,21.00,22.95,20.85,22.55,22.85,21.60,,22.55,,,90000,1959750.00,26,F1,3000,,,,,
2026-10-08,2026-10-08,CM,NSE,STK,4957,INE691Z01023,GANGAFORGE,EQ,,,,,GANGA FORGING LIMITED,1.59,1.65,1.51,1.51,1.53,1.58,,1.51,,,2647191,4154688.91,1151,F1,1,,,,,
2026-10-08,2026-10-08,CM,NSE,STK,21399,INE335W01016,GANGESSECU,EQ,,,,,GANGES SECURITIES LIMITED,113.01,121.00,113.01,113.75,117.00,113.96,,113.75,,,7456,865202.13,103,F1,1,,,,,
2026-10-08,2026-10-08,CM,NSE,STK,5475,INE382Z01011,GRSE,EQ,,,,,GARDEN REACH SHIP&ENG LTD,2102.00,2105.00,2008.60,2014.00,2017.00,2102.00,,2013.98,,,516394,1055639034.40,39971,F1,1,,,,,
2026-10-08,2026-10-08,CM,NSE,STK,25800,INE0JVO01026,GARUDA,EQ,,,,,GARUDA CONSTRUCT N ENG L,172.56,172.77,164.74,165.42,166.40,172.55,,165.42,,,305674,51533207.01,5131,F1,1,,,,,
2026-10-08,2026-10-08,CM,NSE,STK,7982,INE291A01017,GRWRHITECH,EQ,,,,,GARWARE HI-TECH FILMS LTD,6903.50,6998.50,6834.50,6929.00,6946.00,6903.50,,6929.10,,,34750,240863577.00,10067,F1,1,,,,,
2026-10-08,2026-10-08,CM,NSE,STK,1100,INE276A01018,GARFIBRES,EQ,,,,,GARWARE TECH FIBRES LTD,773.75,780.20,750.60,765.15,755.00,773.75,,765.12,,,17551,13389614.85,2502,F1,1,,,,,
2026-10-08,2026-10-08,CM,NSE,STK,8510,INE079J01017,GATEWAY,EQ,,,,,GATEWAY DISTRIPARKS LTD,51.73,51.81,50.00,50.33,50.70,51.65,,50.33,,,883072,44721693.37,7639,F1,1,,,,,
2026-10-08,2026-10-08,CM,NSE,STK,760178,INE0P8B01020,GAUDIUMIVF,EQ,,,,,GAUDIUM IVF N WOMEN H L,109.49,109.50,102.83,104.38,105.40,107.50,,104.40,,,160202,16691764.56,3184,F1,1,,,,,
2026-10-08,2026-10-08,CM,NSE,STK,3693,INE287Z01012,GAYAHWS,EQ,,,,,GAYATRI HIGHWAYS LIMITED,1.89,1.89,1.79,1.80,1.80,1.86,,1.80,,,99734,182571.28,230,F1,1,,,,,
2026-10-08,2026-10-08,CM,NSE,STK,25023,INE336H01023,GAYAPROJ,EQ,,,,,GAYATRI PROJECTS LTD,20.94,21.00,20.00,20.00,20.00,21.05,,20.00,,,587679,11958942.53,2127,F1,1,,,,,
2026-10-08,2026-10-08,CM,NSE,STK,14052,INE0LVM01018,GRCL,SM,,,,,GAYATRI RUBB AND CHEM LTD,572.85,572.85,550.00,550.00,550.00,570.00,,550.00,,,750,418212.50,3,F1,250,,,,,
2026-10-08,2026-10-08,CM,NSE,STK,7862,INE878A01011,GVPIL,EQ,,,,,GE POWER INDIA LIMITED,717.00,717.00,648.50,656.15,660.00,698.15,,656.14,,,401560,269567675.20,20710,F1,1,,,,,
2026-10-08,2026-10-08,CM,NSE,STK,16783,INE200A01026,GVT&D,EQ,,,,,GE VERNOVA T&D INDIA LTD,4285.80,4285.90,4181.00,4200.00,4200.00,4316.30,,4198.27,,,517368,2180447944.00,57894,F1,1,,,,,
2026-10-08,2026-10-08,CM,NSE,STK,13658,INE916G01016,GEECEE,EQ,,,,,GEECEE VENTURES LIMITED,366.15,369.00,344.50,352.70,344.50,363.45,,350.56,,,1344,481163.20,134,F1,1,,,,,
2026-10-08,2026-10-08,CM,NSE,STK,17922,INE669X01032,GEEKAYWIRE,EQ,,,,,GEEKAY WIRES LIMITED,34.00,34.00,31.42,31.63,31.92,33.14,,31.63,,,211046,6938148.36,1389,F1,1,,,,,
2026-10-08,2026-10-08,CM,NSE,STK,759461,INE06XZ01023,GEMAROMA,EQ,,,,,GEM AROMATICS LIMITED,151.25,154.20,145.00,146.56,147.50,153.20,,146.54,,,82737,12312035.98,1943,F1,1,,,,,
2026-10-08,2026-10-08,CM,NSE,STK,277,INE481Y01014,GICRE,EQ,,,,,GENERAL INS CORP OF INDIA,316.55,317.65,308.00,309.10,310.00,316.55,,309.09,,,438547,136120229.45,18264,F1,1,,,,,
2026-10-08,2026-10-08,CM,NSE,STK,2188,INE854S01022,GENCON,EQ,,,,,GENERIC ENG CONS PROJ LTD,36.26,37.14,36.00,36.34,36.45,37.04,,36.34,,,293636,10769345.69,673,F1,1,,,,,
2026-10-08,2026-10-08,CM,NSE,STK,10905,INE727B01026,GENESYS,EQ,,,,,GENESYS INTL CORPN LTD,294.85,298.95,276.60,279.60,280.00,294.85,,279.60,,,632691,180638884.80,15332,F1,1,,,,,
2026-10-08,2026-10-08,CM,NSE,STK,758842,INE06H201014,GENSOL,BZ,,,,,GENSOL ENGINEERING LTD,11.78,11.78,11.16,11.16,11.16,11.74,,11.17,,,152297,1707412.09,854,F1,1,,,,,
2026-10-08,2026-10-08,CM,NSE,STK,6600,INE949P01018,GENUSPAPER,EQ,,,,,GENUS P&B LIMITED,10.69,10.69,10.10,10.29,10.28,10.47,,10.39,,,30373,315538.01,148,F1,1,,,,,
2026-10-08,2026-10-08,CM,NSE,STK,11905,INE955D01029,GENUSPOWER,EQ,,,,,GENUS POWER INFRASTRU LTD,302.00,302.00,287.00,288.20,288.95,301.05,,288.21,,,1005127,294179229.85,22785,F1,1,,,,,
2026-10-08,2026-10-08,CM,NSE,STK,31942,INE1W0N01014,GENXAI,SM,,,,,GENXAI ANALYTICS LIMITED,89.00,90.00,82.00,85.50,86.00,89.00,,85.50,,,44400,3816720.00,37,F1,1200,,,,,
2026-10-08,2026-10-08,CM,NSE,STK,11896,INE007B01023,GEOJITFSL,EQ,,,,,GEOJIT FINANCIAL SER L,78.00,78.00,74.60,74.94,75.60,77.98,,74.94,,,160147,12121234.01,2477,F1,1,,,,,
2026-10-08,2026-10-08,CM,NSE,STK,766366,INE0D4501011,GERMAN,EQ,,,,,GERMAN GREEN STEEL N PW L,121.80,122.50,115.00,115.62,115.45,120.11,,115.61,,,2633145,310438061.20,26364,F1,1,,,,,
2026-10-08,2026-10-08,CM,NSE,STK,1289,INE538A01037,GFLLIMITED,EQ,,,,,GFL LIMITED,57.83,58.50,54.50,54.91,55.00,57.83,,54.91,,,130840,7354400.24,2499,F1,1,,,,,
2026-10-08,2026-10-08,CM,NSE,STK,1127,INE539A01019,GHCL,EQ,,,,,GHCL LIMITED,398.80,400.60,385.00,388.05,388.00,398.80,,388.03,,,155133,60699954.85,9967,F1,1,,,,,
2026-10-08,2026-10-08,CM,NSE,STK,16696,INE0PA801013,GHCLTEXTIL,EQ,,,,,GHCL TEXTILES LIMITED,130.00,130.01,124.50,125.10,125.31,130.04,,125.10,,,238117,30265253.70,7576,F1,1,,,,,
2026-10-08,2026-10-08,CM,NSE,STK,1139,INE289B01019,GICHSGFIN,EQ,,,,,GIC HOUSING FINANCE LTD,132.80,134.50,130.88,131.30,131.03,132.83,,131.25,,,68313,9035856.80,1347,F1,1,,,,,
2026-10-08,2026-10-08,CM,NSE,STK,17839,INE047B01011,GILLANDERS,EQ,,,,,GILLANDERS ARBUTHNOT LTD,107.19,111.59,103.51,104.15,105.00,109.38,,104.15,,,11619,1241683.99,222,F1,1,,,,,
2026-10-08,2026-10-08,CM,NSE,STK,1576,INE322A01010,GILLETTE,EQ,,,,,GILLETTE INDIA LTD,7220.00,7320.00,7107.50,7263.50,7290.00,7223.50,,7262.67,,,37501,270794123.50,12840,F1,1,,,,,
2026-10-08,2026-10-08,CM,NSE,STK,9294,INE424C01010,GINNIFILA,BE,,,,,GINNIFILAMENTS LTD.,41.00,41.69,40.30,40.33,40.95,40.99,,40.22,,,25420,1039493.92,42,F1,1,,,,,
2026-10-08,2026-10-08,CM,NSE,STK,2365,INE614Z01017,GIRIRAJ,SM,,,,,GIRIRAJ CIVIL DEVP LTD,57.15,57.40,52.25,52.45,52.25,54.95,,52.45,,,6500,348100.00,19,F1,250,,,,,
2026-10-08,2026-10-08,CM,NSE,STK,759048,INE1AG301022,GKENERGY,EQ,,,,,GK ENERGY LIMITED,113.01,115.04,111.52,113.17,113.40,114.63,,113.17,,,240347,27141844.90,3517,F1,1,,,,,
2026-10-08,2026-10-08,CM,NSE,STK,764688,INE265D01015,GKB,EQ,,,,,GKB OPHTHALMICS LTD.,61.50,63.48,61.10,62.91,61.10,61.50,,62.91,,,564,35203.48,26,F1,1,,,,,
2026-10-08,2026-10-08,CM,NSE,STK,17357,INE528A01020,GKWLIMITED,EQ,,,,,GKW LIMITED,1550.00,1603.80,1526.10,1562.30,1570.00,1550.60,,1562.30,,,10689,16709048.40,193,F1,1,,,,,
2026-10-08,2026-10-08,CM,NSE,STK,1186,INE068V01023,GLAND,EQ,,,,,GLAND PHARMA LIMITED,3162.00,3170.50,3049.50,3079.10,3061.90,3150.60,,3078.64,,,495007,1535506791.80,47528,F1,1,,,,,
2026-10-08,2026-10-08,CM,NSE,STK,766005,INE644Q01039,GLASSWALL,EQ,,,,,GLASS WALL SYSTEM (I) LTD,266.30,272.80,259.20,267.10,270.00,262.25,,267.11,,,9306343,2473698412.85,99523,F1,1,,,,,
2026-10-08,2026-10-08,CM,NSE,STK,1153,INE159A01016,GLAXO,EQ,,,,,GLAXOSMITHKLINE PHARMA LT,2634.00,2647.10,2526.50,2534.40,2540.00,2634.00,,2534.40,,,64517,165560043.00,12245,F1,1,,,,,
2026-10-08,2026-10-08,CM,NSE,STK,7406,INE935A01035,GLENMARK,EQ,,,,,GLENMARK PHARMACEUTICALS,2280.00,2284.00,2181.20,2192.20,2192.20,2282.30,,2192.27,,,816490,1812809010.20,40068,F1,1,,,,,
2026-10-08,2026-10-08,CM,NSE,STK,1415,INE291W01037,GLOBAL,EQ,,,,,GLOBAL EDUCATION LIMITED,145.85,145.85,139.80,141.41,141.19,144.79,,141.41,,,147670,21173366.21,2540,F1,1,,,,,
2026-10-08,2026-10-08,CM,NSE,STK,11956,INE474Q01031,MEDANTA,EQ,,,,,GLOBAL HEALTH LIMITED,1299.00,1309.30,1270.90,1276.50,1274.00,1294.10,,1276.49,,,144593,186227424.00,20224,F1,1,,,,,
2026-10-08,2026-10-08,CM,NSE,STK,17167,INE0PS501019,GLOBALPET,SM,,,,,GLOBAL PET INDUSTRIES LTD,172.00,172.00,172.00,172.00,172.00,175.00,,172.00,,,750,129000.00,1,F1,750,,,,,
2026-10-08,2026-10-08,CM,NSE,STK,14599,INE0JSX01015,GSLSU,EQ,,,,,GLOBAL SURFACES LIMITED,30.30,30.30,27.44,27.44,27.44,28.88,,27.64,,,61808,1739018.65,555,F1,1,,,,,
2026-10-08,2026-10-08,CM,NSE,STK,13735,INE792H01019,GLOBALVECT,EQ,,,,,GLOBAL VEC HELICORP LTD,127.19,127.39,123.10,124.20,123.30,125.94,,124.19,,,6410,797584.95,267,F1,1,,,,,
2026-10-08,2026-10-08,CM,NSE,STK,24932,INE0URU01010,GLOBALE,EQ,,,,,GLOBALE TESSILE LIMITED,10.99,11.53,10.75,11.53,11.53,10.49,,11.53,,,25811,295833.79,54,F1,1,,,,,
2026-10-08,2026-10-08,CM,NSE,STK,758572,INE0V3U01015,GLOBECIVIL,EQ,,,,,GLOBE CIVIL PROJECTS LTD,40.89,42.00,40.51,40.82,40.69,40.89,,40.82,,,20910,856479.44,294,F1,1,,,,,
2026-10-08,2026-10-08,CM,NSE,STK,393,INE581X01021,GLOBE,EQ,,,,,GLOBE ENTERPRISE (I) LTD,2.10,2.18,2.06,2.07,2.08,2.11,,2.07,,,734494,1569201.02,282,F1,1,,,,,
2026-10-08,2026-10-08,CM,NSE,STK,761021,INE947T01022,GICL,BE,,,,,GLOBE INTL CARRIERS LTD,21.19,21.19,20.28,21.05,20.80,21.34,,21.05,,,66953,1396650.06,135,F1,1,,,,,
2026-10-08,2026-10-08,CM,NSE,STK,9764,INE00WS01056,GSTL,SM,,,,,GLOBESECURE TECHNO LTD,12.00,12.00,11.75,12.00,12.00,11.45,,12.00,,,6000,71500.00,5,F1,1000,,,,,
2026-10-08,2026-10-08,CM,NSE,STK,17424,INE615I01010,GLOBUSSPR,EQ,,,,,GLOBUS SPIRITS LTD,800.70,810.60,780.05,783.45,781.50,796.85,,783.45,,,54907,43618501.00,5190,F1,1,,,,,
2026-10-08,2026-10-08,CM,NSE,STK,23590,INE350Z01018,GLOSTERLTD,EQ,,,,,GLOSTER LIMITED,541.00,552.90,536.00,542.30,543.00,552.90,,541.99,,,464,251481.65,69,F1,1,,,,,
2026-10-08,2026-10-08,CM,NSE,STK,760116,INE0TQE01026,GLOTTIS,EQ,,,,,GLOTTIS LIMITED,59.29,59.61,55.75,56.62,56.83,58.71,,56.64,,,186055,10617089.38,1398,F1,1,,,,,
2026-10-08,2026-10-08,CM,NSE,STK,1570,INE541A01023,GMMPFAUDLR,EQ,,,,,GMM PFAUDLER LIMITED,1439.90,1445.40,1329.80,1340.40,1343.00,1438.00,,1340.54,,,282833,384918655.70,31516,F1,1,,,,,
2026-10-08,2026-10-08,CM,NSE,STK,13528,INE776C01039,GMRAIRPORT,EQ,,,,,GMR AIRPORTS LIMITED,90.31,91.00,87.68,87.77,87.77,91.19,,87.77,,,55866346,5006511846.73,93674,F1,1,,,,,
2026-10-08,2026-10-08,CM,NSE,STK,8529,INE0CU601026,GMRP&UI,EQ,,,,,GMR POW AND URBAN INFRA L,101.63,102.73,96.25,97.11,97.33,101.58,,97.11,,,936381,92667997.18,11716,F1,1,,,,,
2026-10-08,2026-10-08,CM,NSE,STK,18571,INE934S01014,GNA,EQ,,,,,GNA AXLES LIMITED,583.65,585.05,542.80,557.70,557.05,583.65,,557.69,,,853670,475689349.00,24799,F1,1,,,,,
2026-10-08,2026-10-08,CM,NSE,STK,757862,INE18JU01028,EBGNG,EQ,,,,,GNG ELECTRONICS LIMITED,735.00,740.40,689.00,692.15,690.00,731.35,,692.16,,,884893,623566194.75,42073,F1,1,,,,,
2026-10-08,2026-10-08,CM,NSE,STK,23799,INE03JT01014,GODIGIT,EQ,,,,,GO DIGIT GENERAL INS LTD,264.75,266.40,260.00,261.45,262.10,264.75,,261.45,,,280849,73684144.80,13863,F1,1,,,,,
2026-10-08,2026-10-08,CM,NSE,STK,6964,INE0BJS01011,GOCOLORS,EQ,,,,,GO FASHION INDIA LTD,306.15,306.15,292.20,296.90,295.00,306.15,,296.97,,,42886,12869171.25,2258,F1,1,,,,,
2026-10-08,2026-10-08,CM,NSE,STK,14687,INE426D01013,GOACARBON,EQ,,,,,GOA CARBON LIMITED,403.60,415.50,391.45,394.80,393.00,407.80,,394.85,,,27831,11171162.45,1639,F1,1,,,,,
2026-10-08,2026-10-08,CM,NSE,STK,3963,INE077F01035,GOCLCORP,EQ,,,,,GOCL CORPORATION LIMITED,367.60,367.60,355.25,357.60,358.50,367.85,,357.61,,,46097,16603866.95,2517,F1,1,,,,,
2026-10-08,2026-10-08,CM,NSE,STK,25941,INE497S01012,GODAVARIB,EQ,,,,,GODAVARI BIOREFINERIES L,225.10,228.29,217.00,221.02,219.99,226.24,,221.10,,,72871,16307267.46,1969,F1,1,,,,,
2026-10-08,2026-10-08,CM,NSE,STK,13409,INE177H01039,GPIL,EQ,,,,,GODAWARI POW & ISP LTD,215.01,215.50,204.52,205.63,205.10,214.31,,205.63,,,1261703,262337938.01,23732,F1,1,,,,,
2026-10-08,2026-10-08,CM,NSE,STK,1181,INE260B01028,GODFRYPHLP,EQ,,,,,GODFREY PHILLIPS INDIA LT,1862.00,1866.00,1770.00,1771.00,1771.00,1862.40,,1771.40,,,284307,512267804.20,26089,F1,1,,,,,
2026-10-08,2026-10-08,CM,NSE,STK,144,INE850D01014,GODREJAGRO,EQ,,,,,GODREJ AGROVET LIMITED,638.00,649.10,627.40,639.95,641.55,639.60,,639.95,,,351869,224365418.60,14767,F1,1,,,,,
2026-10-08,2026-10-08,CM,NSE,STK,10099,INE102D01028,GODREJCP,EQ,,,,,GODREJ CONSUMER PRODUCTS,866.20,874.50,861.30,865.00,865.00,865.55,,865.00,,,892378,773435599.80,25296,F1,1,,,,,
2026-10-08,2026-10-08,CM,NSE,STK,10925,INE233A01035,GODREJIND,EQ,,,,,GODREJ INDUSTRIES LTD,1019.10,1042.90,974.50,1002.40,995.20,1029.00,,1002.44,,,144753,144843119.80,17572,F1,1,,,,,
2026-10-08,2026-10-08,CM,NSE,STK,17875,INE484J01027,GODREJPROP,EQ,,,,,GODREJ PROPERTIES LTD,1579.00,1580.40,1530.00,1534.00,1534.00,1580.20,,1534.03,,,866694,1338963220.80,69081,F1,1,,,,,
2026-10-08,2026-10-08,CM,NSE,STK,765280,IN0020260058,620GS2029,GS,,,,,GOI LOAN   6.20% 2029,99.30,99.30,99.30,99.30,99.30,98.50,,99.30,,,21,2085.30,1,F1,1,,,,,
2026-10-08,2026-10-08,CM,NSE,STK,27405,IN0020240167,664GS2027,GS,,,,,GOI LOAN   6.64% 2027,101.11,101.50,101.11,101.50,101.50,106.00,,101.50,,,202,20463.61,4,F1,1,,,,,
2026-10-08,2026-10-08,CM,NSE,STK,28530,IN0020240183,675GS2029,GS,,,,,GOI LOAN   6.75% 2029,101.26,101.26,101.26,101.26,101.26,101.00,,101.26,,,900,91134.00,1,F1,1,,,,,
2026-10-08,2026-10-08,CM,NSE,STK,27127,IN0020240134,692GS2039,GS,,,,,GOI LOAN   6.92% 2039,98.00,98.00,98.00,98.00,98.00,98.00,,98.00,,,34,3332.00,3,F1,1,,,,,
2026-10-08,2026-10-08,CM,NSE,STK,24705,IN0020240100,697GR2034,GS,,,,,GOI LOAN   6.97% 2034,97.60,97.60,97.60,97.60,97.60,97.60,,97.60,,,10000,976000.00,4,F1,1,,,,,
2026-10-08,2026-10-08,CM,NSE,STK,27170,IN0020240142,709GS2074,GS,,,,,GOI LOAN   7.09% 2074,94.75,94.75,94.25,94.46,94.35,94.79,,94.46,,,12582,1190675.25,32,F1,1,,,,,
2026-10-08,2026-10-08,CM,NSE,STK,757983,IN0020250067,601GS2030,GS,,,,,GOI LOAN  6.01% 2030,98.00,98.00,98.00,98.00,98.00,96.70,,98.00,,,200,19600.00,1,F1,1,,,,,
2026-10-08,2026-10-08,CM,NSE,STK,760622,IN0020250125,603GS2029,GS,,,,,GOI LOAN  6.03% 2029,98.20,98.20,98.20,98.20,98.20,98.50,,98.20,,,100,9820.00,1,F1,1,,,,,
2026-10-08,2026-10-08,CM,NSE,STK,5012,IN0020210095,610GS2031,GS,,,,,GOI LOAN  6.10% 2031,95.79,96.00,95.79,96.00,96.00,99.49,,96.00,,,20,1917.90,2,F1,1,,,,,
2026-10-08,2026-10-08,CM,NSE,STK,756890,IN0020250026,633GS2035,GS,,,,,GOI LOAN  6.33% 2035,98.00,98.00,98.00,98.00,98.00,100.35,,98.00,,,1,98.00,1,F1,1,,,,,
2026-10-08,2026-10-08,CM,NSE,STK,761020,IN0020250141,636GS2031,GS,,,,,GOI LOAN  6.36% 2031,98.99,98.99,98.11,98.96,98.11,99.50,,98.96,,,104,10292.32,4,F1,1,,,,,
2026-10-08,2026-10-08,CM,NSE,STK,759396,IN0020250091,648GS2035,GS,,,,,GOI LOAN  6.48% 2035,96.50,96.50,94.57,96.50,96.50,96.60,,96.50,,,1671,159396.75,6,F1,1,,,,,
2026-10-08,2026-10-08,CM,NSE,STK,765941,IN0020260074,653GS2031,GS,,,,,GOI LOAN  6.53% 2031,98.01,98.01,98.01,98.01,98.01,99.80,,98.01,,,99,9702.99,1,F1,1,,,,,
2026-10-08,2026-10-08,CM,NSE,STK,7843,IN0020210244,654GS2032,GS,,,,,GOI LOAN  6.54% 2032,98.90,98.90,97.40,97.50,97.50,98.90,,98.13,,,1506,148935.30,6,F1,1,,,,,
2026-10-08,2026-10-08,CM,NSE,STK,956,IN0020200252,667GS2050,GS,,,,,GOI LOAN  6.67% 2050,91.50,91.50,91.45,91.45,91.45,91.45,,91.48,,,27,2470.45,4,F1,1,,,,,
2026-10-08,2026-10-08,CM,NSE,STK,757847,IN0020250042,668GS2040,GS,,,,,GOI LOAN  6.68% 2040,97.00,97.25,96.66,96.66,96.66,97.00,,96.66,,,20692,2000424.00,7,F1,1,,,,,
2026-10-08,2026-10-08,CM,NSE,STK,2317,IN0020200401,676GS2061,GS,,,,,GOI LOAN  6.76% 2061,89.60,89.80,88.70,89.39,89.39,89.49,,89.48,,,28899,2586260.52,71,F1,1,,,,,
2026-10-08,2026-10-08,CM,NSE,STK,25736,IN0020240126,679GS2034,GS,,,,,GOI LOAN  6.79% 2034,98.70,98.70,97.50,98.70,98.70,97.50,,98.70,,,154,15079.80,3,F1,1,,,,,
2026-10-08,2026-10-08,CM,NSE,STK,22438,IN0020200187,68GS2060,GS,,,,,GOI LOAN  6.8% 2060,92.20,92.20,91.00,91.00,91.00,91.80,,91.00,,,2253,205468.95,16,F1,1,,,,,
2026-10-08,2026-10-08,CM,NSE,STK,756014,IN0020250018,690GS2065,GS,,,,,GOI LOAN  6.90% 2065,93.39,93.39,92.75,92.75,92.75,92.86,,92.75,,,39483,3665540.15,52,F1,1,,,,,
2026-10-08,2026-10-08,CM,NSE,STK,763340,IN0020260025,694GS2036,GS,,,,,GOI LOAN  6.94% 2036,102.05,102.49,101.26,101.74,101.74,101.12,,101.74,,,4569,465018.49,19,F1,1,,,,,
2026-10-08,2026-10-08,CM,NSE,STK,6817,IN0020210202,695GS2061,GS,,,,,GOI LOAN  6.95% 2061,92.90,92.90,92.74,92.74,92.74,92.70,,92.74,,,28,2598.03,11,F1,1,,,,,
2026-10-08,2026-10-08,CM,NSE,STK,6696,IN0020210194,699GS2051,GS,,,,,GOI LOAN  6.99% 2051,95.50,95.50,95.50,95.50,95.50,96.00,,95.50,,,502,47941.00,3,F1,1,,,,,
2026-10-08,2026-10-08,CM,NSE,STK,23854,IN0020240043,702GS2027,GS,,,,,GOI LOAN  7.02% 2027,102.89,102.89,102.89,102.89,102.89,102.45,,102.89,,,1,102.89,1,F1,1,,,,,
2026-10-08,2026-10-08,CM,NSE,STK,23919,IN0020240050,704GS2029,GS,,,,,GOI LOAN  7.04% 2029,103.00,103.00,103.00,103.00,103.00,102.70,,103.00,,,5996,617588.00,1,F1,1,,,,,
2026-10-08,2026-10-08,CM,NSE,STK,14970,IN0020230010,706GS2028,GS,,,,,GOI LOAN  7.06% 2028,102.27,102.27,102.27,102.27,102.27,102.25,,102.27,,,100,10227.00,1,F1,1,,,,,
2026-10-08,2026-10-08,CM,NSE,STK,764295,IN0020260041,706GS2041,GS,,,,,GOI LOAN  7.06% 2041,99.25,99.25,99.25,99.25,99.25,99.25,,99.25,,,100,9925.00,1,F1,1,,,,,
2026-10-08,2026-10-08,CM,NSE,STK,24949,IN0020240118,709GS2054,GS,,,,,GOI LOAN  7.09% 2054,99.00,99.00,95.50,95.80,95.80,95.15,,95.80,,,1002,95694.80,3,F1,1,,,,,
2026-10-08,2026-10-08,CM,NSE,STK,15050,IN0020230036,717GS2030,GS,,,,,GOI LOAN  7.17% 2030,102.99,103.89,102.99,103.89,103.89,103.05,,103.89,,,5469,563306.89,9,F1,1,,,,,
2026-10-08,2026-10-08,CM,NSE,STK,17398,IN0020230077,718GS2037,GS,,,,,GOI LOAN  7.18% 2037,103.48,103.48,101.26,102.78,102.78,101.72,,102.78,,,1004,101672.54,6,F1,1,,,,,
2026-10-08,2026-10-08,CM,NSE,STK,23518,IN0020240027,723GS2039,GS,,,,,GOI LOAN  7.23% 2039,101.95,102.00,101.50,101.50,101.50,102.00,,101.50,,,10004,1020356.00,8,F1,1,,,,,
2026-10-08,2026-10-08,CM,NSE,STK,758674,IN0020250075,724GS2055,GS,,,,,GOI LOAN  7.24% 2055,96.40,96.40,95.65,95.66,95.66,96.19,,95.66,,,116224,11190835.19,39,F1,1,,,,,
2026-10-08,2026-10-08,CM,NSE,STK,16733,IN0020230044,725GS2063,GS,,,,,GOI LOAN  7.25% 2063,96.40,96.40,95.85,96.01,95.99,96.27,,96.01,,,209903,20162981.62,101,F1,1,,,,,
2026-10-08,2026-10-08,CM,NSE,STK,10722,IN0020220060,726GS2032,GS,,,,,GOI LOAN  7.26% 2032,100.05,101.50,99.85,101.00,101.00,101.21,,101.00,,,4300,432916.25,9,F1,1,,,,,
2026-10-08,2026-10-08,CM,NSE,STK,14051,IN0020220151,726GS2033,GS,,,,,GOI LOAN  7.26% 2033,101.49,101.49,101.00,101.00,101.00,101.49,,101.00,,,994,100635.08,4,F1,1,,,,,
2026-10-08,2026-10-08,CM,NSE,STK,16865,IN0020230051,73GS2053,GS,,,,,GOI LOAN  7.3% 2053,97.45,97.45,97.10,97.40,97.40,97.44,,97.40,,,13976,1357967.90,18,F1,1,,,,,
2026-10-08,2026-10-08,CM,NSE,STK,19685,IN0020230119,733GS2026,GS,,,,,GOI LOAN  7.33% 2026,102.84,103.00,102.84,102.99,102.99,102.84,,102.99,,,2101,216368.98,19,F1,1,,,,,
2026-10-08,2026-10-08,CM,NSE,STK,23558,IN0020240035,734GS2064,GS,,,,,GOI LOAN  7.34% 2064,98.78,98.80,98.40,98.45,98.40,98.57,,98.45,,,29263,2883932.51,29,F1,1,,,,,
2026-10-08,2026-10-08,CM,NSE,STK,10931,IN0020220086,736GS2052,GS,,,,,GOI LOAN  7.36% 2052,98.45,98.45,98.45,98.45,98.45,98.45,,98.45,,,20,1969.00,1,F1,1,,,,,
2026-10-08,2026-10-08,CM,NSE,STK,19566,IN0020230101,737GS2028,GS,,,,,GOI LOAN  7.37% 2028,103.10,103.10,103.10,103.10,103.10,104.00,,103.10,,,1419,146298.90,2,F1,1,,,,,
2026-10-08,2026-10-08,CM,NSE,STK,10981,IN0020220094,74GS2062,GS,,,,,GOI LOAN  7.4% 2062,97.90,97.90,97.30,97.90,97.90,98.00,,97.95,,,1007,98007.30,7,F1,1,,,,,
2026-10-08,2026-10-08,CM,NSE,STK,13194,IN0020220102,741GS2036,GS,,,,,GOI LOAN  7.41% 2036,103.50,103.98,103.20,103.44,103.50,103.07,,103.44,,,6102,633169.68,14,F1,1,,,,,
2026-10-08,2026-10-08,CM,NSE,STK,760649,IN0020250117,743GS2076,GS,,,,,GOI LOAN  7.43% 2076,98.25,98.25,97.75,97.80,97.75,98.00,,97.86,,,23202,2273963.07,36,F1,1,,,,,
2026-10-08,2026-10-08,CM,NSE,STK,19808,IN0020230127,746GS2073,GS,,,,,GOI LOAN  7.46% 2073,101.99,101.99,100.00,100.00,100.00,101.50,,100.00,,,564,56497.89,8,F1,1,,,,,
2026-10-08,2026-10-08,CM,NSE,STK,9585,IN0020220029,754GS2036,GS,,,,,GOI LOAN  7.54% 2036,104.76,104.76,104.10,104.45,104.10,104.76,,104.45,,,536927,56130602.80,194,F1,1,,,,,
2026-10-08,2026-10-08,CM,NSE,STK,766043,IN0020260082,763GS2056,GS,,,,,GOI LOAN  7.63% 2056,100.50,100.50,100.00,100.01,100.00,100.29,,100.01,,,4711,471843.73,15,F1,1,,,,,
2026-10-08,2026-10-08,CM,NSE,STK,763489,IN0020260033,771GS2066,GS,,,,,GOI LOAN  7.71% 2066,103.15,103.25,102.91,102.99,102.99,103.00,,102.99,,,8719,897964.40,15,F1,1,,,,,
2026-10-08,2026-10-08,CM,NSE,STK,6868,IN0020030022,613GS2028,GS,,,,,GOI LOAN 6.13% 2028,100.60,101.00,100.00,101.00,101.00,100.66,,101.00,,,3998,401835.20,4,F1,1,,,,,
2026-10-08,2026-10-08,CM,NSE,STK,13472,IN0020190362,645GS2029,GS,,,,,GOI LOAN 6.45% 2029,99.62,99.62,99.62,99.62,99.62,101.60,,99.62,,,1,99.62,1,F1,1,,,,,
2026-10-08,2026-10-08,CM,NSE,STK,7205,IN0020170042,668GS2031,GS,,,,,GOI LOAN 6.68% 2031,101.25,101.25,101.25,101.25,101.25,97.70,,101.25,,,1,101.25,1,F1,1,,,,,
2026-10-08,2026-10-08,CM,NSE,STK,9047,IN0020220011,710GS2029,GS,,,,,GOI LOAN 7.10% 2029,102.52,103.60,102.52,103.49,103.49,103.00,,103.49,,,11841,1220284.22,14,F1,1,,,,,
2026-10-08,2026-10-08,CM,NSE,STK,8027,IN0020180454,726GS2029,GS,,,,,GOI LOAN 7.26% 2029,103.05,103.05,103.05,103.05,103.05,102.10,,103.05,,,1,103.05,1,F1,1,,,,,
2026-10-08,2026-10-08,CM,NSE,STK,9913,IN0020220037,738GS2027,GS,,,,,GOI LOAN 7.38% 2027,102.87,102.87,102.40,102.65,102.85,102.64,,102.65,,,45934,4712243.84,36,F1,1,,,,,
2026-10-08,2026-10-08,CM,NSE,STK,7136,IN0020150077,772GS2055,GS,,,,,GOI LOAN 7.72% 2055,104.00,107.00,104.00,106.00,106.00,103.50,,106.00,,,22,2318.00,4,F1,1,,,,,
2026-10-08,2026-10-08,CM,NSE,STK,6835,IN0020020106,795GS2032,GS,,,,,GOI LOAN 7.95% 2032,104.69,104.69,104.69,104.69,104.69,104.70,,104.69,,,38167,3995703.23,1,F1,1,,,,,
2026-10-08,2026-10-08,CM,NSE,STK,6884,IN0020060078,824GS2027,GS,,,,,GOI LOAN 8.24%2027,103.20,103.25,103.20,103.25,103.25,101.60,,103.25,,,2,206.45,2,F1,1,,,,,
2026-10-08,2026-10-08,CM,NSE,STK,6885,IN0020060086,828GS2032,GS,,,,,GOI LOAN 8.28%2032,104.51,105.25,104.50,105.25,105.25,110.00,,105.25,,,2000,209756.00,5,F1,1,,,,,
2026-10-08,2026-10-08,CM,NSE,STK,7034,IN0020120062,83GS2042,GS,,,,,GOI LOAN 8.30% 2042,105.21,105.66,105.21,105.66,105.66,107.00,,105.66,,,242,25515.27,2,F1,1,,,,,
2026-10-08,2026-10-08,CM,NSE,STK,6883,IN0020060045,833GS2036,GS,,,,,GOI LOAN 8.33% 2036,108.21,108.75,108.21,108.75,108.75,108.58,,108.75,,,200,21696.00,2,F1,1,,,,,
2026-10-08,2026-10-08,CM,NSE,STK,7013,IN0020110063,883GS2041,GS,,,,,GOI LOAN 8.83% 2041,111.30,111.30,111.30,111.30,111.30,111.25,,111.30,,,100,11130.00,1,F1,1,,,,,
2026-10-08,2026-10-08,CM,NSE,STK,7039,IN0020130053,92GS2030,GS,,,,,GOI LOAN 9.20% 2030,109.50,109.60,108.20,109.60,109.60,109.65,,109.80,,,12124,1317246.35,23,F1,1,,,,,
2026-10-08,2026-10-08,CM,NSE,STK,763288,IN002026Y055,182D051126,TB,,,,,GOI TBILL 182D-05/11/26,98.94,99.30,98.93,99.30,99.30,98.00,,99.30,,,700,69365.00,3,F1,100,,,,,
2026-10-08,2026-10-08,CM,NSE,STK,763526,IN002026Y071,182D191126,TB,,,,,GOI TBILL 182D-19/11/26,98.63,99.15,98.60,99.10,99.10,98.00,,99.10,,,4200,414703.00,9,F1,100,,,,,
2026-10-08,2026-10-08,CM,NSE,STK,763204,IN002026Y048,182D291026,TB,,,,,GOI TBILL 182D-29/10/26,99.01,99.65,99.00,99.65,99.65,99.08,,99.65,,,3300,327528.00,9,F1,100,,,,,
2026-10-08,2026-10-08,CM,NSE,STK,763783,IN002026Z136,364D010727,TB,,,,,GOI TBILL 364D-01/07/27,95.59,95.59,95.59,95.59,95.59,94.44,,95.59,,,1800,172062.00,1,F1,100,,,,,
2026-10-08,2026-10-08,CM,NSE,STK,760593,IN002025Z401,364D070127,TB,,,,,GOI TBILL 364D-07/01/27,97.75,97.80,97.75,97.77,97.80,97.60,,97.77,,,3200,312895.00,7,F1,100,,,,,
2026-10-08,2026-10-08,CM,NSE,STK,761384,IN002025Z492,364D110327,TB,,,,,GOI TBILL 364D-11/03/27,96.64,96.64,96.64,96.64,96.64,96.32,,96.64,,,100,9664.00,1,F1,100,,,,,
2026-10-08,2026-10-08,CM,NSE,STK,764512,IN002026Z193,364D120827,TB,,,,,GOI TBILL 364D-12/08/27,94.93,94.93,94.93,94.93,94.93,94.15,,94.93,,,200,18986.00,1,F1,100,,,,,
2026-10-08,2026-10-08,CM,NSE,STK,759831,IN002025Z336,364D121126,TB,,,,,GOI TBILL 364D-12/11/26,99.30,99.30,99.30,99.30,99.30,99.10,,99.30,,,20000,1986000.00,2,F1,100,,,,,
2026-10-08,2026-10-08,CM,NSE,STK,759476,IN002025Z294,364D151026,TB,,,,,GOI TBILL 364D-15/10/26,99.75,99.90,99.75,99.89,99.89,99.30,,99.89,,,14000,1397385.00,9,F1,100,,,,,
2026-10-08,2026-10-08,CM,NSE,STK,764510,IN002026X198,91D121126,TB,,,,,GOI TBILL 91D-12/11/26,99.42,99.42,99.42,99.42,99.42,99.42,,99.42,,,100,9942.00,1,F1,100,,,,,
2026-10-08,2026-10-08,CM,NSE,STK,764152,IN002026X156,91D151026,TB,,,,,GOI TBILL 91D-15/10/26,99.85,99.85,99.85,99.85,99.85,99.50,,99.85,,,100,9985.00,1,F1,100,,,,,
2026-10-08,2026-10-08,CM,NSE,STK,766094,IN002026X248,91D171226,TB,,,,,GOI TBILL 91D-17/12/26,98.70,98.70,98.70,98.70,98.70,98.70,,98.70,,,100,9870.00,1,F1,100,,,,,
2026-10-08,2026-10-08,CM,NSE,STK,11778,INE887G01027,GOKEX,EQ,,,,,GOKALDAS EXPORTS LTD.,674.75,675.00,647.10,652.35,650.00,673.00,,652.35,,,198105,130748274.70,10482,F1,1,,,,,
2026-10-08,2026-10-08,CM,NSE,STK,14480,INE314T01033,GOKULAGRO,EQ,,,,,GOKUL AGRO RESOURCES LTD,212.99,216.60,204.40,205.54,207.00,212.42,,205.54,,,182844,38027447.70,8730,F1,1,,,,,
2026-10-08,2026-10-08,CM,NSE,STK,16705,INE020J01029,GOKUL,EQ,,,,,GOKUL REFOILS & SOLV LTD,38.52,39.04,37.21,37.80,37.50,38.97,,37.80,,,153365,5925168.51,648,F1,1,,,,,
2026-10-08,2026-10-08,CM,NSE,STK,11619,INE973A01010,GOLDENTOBC,BZ,,,,,GOLDEN TOBACCO LIMITED,22.84,22.85,21.72,22.08,22.01,22.85,,22.25,,,2285,51292.38,23,F1,1,,,,,
2026-10-08,2026-10-08,CM,NSE,STK,11971,INE025B01025,GOLDIAM,EQ,,,,,GOLDIAM INTERNATIONAL LTD,315.25,315.90,305.00,305.75,306.10,317.00,,305.71,,,339067,104730775.45,8064,F1,1,,,,,
2026-10-08,2026-10-08,CM,NSE,STK,3,INE405Y01021,GOLDSTAR,ST,,,,,GOLDSTAR POWER LIMITED,10.55,10.55,10.55,10.55,10.55,11.10,,10.55,,,236250,2492437.50,17,F1,11250,,,,,
2026-10-08,2026-10-08,CM,NSE,STK,6125,INE127I01024,GOODLUCK,EQ,,,,,GOODLUCK INDIA LIMITED,501.90,513.95,492.40,496.80,494.50,501.95,,496.78,,,640719,323631473.35,15271,F1,1,,,,,
2026-10-08,2026-10-08,CM,NSE,STK,1205,INE533A01012,GOODYEAR,EQ,,,,,GOODYEAR INDIA LIMITED,685.05,688.85,676.00,677.05,678.00,685.05,,677.00,,,3650,2477962.35,591,F1,1,,,,,
2026-10-08,2026-10-08,CM,NSE,STK,23066,INE0L9R01028,GOPAL,EQ,,,,,GOPAL SNACKS LIMITED,255.85,258.70,248.90,252.40,250.00,255.40,,252.45,,,113725,28617244.90,4049,F1,1,,,,,
2026-10-08,2026-10-08,CM,NSE,STK,11787,INE705X01026,GOYALALUM,EQ,,,,,GOYAL ALUMINIUMS LIMITED,5.94,5.96,5.45,5.60,5.51,5.94,,5.60,,,93153,530478.44,823,F1,1,,,,,
2026-10-08,2026-10-08,CM,NSE,STK,19356,INE0QFE01017,GOYALSALT,SM,,,,,GOYAL SALT LIMITED,102.00,102.00,100.00,100.00,100.00,102.00,,100.00,,,4200,422700.00,7,F1,600,,,,,
2026-10-08,2026-10-08,CM,NSE,STK,24108,INE0S7E01015,GPECO,SM,,,,,GP ECO SOLUTIONS INDIA L,454.95,462.35,420.00,423.85,428.90,454.45,,423.85,,,24200,10476830.00,102,F1,200,,,,,
2026-10-08,2026-10-08,CM,NSE,STK,11584,INE586G01017,GULFPETRO,BE,,,,,GP PETROLEUMS LIMITED,61.40,63.00,58.56,59.08,62.51,61.64,,59.16,,,78062,4648502.32,348,F1,1,,,,,
2026-10-08,2026-10-08,CM,NSE,STK,22846,INE486R01017,GPTHEALTH,EQ,,,,,GPT HEALTHCARE LIMITED,145.03,145.61,138.15,140.12,140.50,146.34,,140.12,,,147331,20896149.52,4110,F1,1,,,,,
2026-10-08,2026-10-08,CM,NSE,STK,17685,INE390G01014,GPTINFRA,EQ,,,,,GPT INFRAPROJECTS LTD,130.00,130.20,120.10,121.19,121.79,130.06,,121.20,,,474533,58847520.40,7440,F1,1,,,,,
2026-10-08,2026-10-08,CM,NSE,STK,763301,INE361K01017,GRADIENTE,BE,,,,,GRADIENTE INFOTAINMENT L,2.50,2.53,2.40,2.46,2.50,2.50,,2.46,,,308363,752958.58,200,F1,1,,,,,
2026-10-08,2026-10-08,CM,NSE,STK,30286,INE12E301017,GCHOTELS,SM,,,,,GRAND CONTINENT HOTELS L,115.05,121.00,104.50,115.05,115.00,115.70,,115.05,,,66600,7396200.00,92,F1,600,,,,,
2026-10-08,2026-10-08,CM,NSE,STK,11079,INE534A01028,GFSTEELS,BE,,,,,GRAND FOUNDRY LTD,41.43,41.43,41.43,41.43,41.43,40.62,,39.10,,,13521,560175.03,29,F1,1,,,,,
2026-10-08,2026-10-08,CM,NSE,STK,762695,INE926B01016,GRANDOAK,EQ,,,,,GRAND OAK CANYONS DIST L,36.30,36.40,34.02,36.00,36.40,34.96,,36.01,,,1629,58640.10,83,F1,1,,,,,
2026-10-08,2026-10-08,CM,NSE,STK,11872,INE101D01020,GRANULES,EQ,,,,,GRANULES INDIA LIMITED,850.00,850.00,810.30,815.05,814.00,845.30,,815.05,,,671015,555469015.30,32596,F1,1,,,,,
2026-10-08,2026-10-08,CM,NSE,STK,20454,INE0POU01017,GRAPHISAD,SM,,,,,GRAPHISADS LIMITED,22.55,23.80,22.55,23.80,23.80,24.70,,23.80,,,2400,55620.00,2,F1,1200,,,,,
2026-10-08,2026-10-08,CM,NSE,STK,592,INE371A01025,GRAPHITE,EQ,,,,,GRAPHITE INDIA LTD,830.10,831.00,794.20,802.15,800.00,834.05,,802.16,,,1148572,926127325.85,41187,F1,1,,,,,
2026-10-08,2026-10-08,CM,NSE,STK,1232,INE047A01021,GRASIM,EQ,,,,,GRASIM INDUSTRIES LTD,2909.00,2919.90,2853.50,2856.80,2856.80,2921.10,,2856.82,,,493070,1417873428.40,37296,F1,1,,,,,
2026-10-08,2026-10-08,CM,NSE,STK,5200,INE266D01021,GRAUWEIL,EQ,,,,,GRAUER & WEIL IND LTD,80.51,81.35,77.32,78.00,77.90,81.05,,78.01,,,475568,37441775.24,3687,F1,1,,,,,
2026-10-08,2026-10-08,CM,NSE,STK,762703,INE214F01026,GRAVISSHO,BE,,,,,GRAVISS HOSPITALITY LTD.,31.00,32.50,30.00,30.01,31.00,31.00,,30.01,,,4080,122702.37,31,F1,1,,,,,
2026-10-08,2026-10-08,CM,NSE,STK,20534,INE024L01027,GRAVITA,EQ,,,,,GRAVITA INDIA LIMITED,1496.00,1523.60,1475.10,1482.30,1484.60,1496.00,,1482.37,,,173491,259001690.10,17109,F1,1,,,,,
2026-10-08,2026-10-08,CM,NSE,STK,1235,INE224A01026,GREAVESCOT,EQ,,,,,GREAVES COTTON LTD.,211.10,212.55,204.96,211.61,210.10,212.00,,211.61,,,2122180,444242164.89,31891,F1,1,,,,,
2026-10-08,2026-10-08,CM,NSE,STK,766444,INE1WDS01018,GREENASIA,ST,,,,,GREEN ASIA IMPEX LIMITED,80.35,80.35,80.35,80.35,80.35,84.55,,80.35,,,27200,2185520.00,14,F1,1600,,,,,
2026-10-08,2026-10-08,CM,NSE,STK,17092,INE0O7P01015,GREENCHEF,SM,,,,,GREENCHEF APPLIANCES LTD,65.50,65.50,65.00,65.00,65.00,66.65,,65.00,,,2400,156440.00,3,F1,800,,,,,
2026-10-08,2026-10-08,CM,NSE,STK,6848,INE544R01021,GREENLAM,EQ,,,,,GREENLAM INDUSTRIES LTD.,211.45,211.45,205.20,206.86,206.15,210.50,,206.93,,,32345,6720896.31,1561,F1,1,,,,,
2026-10-08,2026-10-08,CM,NSE,STK,759424,INE0PLX01017,GREENLEAF,SM,,,,,GREENLEAF ENVIROTECH LTD,106.00,109.00,106.00,109.00,109.00,108.80,,109.00,,,5000,541000.00,5,F1,1000,,,,,
2026-10-08,2026-10-08,CM,NSE,STK,13810,INE08ZM01014,GREENPANEL,EQ,,,,,GREENPANEL INDUSTRIES LTD,158.00,158.00,152.41,154.17,153.25,159.12,,154.17,,,158414,24513539.80,3628,F1,1,,,,,
2026-10-08,2026-10-08,CM,NSE,STK,3987,INE461C01038,GREENPLY,EQ,,,,,GREENPLY INDUSTRIES LTD,311.60,311.60,301.25,305.70,306.00,310.75,,305.69,,,108920,33190399.10,3786,F1,1,,,,,
2026-10-08,2026-10-08,CM,NSE,STK,758986,INE199P01028,GCSL,EQ,,,,,GRETEX CORPORATE SERVICES,693.25,699.70,681.45,697.75,698.00,689.70,,697.74,,,479957,332624494.35,4186,F1,1,,,,,
2026-10-08,2026-10-08,CM,NSE,STK,23559,INE0PC901019,BIRDYS,SM,,,,,GRILL SPLENDOUR SER LTD,77.00,77.00,77.00,77.00,77.00,79.00,,77.00,,,1200,92400.00,1,F1,1200,,,,,
2026-10-08,2026-10-08,CM,NSE,STK,13560,INE536A01023,GRINDWELL,EQ,,,,,GRINDWELL NORTON LIMITED,2020.00,2045.00,1984.90,2007.00,2039.00,2018.20,,2006.92,,,121957,244052084.60,20948,F1,1,,,,,
2026-10-08,2026-10-08,CM,NSE,STK,10871,INE192H01020,GRMOVER,EQ,,,,,GRM OVERSEAS LIMITED,80.87,82.99,77.50,79.68,80.60,81.19,,79.65,,,1831769,144760790.08,10444,F1,1,,,,,
2026-10-08,2026-10-08,CM,NSE,STK,760971,INE1TY801010,GJL,ST,,,,,GROVER JEWELLS LIMITED,460.40,460.40,460.40,460.40,460.40,484.60,,460.40,,,800,368320.00,1,F1,800,,,,,
2026-10-08,2026-10-08,CM,NSE,STK,764285,INF666M01PH7,CEMNTGROWW,EQ,,,,,GROWWAMC - CEMNTGROWW,13.49,13.50,13.20,13.24,13.34,13.52,,13.24,,,76658,1020493.36,564,F1,1,,,,,
2026-10-08,2026-10-08,CM,NSE,STK,760051,INF666M01MM4,GROWWCAPM,EQ,,,,,GROWWAMC - GROWWCAPM,11.09,11.29,10.91,10.96,10.96,11.09,,10.96,,,406149,4474969.53,991,F1,1,,,,,
2026-10-08,2026-10-08,CM,NSE,STK,760673,INF666M01NP5,GROWWCHEM,EQ,,,,,GROWWAMC - GROWWCHEM,28.88,28.88,27.80,27.92,28.57,28.79,,27.92,,,52477,1474867.16,607,F1,1,,,,,
2026-10-08,2026-10-08,CM,NSE,STK,25758,INF666M01IO8,GROWWDEFNC,EQ,,,,,GROWWAMC - GROWWDEFNC,92.52,92.52,89.40,89.86,90.03,92.51,,89.86,,,313941,28287086.68,3687,F1,1,,,,,
2026-10-08,2026-10-08,CM,NSE,STK,24798,INF666M01IH2,GROWWEV,EQ,,,,,GROWWAMC - GROWWEV,29.98,30.64,29.31,29.41,29.45,30.29,,29.41,,,243634,7197220.34,2719,F1,1,,,,,
2026-10-08,2026-10-08,CM,NSE,STK,25872,INF666M01OE7,GROWWGOLD,EQ,,,,,GROWWAMC - GROWWGOLD,14.36,14.36,14.26,14.27,14.29,14.31,,14.27,,,957072,13688796.49,2655,F1,1,,,,,
2026-10-08,2026-10-08,CM,NSE,STK,760874,INF666M01OD9,GROWWHOSPI,EQ,,,,,GROWWAMC - GROWWHOSPI,46.93,47.00,45.53,45.81,46.65,46.70,,45.83,,,360320,16521831.80,2317,F1,1,,,,,
2026-10-08,2026-10-08,CM,NSE,STK,25447,INF666M01IP5,GROWWLIQID,EQ,,,,,GROWWAMC - GROWWLIQID,111.08,111.08,111.07,111.07,111.08,111.05,,111.07,,,274931,30538866.24,197,F1,1,,,,,
2026-10-08,2026-10-08,CM,NSE,STK,758300,INF666M01LB9,GROWWLOVOL,EQ,,,,,GROWWAMC - GROWWLOVOL,9.96,9.96,9.58,9.61,9.67,9.76,,9.61,,,16364,157852.13,173,F1,1,,,,,
2026-10-08,2026-10-08,CM,NSE,STK,759719,INF666M01MV5,GROWWMC150,EQ,,,,,GROWWAMC - GROWWMC150,222.52,222.52,214.50,214.93,219.89,220.32,,214.93,,,1891,407224.54,51,F1,1,,,,,
2026-10-08,2026-10-08,CM,NSE,STK,760438,INF666M01NI0,GROWWMETAL,EQ,,,,,GROWWAMC - GROWWMETAL,11.75,11.75,11.35,11.38,11.36,11.77,,11.38,,,592751,6801266.18,1856,F1,1,,,,,
2026-10-08,2026-10-08,CM,NSE,STK,756086,INF666M01KJ4,GROWWMOM50,EQ,,,,,GROWWAMC - GROWWMOM50,10.70,10.73,10.45,10.54,10.64,10.70,,10.54,,,188239,1980338.08,579,F1,1,,,,,
2026-10-08,2026-10-08,CM,NSE,STK,29872,INF666M01JV1,GROWWN200,EQ,,,,,GROWWAMC - GROWWN200,10.75,10.75,10.50,10.53,10.70,10.71,,10.53,,,102050,1077324.18,320,F1,1,,,,,
2026-10-08,2026-10-08,CM,NSE,STK,757814,INF666M01LI4,GROWWNET,EQ,,,,,GROWWAMC - GROWWNET,10.11,10.34,9.94,9.99,10.05,10.28,,9.99,,,332848,3335987.30,922,F1,1,,,,,
2026-10-08,2026-10-08,CM,NSE,STK,758697,INF666M01LL8,GROWWNIFTY,EQ,,,,,GROWWAMC - GROWWNIFTY,9.19,9.19,8.96,9.02,9.05,9.16,,9.02,,,1607666,14544508.36,4941,F1,1,,,,,
2026-10-08,2026-10-08,CM,NSE,STK,759458,INF666M01LZ8,GROWWNXT50,EQ,,,,,GROWWAMC - GROWWNXT50,69.88,69.88,68.03,69.00,68.99,70.39,,69.00,,,21846,1499066.46,175,F1,1,,,,,
2026-10-08,2026-10-08,CM,NSE,STK,758165,INF666M01LM6,GROWWPOWER,EQ,,,,,GROWWAMC - GROWWPOWER,10.88,10.92,10.48,10.52,10.54,10.88,,10.52,,,4375639,46245273.87,4730,F1,1,,,,,
2026-10-08,2026-10-08,CM,NSE,STK,760976,INF666M01NQ3,GROWWPSE,EQ,,,,,GROWWAMC - GROWWPSE,94.98,94.98,90.84,91.25,92.50,93.53,,91.25,,,7686,703774.86,146,F1,1,,,,,
2026-10-08,2026-10-08,CM,NSE,STK,761514,INF666M01OG2,GROWWPSUBK,EQ,,,,,GROWWAMC - GROWWPSUBK,81.37,82.38,80.40,81.24,81.80,81.42,,81.24,,,6156,499371.89,134,F1,1,,,,,
2026-10-08,2026-10-08,CM,NSE,STK,29527,INF666M01JJ6,GROWWRAIL,EQ,,,,,GROWWAMC - GROWWRAIL,25.76,26.11,25.25,25.32,25.32,25.99,,25.32,,,701608,17894314.32,4075,F1,1,,,,,
2026-10-08,2026-10-08,CM,NSE,STK,759428,INF666M01MN2,GROWWRLTY,EQ,,,,,GROWWAMC - GROWWRLTY,9.21,9.21,8.80,8.87,8.95,9.21,,8.87,,,372845,3351109.95,1073,F1,1,,,,,
2026-10-08,2026-10-08,CM,NSE,STK,759522,INF666M01MO0,GROWWSC250,EQ,,,,,GROWWAMC - GROWWSC250,10.57,10.57,10.11,10.16,10.17,10.36,,10.16,,,141862,1446580.06,678,F1,1,,,,,
2026-10-08,2026-10-08,CM,NSE,STK,756827,INF666M01OF4,GROWWSLVR,EQ,,,,,GROWWAMC - GROWWSLVR,21.44,21.45,21.06,21.11,21.13,21.41,,21.11,,,1014039,21520119.50,2193,F1,1,,,,,
2026-10-08,2026-10-08,CM,NSE,STK,763572,INF666M01OT5,PVTBKGROWW,EQ,,,,,GROWWAMC - PVTBKGROWW,27.25,27.28,26.86,26.98,27.20,26.99,,26.98,,,32528,882356.58,98,F1,1,,,,,
2026-10-08,2026-10-08,CM,NSE,STK,751745,INF666M01PG9,SMALLGROWW,EQ,,,,,GROWWAMC - SMALLGROWW,48.70,49.28,47.17,48.20,48.69,48.67,,48.20,,,13591,648960.35,158,F1,1,,,,,
2026-10-08,2026-10-08,CM,NSE,STK,6543,INE137I01015,GRPLTD,EQ,,,,,GRP LIMITED,1801.00,1825.00,1681.00,1728.70,1767.90,1847.00,,1728.80,,,8016,13852709.70,918,F1,1,,,,,
2026-10-08,2026-10-08,CM,NSE,STK,23888,INE0SQY01018,GSMFOILS,SM,,,,,GSM FOILS LIMITED,64.50,65.10,63.35,63.35,63.35,66.65,,63.35,,,243000,15506250.00,273,F1,500,,,,,
2026-10-08,2026-10-08,CM,NSE,STK,762239,INE713R01022,GSPCROP,EQ,,,,,GSP CROP SCIENCE LIMITED,489.00,501.50,480.35,492.10,490.20,482.80,,492.12,,,308253,151882350.35,6290,F1,1,,,,,
2026-10-08,2026-10-08,CM,NSE,STK,766270,INE1TUG01013,GSPLTRANS,BE,,,,,GSPL TRANSMISSION LIMITED,111.75,116.80,111.75,111.75,111.75,117.63,,111.76,,,1045573,117564287.80,5998,F1,1,,,,,
2026-10-08,2026-10-08,CM,NSE,STK,15347,INE871H01011,GSS,EQ,,,,,GSS INFOTECH LIMITED,10.35,10.38,10.00,10.23,10.26,10.22,,10.23,,,24905,254035.45,132,F1,1,,,,,
2026-10-08,2026-10-08,CM,NSE,STK,13745,INE221H01019,GTLINFRA,EQ,,,,,GTL INFRA.LTD,1.07,1.09,1.05,1.05,1.06,1.07,,1.05,,,22000323,23490926.88,10952,F1,1,,,,,
2026-10-08,2026-10-08,CM,NSE,STK,1162,INE043A01012,GTL,EQ,,,,,GTL LTD,6.95,6.99,6.60,6.71,6.80,6.90,,6.73,,,468402,3157023.62,833,F1,1,,,,,
2026-10-08,2026-10-08,CM,NSE,STK,21195,INE869I01013,GTPL,EQ,,,,,GTPL HATHWAY LIMITED,56.20,56.20,53.62,54.56,54.60,55.92,,54.56,,,26922,1487008.99,679,F1,1,,,,,
2026-10-08,2026-10-08,CM,NSE,STK,11606,INE742B01025,GUFICBIO,EQ,,,,,GUFIC BIOSCIENCES LTD.,422.55,422.55,402.00,404.05,407.00,422.55,,404.02,,,75557,30862808.55,3815,F1,1,,,,,
2026-10-08,2026-10-08,CM,NSE,STK,1145,INE162A01010,GIPCL,EQ,,,,,GUJ IND POW CO. LTD,171.02,172.09,164.21,164.94,165.00,171.86,,164.94,,,374712,62511936.11,6203,F1,1,,,,,
2026-10-08,2026-10-08,CM,NSE,STK,1174,INE113A01013,GNFC,EQ,,,,,GUJ NAR VAL FER & CHEM L,618.00,618.05,597.10,599.25,599.05,618.20,,599.24,,,392723,237987702.85,20598,F1,1,,,,,
2026-10-08,2026-10-08,CM,NSE,STK,1247,INE026A01025,GSFC,EQ,,,,,GUJ STATE FERT & CHEM LTD,149.79,150.13,146.01,146.50,146.53,149.73,,146.47,,,745300,110077642.55,9506,F1,1,,,,,
2026-10-08,2026-10-08,CM,NSE,STK,14677,INE826C01016,GUJAPOLLO,EQ,,,,,GUJ. APOLLO IND. LTD.,340.05,347.40,328.10,332.00,328.10,341.80,,332.00,,,7499,2539235.10,906,F1,1,,,,,
2026-10-08,2026-10-08,CM,NSE,STK,1267,INE186A01019,GUJALKALI,EQ,,,,,GUJARAT ALKALIES & CHEM,616.00,617.00,590.50,596.65,594.00,616.00,,596.69,,,24120,14519277.65,2290,F1,1,,,,,
2026-10-08,2026-10-08,CM,NSE,STK,8828,INE036B01030,GAEL,EQ,,,,,GUJARAT AMBUJA EXPORTS LT,162.98,163.45,157.00,158.47,157.54,162.98,,158.49,,,820466,130348893.19,28496,F1,1,,,,,
2026-10-08,2026-10-08,CM,NSE,STK,10599,INE844O01030,GUJENERGY,EQ,,,,,GUJARAT ENERGY LIMITED,228.48,229.27,219.04,219.86,219.99,228.48,,219.86,,,2436601,538877564.20,64910,F1,1,,,,,
2026-10-08,2026-10-08,CM,NSE,STK,13750,INE09N301011,FLUOROCHEM,EQ,,,,,GUJARAT FLUOROCHEM LTD,4575.00,4579.90,4416.20,4440.10,4450.00,4555.90,,4440.08,,,109797,491364533.40,18235,F1,1,,,,,
2026-10-08,2026-10-08,CM,NSE,STK,761197,INE0V0W01025,GKSL,EQ,,,,,GUJARAT KIDNEY N SUP SP L,189.18,193.00,180.00,180.71,181.00,187.12,,180.76,,,719355,131823581.54,8648,F1,1,,,,,
2026-10-08,2026-10-08,CM,NSE,STK,1156,INE540A01017,GLFL,EQ,,,,,GUJARAT LEASE FINANCING L,5.69,5.94,5.14,5.60,5.16,5.43,,5.50,,,13375,72995.35,45,F1,1,,,,,
2026-10-08,2026-10-08,CM,NSE,STK,5204,INE131A01031,GMDCLTD,EQ,,,,,GUJARAT MINERAL DEV CORP,477.90,485.90,462.10,463.35,463.50,477.10,,463.38,,,1009088,477137066.05,36993,F1,1,,,,,
2026-10-08,2026-10-08,CM,NSE,STK,762690,INE207H01018,GNRL,EQ,,,,,GUJARAT NATURAL RES L,98.10,98.40,94.11,95.52,95.43,97.67,,95.51,,,1196410,113735022.46,1852,F1,1,,,,,
2026-10-08,2026-10-08,CM,NSE,STK,19731,INE517F01014,GPPL,EQ,,,,,GUJARAT PIPAVAV PORT LTD,173.50,174.77,165.77,166.64,166.12,172.46,,166.64,,,2201234,372792834.50,42851,F1,1,,,,,
2026-10-08,2026-10-08,CM,NSE,STK,4548,INE610B01024,GUJRAFFIA,EQ,,,,,GUJARAT RAFFIA INDUST LTD,43.87,46.20,42.50,43.47,43.50,42.37,,43.28,,,13548,604388.49,241,F1,1,,,,,
2026-10-08,2026-10-08,CM,NSE,STK,29731,INE942C01045,GUJTHEM,EQ,,,,,GUJARAT THEMIS BIOSYN LTD,380.10,380.50,360.10,367.95,370.00,379.50,,367.95,,,238012,87282341.95,6497,F1,1,,,,,
2026-10-08,2026-10-08,CM,NSE,STK,4391,INE635Q01029,GULFOILLUB,EQ,,,,,GULF OIL LUB. IND. LTD.,1111.10,1111.10,1080.10,1089.30,1080.20,1118.60,,1089.23,,,42073,46156522.30,15095,F1,1,,,,,
2026-10-08,2026-10-08,CM,NSE,STK,6286,INE255D01024,GULPOLY,EQ,,,,,GULSHAN POLYOLS LIMITED,165.35,165.49,159.20,159.84,160.40,166.63,,159.85,,,107005,17203647.30,1997,F1,1,,,,,
2026-10-08,2026-10-08,CM,NSE,STK,759261,INE1CCX01012,GURUNANAK,SM,,,,,GURUNANAK AGRICULTUR IN L,32.70,32.70,32.50,32.50,32.50,32.70,,32.50,,,3200,104320.00,2,F1,1600,,,,,
2026-10-08,2026-10-08,CM,NSE,STK,13229,INE251H01024,GVKPIL,BE,,,,,GVK POW. & INFRA LTD.,2.34,2.34,2.34,2.34,2.34,2.38,,2.34,,,266024,622496.16,365,F1,1,,,,,
2026-10-08,2026-10-08,CM,NSE,STK,10866,INE382T01030,GVPTECH,BE,,,,,GVP INFOTECH LIMITED,7.12,7.50,7.05,7.18,7.35,7.31,,7.18,,,31364,225691.09,223,F1,1,,,,,
2026-10-08,2026-10-08,CM,NSE,STK,764050,INE724A01017,GYFTR,EQ,,,,,GYFTR LIMITED,169.52,177.00,167.44,171.38,169.27,169.52,,171.38,,,261249,44987794.89,10189,F1,1,,,,,
2026-10-08,2026-10-08,CM,NSE,STK,762712,INE640B01021,HBESD,EQ,,,,,H B ESTATE DEVELOPERS L,76.68,78.55,74.00,74.40,74.25,77.06,,74.40,,,17097,1286401.94,188,F1,1,,,,,
2026-10-08,2026-10-08,CM,NSE,STK,1672,INE926X01010,HGINFRA,EQ,,,,,H.G.INFRA ENGINEERING LTD,416.00,416.00,400.15,403.00,400.15,416.15,,402.93,,,77560,31503333.95,5093,F1,1,,,,,
2026-10-08,2026-10-08,CM,NSE,STK,760715,INE115S01010,HALDER,EQ,,,,,HALDER VENTURE LIMITED,268.00,268.00,242.30,257.82,242.30,262.90,,257.84,,,21882,5735675.10,411,F1,1,,,,,
2026-10-08,2026-10-08,CM,NSE,STK,762705,INE506D01020,HALDYNGL,EQ,,,,,HALDYN GLASS LTD.,141.78,143.00,137.32,140.89,140.02,140.78,,140.83,,,80215,11214779.60,1136,F1,1,,,,,
2026-10-08,2026-10-08,CM,NSE,STK,21551,INE320X01016,HALEOSLABS,EQ,,,,,HALEOS LABS LIMITED,1590.00,1590.00,1550.00,1567.80,1574.00,1584.70,,1562.27,,,431,677243.70,114,F1,1,,,,,
2026-10-08,2026-10-08,CM,NSE,STK,765075,INE299D01022,HAMPTON,EQ,,,,,HAMPTON SKY REALTY LTD.,8.37,8.37,8.03,8.09,8.10,8.24,,8.10,,,4014,32846.17,102,F1,1,,,,,
2026-10-08,2026-10-08,CM,NSE,STK,13592,INE596H01014,HGM,EQ,,,,,HANDSON GBL MNGMNT LTD,39.99,39.99,39.40,39.83,39.83,40.05,,39.87,,,318,12660.30,19,F1,1,,,,,
2026-10-08,2026-10-08,CM,NSE,STK,48,INE419U01012,HAPPSTMNDS,EQ,,,,,HAPPIEST MINDS TECHNO LTD,304.60,315.60,299.00,300.20,300.95,304.60,,300.21,,,1112264,342957424.15,24585,F1,1,,,,,
2026-10-08,2026-10-08,CM,NSE,STK,20854,INE330T01021,HAPPYFORGE,EQ,,,,,HAPPY FORGINGS LIMITED,1969.90,2003.10,1930.20,1940.90,1946.90,1934.30,,1940.68,,,73303,143672441.30,12607,F1,1,,,,,
2026-10-08,2026-10-08,CM,NSE,STK,764131,INE1GFG01011,HAPPY,SM,,,,,HAPPY STEELS LIMITED,80.00,80.00,78.10,78.10,78.10,83.00,,78.10,,,6000,474200.00,3,F1,2000,,,,,
2026-10-08,2026-10-08,CM,NSE,STK,8962,INE626Z01029,HARDWYN,EQ,,,,,HARDWYN INDIA LIMITED,9.16,9.21,9.00,9.13,9.03,9.17,,9.13,,,796564,7270582.51,1028,F1,1,,,,,
2026-10-08,2026-10-08,CM,NSE,STK,8968,INE00EV01017,HARIOMPIPE,EQ,,,,,HARIOM PIPE INDUSTRIES L,340.65,341.20,326.00,326.55,326.05,338.15,,326.55,,,77026,25480705.80,3485,F1,1,,,,,
2026-10-08,2026-10-08,CM,NSE,STK,764703,INE400G01011,HRYNSHP,EQ,,,,,HARIYANA SHIP BREAKERS L,94.19,96.00,92.50,96.00,96.00,94.10,,95.93,,,805,76313.97,47,F1,1,,,,,
2026-10-08,2026-10-08,CM,NSE,STK,1313,INE544A01019,HARRMALAYA,EQ,,,,,HARRISON MALAYALAM LTD,177.35,177.35,168.10,169.20,168.20,173.90,,169.15,,,6138,1041717.86,204,F1,1,,,,,
2026-10-08,2026-10-08,CM,NSE,STK,11162,INE0JUS01029,HARSHA,EQ,,,,,HARSHA ENGINEERS INT LTD,461.50,463.80,435.55,442.40,443.10,460.40,,442.37,,,186779,82884812.45,7625,F1,1,,,,,
2026-10-08,2026-10-08,CM,NSE,STK,18154,INE982F01036,HATHWAY,EQ,,,,,HATHWAY CABLE & DATACOM,9.58,9.63,9.00,9.21,9.35,9.64,,9.21,,,2182480,20481313.41,3699,F1,1,,,,,
2026-10-08,2026-10-08,CM,NSE,STK,3892,INE473B01035,HATSUN,EQ,,,,,HATSUN AGRO PRODUCT LTD.,1154.90,1154.90,1112.00,1120.70,1113.00,1148.10,,1120.65,,,24416,27500115.90,2577,F1,1,,,,,
2026-10-08,2026-10-08,CM,NSE,STK,9819,INE176B01034,HAVELLS,EQ,,,,,HAVELLS INDIA LIMITED,1060.50,1061.70,1023.20,1023.70,1023.70,1060.50,,1023.73,,,637800,662390119.40,32550,F1,1,,,,,
2026-10-08,2026-10-08,CM,NSE,STK,4444,INE979B01015,HAWKINCOOK,EQ,,,,,HAWKINS COOKERS LTD,7974.00,8079.00,7860.00,7979.50,7866.00,7973.50,,7978.57,,,843,6706446.00,345,F1,1,,,,,
2026-10-08,2026-10-08,CM,NSE,STK,764693,INE550F01049,HAZOOR,EQ,,,,,HAZOOR MULTI PROJECTS LTD,18.60,18.83,16.51,17.07,16.97,18.58,,17.07,,,680287,11887493.34,2617,F1,1,,,,,
2026-10-08,2026-10-08,CM,NSE,STK,765080,INE638B01025,HBPOR,EQ,,,,,HB PORTFOLIO LTD.,63.91,63.91,60.00,61.99,62.36,62.36,,61.99,,,2573,161093.14,70,F1,1,,,,,
2026-10-08,2026-10-08,CM,NSE,STK,4116,INE550B01022,HBSL,EQ,,,,,HB STOCKHOLDINGS LIMITED,59.60,59.85,53.20,54.44,53.20,58.61,,54.44,,,1073,61065.04,33,F1,1,,,,,
2026-10-08,2026-10-08,CM,NSE,STK,13966,INE292B01021,HBLENGINE,EQ,,,,,HBL ENGINEERING LTD,762.70,762.70,721.40,725.15,725.30,762.45,,725.16,,,1321528,971036272.10,50785,F1,1,,,,,
2026-10-08,2026-10-08,CM,NSE,STK,1327,INE236A01020,HCL-INSYS,EQ,,,,,HCL INFOSYSTEMS LTD,10.05,10.19,9.91,9.92,9.91,10.05,,9.92,,,220010,2202034.31,778,F1,1,,,,,
2026-10-08,2026-10-08,CM,NSE,STK,7229,INE860A01027,HCLTECH,EQ,,,,,HCL TECHNOLOGIES LTD,1185.00,1211.80,1176.90,1176.90,1176.90,1185.00,,1177.03,,,2500607,2986733447.90,110796,F1,1,,,,,
2026-10-08,2026-10-08,CM,NSE,STK,757772,INE756I01012,HDBFS,EQ,,,,,HDB FINANCIAL SERVICES L,602.35,604.00,585.25,586.40,586.90,600.10,,586.41,,,248709,147630349.15,19042,F1,1,,,,,
2026-10-08,2026-10-08,CM,NSE,STK,4244,INE127D01025,HDFCAMC,EQ,,,,,HDFC AMC LIMITED,2304.00,2316.00,2234.80,2245.00,2245.00,2314.80,,2245.01,,,970349,2195171225.40,54113,F1,1,,,,,
2026-10-08,2026-10-08,CM,NSE,STK,1333,INE040A01034,HDFCBANK,EQ,,,,,HDFC BANK LTD,704.05,705.80,690.50,692.25,692.25,702.75,,692.31,,,26808765,18626581702.20,406704,F1,1,,,,,
2026-10-08,2026-10-08,CM,NSE,STK,19543,INF179KC1981,HDFCGOLD,EQ,,,,,HDFC GOLD ETF,125.22,125.56,124.73,125.02,125.12,125.19,,125.02,,,2857218,357595123.32,9221,F1,1,,,,,
2026-10-08,2026-10-08,CM,NSE,STK,467,INE795G01014,HDFCLIFE,EQ,,,,,HDFC LIFE INS CO LTD,545.10,549.40,542.05,544.50,544.50,546.05,,544.50,,,2480224,1353295755.80,47786,F1,1,,,,,
2026-10-08,2026-10-08,CM,NSE,STK,14230,INF179KC1EZ4,HDFCBSE500,EQ,,,,,HDFCAMC - HDFCBSE500,36.43,36.43,34.65,34.96,34.93,35.55,,34.96,,,897862,31311302.44,378,F1,1,,,,,
2026-10-08,2026-10-08,CM,NSE,STK,11241,INF179KC1DJ0,HDFCGROWTH,EQ,,,,,HDFCAMC - HDFCGROWTH,108.88,109.06,107.10,108.44,107.81,108.34,,108.44,,,31973,3444563.55,290,F1,1,,,,,
2026-10-08,2026-10-08,CM,NSE,STK,18279,INF179KC1JG3,HDFCLIQUID,EQ,,,,,HDFCAMC - HDFCLIQUID,1081.20,1081.22,1081.20,1081.20,1081.20,1081.05,,1081.20,,,26298,28433524.55,70,F1,1,,,,,
2026-10-08,2026-10-08,CM,NSE,STK,11547,INF179KC1HU8,HDFCLOWVOL,EQ,,,,,HDFCAMC - HDFCLOWVOL,19.13,19.23,18.85,19.03,19.00,19.20,,19.03,,,4740,89941.06,84,F1,1,,,,,
2026-10-08,2026-10-08,CM,NSE,STK,14236,INF179KC1HT0,HDFCMID150,EQ,,,,,HDFCAMC - HDFCMID150,22.05,22.16,21.60,21.70,21.73,22.05,,21.70,,,617255,13453057.97,1979,F1,1,,,,,
2026-10-08,2026-10-08,CM,NSE,STK,11538,INF179KC1HV6,HDFCMOMENT,EQ,,,,,HDFCAMC - HDFCMOMENT,29.82,30.06,29.13,29.36,29.29,30.07,,29.36,,,308112,9083968.10,17025,F1,1,,,,,
2026-10-08,2026-10-08,CM,NSE,STK,10619,INF179KC1HS2,HDFCNEXT50,EQ,,,,,HDFCAMC - HDFCNEXT50,71.21,71.21,69.25,69.46,69.40,71.03,,69.48,,,383000,26688144.21,1103,F1,1,,,,,
2026-10-08,2026-10-08,CM,NSE,STK,10633,INF179KC1HR4,HDFCNIF100,EQ,,,,,HDFCAMC - HDFCNIF100,24.50,24.50,24.08,24.13,24.19,24.55,,24.13,,,68335,1654339.11,452,F1,1,,,,,
2026-10-08,2026-10-08,CM,NSE,STK,22433,INF179KC1HY0,HDFCNIFBAN,EQ,,,,,HDFCAMC - HDFCNIFBAN,56.78,56.83,56.07,56.19,56.34,56.71,,56.19,,,210294,11842516.53,2186,F1,1,,,,,
2026-10-08,2026-10-08,CM,NSE,STK,12101,INF179KC1IA8,HDFCNIFIT,EQ,,,,,HDFCAMC - HDFCNIFIT,29.95,30.29,29.51,29.56,29.54,29.61,,29.56,,,355400,10657737.93,1824,F1,1,,,,,
2026-10-08,2026-10-08,CM,NSE,STK,11591,INF179KC1965,HDFCNIFTY,EQ,,,,,HDFCAMC - HDFCNIFTY,248.66,259.06,248.66,251.10,250.20,255.04,,251.11,,,367386,92372662.84,5433,F1,1,,,,,
2026-10-08,2026-10-08,CM,NSE,STK,764336,INF179KC1KT4,HDFCNIMEG,EQ,,,,,HDFCAMC - HDFCNIMEG,123.33,123.33,118.05,118.94,118.63,123.33,,118.95,,,97047,11643899.64,4079,F1,1,,,,,
2026-10-08,2026-10-08,CM,NSE,STK,12108,INF179KC1HZ7,HDFCPVTBAN,EQ,,,,,HDFCAMC - HDFCPVTBAN,27.69,27.69,27.32,27.42,27.53,27.75,,27.42,,,74506,2048867.71,317,F1,1,,,,,
2026-10-08,2026-10-08,CM,NSE,STK,11255,INF179KC1DL6,HDFCQUAL,EQ,,,,,HDFCAMC - HDFCQUAL,54.79,54.98,53.95,54.02,54.24,54.96,,54.02,,,32555,1764900.58,230,F1,1,,,,,
2026-10-08,2026-10-08,CM,NSE,STK,11593,INF179KC1HX2,HDFCSENSEX,EQ,,,,,HDFCAMC - HDFCSENSEX,84.64,84.64,81.10,81.68,82.56,82.58,,81.68,,,113251,9261542.55,1353,F1,1,,,,,
2026-10-08,2026-10-08,CM,NSE,STK,10876,INF179KC1DI2,HDFCSILVER,EQ,,,,,HDFCAMC - HDFCSILVER,208.39,209.05,205.15,205.84,205.97,208.83,,205.84,,,2478343,511607263.99,14407,F1,1,,,,,
2026-10-08,2026-10-08,CM,NSE,STK,14233,INF179KC1FB2,HDFCSML250,EQ,,,,,HDFCAMC - HDFCSML250,180.59,181.48,175.80,176.41,176.70,180.77,,176.41,,,2339240,414784342.41,36801,F1,1,,,,,
2026-10-08,2026-10-08,CM,NSE,STK,11260,INF179KC1DK8,HDFCVALUE,EQ,,,,,HDFCAMC - HDFCVALUE,118.50,118.50,116.50,116.56,116.75,118.56,,116.56,,,12066,1410679.56,194,F1,1,,,,,
2026-10-08,2026-10-08,CM,NSE,STK,22595,INF179KC1HW4,HDFCPSUBK,EQ,,,,,HDFCAMC HDFCPSUBK,80.58,82.39,79.94,80.78,81.09,81.58,,80.78,,,44863,3667112.63,198,F1,1,,,,,
2026-10-08,2026-10-08,CM,NSE,STK,19205,INE759V01019,HEADSUP,EQ,,,,,HEADS UP VENTURES LIMITED,6.44,6.79,6.38,6.49,6.50,6.33,,6.49,,,11310,73671.21,191,F1,1,,,,,
2026-10-08,2026-10-08,CM,NSE,STK,20063,INE019J01013,HEALTHX,EQ,,,,,HEALTH X PLATFORM LIMITED,288.95,317.00,288.95,292.90,293.00,284.15,,293.19,,,60830,18496749.80,1881,F1,1,,,,,
2026-10-08,2026-10-08,CM,NSE,STK,15555,INE075I01017,HCG,EQ,,,,,HEALTHCARE GLOB. ENT. LTD,653.00,662.85,635.20,638.75,643.00,657.60,,638.75,,,67593,43817297.20,8430,F1,1,,,,,
2026-10-08,2026-10-08,CM,NSE,STK,7425,INE558R01013,HECPROJECT,EQ,,,,,HEC INFRA PROJECTS LTD,111.63,113.95,109.03,110.66,110.50,112.19,,110.66,,,3746,416050.45,82,F1,1,,,,,
2026-10-08,2026-10-08,CM,NSE,STK,1336,INE545A01024,HEGAM,EQ,,,,,HEG ADVANCED MATERIAL LTD,248.21,248.22,236.10,237.17,237.80,246.99,,237.17,,,955261,228958469.45,22584,F1,1,,,,,
2026-10-08,2026-10-08,CM,NSE,STK,2316,INE578A01017,HEIDELBERG,EQ,,,,,HEIDELBERGCEMENT (I) LTD,127.10,127.11,125.00,125.48,125.30,127.49,,125.48,,,152306,19155664.72,3493,F1,1,,,,,
2026-10-08,2026-10-08,CM,NSE,STK,701,INE0AJG01018,HEMIPROP,EQ,,,,,HEMISPHERE PROP IND LTD,113.00,113.40,108.62,109.24,109.65,112.87,,109.24,,,273782,30160370.83,3493,F1,1,,,,,
2026-10-08,2026-10-08,CM,NSE,STK,2614,INE694N01015,HERANBA,EQ,,,,,HERANBA INDUSTRIES LTD,170.00,170.61,161.00,162.05,161.20,169.27,,162.06,,,62832,10290284.55,2395,F1,1,,,,,
2026-10-08,2026-10-08,CM,NSE,STK,4598,INE978A01027,HERITGFOOD,EQ,,,,,HERITAGE FOODS LTD,399.65,401.95,380.50,383.75,383.50,398.75,,383.77,,,266260,104073377.70,9003,F1,1,,,,,
2026-10-08,2026-10-08,CM,NSE,STK,1348,INE158A01026,HEROMOTOCO,EQ,,,,,HERO MOTOCORP LIMITED,4991.50,4991.50,4840.50,4856.50,4856.50,5004.00,,4856.50,,,490628,2403329339.00,55876,F1,1,,,,,
2026-10-08,2026-10-08,CM,NSE,STK,766171,INE012G01022,HEROMOTORS,EQ,,,,,HERO MOTORS LIMITED,171.02,171.54,161.51,164.35,163.60,170.84,,164.36,,,22992210,3805804321.09,144125,F1,1,,,,,
2026-10-08,2026-10-08,CM,NSE,STK,7048,INE782E01017,HESTERBIO,EQ,,,,,HESTER BIOSCIENCES LTD,2167.10,2174.90,2051.00,2069.90,2055.30,2167.20,,2069.66,,,2614,5458930.40,440,F1,1,,,,,
2026-10-08,2026-10-08,CM,NSE,STK,27008,INE750M01017,HEXATRADEX,EQ,,,,,HEXA TRADEX LIMITED,159.49,159.49,154.08,155.10,156.80,157.01,,155.10,,,1879,294605.86,60,F1,1,,,,,
2026-10-08,2026-10-08,CM,NSE,STK,750116,INE0JUI01012,HEXAGON,BE,,,,,HEXAGON NUTRITION LIMITED,72.30,72.80,68.38,68.59,68.55,71.97,,68.61,,,301712,21047160.19,1109,F1,1,,,,,
2026-10-08,2026-10-08,CM,NSE,STK,29666,INE093A01041,HEXT,EQ,,,,,HEXAWARE TECHNOLOGIES LTD,503.10,519.90,503.00,511.40,513.05,505.50,,511.25,,,360274,184757944.85,19109,F1,1,,,,,
2026-10-08,2026-10-08,CM,NSE,STK,21954,INE548A01028,HFCL,BE,,,,,HFCL LIMITED,269.00,270.00,258.31,258.31,258.31,271.90,,258.19,,,6335883,1661143136.06,52268,F1,1,,,,,
2026-10-08,2026-10-08,CM,NSE,STK,25622,INE957N08151,920HFL30,N0,,,,,HFL 9.20% 2030 SR 67,105352.55,105352.55,105352.30,105352.30,105352.30,105310.00,,105352.30,,,5,526762.28,3,F1,1,,,,,
2026-10-08,2026-10-08,CM,NSE,STK,18794,INE0PIC01017,HIGREEN,SM,,,,,HI GREEN CARBON LIMITED,115.45,119.80,115.30,119.35,119.80,117.05,,119.35,,,14400,1695080.00,15,F1,800,,,,,
2026-10-08,2026-10-08,CM,NSE,STK,2868,INE106T01025,HITECH,EQ,,,,,HI-TECH PIPES LIMITED,73.90,74.20,70.20,70.80,70.50,73.90,,70.81,,,540818,38937027.53,7236,F1,1,,,,,
2026-10-08,2026-10-08,CM,NSE,STK,759103,INE00RL01028,HILINFRA,EQ,,,,,HIGHWAY INFRASTRUCTURE L,48.00,48.45,46.24,47.69,47.77,47.60,,47.72,,,254499,12037481.78,3134,F1,1,,,,,
2026-10-08,2026-10-08,CM,NSE,STK,9668,INE475B01022,HIKAL,EQ,,,,,HIKAL LIMITED,226.00,226.00,211.10,212.21,212.50,225.24,,212.20,,,509857,109723752.22,16727,F1,1,,,,,
2026-10-08,2026-10-08,CM,NSE,STK,14627,INE788H01017,HILTON,EQ,,,,,HILTON METAL FORGING LTD,16.88,16.95,16.20,16.34,16.40,16.58,,16.33,,,67908,1118859.95,325,F1,1,,,,,
2026-10-08,2026-10-08,CM,NSE,STK,14334,INE019C01026,HSCL,EQ,,,,,HIMADRI SPECIALITY CHEM L,675.55,675.55,657.95,660.05,660.20,672.95,,660.05,,,1268759,839647749.25,21904,F1,1,,,,,
2026-10-08,2026-10-08,CM,NSE,STK,766376,INE1B7I01014,HIMALAYAN,ST,,,,,HIMALAYAN SOLAR LIMITED,73.50,76.80,73.00,76.80,76.80,76.80,,76.80,,,52800,3889620.00,34,F1,1200,,,,,
2026-10-08,2026-10-08,CM,NSE,STK,1360,INE049A01027,HIMATSEIDE,EQ,,,,,HIMATSINGKA SEIDE LTD,63.49,63.66,59.90,60.32,60.25,63.22,,60.32,,,660832,40446616.63,5886,F1,1,,,,,
2026-10-08,2026-10-08,CM,NSE,STK,765085,INE227B01019,HINDALUMI,EQ,,,,,HIND ALUMINIUM INDS. LTD.,92.50,92.75,89.50,89.90,90.56,89.99,,89.93,,,833,75235.84,74,F1,1,,,,,
2026-10-08,2026-10-08,CM,NSE,STK,1363,INE038A01020,HINDALCO,EQ,,,,,HINDALCO  INDUSTRIES  LTD,910.00,910.85,886.50,890.15,890.15,910.85,,890.16,,,3807802,3404888443.20,97514,F1,1,,,,,
2026-10-08,2026-10-08,CM,NSE,STK,4924,INE642Y01029,HINDCON,BE,,,,,HINDCON CHEMICALS LIMITED,27.14,29.98,27.14,29.95,29.95,28.56,,29.95,,,259024,7270263.49,1018,F1,1,,,,,
2026-10-08,2026-10-08,CM,NSE,STK,11796,INE05X901010,HPIL,EQ,,,,,HINDPRAKASH INDUSTRY LTD,114.10,118.59,113.50,116.48,116.48,116.49,,116.48,,,1348,156530.21,24,F1,1,,,,,
2026-10-08,2026-10-08,CM,NSE,STK,14712,INE170I01016,HGS,EQ,,,,,HINDUJA GLOBAL SOLS. LTD.,360.00,364.45,357.20,358.95,359.25,363.00,,358.94,,,7434,2673958.00,794,F1,1,,,,,
2026-10-08,2026-10-08,CM,NSE,STK,764698,INE074C01013,HINDADH,EQ,,,,,HINDUSTAN ADHESIVES LTD.,373.00,389.60,373.00,386.75,387.95,384.80,,386.75,,,6339,2446513.90,60,F1,1,,,,,
2026-10-08,2026-10-08,CM,NSE,STK,2303,INE066F01020,HAL,EQ,,,,,HINDUSTAN AERONAUTICS LTD,4756.70,4759.80,4620.50,4647.40,4647.40,4746.30,,4647.40,,,521431,2439441771.60,39062,F1,1,,,,,
2026-10-08,2026-10-08,CM,NSE,STK,1372,INE310C01029,HINDCOMPOS,EQ,,,,,HINDUSTAN COMPOSITES LTD.,404.10,425.00,404.10,417.00,414.00,403.75,,416.96,,,61165,25370616.15,2305,F1,1,,,,,
2026-10-08,2026-10-08,CM,NSE,STK,1375,INE549A01026,HCC,EQ,,,,,HINDUSTAN CONSTRUCTION CO,19.80,19.85,18.68,18.75,18.82,19.80,,18.75,,,21311169,407452280.06,36093,F1,1,,,,,
2026-10-08,2026-10-08,CM,NSE,STK,17939,INE531E01026,HINDCOPPER,EQ,,,,,HINDUSTAN COPPER LTD,482.00,485.85,465.00,467.50,466.90,479.95,,467.54,,,3671010,1743877861.90,65472,F1,1,,,,,
2026-10-08,2026-10-08,CM,NSE,STK,12173,INE254N01026,HNDFDS,EQ,,,,,HINDUSTAN FOODS LIMITED,583.95,583.95,564.00,572.60,580.00,580.40,,572.58,,,70895,40654326.15,4063,F1,1,,,,,
2026-10-08,2026-10-08,CM,NSE,STK,19215,INE871K01015,HMVL,BE,,,,,HINDUSTAN MEDIA VENT LTD,73.85,76.75,71.43,75.96,76.75,75.18,,75.96,,,36513,2703399.41,215,F1,1,,,,,
2026-10-08,2026-10-08,CM,NSE,STK,1403,INE345A01011,HINDOILEXP,EQ,,,,,HINDUSTAN OIL EXPLORATION,171.01,174.99,167.55,169.40,169.75,171.88,,169.41,,,532758,90255704.03,6385,F1,1,,,,,
2026-10-08,2026-10-08,CM,NSE,STK,1406,INE094A01015,HINDPETRO,EQ,,,,,HINDUSTAN PETROLEUM CORP,342.50,342.75,326.05,326.60,326.60,343.15,,326.60,,,12074362,4001348717.10,120177,F1,1,,,,,
2026-10-08,2026-10-08,CM,NSE,STK,1394,INE030A01027,HINDUNILVR,EQ,,,,,HINDUSTAN UNILEVER LTD.,1860.00,1872.00,1837.20,1844.50,1844.50,1865.40,,1844.43,,,2027849,3752018906.50,145223,F1,1,,,,,
2026-10-08,2026-10-08,CM,NSE,STK,1424,INE267A01025,HINDZINC,EQ,,,,,HINDUSTAN ZINC LIMITED,554.00,554.00,530.75,531.75,531.75,551.00,,531.78,,,2064026,1113374839.75,38612,F1,1,,,,,
2026-10-08,2026-10-08,CM,NSE,STK,15883,INE05AN01011,HINDWAREAP,EQ,,,,,HINDWARE HME INOVATON LTD,170.19,171.88,168.75,169.01,168.75,170.19,,169.01,,,102703,17414252.94,1483,F1,1,,,,,
2026-10-08,2026-10-08,CM,NSE,STK,13890,INE835D01023,HIRECT,EQ,,,,,HIRECT LIMITED,1119.00,1158.80,1090.00,1096.10,1109.00,1113.90,,1096.11,,,48780,54888844.70,4743,F1,1,,,,,
2026-10-08,2026-10-08,CM,NSE,STK,19322,INE598C01011,HISARMETAL,EQ,,,,,HISAR METAL IND. LIMITED,145.10,149.00,144.00,144.26,144.00,145.10,,144.26,,,395,57338.51,30,F1,1,,,,,
2026-10-08,2026-10-08,CM,NSE,STK,18457,INE07Y701011,POWERINDIA,EQ,,,,,HITACHI ENERGY INDIA LTD,31610.00,31625.00,30705.00,30935.00,30935.00,31610.00,,30935.01,,,72074,2235804600.00,24541,F1,1,,,,,
2026-10-08,2026-10-08,CM,NSE,STK,15165,INE120D01012,HITECHCORP,BE,,,,,HITECH CORPORATION LTD,350.10,354.30,348.00,350.55,350.00,349.10,,350.53,,,60899,21407969.45,296,F1,1,,,,,
2026-10-08,2026-10-08,CM,NSE,STK,2289,INE461D01028,HLEGLAS,EQ,,,,,HLE GLASCOAT LIMITED,476.00,476.00,446.00,446.00,446.00,469.45,,446.00,,,129147,58312199.30,4073,F1,1,,,,,
2026-10-08,2026-10-08,CM,NSE,STK,1448,INE102A01024,HLVLTD,EQ,,,,,HLV LIMITED,6.12,6.20,6.00,6.06,6.10,6.12,,6.06,,,265897,1614158.39,570,F1,1,,,,,
2026-10-08,2026-10-08,CM,NSE,STK,17053,INE0ECP01024,HMAAGRO,EQ,,,,,HMA AGRO INDUSTRIES LTD,24.91,25.25,23.50,23.62,23.59,24.91,,23.62,,,1306967,31545903.38,3460,F1,1,,,,,
2026-10-08,2026-10-08,CM,NSE,STK,19698,INE262A01018,HMT,BZ,,,,,HMT LTD -,57.85,58.00,54.61,56.02,56.74,57.25,,56.02,,,20434,1149037.39,113,F1,1,,,,,
2026-10-08,2026-10-08,CM,NSE,STK,23826,INE0S6S01017,HOACFOODS,ST,,,,,HOAC FOODS INDIA LIMITED,967.55,967.55,967.55,967.55,967.55,948.60,,967.55,,,1125,1088493.75,2,F1,375,,,,,
2026-10-08,2026-10-08,CM,NSE,STK,18649,INE0LXA01019,HOLMARC,SM,,,,,HOLMARC OPTO MECHATRO L,124.50,124.50,120.00,122.00,122.00,131.05,,122.00,,,13500,1642125.00,10,F1,750,,,,,
2026-10-08,2026-10-08,CM,NSE,STK,2056,INE481N01025,HOMEFIRST,EQ,,,,,HOME FIRST FIN CO IND LTD,1086.20,1087.00,1054.00,1071.90,1079.00,1087.90,,1071.90,,,119792,128054687.40,16115,F1,1,,,,,
2026-10-08,2026-10-08,CM,NSE,STK,13526,INE0N7F01017,HOMESFY,SM,,,,,HOMESFY REALTY LIMITED,127.65,128.00,127.65,128.00,128.00,127.65,,128.00,,,600,76695.00,2,F1,300,,,,,
2026-10-08,2026-10-08,CM,NSE,STK,19813,INE0J5401028,HONASA,EQ,,,,,HONASA CONSUMER LIMITED,477.00,483.50,465.00,467.50,468.45,477.05,,467.50,,,710408,336213789.40,28638,F1,1,,,,,
2026-10-08,2026-10-08,CM,NSE,STK,3138,INE634A01018,HONDAPOWER,EQ,,,,,HONDA I POWER PRODUCT LTD,1871.40,1891.40,1830.00,1839.80,1848.00,1871.40,,1839.85,,,2567,4751163.30,556,F1,1,,,,,
2026-10-08,2026-10-08,CM,NSE,STK,3417,INE671A01010,HONAUT,EQ,,,,,HONEYWELL AUTOMATION IND,33630.00,33635.00,32180.00,32465.00,32500.00,33345.00,,32461.42,,,3344,108952280.00,1833,F1,1,,,,,
2026-10-08,2026-10-08,CM,NSE,STK,765356,INE685T01010,HORIZONIND,EQ,,,,,HORIZON INDUSTRIAL PRKS L,50.00,50.05,48.18,48.47,48.70,50.15,,48.47,,,2433872,119395983.13,11868,F1,1,,,,,
2026-10-08,2026-10-08,CM,NSE,STK,17920,INE191I01012,HDIL,BZ,,,,,HOUSING DEV & INFRA LTD,1.47,1.47,1.41,1.43,1.46,1.43,,1.43,,,143965,207502.13,143,F1,1,,,,,
2026-10-08,2026-10-08,CM,NSE,STK,7376,INE0GSL01024,HPAL,EQ,,,,,HP ADHESIVES LIMITED,34.62,35.18,32.16,33.50,33.64,34.62,,33.51,,,106645,3619432.76,878,F1,1,,,,,
2026-10-08,2026-10-08,CM,NSE,STK,29879,INE0VA601019,HPTL,ST,,,,,HP TELECOM INDIA LIMITED,451.30,451.30,435.00,435.00,435.00,451.30,,435.00,,,2400,1073340.00,4,F1,600,,,,,
2026-10-08,2026-10-08,CM,NSE,STK,18679,INE495S01016,HPL,EQ,,,,,HPL ELECTRIC & POWER LTD,266.00,267.10,255.00,256.45,257.50,266.30,,256.45,,,107096,27736311.85,4441,F1,1,,,,,
2026-10-08,2026-10-08,CM,NSE,STK,761506,INF336L01RX2,HSBCGOLD,EQ,,,,,HSBCAMC - HSBCGOLD,129.00,129.80,127.10,127.45,127.13,127.56,,127.45,,,1602,204129.76,53,F1,1,,,,,
2026-10-08,2026-10-08,CM,NSE,STK,20825,INE031A01017,HUDCO,EQ,,,,,HSG & URBAN DEV CORPN LTD,161.50,161.90,156.40,156.99,157.25,161.79,,156.99,,,3282320,519753388.18,46674,F1,1,,,,,
2026-10-08,2026-10-08,CM,NSE,STK,11979,INE501G01024,HTMEDIA,EQ,,,,,HT MEDIA LIMITED,22.65,22.70,21.81,22.06,21.90,22.59,,22.06,,,83706,1842418.26,438,F1,1,,,,,
2026-10-08,2026-10-08,CM,NSE,STK,14203,INE703H01016,HUBTOWN,EQ,,,,,HUBTOWN LIMITED,164.68,165.79,154.00,155.13,155.98,164.52,,155.13,,,647056,102562934.84,7551,F1,1,,,,,
2026-10-08,2026-10-08,CM,NSE,STK,2562,INE275B01026,HUHTAMAKI,EQ,,,,,HUHTAMAKI INDIA LIMITED,230.20,232.20,223.05,225.67,227.40,231.19,,225.68,,,99538,22514907.64,3925,F1,1,,,,,
2026-10-08,2026-10-08,CM,NSE,STK,25708,INE0TO501019,HVAX,SM,,,,,HVAX TECHNOLOGIES LIMITED,720.00,720.00,700.00,705.00,705.00,716.00,,705.00,,,1950,1377750.00,6,F1,150,,,,,
2026-10-08,2026-10-08,CM,NSE,STK,765467,INE0LEG01024,HTEL,EQ,,,,,HY-TECH ENGINEERS LIMITED,90.60,103.72,90.16,97.27,94.01,87.94,,97.25,,,47580825,4640059991.05,330315,F1,1,,,,,
2026-10-08,2026-10-08,CM,NSE,STK,12809,INE965B01022,HYBRIDFIN,EQ,,,,,HYBRID FINANCIAL SERVICE,17.60,18.40,17.20,17.81,17.20,17.84,,17.81,,,8407,149623.90,60,F1,1,,,,,
2026-10-08,2026-10-08,CM,NSE,STK,25844,INE0V6F01027,HYUNDAI,EQ,,,,,HYUNDAI MOTOR INDIA LTD,1940.00,1946.10,1905.60,1915.00,1915.00,1945.00,,1914.93,,,336709,647630950.80,27089,F1,1,,,,,
2026-10-08,2026-10-08,CM,NSE,STK,14086,INE204A01010,IGPL,EQ,,,,,I G PETROCHEMICALS LTD,588.00,593.40,565.10,568.40,570.00,586.25,,568.19,,,81670,47308762.90,3159,F1,1,,,,,
2026-10-08,2026-10-08,CM,NSE,STK,764718,INE684B01029,ISTLTD,EQ,,,,,I S T LTD.,630.00,630.00,613.00,628.25,614.10,638.45,,625.11,,,246,154440.35,21,F1,1,,,,,
2026-10-08,2026-10-08,CM,NSE,STK,21348,INE0O7401018,IBLFL,SM,,,,,IBL FINANCE LIMITED,61.00,64.45,59.80,62.15,64.45,62.90,,62.15,,,16000,983500.00,7,F1,2000,,,,,
2026-10-08,2026-10-08,CM,NSE,STK,764064,INE0XE501015,ICELCO,SM,,,,,IC ELECTRICALS COMPANY L,117.00,119.00,115.00,117.65,118.00,119.50,,117.65,,,122400,14127000.00,27,F1,1200,,,,,
2026-10-08,2026-10-08,CM,NSE,STK,9610,INE613B01010,ICDSLTD,BE,,,,,ICDSLTD,45.90,45.90,43.42,43.48,43.48,45.68,,43.79,,,382,17296.57,12,F1,1,,,,,
2026-10-08,2026-10-08,CM,NSE,STK,489,INE520Y01019,ICEMAKE,EQ,,,,,ICE MAKE REFRIGERAT LTD,673.35,688.90,642.20,660.25,653.95,673.35,,660.25,,,45004,30330571.95,3385,F1,1,,,,,
2026-10-08,2026-10-08,CM,NSE,STK,12458,INE090A01021,ICICIBANK,BL,,,,,ICICI BANK LTD.,1343.00,1343.00,1343.00,1343.00,1343.00,1338.30,,1343.00,,,1921581,2580683283.00,1,F1,999999999,,,,,
2026-10-08,2026-10-08,CM,NSE,STK,4963,INE090A01021,ICICIBANK,EQ,,,,,ICICI BANK LTD.,1350.00,1360.80,1340.00,1349.00,1349.00,1357.50,,1350.74,,,11277755,15224053114.80,226735,F1,1,,,,,
2026-10-08,2026-10-08,CM,NSE,STK,21770,INE765G01017,ICICIGI,EQ,,,,,ICICI LOMBARD GIC LIMITED,1591.00,1628.60,1589.30,1624.00,1624.00,1590.00,,1624.00,,,896637,1451594888.10,33154,F1,1,,,,,
2026-10-08,2026-10-08,CM,NSE,STK,21254,INF109KC19U5,LOWVOLIETF,EQ,,,,,ICICI PR NIF LW VL 30 ETF,20.67,20.67,20.13,20.18,20.34,20.53,,20.18,,,7131131,144520122.12,13367,F1,1,,,,,
2026-10-08,2026-10-08,CM,NSE,STK,18652,INE726G01019,ICICIPRULI,EQ,,,,,ICICI PRU LIFE INS CO LTD,458.00,458.05,448.75,457.00,457.00,457.50,,456.99,,,1477630,667808022.00,58298,F1,1,,,,,
2026-10-08,2026-10-08,CM,NSE,STK,17702,INF109KC10W0,MIDSELIETF,EQ,,,,,ICICI PRUD MIDCAP SEL ETF,18.50,18.52,18.06,18.10,18.10,18.47,,18.10,,,184918,3377734.41,900,F1,1,,,,,
2026-10-08,2026-10-08,CM,NSE,STK,30392,INF109KC16V9,NIF100IETF,EQ,,,,,ICICI PRUD NIFTY 100 ETF,26.45,26.50,25.93,26.01,26.11,26.51,,26.01,,,281570,7345841.54,1793,F1,1,,,,,
2026-10-08,2026-10-08,CM,NSE,STK,29553,INF109K012R6,NIFTYIETF,EQ,,,,,ICICI PRUD NIFTY ETF,257.35,257.35,252.17,252.65,253.10,256.50,,252.65,,,1856758,470729364.89,15526,F1,1,,,,,
2026-10-08,2026-10-08,CM,NSE,STK,4378,INF346A01034,SENSEXIETF,EQ,,,,,ICICI PRUD SENSEX ETF,834.17,835.94,820.00,822.46,825.50,836.45,,822.60,,,17107,14143360.65,823,F1,1,,,,,
2026-10-08,2026-10-08,CM,NSE,STK,760407,INE346A01027,ICICIAMC,EQ,,,,,ICICI PRUDENTIAL AMC LTD,3055.00,3099.90,2982.00,3066.40,3055.10,3058.50,,3066.79,,,562837,1712490835.40,42347,F1,1,,,,,
2026-10-08,2026-10-08,CM,NSE,STK,19679,INF109KC1NT3,GOLDIETF,EQ,,,,,ICICI PRUDENTIAL GOLD ETF,125.55,125.90,125.09,125.32,125.39,125.44,,125.32,,,7800446,978723154.47,27561,F1,1,,,,,
2026-10-08,2026-10-08,CM,NSE,STK,17475,INF109KC11V0,NV20IETF,EQ,,,,,ICICI PRUDENTIAL NV20 ETF,12.83,12.88,12.61,12.63,12.68,12.83,,12.64,,,538863,6825454.58,1966,F1,1,,,,,
2026-10-08,2026-10-08,CM,NSE,STK,522,INF109KB15Y7,ICICIB22,EQ,,,,,ICICIPRAMC - BHARATIWIN,109.27,109.27,106.25,106.52,106.91,108.86,,106.53,,,243725,26083208.02,4336,F1,1,,,,,
2026-10-08,2026-10-08,CM,NSE,STK,30139,INF109K1A021,CASHIETF,EQ,,,,,ICICIPRAMC - CASHIETF,1082.66,1082.86,1082.66,1082.84,1082.86,1082.69,,1082.84,,,148401,160695563.86,88,F1,1,,,,,
2026-10-08,2026-10-08,CM,NSE,STK,755881,INF109K1A153,EVIETF,EQ,,,,,ICICIPRAMC - EVIETF,30.15,30.15,29.31,29.38,29.46,30.06,,29.38,,,342045,10087293.12,1035,F1,1,,,,,
2026-10-08,2026-10-08,CM,NSE,STK,13143,INF109KC18O0,GSEC10IETF,EQ,,,,,ICICIPRAMC - ICICI10GS,261.68,261.68,258.58,258.58,258.58,259.19,,258.58,,,1510,391133.87,10,F1,1,,,,,
2026-10-08,2026-10-08,CM,NSE,STK,3001,INF109KC1V59,BSE500IETF,EQ,,,,,ICICIPRAMC - ICICI500,37.36,37.36,36.23,36.50,36.43,37.40,,36.50,,,493285,18049728.40,1560,F1,1,,,,,
2026-10-08,2026-10-08,CM,NSE,STK,8342,INF109KC14A8,GSEC5IETF,EQ,,,,,ICICIPRAMC - ICICI5GSEC,65.99,65.99,65.45,65.82,65.82,65.69,,65.82,,,837,55012.06,33,F1,1,,,,,
2026-10-08,2026-10-08,CM,NSE,STK,22344,INF109KC17V7,ALPL30IETF,EQ,,,,,ICICIPRAMC - ICICIALPLV,25.78,25.81,25.20,25.31,25.42,25.78,,25.31,,,185598,4723881.99,1778,F1,1,,,,,
2026-10-08,2026-10-08,CM,NSE,STK,7844,INF109KC10V2,AUTOIETF,EQ,,,,,ICICIPRAMC - ICICIAUTO,26.14,26.14,25.45,25.53,25.62,26.14,,25.53,,,762845,19623842.55,4010,F1,1,,,,,
2026-10-08,2026-10-08,CM,NSE,STK,11386,INF109KC18U7,PVTBANIETF,EQ,,,,,ICICIPRAMC - ICICIBANKP,27.49,27.50,27.13,27.18,27.28,27.50,,27.18,,,3370596,91948633.78,2048,F1,1,,,,,
2026-10-08,2026-10-08,CM,NSE,STK,13198,INF109KC19O8,COMMOIETF,EQ,,,,,ICICIPRAMC - ICICICOMMO,93.13,93.13,90.20,90.32,90.40,93.13,,90.33,,,104655,9517311.44,3918,F1,1,,,,,
2026-10-08,2026-10-08,CM,NSE,STK,6446,INF109KC1V42,CONSUMIETF,EQ,,,,,ICICIPRAMC - ICICICONSU,113.81,113.94,111.28,111.67,112.04,115.33,,111.67,,,22636,2535411.13,461,F1,1,,,,,
2026-10-08,2026-10-08,CM,NSE,STK,5306,INF109KC19V3,FMCGIETF,EQ,,,,,ICICIPRAMC - ICICIFMCG,49.00,49.00,46.50,47.36,47.43,48.01,,47.36,,,1043271,49623331.42,5840,F1,1,,,,,
2026-10-08,2026-10-08,CM,NSE,STK,10723,INF109KC16E5,INFRAIETF,EQ,,,,,ICICIPRAMC - ICICIINFRA,89.11,90.68,87.22,87.61,87.94,89.87,,87.61,,,129588,11420849.71,5679,F1,1,,,,,
2026-10-08,2026-10-08,CM,NSE,STK,4838,INF109KC1KT9,LIQUIDIETF,EQ,,,,,ICICIPRAMC - ICICILIQ,1000.00,1000.01,999.99,999.99,1000.00,999.99,,999.99,,,341684,341683734.41,237,F1,1,,,,,
2026-10-08,2026-10-08,CM,NSE,STK,17152,INF109KC11W8,MIDCAPIETF,EQ,,,,,ICICIPRAMC - ICICIM150,22.66,22.66,22.05,22.11,22.15,22.61,,22.11,,,1048512,23340708.65,3696,F1,1,,,,,
2026-10-08,2026-10-08,CM,NSE,STK,10585,INF109KC17C7,MOM30IETF,EQ,,,,,ICICIPRAMC - ICICIMOM30,29.43,30.49,29.40,29.44,29.54,30.19,,29.44,,,1268035,37509698.81,3409,F1,1,,,,,
2026-10-08,2026-10-08,CM,NSE,STK,4529,INF109KC1NS5,NEXT50IETF,EQ,,,,,ICICIPRAMC - ICICINXT50,73.79,73.79,71.35,71.46,71.55,73.40,,71.46,,,2292032,165145203.57,10929,F1,1,,,,,
2026-10-08,2026-10-08,CM,NSE,STK,3626,INF109KC1Q72,HEALTHIETF,EQ,,,,,ICICIPRAMC - ICICIPHARM,164.41,165.32,160.09,160.49,160.60,164.41,,160.49,,,136809,22118687.57,3666,F1,1,,,,,
2026-10-08,2026-10-08,CM,NSE,STK,17808,INF109KC18V5,QUAL30IETF,EQ,,,,,ICICIPRAMC - ICICIQTY30,19.67,19.69,19.25,19.28,19.37,19.62,,19.28,,,219402,4250739.76,577,F1,1,,,,,
2026-10-08,2026-10-08,CM,NSE,STK,7942,INF109KC1Y56,SILVERIETF,EQ,,,,,ICICIPRAMC - ICICISILVE,217.99,218.45,214.41,214.97,215.21,218.21,,214.97,,,4523139,974966665.27,21246,F1,1,,,,,
2026-10-08,2026-10-08,CM,NSE,STK,22365,INF109KC16I6,ITIETF,EQ,,,,,ICICIPRAMC - ICICITECH,31.20,31.55,30.73,30.79,30.75,30.91,,30.79,,,769719,23978057.38,1342,F1,1,,,,,
2026-10-08,2026-10-08,CM,NSE,STK,764364,INF109K1A567,INSUREIETF,EQ,,,,,ICICIPRAMC - INSUREIETF,14.65,14.74,14.46,14.48,14.51,14.68,,14.48,,,885702,12837998.71,348,F1,1,,,,,
2026-10-08,2026-10-08,CM,NSE,STK,11037,INF109KC15I8,BANKIETF,EQ,,,,,ICICIPRAMC - IPRU5008,56.59,56.66,55.93,55.99,55.98,56.59,,55.99,,,255389,14370566.10,1724,F1,1,,,,,
2026-10-08,2026-10-08,CM,NSE,STK,24861,INF109KC19W1,METALIETF,EQ,,,,,ICICIPRAMC - METALIETF,12.69,12.69,11.96,12.09,12.20,12.39,,12.09,,,10298143,124758887.49,17050,F1,1,,,,,
2026-10-08,2026-10-08,CM,NSE,STK,24533,INF109KC18W3,OILIETF,EQ,,,,,ICICIPRAMC - OILIETF,10.85,10.85,10.50,10.51,10.57,10.78,,10.51,,,1245891,13179156.42,4183,F1,1,,,,,
2026-10-08,2026-10-08,CM,NSE,STK,14584,INF109KC10S8,PSUBNKIETF,EQ,,,,,ICICIPRAMC - PSUBANKICI,80.69,82.48,80.69,81.10,81.49,82.34,,81.10,,,153370,12557841.83,939,F1,1,,,,,
2026-10-08,2026-10-08,CM,NSE,STK,754612,INF109K1A476,SMALLIETF,EQ,,,,,ICICIPRAMC - SMALLIETF,18.27,18.27,17.55,17.56,17.86,17.91,,17.56,,,136010,2403534.63,172,F1,1,,,,,
2026-10-08,2026-10-08,CM,NSE,STK,757781,INF109K1A344,TOP15IETF,EQ,,,,,ICICIPRAMC - TOP15IETF,9.26,9.26,9.08,9.09,9.14,9.24,,9.09,,,128543,1174933.34,264,F1,1,,,,,
2026-10-08,2026-10-08,CM,NSE,STK,25851,INF109KC16X5,VAL30IETF,EQ,,,,,ICICIPRAMC - VAL30IETF,14.29,14.29,13.98,13.99,14.05,14.29,,13.99,,,363412,5108385.24,891,F1,1,,,,,
2026-10-08,2026-10-08,CM,NSE,STK,12578,INF109KC17L8,FINIETF,EQ,,,,,ICICIPRAMC-ICICIFIN,30.35,30.39,29.81,29.92,29.97,30.68,,29.92,,,506458,15192554.13,2296,F1,1,,,,,
2026-10-08,2026-10-08,CM,NSE,STK,14523,INE725G01011,ICRA,EQ,,,,,ICRA LIMITED,4346.30,4373.30,4295.00,4299.40,4309.00,4346.30,,4299.40,,,18820,81565364.00,4260,F1,1,,,,,
2026-10-08,2026-10-08,CM,NSE,STK,1476,INE008A01015,IDBI,EQ,,,,,IDBI BANK LIMITED,85.67,85.90,82.81,83.18,83.00,85.67,,83.18,,,3762899,316544062.45,20731,F1,1,,,,,
2026-10-08,2026-10-08,CM,NSE,STK,17140,INE349Y01013,IDEAFORGE,EQ,,,,,IDEAFORGE TECHNO LTD,701.10,707.75,662.45,669.20,674.00,700.00,,669.21,,,269320,182642802.30,15561,F1,1,,,,,
2026-10-08,2026-10-08,CM,NSE,STK,28574,INE0TD101011,IDENTICAL,SM,,,,,IDENTICAL BRAINS STUDIO L,17.50,18.50,17.50,18.50,18.50,18.75,,18.50,,,4000,72000.00,2,F1,2000,,,,,
2026-10-08,2026-10-08,CM,NSE,STK,11184,INE092T01019,IDFCFIRSTB,EQ,,,,,IDFC FIRST BANK LIMITED,79.49,79.49,78.01,78.46,78.46,79.54,,78.46,,,17426267,1371305850.24,76236,F1,1,,,,,
2026-10-08,2026-10-08,CM,NSE,STK,1482,INE076C01018,IFBAGRO,EQ,,,,,IFB AGRO INDUSTRIES LTD,870.00,880.05,846.45,866.95,852.20,875.35,,867.41,,,5637,4889090.50,615,F1,1,,,,,
2026-10-08,2026-10-08,CM,NSE,STK,1485,INE559A01017,IFBIND,EQ,,,,,IFB INDUSTRIES LTD,1222.00,1222.00,1180.50,1186.80,1194.00,1216.00,,1186.74,,,16892,20187420.70,2027,F1,1,,,,,
2026-10-08,2026-10-08,CM,NSE,STK,1491,INE039A01010,IFCI,EQ,,,,,IFCI LTD,64.00,69.80,63.30,66.43,66.09,64.03,,66.43,,,216192035,14617316201.72,482054,F1,1,,,,,
2026-10-08,2026-10-08,CM,NSE,STK,436,INE133Y01011,IFGLEXPOR,EQ,,,,,IFGL REFRACTORIES LIMITED,183.90,184.49,177.20,179.72,178.00,183.05,,179.61,,,23061,4166274.16,1302,F1,1,,,,,
2026-10-08,2026-10-08,CM,NSE,STK,634,INE188B01013,IGARASHI,EQ,,,,,IGARASHI MOTORS INDIA LTD,402.00,402.05,391.20,393.10,394.45,403.45,,393.14,,,37801,14949805.85,1982,F1,1,,,,,
2026-10-08,2026-10-08,CM,NSE,STK,761118,INE530B07633,865IIFL31,Y6,,,,,IIFL 8.65% TR I SR III,975.05,980.00,975.05,980.00,980.00,975.00,,980.05,,,980,955796.50,2,F1,1,,,,,
2026-10-08,2026-10-08,CM,NSE,STK,761120,INE530B07575,885IIFL29,Y8,,,,,IIFL 8.85% TR I SR V,1020.00,1020.00,1020.00,1020.00,1020.00,1020.00,,1020.00,,,1,1020.00,1,F1,1,,,,,
2026-10-08,2026-10-08,CM,NSE,STK,761121,INE530B07609,9IIFL31,Y9,,,,,IIFL 9.00% TR I SR VI,1025.00,1025.00,1021.00,1024.46,1021.00,1020.00,,1024.46,,,75,76835.00,2,F1,1,,,,,
2026-10-08,2026-10-08,CM,NSE,STK,756144,INE530B07476,975IIFL28,Y0,,,,,IIFL 9.75% TR I SR VI,1040.80,1040.80,1040.80,1040.80,1040.80,1040.80,,1040.80,,,65,67652.00,2,F1,1,,,,,
2026-10-08,2026-10-08,CM,NSE,STK,756141,INE530B07534,930IIFL27,NX,,,,,IIFL 9:30% TR I SR III,1025.20,1025.20,1025.20,1025.20,1025.20,1025.20,,1025.20,,,1,1025.20,1,F1,1,,,,,
2026-10-08,2026-10-08,CM,NSE,STK,13072,INE489L01022,IIFLCAPS,EQ,,,,,IIFL CAPITAL SERVICES LTD,346.00,347.80,343.50,344.20,344.10,346.85,,344.19,,,414332,142714334.10,7344,F1,1,,,,,
2026-10-08,2026-10-08,CM,NSE,STK,11809,INE530B01024,IIFL,EQ,,,,,IIFL FINANCE LIMITED,591.40,592.30,566.30,579.15,581.35,588.55,,579.12,,,1555838,896480465.90,49754,F1,1,,,,,
2026-10-08,2026-10-08,CM,NSE,STK,761124,INE530B07641,IIFL06326,YC,,,,,IIFL TR I SR IX,1000.21,1000.21,1000.21,1000.21,1000.21,1010.00,,1000.21,,,1,1000.21,1,F1,1,,,,,
2026-10-08,2026-10-08,CM,NSE,STK,761122,INE530B07583,IIFL060326,YA,,,,,IIFL TR I SR VII,1015.02,1015.50,1015.02,1015.15,1015.10,1025.01,,1015.15,,,190,192871.40,5,F1,1,,,,,
2026-10-08,2026-10-08,CM,NSE,STK,16822,INE0LOJ01019,IKIO,EQ,,,,,IKIO TECHNOLOGIES LIMITED,192.00,192.98,180.00,181.05,180.70,191.05,,181.05,,,210057,38653120.31,4795,F1,1,,,,,
2026-10-08,2026-10-08,CM,NSE,STK,9380,INE369I01014,IL&FSENGG,BZ,,,,,IL&FS ENG AND CONS CO LTD,39.50,40.05,38.57,38.57,38.57,40.60,,39.29,,,12363,482226.72,37,F1,1,,,,,
2026-10-08,2026-10-08,CM,NSE,STK,6711,INE050B01023,IVC,EQ,,,,,IL&FS INVESTMENT MANAGERS,7.98,7.98,7.85,7.87,7.85,7.95,,7.89,,,92979,736150.47,745,F1,1,,,,,
2026-10-08,2026-10-08,CM,NSE,STK,9381,INE975G01012,IL&FSTRANS,BZ,,,,,IL&FS TRANS NET LTD,2.00,2.07,1.94,2.05,2.01,1.98,,2.05,,,65927,134322.39,101,F1,1,,,,,
2026-10-08,2026-10-08,CM,NSE,STK,7672,INE172N01012,IMAGICAA,EQ,,,,,IMAGICAAWORLD ENT LTD,49.08,49.08,46.75,47.11,47.50,48.72,,47.11,,,525695,24983344.33,4459,F1,1,,,,,
2026-10-08,2026-10-08,CM,NSE,STK,17507,INE452L01012,INCREDIBLE,EQ,,,,,INCREDIBLE INDUSTRIES LTD,31.30,32.00,29.62,30.00,30.00,31.47,,30.00,,,23312,711854.60,491,F1,1,,,,,
2026-10-08,2026-10-08,CM,NSE,STK,12009,INE547E01014,IMPAL,EQ,,,,,IND MOTOR PART & ACC LTD,1005.00,1010.00,994.00,996.50,994.10,1000.20,,996.59,,,2072,2075197.50,275,F1,1,,,,,
2026-10-08,2026-10-08,CM,NSE,STK,4870,INE915B01019,INDSWFTLAB,EQ,,,,,IND SWIFT LABORATORIES LT,391.50,394.15,359.35,366.10,363.40,391.10,,366.13,,,820418,304845549.25,19742,F1,1,,,,,
2026-10-08,2026-10-08,CM,NSE,STK,21957,INE611L01021,INDTERRAIN,EQ,,,,,IND TERRAIN FASHIONS LTD,29.61,29.61,29.15,29.15,29.16,29.22,,29.15,,,12023,350693.86,99,F1,1,,,,,
2026-10-08,2026-10-08,CM,NSE,STK,16933,INE841B01017,INDBANK,EQ,,,,,INDBANK MERCH BANK,26.75,26.76,25.02,25.14,25.02,26.11,,25.15,,,56275,1444893.25,839,F1,1,,,,,
2026-10-08,2026-10-08,CM,NSE,STK,29678,INE0O9T01021,BAJAJINDEF,EQ,,,,,INDEF MANUFACTURING LTD,203.96,205.38,197.50,199.24,199.00,203.96,,199.28,,,12059,2418098.91,686,F1,1,,,,,
2026-10-08,2026-10-08,CM,NSE,STK,23696,INE065X01017,INDGN,BL,,,,,INDEGENE LIMITED,590.00,590.00,590.00,590.00,590.00,525.00,,590.00,,,2018426,1190871340.00,1,F1,999999999,,,,,
2026-10-08,2026-10-08,CM,NSE,STK,23693,INE065X01017,INDGN,EQ,,,,,INDEGENE LIMITED,607.10,609.85,580.00,586.15,585.75,607.10,,586.11,,,303851,180312324.30,19698,F1,1,,,,,
2026-10-08,2026-10-08,CM,NSE,STK,1521,INE560A01023,INDIAGLYCO,EQ,,,,,INDIA GLYCOLS LTD,399.00,399.00,351.80,356.90,353.80,382.70,,356.94,,,2966275,1095798588.90,70975,F1,1,,,,,
2026-10-08,2026-10-08,CM,NSE,STK,4747,INE092B01025,INDNIPPON,EQ,,,,,INDIA NIPPON ELECT  LTD,1231.40,1232.50,1169.00,1187.40,1195.00,1231.40,,1187.15,,,45280,53904182.00,5261,F1,1,,,,,
2026-10-08,2026-10-08,CM,NSE,STK,4934,INE0D6701023,IPL,EQ,,,,,INDIA PESTICIDES LIMITED,130.65,131.89,128.16,130.03,130.00,130.39,,130.05,,,114837,14845887.58,2169,F1,1,,,,,
2026-10-08,2026-10-08,CM,NSE,STK,20556,INE922K01024,INDIASHLTR,EQ,,,,,INDIA SHELTER FIN CORP L,630.00,650.00,630.00,643.50,642.70,633.85,,643.51,,,71079,45667058.00,5697,F1,1,,,,,
2026-10-08,2026-10-08,CM,NSE,STK,19299,INE353K01014,ITDC,EQ,,,,,INDIA TOUR. DEV. CO. LTD.,677.00,677.00,652.00,661.55,657.00,671.75,,661.54,,,70280,46523922.45,5785,F1,1,,,,,
2026-10-08,2026-10-08,CM,NSE,STK,24999,INE126M01010,IBULLSLTD,EQ,,,,,INDIABULLS LIMITED,34.40,38.89,32.78,34.88,35.00,32.49,,34.88,,,80328946,2797897318.21,200725,F1,1,,,,,
2026-10-08,2026-10-08,CM,NSE,STK,10726,INE933S01016,INDIAMART,EQ,,,,,INDIAMART INTERMESH LTD,1605.30,1607.00,1575.00,1602.70,1600.20,1605.30,,1602.68,,,71691,114248979.00,13939,F1,1,,,,,
2026-10-08,2026-10-08,CM,NSE,STK,14309,INE562A01011,INDIANB,EQ,,,,,INDIAN BANK,830.90,832.00,807.80,807.80,807.80,828.30,,807.80,,,2115065,1731631156.80,46755,F1,1,,,,,
2026-10-08,2026-10-08,CM,NSE,STK,4422,INE061A01014,INDIANCARD,EQ,,,,,INDIAN CARD CLOTHING CO.,186.98,186.98,179.00,180.95,181.75,186.99,,180.85,,,598,108532.31,77,F1,1,,,,,
2026-10-08,2026-10-08,CM,NSE,STK,23792,INE0RRU01016,IEML,ST,,,,,INDIAN EMULSIFIERS LTD,42.80,44.15,42.75,42.75,42.75,45.00,,42.75,,,71000,3038800.00,66,F1,500,,,,,
2026-10-08,2026-10-08,CM,NSE,STK,220,INE022Q01020,IEX,EQ,,,,,INDIAN ENERGY EXC LTD,105.71,106.33,103.50,103.75,103.75,105.85,,103.75,,,3581560,374881751.33,38357,F1,1,,,,,
2026-10-08,2026-10-08,CM,NSE,STK,1530,INE323C01030,INDIANHUME,EQ,,,,,INDIAN HUME PIPE CO. LTD.,350.00,352.10,337.00,338.80,338.05,355.45,,338.71,,,26750,9169066.20,1757,F1,1,,,,,
2026-10-08,2026-10-08,CM,NSE,STK,19235,INE919H01018,IMFA,EQ,,,,,INDIAN METALS & FERRO,1183.00,1184.80,1139.90,1165.10,1158.50,1186.80,,1165.09,,,94157,109174905.90,8017,F1,1,,,,,
2026-10-08,2026-10-08,CM,NSE,STK,1624,INE242A01010,IOC,EQ,,,,,INDIAN OIL CORP LTD,130.30,130.31,125.27,126.25,126.25,130.00,,126.25,,,12167724,1546028629.98,115276,F1,1,,,,,
2026-10-08,2026-10-08,CM,NSE,STK,9348,INE565A01014,IOB,EQ,,,,,INDIAN OVERSEAS BANK,31.03,31.19,30.40,30.48,30.45,31.03,,30.48,,,1864731,57403051.13,16086,F1,1,,,,,
2026-10-08,2026-10-08,CM,NSE,STK,25033,INE0DHF01018,IPHL,SM,,,,,INDIAN PHOSPHATE LIMITED,67.00,71.95,67.00,68.80,68.80,70.00,,68.80,,,22800,1581420.00,18,F1,1200,,,,,
2026-10-08,2026-10-08,CM,NSE,STK,13611,INE335Y01020,IRCTC,EQ,,,,,INDIAN RAIL TOUR CORP LTD,453.95,457.25,448.00,449.85,449.20,453.65,,449.83,,,815679,368567374.50,39293,F1,1,,,,,
2026-10-08,2026-10-08,CM,NSE,STK,2029,INE053F01010,IRFC,EQ,,,,,INDIAN RAILWAY FIN CORP L,76.24,76.29,74.12,74.30,74.30,76.15,,74.27,,,9189122,691174850.58,56933,F1,1,,,,,
2026-10-08,2026-10-08,CM,NSE,STK,20261,INE202E01016,IREDA,EQ,,,,,INDIAN RENEWABLE ENERGY,107.50,107.94,103.41,103.80,103.80,107.33,,103.80,,,5964182,628770855.03,46047,F1,1,,,,,
2026-10-08,2026-10-08,CM,NSE,STK,762727,INE586E01020,IWP,EQ,,,,,INDIAN WOOD PRODUCTS CO L,37.79,37.79,35.60,36.02,36.80,37.10,,36.17,,,9564,347491.38,104,F1,1,,,,,
2026-10-08,2026-10-08,CM,NSE,STK,21058,INE0PS301014,INDIFRA,SM,,,,,INDIFRA LIMITED,11.65,11.65,11.65,11.65,11.65,11.10,,11.65,,,4000,46600.00,2,F1,2000,,,,,
2026-10-08,2026-10-08,CM,NSE,STK,2048,INE09VQ01012,INDIGOPNTS,EQ,,,,,INDIGO PAINTS LIMITED,1053.80,1071.00,1033.00,1035.70,1036.90,1060.20,,1035.64,,,59869,62852067.90,10635,F1,1,,,,,
2026-10-08,2026-10-08,CM,NSE,STK,20988,INE219X23014,INDIGRID,IV,,,,,INDIGRID INFRASTRUCT TRST,169.78,169.78,166.99,167.58,167.45,168.96,,167.58,,,1038910,174688912.00,20845,F1,1,,,,,
2026-10-08,2026-10-08,CM,NSE,STK,757845,INE06ST01018,INDIQUBE,EQ,,,,,INDIQUBE SPACES LIMITED,192.51,199.00,190.00,191.89,192.20,194.57,,191.89,,,36199,7015210.60,802,F1,1,,,,,
2026-10-08,2026-10-08,CM,NSE,STK,9116,INE760F01028,INDOAMIN,EQ,,,,,INDO AMINES LIMITED,159.50,160.49,148.35,151.70,150.80,157.97,,151.74,,,511210,78905284.45,8276,F1,1,,,,,
2026-10-08,2026-10-08,CM,NSE,STK,8614,INE803D01021,INDOBORAX,EQ,,,,,INDO BORAX & CHEMICAL LTD,480.90,507.95,471.55,482.20,476.00,480.90,,482.21,,,294787,145097839.80,10883,F1,1,,,,,
2026-10-08,2026-10-08,CM,NSE,STK,11987,INE483B01026,ICIL,EQ,,,,,INDO COUNT INDUSTRIES LTD,470.00,470.00,443.25,449.00,447.50,471.10,,449.01,,,374799,171279546.55,17723,F1,1,,,,,
2026-10-08,2026-10-08,CM,NSE,STK,29025,INE622H01018,INDOFARM,EQ,,,,,INDO FARM EQUIPMENT LTD,140.10,140.99,133.25,134.66,135.15,139.92,,134.67,,,88097,11980307.80,2136,F1,1,,,,,
2026-10-08,2026-10-08,CM,NSE,STK,10993,INE156A01020,INDORAMA,EQ,,,,,INDO RAMA SYNTHETICS LTD,96.90,96.90,86.40,88.10,88.00,95.99,,88.09,,,917283,82677600.90,10227,F1,1,,,,,
2026-10-08,2026-10-08,CM,NSE,STK,13275,INE332H01014,INDOTECH,EQ,,,,,INDO TECH TRANSFORM LTD.,3310.00,3373.20,3120.00,3148.80,3155.00,3323.30,,3148.94,,,25774,82261966.30,4041,F1,1,,,,,
2026-10-08,2026-10-08,CM,NSE,STK,25608,INE337M01021,INDOTHAI,EQ,,,,,INDO THAI SEC LTD,42.68,42.68,38.68,38.68,38.68,40.71,,38.68,,,1688109,67473078.85,5101,F1,1,,,,,
2026-10-08,2026-10-08,CM,NSE,STK,25503,INE250Z01010,INDOUS,EQ,,,,,INDO US BIOTECH LTD,74.70,76.29,71.99,72.75,72.90,74.93,,72.81,,,7922,585552.15,788,F1,1,,,,,
2026-10-08,2026-10-08,CM,NSE,STK,764301,INE084101034,INDOMIM,EQ,,,,,INDO-MIM LIMITED,1369.00,1374.40,1231.30,1238.60,1248.90,1359.90,,1238.59,,,2412867,3044575042.10,129029,F1,1,,,,,
2026-10-08,2026-10-08,CM,NSE,STK,6782,INE567A01028,NIPPOBATRY,EQ,,,,,INDO-NATIONAL LIMITED,318.00,319.90,310.30,311.70,310.60,316.05,,311.70,,,471,148009.85,86,F1,1,,,,,
2026-10-08,2026-10-08,CM,NSE,STK,11677,INE873D01024,INDOCO,EQ,,,,,INDOCO REMEDIES LTD.,248.85,248.85,235.10,236.90,236.90,246.55,,236.90,,,139829,33462523.90,5286,F1,1,,,,,
2026-10-08,2026-10-08,CM,NSE,STK,757801,INE05J901018,IGCL,EQ,,,,,INDOGULF CROPSCIENCES LTD,59.29,59.29,55.50,55.61,55.50,57.75,,55.56,,,311278,17329473.19,1347,F1,1,,,,,
2026-10-08,2026-10-08,CM,NSE,STK,764708,INE716F01012,INDOKEM,EQ,,,,,INDOKEM LTD.,600.00,697.10,600.00,692.80,697.10,580.95,,693.30,,,587044,395744778.80,16719,F1,1,,,,,
2026-10-08,2026-10-08,CM,NSE,STK,19955,INE866K01023,WAAREEINDO,EQ,,,,,INDOSOLAR LIMITED,209.90,209.90,196.80,197.00,196.81,207.15,,197.03,,,211454,42434059.55,3590,F1,1,,,,,
2026-10-08,2026-10-08,CM,NSE,STK,3088,INE896L01010,INDOSTAR,EQ,,,,,INDOSTAR CAPITAL FIN LTD,201.59,201.59,187.07,196.60,194.10,200.12,,196.61,,,467933,90807436.74,7384,F1,1,,,,,
2026-10-08,2026-10-08,CM,NSE,STK,14952,INE227G01018,INDOWIND,EQ,,,,,INDOWIND ENERGY LTD,8.66,8.73,8.25,8.39,8.49,8.58,,8.41,,,144689,1219034.74,673,F1,1,,,,,
2026-10-08,2026-10-08,CM,NSE,STK,11262,INE203G01027,IGL,EQ,,,,,INDRAPRASTHA GAS LTD,145.00,146.69,140.10,142.03,141.16,146.35,,142.05,,,1860599,267535523.13,26221,F1,1,,,,,
2026-10-08,2026-10-08,CM,NSE,STK,4751,INE681B01017,INDRAMEDCO,EQ,,,,,INDRAPRASTHA MEDICAL CORP,329.40,332.25,317.15,319.90,320.40,329.40,,319.90,,,591365,189443981.05,12173,F1,1,,,,,
2026-10-08,2026-10-08,CM,NSE,STK,23036,INE0NHL23019,INDUSINVIT,IV,,,,,INDUS INFRA TRUST,132.00,132.00,128.21,128.50,128.50,131.01,,128.50,,,304079,39182296.40,15775,F1,1,,,,,
2026-10-08,2026-10-08,CM,NSE,STK,29135,INE121J01017,INDUSTOWER,EQ,,,,,INDUS TOWERS LIMITED,385.05,388.95,372.05,373.00,373.00,385.05,,373.00,,,2309118,874457886.95,35068,F1,1,,,,,
2026-10-08,2026-10-08,CM,NSE,STK,5258,INE095A01012,INDUSINDBK,EQ,,,,,INDUSIND BANK LIMITED,876.00,877.95,857.00,864.00,864.00,874.90,,864.00,,,1682277,1455333389.75,68710,F1,1,,,,,
2026-10-08,2026-10-08,CM,NSE,STK,762717,INE620D01011,INDPRUD,EQ,,,,,INDUSTRIAL & PRU INV CO L,6250.00,6300.00,6225.00,6300.00,6300.00,6305.00,,6300.00,,,54,336980.00,6,F1,1,,,,,
2026-10-08,2026-10-08,CM,NSE,STK,19525,INE886A01014,IITL,EQ,,,,,INDUSTRIAL INV TRUST LTD,130.34,132.79,127.01,128.19,131.00,130.75,,128.18,,,97976,12774490.71,980,F1,1,,,,,
2026-10-08,2026-10-08,CM,NSE,STK,15045,INE0MRE01011,INFINIUM,ST,,,,,INFINIUM PHARMACHEM LTD,305.45,316.80,305.45,313.00,313.00,305.50,,313.00,,,3500,1083850.00,6,F1,500,,,,,
2026-10-08,2026-10-08,CM,NSE,STK,757602,INE0MYZ01012,INFLUX,SM,,,,,INFLUX HEALTHTECH LIMITED,270.00,272.35,260.00,260.10,260.10,274.30,,260.10,,,35400,9444420.00,55,F1,600,,,,,
2026-10-08,2026-10-08,CM,NSE,STK,13751,INE663F01032,NAUKRI,EQ,,,,,INFO EDGE (I) LTD,1221.00,1253.20,1182.80,1182.80,1182.80,1225.30,,1182.80,,,2180593,2619806411.00,114987,F1,1,,,,,
2026-10-08,2026-10-08,CM,NSE,STK,11027,INE344S01016,INFOBEAN,EQ,,,,,INFOBEANS TECHNO. LTD.,147.20,153.36,144.90,146.17,149.00,147.24,,146.11,,,221690,32821138.51,4622,F1,1,,,,,
2026-10-08,2026-10-08,CM,NSE,STK,16588,INE0NNZ01013,INFOLLION,SM,,,,,INFOLLION RESEARCH SER L,162.80,172.00,160.00,170.00,170.00,162.80,,170.00,,,14400,2415240.00,24,F1,400,,,,,
2026-10-08,2026-10-08,CM,NSE,STK,13693,INE669A01022,INFOMEDIA,EQ,,,,,INFOMEDIA PRESS LIMITED,5.43,5.49,5.18,5.45,5.48,5.41,,5.45,,,11598,62988.85,89,F1,1,,,,,
2026-10-08,2026-10-08,CM,NSE,STK,1594,INE009A01021,INFY,EQ,,,,,INFOSYS LIMITED,1002.00,1012.65,992.90,997.00,997.00,992.00,,996.42,,,14847874,14883007161.70,196492,F1,1,,,,,
2026-10-08,2026-10-08,CM,NSE,STK,1597,INE177A01018,INGERRAND,EQ,,,,,INGERSOLL-RAND INDIA LTD,4115.30,4121.50,3982.10,4001.20,3989.00,4115.30,,4000.85,,,7994,32419800.80,2349,F1,1,,,,,
2026-10-08,2026-10-08,CM,NSE,STK,25323,INE0S1D01010,INNOMET,ST,,,,,INNOMET ADVANCED MATERI L,273.15,273.15,259.50,259.55,259.50,273.15,,259.55,,,37200,9753420.00,48,F1,600,,,,,
2026-10-08,2026-10-08,CM,NSE,STK,21062,INE0DUT01020,INNOVACAP,EQ,,,,,INNOVA CAPTAB LIMITED,1172.00,1172.00,1125.00,1129.50,1127.00,1166.20,,1129.54,,,39665,45240226.10,5790,F1,1,,,,,
2026-10-08,2026-10-08,CM,NSE,STK,27754,INE403Y01018,INNOVANA,EQ,,,,,INNOVANA THINKLABS LTD,287.45,290.75,278.35,283.20,289.65,289.90,,283.20,,,25642,7335785.60,723,F1,1,,,,,
2026-10-08,2026-10-08,CM,NSE,STK,27266,INE070Y01023,ITTL,ST,,,,,INNOVATIVE TYRE & TUBE LT,63.10,63.10,60.70,60.70,60.70,61.90,,60.70,,,210,12999.00,2,F1,105,,,,,
2026-10-08,2026-10-08,CM,NSE,STK,761528,INE0ADB01012,INNOVISION,EQ,,,,,INNOVISION LIMITED,256.00,257.95,252.05,252.85,253.30,256.00,,252.85,,,13968,3563240.50,455,F1,1,,,,,
2026-10-08,2026-10-08,CM,NSE,STK,12188,INE510W01014,INOXGREEN,EQ,,,,,INOX GREEN ENERGY SER LTD,135.17,135.17,108.70,115.08,116.00,135.87,,115.08,,,43594723,4944826798.75,189353,F1,1,,,,,
2026-10-08,2026-10-08,CM,NSE,STK,20607,INE616N01034,INOXINDIA,EQ,,,,,INOX INDIA LIMITED,2081.80,2081.80,2016.10,2039.30,2034.00,2082.00,,2039.30,,,150616,307972500.30,26147,F1,1,,,,,
2026-10-08,2026-10-08,CM,NSE,STK,7852,INE066P01011,INOXWIND,EQ,,,,,INOX WIND LIMITED,67.10,67.40,62.43,62.43,62.43,67.10,,62.44,,,21894766,1403010347.06,74895,F1,1,,,,,
2026-10-08,2026-10-08,CM,NSE,STK,14657,INE070I01018,INSECTICID,EQ,,,,,INSECTICIDES (I) LTD,581.30,586.60,569.00,571.50,573.10,586.60,,571.50,,,8344,4826024.60,729,F1,1,,,,,
2026-10-08,2026-10-08,CM,NSE,STK,761099,INE0LGX01024,INA,EQ,,,,,INSOLATION ENERGY LIMITED,82.05,83.37,79.00,79.73,79.49,82.00,,79.73,,,633313,50662041.14,6037,F1,1,,,,,
2026-10-08,2026-10-08,CM,NSE,STK,19154,INE0NDX01019,INSPIRE,SM,,,,,INSPIRE FILMS LIMITED,10.85,10.85,10.85,10.85,10.85,10.35,,10.85,,,8000,86800.00,4,F1,2000,,,,,
2026-10-08,2026-10-08,CM,NSE,STK,13730,INE020G01017,INSPIRISYS,EQ,,,,,INSPIRISYS SOLUTIONS LTD,84.10,85.99,81.60,84.39,85.98,83.74,,84.40,,,2145,178980.38,64,F1,1,,,,,
2026-10-08,2026-10-08,CM,NSE,STK,30323,INE418N01035,ESSENTIA,EQ,,,,,INTEGRA ESSENTIA LIMITED,1.01,1.02,1.00,1.00,1.00,1.00,,1.00,,,1493223,1501952.56,735,F1,1,,,,,
2026-10-08,2026-10-08,CM,NSE,STK,11903,INE02EE01019,IPSL,SM,,,,,INTEGRATED PERSO SER LTD,187.10,210.00,187.10,204.95,210.00,204.90,,204.95,,,2000,392075.00,3,F1,500,,,,,
2026-10-08,2026-10-08,CM,NSE,STK,757902,INE0YSH01017,INTEGRITY,SM,,,,,INTEGRITY INFRABUILD DE L,191.00,191.00,191.00,191.00,191.00,191.50,,191.00,,,1200,229200.00,1,F1,1200,,,,,
2026-10-08,2026-10-08,CM,NSE,STK,5926,INE306R01017,INTELLECT,EQ,,,,,INTELLECT DESIGN ARENA,591.35,603.00,564.05,567.35,566.50,591.35,,567.36,,,467950,270489117.40,28119,F1,1,,,,,
2026-10-08,2026-10-08,CM,NSE,STK,20071,INE781A01025,INTENTECH,EQ,,,,,INTENSE TECHNOLOGIES LTD,82.49,84.14,79.29,82.44,82.05,80.92,,82.44,,,14822,1214972.87,259,F1,1,,,,,
2026-10-08,2026-10-08,CM,NSE,STK,24909,INE00M901018,INTERARCH,EQ,,,,,INTERARCH BLDNG SOLTN LTD,1702.00,1712.90,1664.40,1694.40,1683.00,1700.90,,1694.41,,,68792,116458699.80,8760,F1,1,,,,,
2026-10-08,2026-10-08,CM,NSE,STK,11195,INE646L01027,INDIGO,EQ,,,,,INTERGLOBE AVIATION LTD,4975.00,4983.70,4782.20,4813.10,4813.10,4990.00,,4813.08,,,748671,3624660593.80,84320,F1,1,,,,,
2026-10-08,2026-10-08,CM,NSE,STK,22770,INE0OPC01015,INM,SM,,,,,INTERIORS & MORE LIMITED,135.00,135.00,133.00,134.00,133.00,138.05,,134.00,,,3600,482400.00,3,F1,600,,,,,
2026-10-08,2026-10-08,CM,NSE,STK,5606,INE575C01027,INTLCONV,EQ,,,,,INTL CONVEYORS LIMITED,80.99,80.99,78.00,79.14,78.01,80.17,,79.14,,,93149,7439280.27,863,F1,1,,,,,
2026-10-08,2026-10-08,CM,NSE,STK,28378,INE0Q9301021,IGIL,EQ,,,,,INTL GEMOLOGICAL INST LTD,318.70,319.45,305.60,307.05,307.25,317.05,,307.01,,,415597,128582578.70,13659,F1,1,,,,,
2026-10-08,2026-10-08,CM,NSE,STK,18483,INE566K01011,ISFT,BE,,,,,INTRASOFT TECH. LTD,99.49,100.00,95.20,98.35,97.00,99.49,,98.35,,,23584,2325386.88,126,F1,1,,,,,
2026-10-08,2026-10-08,CM,NSE,STK,24870,INE878H01024,INVENTURE,EQ,,,,,INVENTURE GRO & SEC LTD,0.83,0.84,0.81,0.81,0.83,0.83,,0.81,,,982151,810427.95,359,F1,1,,,,,
2026-10-08,2026-10-08,CM,NSE,STK,28125,INE115Q01022,IKS,EQ,,,,,INVENTURUS KNOWLEDGE SO L,1745.00,1791.60,1742.20,1751.10,1751.00,1737.40,,1751.11,,,236677,417811632.70,25706,F1,1,,,,,
2026-10-08,2026-10-08,CM,NSE,STK,18292,INF205KA1BP1,IVZINGOLD,EQ,,,,,INVESCO INDIA GOLD ETF,127.70,128.10,127.20,127.75,127.65,127.70,,127.75,,,113134,14443454.45,563,F1,1,,,,,
2026-10-08,2026-10-08,CM,NSE,STK,24217,INF205KA1CC7,IVZINNIFTY,EQ,,,,,INVESCO INDIA NIFTY ETF,255.05,260.00,255.05,256.56,256.60,261.59,,256.56,,,1342,344412.57,56,F1,1,,,,,
2026-10-08,2026-10-08,CM,NSE,STK,762725,INE155E01016,INVPRECQ,BE,,,,,INVESTMENT & PREC CAST L,1600.00,1600.00,1514.80,1528.90,1549.00,1594.50,,1529.15,,,7202,11080451.10,256,F1,1,,,,,
2026-10-08,2026-10-08,CM,NSE,STK,20413,INE485C01029,IOLCP,EQ,,,,,IOL CHEM AND PHARMA LTD,220.41,220.98,203.10,205.55,205.90,220.22,,205.56,,,4159908,875581425.38,51225,F1,1,,,,,
2026-10-08,2026-10-08,CM,NSE,STK,1630,INE570A01022,IONEXCHANG,EQ,,,,,ION EXCHANGE (INDIA) LTD,402.00,402.00,388.30,392.15,393.00,402.40,,392.14,,,209927,82368932.45,17501,F1,1,,,,,
2026-10-08,2026-10-08,CM,NSE,STK,764713,INE558A01019,IPRINGLTD,EQ,,,,,IP RINGS LTD.,143.00,143.00,138.20,138.23,138.20,144.94,,138.23,,,495,69043.83,23,F1,1,,,,,
2026-10-08,2026-10-08,CM,NSE,STK,1633,INE571A01038,IPCALAB,EQ,,,,,IPCA LABORATORIES LTD,1940.90,1965.40,1923.00,1938.40,1925.10,1938.50,,1938.26,,,320842,623882742.20,23561,F1,1,,,,,
2026-10-08,2026-10-08,CM,NSE,STK,15313,INE821I01022,IRB,EQ,,,,,IRB INFRA DEV LTD.,17.41,17.89,17.30,17.53,17.47,17.44,,17.53,,,17723493,311635375.96,26924,F1,1,,,,,
2026-10-08,2026-10-08,CM,NSE,STK,20817,INE183W23014,IRBINVIT,IV,,,,,IRB INVIT FUND,63.86,63.94,63.60,63.77,63.70,63.85,,63.77,,,341699,21800986.13,3428,F1,1,,,,,
2026-10-08,2026-10-08,CM,NSE,STK,4986,INE962Y01021,IRCON,EQ,,,,,IRCON INTERNATIONAL LTD,106.65,107.11,103.00,103.29,103.49,106.66,,103.29,,,2132989,223090209.49,32469,F1,1,,,,,
2026-10-08,2026-10-08,CM,NSE,STK,1391,INE202E07138,880IREDA29,N5,,,,,IREDA 8.80NCDTR I SR II B,1130.00,1130.00,1130.00,1130.00,1130.00,1125.00,,1127.50,,,500,565000.00,2,F1,1,,,,,
2026-10-08,2026-10-08,CM,NSE,STK,1393,INE202E07153,880IREDA34,N6,,,,,IREDA 8.80NCDTR I SR IIIB,1285.00,1285.00,1276.01,1277.00,1277.00,1288.00,,1277.00,,,1039,1330599.49,11,F1,1,,,,,
2026-10-08,2026-10-08,CM,NSE,STK,2275,INE01GN01025,IRISDOREME,EQ,,,,,IRIS CLOTHINGS LIMITED,60.00,60.84,57.34,58.71,58.16,59.26,,58.71,,,313792,18362843.03,2833,F1,1,,,,,
2026-10-08,2026-10-08,CM,NSE,STK,6489,INE864K01010,IRIS,EQ,,,,,IRIS REGTECH SOLUTION LTD,222.06,229.50,211.00,212.68,211.00,223.23,,212.68,,,32848,7094254.06,771,F1,1,,,,,
2026-10-08,2026-10-08,CM,NSE,STK,19597,INE07U701015,IRMENERGY,EQ,,,,,IRM ENERGY LIMITED,265.00,272.65,254.30,256.00,255.10,263.00,,256.02,,,123708,32368972.75,4792,F1,1,,,,,
2026-10-08,2026-10-08,CM,NSE,STK,763789,INE413U07475,920ISF28,N0,,,,,ISF 9.20% 2028,9700.00,9750.00,9501.00,9541.00,9541.00,9761.00,,9541.00,,,17,163289.00,10,F1,1,,,,,
2026-10-08,2026-10-08,CM,NSE,STK,761208,INE413U07442,925ISF28,N0,,,,,ISF 9.25% 2028,9749.00,9749.00,9748.95,9748.95,9748.95,9750.00,,9748.95,,,13,126736.40,3,F1,1,,,,,
2026-10-08,2026-10-08,CM,NSE,STK,756069,INE413U07392,950ISF27A,N0,,,,,ISF 9.50% 2027,99429.00,99429.00,99429.00,99429.00,99429.00,99429.00,,99429.00,,,1,99429.00,1,F1,1,,,,,
2026-10-08,2026-10-08,CM,NSE,STK,3329,INE858B01029,ISGEC,EQ,,,,,ISGEC HEAVY ENG LTD,901.75,931.05,886.10,918.40,924.30,901.75,,918.40,,,231042,212193746.10,14386,F1,1,,,,,
2026-10-08,2026-10-08,CM,NSE,STK,30249,INE561M01018,ISHANCH,EQ,,,,,ISHAN DYES N CHEMICALS L,46.17,47.52,45.50,46.44,45.51,47.08,,46.54,,,6797,313644.90,145,F1,1,,,,,
2026-10-08,2026-10-08,CM,NSE,STK,22645,INE0R7R01018,ITALIANE,SM,,,,,ITALIAN EDIBLES LIMITED,28.20,28.20,28.00,28.00,28.00,28.20,,28.00,,,8000,224400.00,4,F1,2000,,,,,
2026-10-08,2026-10-08,CM,NSE,STK,29251,INE379A01028,ITCHOTELS,EQ,,,,,ITC HOTELS LIMITED,159.00,159.10,153.22,154.63,154.50,159.17,,154.64,,,1255360,196234205.60,21804,F1,1,,,,,
2026-10-08,2026-10-08,CM,NSE,STK,1660,INE154A01025,ITC,EQ,,,,,ITC LTD,264.00,264.65,253.15,255.00,255.00,265.70,,254.71,,,53680318,13793662356.35,386129,F1,1,,,,,
2026-10-08,2026-10-08,CM,NSE,STK,1675,INE248A01017,ITI,EQ,,,,,ITI LTD,245.25,245.39,236.15,237.18,236.97,245.84,,237.20,,,121820,29205546.83,5699,F1,1,,,,,
2026-10-08,2026-10-08,CM,NSE,STK,764723,INE478D01014,ITL,EQ,,,,,ITL INDUSTRIES LTD.,373.95,379.00,362.55,364.85,369.00,372.80,,364.85,,,6804,2483612.55,73,F1,1,,,,,
2026-10-08,2026-10-08,CM,NSE,STK,759041,INE056801025,IVALUE,EQ,,,,,IVALUE INFOSOLUTIONS LTD,233.40,240.50,226.10,227.52,226.10,232.04,,227.52,,,269787,63563454.53,6379,F1,1,,,,,
2026-10-08,2026-10-08,CM,NSE,STK,8857,INE043C01018,IVP,BE,,,,,IVP LIMITED,228.90,228.90,218.81,220.34,221.00,227.25,,220.62,,,23800,5269989.67,193,F1,1,,,,,
2026-10-08,2026-10-08,CM,NSE,STK,757644,INE1AII01014,IWARE,ST,,,,,IWARE SUPPLYCHAIN SER LTD,371.65,371.65,360.00,360.05,360.05,370.50,,360.05,,,10200,3718590.00,17,F1,600,,,,,
2026-10-08,2026-10-08,CM,NSE,STK,14174,INE848A01014,IZMO,EQ,,,,,IZMO LIMITED,899.90,928.80,852.70,861.40,864.00,889.95,,861.40,,,233706,206108919.10,14128,F1,1,,,,,
2026-10-08,2026-10-08,CM,NSE,STK,5633,INE168A01041,J&KBANK,EQ,,,,,J & K BANK LTD.,139.89,140.25,135.02,135.50,135.15,139.40,,135.50,,,1889831,259442957.41,35643,F1,1,,,,,
2026-10-08,2026-10-08,CM,NSE,STK,23056,INE0MB501011,JGCHEM,EQ,,,,,J.G.CHEMICALS LIMITED,654.85,674.75,633.20,638.70,639.70,654.95,,638.78,,,259024,166681558.45,11530,F1,1,,,,,
2026-10-08,2026-10-08,CM,NSE,STK,13211,INE199G01027,JAGRAN,EQ,,,,,JAGRAN PRAKASHAN LIMITED,62.00,62.30,61.10,61.42,61.50,62.05,,61.42,,,172303,10601434.49,2234,F1,1,,,,,
2026-10-08,2026-10-08,CM,NSE,STK,4410,INE048B01035,JAGSNPHARM,EQ,,,,,JAGSONPAL PHARMACEUTICALS,236.90,237.79,228.81,231.70,229.05,235.40,,231.66,,,49600,11499479.48,2236,F1,1,,,,,
2026-10-08,2026-10-08,CM,NSE,STK,11256,INE091G01026,JAIBALAJI,EQ,,,,,JAI BALAJI INDUSTRIES LTD,69.50,70.00,66.30,68.61,68.05,67.37,,68.61,,,2662623,182298042.68,11935,F1,1,,,,,
2026-10-08,2026-10-08,CM,NSE,STK,5143,INE070D01027,JAICORPLTD,EQ,,,,,JAI CORP LIMITED,89.61,90.39,84.58,86.52,86.46,90.90,,86.52,,,1224849,105868043.55,16549,F1,1,,,,,
2026-10-08,2026-10-08,CM,NSE,STK,25684,IN9175A01010,JISLDVREQS,EQ,,,,,JAIN DVR EQUITY SHARES,19.48,19.48,18.20,18.71,18.94,19.18,,18.72,,,7763,145389.28,290,F1,1,,,,,
2026-10-08,2026-10-08,CM,NSE,STK,10397,INE175A01038,JISLJALEQS,EQ,,,,,JAIN IRRIGATION SYSTEMS,27.90,27.90,26.50,27.02,26.98,27.95,,27.02,,,2711099,74001457.79,8681,F1,1,,,,,
2026-10-08,2026-10-08,CM,NSE,STK,759244,INE0YD401026,JAINREC,EQ,,,,,JAIN RESOURCE RECYCLING L,295.15,296.00,279.15,281.05,280.70,295.15,,281.01,,,839305,239399976.45,19742,F1,1,,,,,
2026-10-08,2026-10-08,CM,NSE,STK,758306,INE0XIL01012,JAINIK,ST,,,,,JAINIK POWER CABLES LTD,188.00,188.00,188.00,188.00,188.00,190.00,,188.00,,,1200,225600.00,1,F1,1200,,,,,
2026-10-08,2026-10-08,CM,NSE,STK,11763,INE351F01018,JPPOWER,EQ,,,,,JAIPRAKASH POWER VEN. LTD,14.96,14.99,14.20,14.31,14.29,14.86,,14.31,,,43370302,631082313.93,688847,F1,1,,,,,
2026-10-08,2026-10-08,CM,NSE,STK,20930,INE349X01015,JALAN,ST,,,,,JALAN TRANSOLU. INDIA LTD,1.55,1.60,1.55,1.60,1.60,1.60,,1.60,,,6000,9450.00,2,F1,3000,,,,,
2026-10-08,2026-10-08,CM,NSE,STK,20778,INE039C01032,JAMNAAUTO,EQ,,,,,JAMNA AUTO IND LTD,151.05,151.99,145.11,147.95,146.58,151.77,,147.95,,,4686358,693705171.76,57080,F1,1,,,,,
2026-10-08,2026-10-08,CM,NSE,STK,22663,INE953L01027,JSFB,EQ,,,,,JANA SMALL FIN BANK LTD,500.00,504.50,480.50,482.30,484.50,500.10,,482.30,,,600833,295147405.70,26285,F1,1,,,,,
2026-10-08,2026-10-08,CM,NSE,STK,759951,INE00YJ01010,JARO,EQ,,,,,JARO INS OF TEC MG N RE L,415.00,416.25,402.00,404.00,403.30,414.40,,403.99,,,51372,20982947.80,1944,F1,1,,,,,
2026-10-08,2026-10-08,CM,NSE,STK,13982,INE039O01029,JASH,EQ,,,,,JASH ENGINEERING LIMITED,592.60,592.60,563.00,565.85,568.00,586.15,,565.87,,,212196,121123275.30,10138,F1,1,,,,,
2026-10-08,2026-10-08,CM,NSE,STK,25037,INE0SMY01017,JAYBEE,SM,,,,,JAY BEE LAMINATIONS LTD,91.35,91.35,85.00,87.00,86.50,89.55,,87.00,,,47000,4096600.00,81,F1,500,,,,,
2026-10-08,2026-10-08,CM,NSE,STK,1708,INE571B01036,JAYBARMARU,EQ,,,,,JAY BHARAT MARUTI LTD,136.20,138.30,125.35,128.00,128.10,132.78,,127.99,,,888803,114984742.99,12020,F1,1,,,,,
2026-10-08,2026-10-08,CM,NSE,STK,10892,INE0J6801010,KORE,ST,,,,,JAY JALARAM TECHNO LTD,200.00,211.95,199.75,211.65,211.95,202.05,,211.65,,,7250,1489425.00,17,F1,250,,,,,
2026-10-08,2026-10-08,CM,NSE,STK,4041,INE785A01026,JAYAGROGN,EQ,,,,,JAYANT AGRO ORGANICS LTD,214.20,216.59,208.16,208.96,209.50,213.00,,208.78,,,10667,2244035.51,400,F1,1,,,,,
2026-10-08,2026-10-08,CM,NSE,STK,2331,INE854B01010,JAYNECOIND,EQ,,,,,JAYASWAL NECO INDUSTR LTD,95.30,95.30,91.00,91.48,92.00,95.24,,91.48,,,2278353,211798089.29,22018,F1,1,,,,,
2026-10-08,2026-10-08,CM,NSE,STK,759159,INE1AE401014,JAYESH,SM,,,,,JAYESH LOGISTICS LIMITED,127.00,136.00,127.00,131.00,134.00,127.45,,131.00,,,35000,4660550.00,22,F1,1000,,,,,
2026-10-08,2026-10-08,CM,NSE,STK,760073,INE903A01025,JAYKAY,EQ,,,,,JAYKAY ENTERPRISES LTD,263.49,263.49,237.11,240.24,240.00,263.45,,240.24,,,1932722,471388554.83,28577,F1,1,,,,,
2026-10-08,2026-10-08,CM,NSE,STK,766244,IN9903A01015,JAYKAYPP,E1,,,,,JAYKAY RE.0.50 PPD UP,224.50,224.50,195.26,196.96,199.89,213.51,,196.04,,,28394,5784273.41,587,F1,1,,,,,
2026-10-08,2026-10-08,CM,NSE,STK,1720,INE364A01020,JAYSREETEA,EQ,,,,,JAYSHREE TEA & INDUSTRIES,83.00,84.66,82.05,82.32,82.94,83.41,,82.32,,,15120,1251198.97,366,F1,1,,,,,
2026-10-08,2026-10-08,CM,NSE,STK,11655,INE927D01051,JBMA,EQ,,,,,JBM AUTO LIMITED,545.10,549.00,524.50,526.60,527.00,547.00,,526.69,,,213074,113906643.75,13368,F1,1,,,,,
2026-10-08,2026-10-08,CM,NSE,STK,758115,INE0J5801029,JSLL,EQ,,,,,JEENA SIKHO LIFECARE LTD,417.30,419.80,377.75,381.25,380.00,417.20,,381.25,,,3804816,1497536961.95,102181,F1,1,,,,,
2026-10-08,2026-10-08,CM,NSE,STK,764728,INE354A01013,JENBURPH,EQ,,,,,JENBURKT PHARMACEUTICAL L,890.00,1052.00,864.00,954.20,933.60,891.40,,952.06,,,18745,18465258.75,1567,F1,1,,,,,
2026-10-08,2026-10-08,CM,NSE,STK,7211,INE982V01025,JETFREIGHT,EQ,,,,,JET FREIGHT LOGISTICS LTD,19.71,19.93,18.66,19.03,19.24,19.72,,19.01,,,128827,2479345.13,1773,F1,1,,,,,
2026-10-08,2026-10-08,CM,NSE,STK,25147,INE0RXB01022,JEYYAM,SM,,,,,JEYYAM GLOBAL FOODS LTD,22.00,22.50,21.10,21.75,21.75,22.25,,21.75,,,48000,1043500.00,14,F1,2000,,,,,
2026-10-08,2026-10-08,CM,NSE,STK,13723,INE544H01014,JHS,BE,,,,,JHS SVEND. LAB. LTD,10.00,10.40,9.55,9.63,9.62,9.98,,9.62,,,134911,1320047.65,333,F1,1,,,,,
2026-10-08,2026-10-08,CM,NSE,STK,24147,INE03DD01011,RETAIL,BE,,,,,JHS SVENDGAARD RETAIL V L,28.48,28.48,28.48,28.48,28.48,29.97,,28.23,,,472,13442.56,14,F1,1,,,,,
2026-10-08,2026-10-08,CM,NSE,STK,31507,INE147P01019,JPOLYINVST,EQ,,,,,JIND POL INV & FIN CO LTD,905.05,914.45,871.60,878.20,873.00,901.10,,878.17,,,3207,2838283.95,567,F1,1,,,,,
2026-10-08,2026-10-08,CM,NSE,STK,13875,INE742C01031,JINDRILL,EQ,,,,,JINDAL DRILLING IND. LTD,599.00,599.40,572.10,575.80,575.00,598.10,,575.38,,,150252,87492375.95,4964,F1,1,,,,,
2026-10-08,2026-10-08,CM,NSE,STK,11743,INE796G01012,JINDALPHOT,EQ,,,,,JINDAL PHOTO LIMITED,1029.00,1031.70,1021.20,1021.20,1021.20,1032.80,,1020.98,,,902,926406.50,105,F1,1,,,,,
2026-10-08,2026-10-08,CM,NSE,STK,1756,INE197D01010,JINDALPOLY,EQ,,,,,JINDAL POLY FILMS LIMITED,666.00,667.00,630.10,635.05,640.95,653.25,,634.99,,,9768,6290178.95,884,F1,1,,,,,
2026-10-08,2026-10-08,CM,NSE,STK,3024,INE324A01032,JINDALSAW,EQ,,,,,JINDAL SAW LIMITED,280.00,280.05,267.25,270.20,270.00,281.90,,270.21,,,1083251,294791504.05,23866,F1,1,,,,,
2026-10-08,2026-10-08,CM,NSE,STK,11236,INE220G01021,JSL,EQ,,,,,JINDAL STAINLESS LIMITED,734.60,734.60,702.20,705.60,703.50,732.15,,705.61,,,721953,514513911.15,62455,F1,1,,,,,
2026-10-08,2026-10-08,CM,NSE,STK,6733,INE749A01030,JINDALSTEL,EQ,,,,,JINDAL STEEL LIMITED,1061.00,1064.80,1001.10,1010.00,1010.00,1061.00,,1010.00,,,2144341,2176708608.60,75610,F1,1,,,,,
2026-10-08,2026-10-08,CM,NSE,STK,766186,INE1DLO01028,JSIPL,EQ,,,,,JINDAL SUPREME (INDIA) L,203.20,214.96,175.88,175.88,175.88,195.42,,176.03,,,6841860,1330194794.94,59481,F1,1,,,,,
2026-10-08,2026-10-08,CM,NSE,STK,20642,INE247D01039,JINDWORLD,EQ,,,,,JINDAL WORLDWIDE LTD,44.40,44.49,42.70,42.94,43.05,44.83,,42.94,,,1538743,66622967.08,6433,F1,1,,,,,
2026-10-08,2026-10-08,CM,NSE,STK,759205,INE1FF001016,JKIPL,EQ,,,,,JINKUSHAL INDUSTRIES LTD,102.00,109.00,100.00,103.48,106.75,100.29,,103.48,,,23506,2397729.81,427,F1,1,,,,,
2026-10-08,2026-10-08,CM,NSE,STK,18143,INE758E01017,JIOFIN,EQ,,,,,JIO FIN SERVICES LTD,215.80,216.00,210.30,211.00,211.00,216.44,,211.02,,,10614368,2252352558.76,99130,F1,1,,,,,
2026-10-08,2026-10-08,CM,NSE,STK,765307,INF22M001184,NIFTYJBLK,EQ,,,,,JIOBLACKROCKAMC-NIFTYJBLK,11.90,11.90,11.38,11.43,11.44,11.61,,11.43,,,174100,1997512.59,840,F1,1,,,,,
2026-10-08,2026-10-08,CM,NSE,STK,19691,INE863T01013,JITFINFRA,EQ,,,,,JITF INFRALOGISTICS LTD,286.00,286.00,264.05,269.55,267.30,278.30,,269.00,,,25480,6904187.55,1282,F1,1,,,,,
2026-10-08,2026-10-08,CM,NSE,STK,18558,INE0N5H01017,JIWANRAM,SM,,,,,JIWANRAM SHEODUTTRA IND L,4.00,4.00,3.90,3.90,3.90,4.05,,3.90,,,24000,95400.00,3,F1,6000,,,,,
2026-10-08,2026-10-08,CM,NSE,STK,13270,INE823G01014,JKCEMENT,EQ,,,,,JK CEMENT LIMITED,5017.00,5018.00,4916.00,4966.50,4960.00,5047.00,,4966.42,,,68549,340174301.50,7854,F1,1,,,,,
2026-10-08,2026-10-08,CM,NSE,STK,13491,INE786A01032,JKLAKSHMI,EQ,,,,,JK LAKSHMI CEMENT LTD,471.65,475.00,461.45,470.00,473.00,471.65,,470.03,,,117933,55123548.70,13390,F1,1,,,,,
2026-10-08,2026-10-08,CM,NSE,STK,11860,INE789E01012,JKPAPER,EQ,,,,,JK PAPER LIMITED,384.00,384.00,366.30,367.35,366.30,384.50,,367.35,,,344435,128598021.10,13314,F1,1,,,,,
2026-10-08,2026-10-08,CM,NSE,STK,14435,INE573A01042,JKTYRE,EQ,,,,,JK TYRE & INDUSTRIES LTD,333.40,335.85,328.20,330.25,332.50,333.40,,330.25,,,503166,166634210.35,20774,F1,1,,,,,
2026-10-08,2026-10-08,CM,NSE,STK,15266,INE576I01022,JKIL,EQ,,,,,JKUMAR INFR.LTD.,442.20,443.00,430.00,432.15,430.00,442.20,,432.13,,,250084,108605338.95,5926,F1,1,,,,,
2026-10-08,2026-10-08,CM,NSE,STK,13637,INE780C01023,JMFINANCIL,EQ,,,,,JM FINANCIAL LIMITED,124.33,124.43,120.15,120.60,120.70,124.92,,120.60,,,1967364,240511083.55,30516,F1,1,,,,,
2026-10-08,2026-10-08,CM,NSE,STK,23621,INE0OAF01028,JNKINDIA,EQ,,,,,JNK INDIA LIMITED,443.90,445.25,419.15,426.20,429.45,444.75,,426.20,,,161836,68976377.30,7823,F1,1,,,,,
2026-10-08,2026-10-08,CM,NSE,STK,16927,INE839G01010,JOCIL,EQ,,,,,JOCIL LIMITED,145.15,149.75,144.00,146.44,149.75,149.04,,146.44,,,3096,453435.82,60,F1,1,,,,,
2026-10-08,2026-10-08,CM,NSE,STK,762623,INE515A01019,COCKERILL,EQ,,,,,JOHN COCKERILL INDIA LTD.,7913.50,7980.00,7700.00,7727.50,7710.50,7856.00,,7725.31,,,3217,25074028.00,1039,F1,1,,,,,
2026-10-08,2026-10-08,CM,NSE,STK,758460,INE718I01012,JSWCEMENT,EQ,,,,,JSW CEMENT LIMITED,112.51,113.35,110.55,112.97,112.91,112.14,,112.97,,,2617489,293955618.66,55556,F1,1,,,,,
2026-10-08,2026-10-08,CM,NSE,STK,1467,INE133A01011,JSWDULUX,EQ,,,,,JSW DULUX LIMITED,3035.00,3051.60,2980.80,2989.10,2994.50,3028.10,,2989.21,,,14829,44398261.00,4008,F1,1,,,,,
2026-10-08,2026-10-08,CM,NSE,STK,17869,INE121E01018,JSWENERGY,EQ,,,,,JSW ENERGY LIMITED,484.05,484.50,465.00,466.85,466.85,485.45,,466.83,,,1639708,770328274.40,55675,F1,1,,,,,
2026-10-08,2026-10-08,CM,NSE,STK,11880,INE824G01012,JSWHL,EQ,,,,,JSW HOLDINGS LIMITED,11217.00,11299.00,11130.00,11158.00,11150.00,11272.00,,11157.86,,,1667,18655301.00,791,F1,1,,,,,
2026-10-08,2026-10-08,CM,NSE,STK,19020,INE880J01026,JSWINFRA,EQ,,,,,JSW INFRASTRUCTURE LTD,352.00,353.90,331.45,333.75,334.00,353.90,,333.73,,,4831830,1633542192.80,115050,F1,1,,,,,
2026-10-08,2026-10-08,CM,NSE,STK,11723,INE019A01038,JSWSTEEL,EQ,,,,,JSW STEEL LIMITED,1225.10,1229.60,1171.10,1175.20,1175.20,1230.00,,1175.20,,,3829207,4537707069.20,124933,F1,1,,,,,
2026-10-08,2026-10-08,CM,NSE,STK,3237,INE643A01035,JTEKTINDIA,EQ,,,,,JTEKT INDIA LIMITED,114.05,115.26,111.00,113.10,113.40,114.46,,113.09,,,155937,17552282.83,2076,F1,1,,,,,
2026-10-08,2026-10-08,CM,NSE,STK,7287,INE391J01032,JTLIND,EQ,,,,,JTL INDUSTRIES LIMITED,90.62,90.62,83.15,83.81,83.30,88.20,,83.81,,,4207348,358475832.98,28574,F1,1,,,,,
2026-10-08,2026-10-08,CM,NSE,STK,29590,INE03CC01015,JUBLCPL,EQ,,,,,JUBILANT AGRI N CON PRO L,1978.20,1993.50,1895.40,1927.20,1930.00,1988.00,,1927.07,,,14736,28543358.70,1867,F1,1,,,,,
2026-10-08,2026-10-08,CM,NSE,STK,18096,INE797F01020,JUBLFOOD,EQ,,,,,JUBILANT FOODWORKS LTD,456.50,456.70,426.20,427.60,427.60,460.60,,427.60,,,4370870,1909869571.90,74275,F1,1,,,,,
2026-10-08,2026-10-08,CM,NSE,STK,2783,INE0BY001018,JUBLINGREA,EQ,,,,,JUBILANT INGREVIA LIMITED,641.95,642.95,616.00,620.30,619.40,642.55,,620.31,,,201372,126262316.30,15837,F1,1,,,,,
2026-10-08,2026-10-08,CM,NSE,STK,3637,INE700A01033,JUBLPHARMA,EQ,,,,,JUBILANT PHARMOVA LTD,971.00,974.60,921.50,932.20,934.40,974.60,,932.20,,,417017,388943949.70,20850,F1,1,,,,,
2026-10-08,2026-10-08,CM,NSE,STK,7109,INE412C01023,JMA,EQ,,,,,JULLUNDUR MOT AGENCY LTD,90.19,90.19,85.90,86.79,86.95,88.69,,86.79,,,6939,604449.77,162,F1,1,,,,,
2026-10-08,2026-10-08,CM,NSE,STK,764408,INE05C901015,JNPR,EQ,,,,,JUNIPER GREEN ENERGY LTD,282.00,282.90,272.00,274.45,275.05,280.65,,274.39,,,555579,153486934.35,16300,F1,1,,,,,
2026-10-08,2026-10-08,CM,NSE,STK,22824,INE696F01016,JUNIPER,EQ,,,,,JUNIPER HOTELS LIMITED,216.34,218.01,212.28,215.33,216.55,216.34,,215.33,,,80750,17316617.69,2323,F1,1,,,,,
2026-10-08,2026-10-08,CM,NSE,STK,18553,INE682M01020,JLHL,EQ,,,,,JUPITER LIFE LINE HOSP L,249.95,250.50,242.25,247.10,246.50,250.00,,247.10,,,160279,39532054.75,7454,F1,1,,,,,
2026-10-08,2026-10-08,CM,NSE,STK,20224,INE209L01016,JWL,EQ,,,,,JUPITER WAGONS LIMITED,222.50,223.00,216.00,216.43,216.40,223.56,,216.44,,,705633,154292110.43,18993,F1,1,,,,,
2026-10-08,2026-10-08,CM,NSE,STK,29962,INE599M01018,JUSTDIAL,EQ,,,,,JUSTDIAL LTD.,661.00,662.45,625.40,631.65,632.30,657.40,,631.79,,,69728,44692623.50,5246,F1,1,,,,,
2026-10-08,2026-10-08,CM,NSE,STK,15146,INE668F01031,JYOTHYLAB,EQ,,,,,JYOTHY LABS LIMITED,191.00,191.17,184.50,186.29,187.50,191.44,,186.29,,,357455,66776236.91,16845,F1,1,,,,,
2026-10-08,2026-10-08,CM,NSE,STK,21334,INE980O01024,JYOTICNC,EQ,,,,,JYOTI CNC AUTOMATION LTD,1069.20,1070.90,988.20,1009.90,1018.00,1071.00,,1009.88,,,1726011,1744144691.80,74199,F1,1,,,,,
2026-10-08,2026-10-08,CM,NSE,STK,758221,INE1M3T01017,JYOTIGLOBL,SM,,,,,JYOTI GLOBAL PLAST LTD,42.00,42.00,39.50,39.50,39.50,43.85,,39.50,,,88000,3512100.00,44,F1,2000,,,,,
2026-10-08,2026-10-08,CM,NSE,STK,764733,INE577D01013,JYOTIRES,EQ,,,,,JYOTI RESINS & ADHESIVE L,840.15,857.60,830.00,836.65,830.00,842.95,,837.23,,,6180,5216094.25,806,F1,1,,,,,
2026-10-08,2026-10-08,CM,NSE,STK,1802,INE197A01024,JYOTISTRUC,EQ,,,,,JYOTI STRUCTURES LTD,9.03,9.28,8.70,8.75,8.75,9.03,,8.75,,,6326738,56622203.32,5721,F1,1,,,,,
2026-10-08,2026-10-08,CM,NSE,STK,764743,INE533C01018,KJMCFIN,EQ,,,,,K J M C FINANCIAL SERV L,58.45,58.50,54.80,57.69,57.00,58.45,,58.35,,,1390,79034.39,37,F1,1,,,,,
2026-10-08,2026-10-08,CM,NSE,STK,764748,INE879K01018,KMCSHIL,EQ,,,,,K M C SPECIALITY HOSP I L,185.50,185.50,176.21,177.28,177.58,183.22,,177.29,,,315682,56548595.12,8788,F1,1,,,,,
2026-10-08,2026-10-08,CM,NSE,STK,14671,INE157H01023,KMSUGAR,BE,,,,,K M SUGAR MILLS LTD,26.50,26.50,25.26,25.81,25.51,26.17,,25.90,,,49892,1281097.22,282,F1,1,,,,,
2026-10-08,2026-10-08,CM,NSE,STK,27079,INE127T01021,KPEL,EQ,,,,,K.P. ENERGY LIMITED,214.22,214.22,206.20,206.87,207.49,212.89,,206.86,,,201029,41944580.15,5156,F1,1,,,,,
2026-10-08,2026-10-08,CM,NSE,STK,23459,INE0DEZ01013,K2INFRA,SM,,,,,K2 INFRAGEN LIMITED,38.30,40.85,38.30,40.40,40.40,39.10,,40.40,,,18600,751800.00,23,F1,600,,,,,
2026-10-08,2026-10-08,CM,NSE,STK,29192,INE0XOW01017,KKJEWELS,SM,,,,,KABRA JEWELS LIMITED,99.00,99.00,95.05,95.05,95.05,96.10,,95.05,,,5000,488050.00,5,F1,1000,,,,,
2026-10-08,2026-10-08,CM,NSE,STK,8784,INE900B01029,KABRAEXTRU,BE,,,,,KABRAEXTRUSION,817.95,817.95,765.65,771.05,773.00,805.90,,771.18,,,70015,54238717.50,1540,F1,1,,,,,
2026-10-08,2026-10-08,CM,NSE,STK,12529,INE217B01036,KAJARIACER,BL,,,,,KAJARIA CERAMICS LTD,1211.00,1211.00,1211.00,1211.00,1211.00,1068.20,,1211.00,,,1128464,1366569904.00,1,F1,999999999,,,,,
2026-10-08,2026-10-08,CM,NSE,STK,1808,INE217B01036,KAJARIACER,EQ,,,,,KAJARIA CERAMICS LTD,1228.40,1254.50,1209.00,1210.60,1211.00,1226.20,,1210.60,,,385389,476034694.00,17545,F1,1,,,,,
2026-10-08,2026-10-08,CM,NSE,STK,1811,INE437B01014,KAKATCEM,EQ,,,,,KAKATIYA CEM SUGAR &IND L,107.10,107.10,102.00,102.33,102.00,105.95,,102.33,,,1694,175139.22,49,F1,1,,,,,
2026-10-08,2026-10-08,CM,NSE,STK,25443,INE0T0L01014,KALANA,SM,,,,,KALANA ISPAT LIMITED,17.55,18.35,17.50,17.95,17.95,17.60,,17.95,,,28000,503600.00,11,F1,2000,,,,,
2026-10-08,2026-10-08,CM,NSE,STK,758558,INE227J01012,KALPATARU,EQ,,,,,KALPATARU LIMITED,269.20,269.20,256.40,259.90,260.80,267.30,,260.01,,,32195,8495395.70,995,F1,1,,,,,
2026-10-08,2026-10-08,CM,NSE,STK,1814,INE220B01022,KPIL,EQ,,,,,KALPATARU PROJECT INT LTD,1458.40,1458.40,1394.20,1401.50,1399.00,1458.40,,1401.57,,,120298,170881654.60,14233,F1,1,,,,,
2026-10-08,2026-10-08,CM,NSE,STK,2955,INE303R01014,KALYANKJIL,EQ,,,,,KALYAN JEWELLERS IND LTD,571.80,573.00,552.70,553.50,553.50,569.00,,553.51,,,6140158,3452942211.25,69083,F1,1,,,,,
2026-10-08,2026-10-08,CM,NSE,STK,15160,INE314G01014,KALYANIFRG,BE,,,,,KALYANI FORGE LIMITED,907.00,914.80,881.05,887.40,888.00,914.80,,887.70,,,1982,1766201.20,145,F1,1,,,,,
2026-10-08,2026-10-08,CM,NSE,STK,21119,INE029L01018,KICL,EQ,,,,,KALYANI INVEST CO LTD,4807.20,4831.90,4680.00,4692.00,4685.00,4881.90,,4692.13,,,1072,5080039.90,234,F1,1,,,,,
2026-10-08,2026-10-08,CM,NSE,STK,18889,INE907A01026,KSL,EQ,,,,,KALYANI STEELS LIMITED,936.00,956.30,900.55,945.05,944.55,932.65,,944.99,,,109467,101954914.75,7707,F1,1,,,,,
2026-10-08,2026-10-08,CM,NSE,STK,762732,INE411F01010,KAMAHOLD,EQ,,,,,KAMA HOLDINGS LTD.,2236.00,2255.90,2219.50,2227.60,2220.00,2236.20,,2226.12,,,1029,2296059.30,194,F1,1,,,,,
2026-10-08,2026-10-08,CM,NSE,STK,1826,INE967C01018,KAMATHOTEL,EQ,,,,,KAMAT HOTELS (I) LTD,264.99,264.99,250.37,251.72,251.85,262.89,,251.72,,,70365,17956713.98,2598,F1,1,,,,,
2026-10-08,2026-10-08,CM,NSE,STK,13457,INE390H01020,KAMDHENU,EQ,,,,,KAMDHENU LIMITED,38.36,38.48,36.31,36.71,36.90,38.08,,36.71,,,888363,33008373.88,6492,F1,1,,,,,
2026-10-08,2026-10-08,CM,NSE,STK,13814,INE0BTI01037,KAMOPAINTS,EQ,,,,,KAMDHENU VENTURES LIMITED,4.07,4.14,4.07,4.08,4.08,4.07,,4.08,,,145052,594078.76,409,F1,1,,,,,
2026-10-08,2026-10-08,CM,NSE,STK,25786,INE879E01037,KANANIIND,EQ,,,,,KANANI INDUSTRIES LTD,1.35,1.35,1.30,1.30,1.30,1.33,,1.30,,,89261,117832.73,157,F1,1,,,,,
2026-10-08,2026-10-08,CM,NSE,STK,762737,INE081G01019,KANCHI,EQ,,,,,KANCHI KARPOORAM LTD.,381.00,381.00,365.00,366.25,366.00,378.15,,366.25,,,1728,638895.90,72,F1,1,,,,,
2026-10-08,2026-10-08,CM,NSE,STK,765090,INE398L01017,KANCOTEA,EQ,,,,,KANCO TEA & INDS. LTD.,52.00,52.99,50.69,52.93,52.99,52.55,,52.93,,,1713,90233.74,17,F1,1,,,,,
2026-10-08,2026-10-08,CM,NSE,STK,11208,INE0MOT01016,KANDARP,SM,,,,,KANDARP DG SMART BPO LTD,61.00,63.95,58.40,61.45,61.45,61.00,,61.45,,,63000,3772800.00,60,F1,1000,,,,,
2026-10-08,2026-10-08,CM,NSE,STK,766021,INE877D01025,KANOHAR,EQ,,,,,KANOHAR ELECTRICALS LTD,1070.00,1207.70,1040.00,1183.25,1161.05,1091.05,,1183.33,,,22128480,25147748672.75,658109,F1,1,,,,,
2026-10-08,2026-10-08,CM,NSE,STK,9805,INE138C01024,KANORICHEM,BE,,,,,KANORIACHEMICALS-,183.00,183.00,176.35,177.50,177.50,180.75,,177.53,,,11263,2017785.12,151,F1,1,,,,,
2026-10-08,2026-10-08,CM,NSE,STK,1782,INE694E01014,KANPRPLA,EQ,,,,,KANPUR PLASTIPACK LIMITED,247.50,257.50,235.25,236.96,237.60,250.96,,236.99,,,23392,5823717.09,822,F1,1,,,,,
2026-10-08,2026-10-08,CM,NSE,STK,1196,INE531A01024,KANSAINER,EQ,,,,,KANSAI NEROLAC PAINTS LTD,192.40,192.40,180.00,180.75,180.50,192.40,,180.76,,,255858,47301160.02,10945,F1,1,,,,,
2026-10-08,2026-10-08,CM,NSE,STK,18967,INE542Z01028,KAPSTON,EQ,,,,,KAPSTON SERVICES LIMITED,545.45,554.85,535.05,542.40,544.10,545.45,,542.40,,,34599,18643660.10,1496,F1,1,,,,,
2026-10-08,2026-10-08,CM,NSE,STK,766056,INE590T01012,KARAMTARA,EQ,,,,,KARAMTARA ENGINEERING L,417.80,421.60,376.05,393.80,394.20,416.65,,393.76,,,4031111,1578062499.40,69382,F1,1,,,,,
2026-10-08,2026-10-08,CM,NSE,STK,24385,INE725L01011,KARMAENG,EQ,,,,,KARMA ENERGY LIMITED,35.00,35.42,34.00,34.51,34.58,34.86,,34.30,,,4388,152113.61,129,F1,1,,,,,
2026-10-08,2026-10-08,CM,NSE,STK,8054,INE614B01018,KTKBANK,EQ,,,,,KARNATAKA BANK LIMITED,325.00,326.80,316.40,320.80,322.25,326.45,,320.79,,,2527395,811459818.65,37924,F1,1,,,,,
2026-10-08,2026-10-08,CM,NSE,STK,19465,INE0MGA01012,KARNIKA,SM,,,,,KARNIKA INDUSTRIES LTD,121.00,127.85,121.00,124.00,124.00,120.20,,124.00,,,42000,5221500.00,27,F1,1000,,,,,
2026-10-08,2026-10-08,CM,NSE,STK,1838,INE036D01028,KARURVYSYA,EQ,,,,,KARUR VYSYA BANK LTD,330.10,336.80,328.00,329.20,330.00,330.10,,329.20,,,2066032,685594476.85,54612,F1,1,,,,,
2026-10-08,2026-10-08,CM,NSE,STK,24531,INE0SVY01018,KATARIA,ST,,,,,KATARIA INDUSTRIES LTD,160.15,163.00,158.00,161.50,162.75,163.80,,161.50,,,32400,5226780.00,25,F1,600,,,,,
2026-10-08,2026-10-08,CM,NSE,STK,15140,INE234I01028,KAUSHALYA,BE,,,,,KAUSHALYA INFRA DEV LTD.,838.00,838.00,815.15,820.25,837.00,820.15,,821.62,,,20,16405.35,7,F1,1,,,,,
2026-10-08,2026-10-08,CM,NSE,STK,21189,INE0Q2V01012,KLL,ST,,,,,KAUSHALYA LOGISTICS LTD,40.65,41.50,40.20,40.25,40.20,42.30,,40.25,,,24800,1005480.00,24,F1,800,,,,,
2026-10-08,2026-10-08,CM,NSE,STK,14972,INE455I01029,KSCL,EQ,,,,,KAVERI SEED CO. LTD.,710.00,710.00,670.80,679.00,680.00,710.75,,679.03,,,208432,144053755.65,10567,F1,1,,,,,
2026-10-08,2026-10-08,CM,NSE,STK,15248,INE641C01019,KAVDEFENCE,BE,,,,,KAVVERI DFS & WIR TEC LTD,90.43,94.01,90.00,93.66,92.20,89.54,,93.65,,,1181460,110469034.40,3447,F1,1,,,,,
2026-10-08,2026-10-08,CM,NSE,STK,21173,INE0RCG01017,KCEIL,SM,,,,,KAY CEE ENERGY & INFRA L,76.50,78.65,75.00,76.75,76.05,76.65,,76.75,,,27500,2105200.00,48,F1,500,,,,,
2026-10-08,2026-10-08,CM,NSE,STK,10282,INE587G01015,KAYA,BE,,,,,KAYA LIMITED,310.00,311.00,295.10,299.95,299.95,310.00,,299.95,,,2421,724915.00,54,F1,1,,,,,
2026-10-08,2026-10-08,CM,NSE,STK,12092,INE918Z01012,KAYNES,EQ,,,,,KAYNES TECHNOLOGY IND LTD,3371.00,3378.50,3215.60,3233.00,3233.00,3365.00,,3233.38,,,1099748,3605795215.90,68061,F1,1,,,,,
2026-10-08,2026-10-08,CM,NSE,STK,758868,INE13ZD01013,KAYTEX,SM,,,,,KAYTEX FABRICS LIMITED,55.75,57.25,55.75,57.15,57.25,57.75,,57.15,,,6400,363720.00,7,F1,800,,,,,
2026-10-08,2026-10-08,CM,NSE,STK,10296,INE0J1E01027,KCK,ST,,,,,KCK INDUSTRIES LTD,15.65,16.20,15.00,15.75,15.95,15.45,,15.75,,,540000,8481875.00,96,F1,2500,,,,,
2026-10-08,2026-10-08,CM,NSE,STK,1841,INE805C01028,KCP,EQ,,,,,KCP LTD,154.95,156.46,152.00,152.67,152.50,154.33,,152.68,,,87248,13363221.60,1507,F1,1,,,,,
2026-10-08,2026-10-08,CM,NSE,STK,8849,INE790B01024,KCPSUGIND,BE,,,,,KCPSUGARINDUS,24.66,25.00,23.60,23.93,24.00,24.18,,23.93,,,322407,7862046.65,518,F1,1,,,,,
2026-10-08,2026-10-08,CM,NSE,STK,765105,INE348N01042,KDGREEN,EQ,,,,,KD GREEN INDUSTRIES LTD,50.37,50.45,47.22,48.76,49.50,48.53,,48.77,,,39827,1945435.18,1479,F1,1,,,,,
2026-10-08,2026-10-08,CM,NSE,STK,14908,INE291D01011,KDDL,EQ,,,,,KDDL LIMITED,3985.60,4008.30,3840.30,3873.20,3898.00,3997.20,,3873.27,,,28459,110911691.80,6861,F1,1,,,,,
2026-10-08,2026-10-08,CM,NSE,STK,13260,INE389H01022,KEC,EQ,,,,,KEC INTL. LIMITED,363.50,364.00,348.00,349.60,350.00,362.50,,349.61,,,1237294,438057312.70,49732,F1,1,,,,,
2026-10-08,2026-10-08,CM,NSE,STK,13310,INE878B01027,KEI,EQ,,,,,KEI INDUSTRIES LTD.,4668.00,4728.00,4578.00,4580.00,4580.00,4677.70,,4580.06,,,176120,820388982.80,22201,F1,1,,,,,
2026-10-08,2026-10-08,CM,NSE,STK,13430,INE164B01030,KELLTONTEC,EQ,,,,,KELLTON TECH SOL LTD,12.18,12.24,11.80,11.83,11.84,12.15,,11.83,,,1595937,19105846.70,3943,F1,1,,,,,
2026-10-08,2026-10-08,CM,NSE,STK,29547,INE15DO01012,KEN,SM,,,,,KEN ENTERPRISES LIMITED,42.10,42.10,40.50,41.15,40.50,42.10,,41.15,,,6000,248160.00,5,F1,1200,,,,,
2026-10-08,2026-10-08,CM,NSE,STK,11841,INE717A01029,KENNAMET,EQ,,,,,KENNAMETAL INDIA LIMITED,4221.80,4221.80,4071.40,4115.10,4103.00,4180.90,,4115.18,,,21123,86915596.80,5429,F1,1,,,,,
2026-10-08,2026-10-08,CM,NSE,STK,13121,INE202H01019,KERNEX,EQ,,,,,KERNEX MICROSYS(I) LTD,1779.00,1780.60,1690.00,1700.50,1695.00,1767.50,,1700.55,,,131811,226000995.90,13122,F1,1,,,,,
2026-10-08,2026-10-08,CM,NSE,STK,1859,INE087A01019,KESORAMIND,EQ,,,,,KESORAM INDUSTRIES LTD,10.99,11.23,10.41,10.56,10.69,10.81,,10.56,,,370397,3938651.67,986,F1,1,,,,,
2026-10-08,2026-10-08,CM,NSE,STK,13381,INE401H01017,KKCL,EQ,,,,,KEWAL KIRAN CLOTHING LTD,475.55,477.95,468.45,472.50,473.50,475.55,,472.49,,,22954,10839363.00,967,F1,1,,,,,
2026-10-08,2026-10-08,CM,NSE,STK,4157,INE681C01015,KEYFINSERV,EQ,,,,,KEYNOTE FIN SERV LTD.,240.00,243.79,234.50,238.00,238.00,240.00,,238.00,,,489,116307.95,36,F1,1,,,,,
2026-10-08,2026-10-08,CM,NSE,STK,12219,INE263M01029,RUSTOMJEE,EQ,,,,,KEYSTONE REALTORS LIMITED,383.45,393.90,356.40,359.00,358.00,379.30,,359.00,,,341753,130544839.45,9688,F1,1,,,,,
2026-10-08,2026-10-08,CM,NSE,STK,13359,INE138Y01010,KFINTECH,EQ,,,,,KFIN TECHNOLOGIES LIMITED,863.95,863.95,838.20,838.20,838.20,858.00,,838.18,,,350743,297216703.10,26148,F1,1,,,,,
2026-10-08,2026-10-08,CM,NSE,STK,433,INE834I01025,KHADIM,BE,,,,,KHADIM INDIA LIMITED,115.00,115.00,112.90,112.90,112.90,115.20,,111.75,,,3053,349188.20,24,F1,1,,,,,
2026-10-08,2026-10-08,CM,NSE,STK,3912,INE731C01018,KHAITANLTD,EQ,,,,,KHAITAN (INDIA)LTD.,147.20,153.79,146.55,148.99,149.99,150.76,,148.81,,,769,113676.86,44,F1,1,,,,,
2026-10-08,2026-10-08,CM,NSE,STK,896,INE745B01028,KHAICHEM,EQ,,,,,KHAITAN CHEM & FERT LTD,48.82,49.45,47.26,47.60,47.70,48.82,,47.60,,,336861,16051072.25,1345,F1,1,,,,,
2026-10-08,2026-10-08,CM,NSE,STK,9641,INE060B01014,KHANDSE,EQ,,,,,KHANDWALA SECURITIES LTD,17.00,17.45,16.80,17.21,17.40,17.16,,17.21,,,166,2857.71,11,F1,1,,,,,
2026-10-08,2026-10-08,CM,NSE,STK,766214,INE0HOL01013,KHERIAAUTO,ST,,,,,KHERIA AUTOCOMP LIMITED,91.95,94.00,91.95,92.60,92.85,92.15,,92.60,,,42000,3909300.00,34,F1,1200,,,,,
2026-10-08,2026-10-08,CM,NSE,STK,762747,INE338F01015,KLBRENG-B,EQ,,,,,KILBURN ENGINEERING LTD.,527.90,527.90,492.20,500.15,506.95,524.35,,500.06,,,341466,172519687.85,9609,F1,1,,,,,
2026-10-08,2026-10-08,CM,NSE,STK,19937,INE729D01010,KILITCH,EQ,,,,,KILITCH DRUGS INDIA LTD,258.00,258.00,242.00,244.30,245.00,256.25,,244.28,,,87295,21537176.49,2778,F1,1,,,,,
2026-10-08,2026-10-08,CM,NSE,STK,18944,INE473D01015,KINGFA,EQ,,,,,KINGFA SCI & TEC IND LTD.,6997.00,6997.00,6715.00,6804.00,6793.00,6932.50,,6804.07,,,8335,56676447.00,2722,F1,1,,,,,
2026-10-08,2026-10-08,CM,NSE,STK,19126,INE880L01014,KIOCL,EQ,,,,,KIOCL LIMITED,347.80,355.90,333.30,350.55,352.00,349.35,,350.53,,,179285,62142335.35,6758,F1,1,,,,,
2026-10-08,2026-10-08,CM,NSE,STK,762742,INE555P01013,KIRANVYPAR,EQ,,,,,KIRAN VYAPAR LTD.,203.00,225.40,195.00,199.19,195.00,191.35,,199.31,,,74812,16102970.45,2292,F1,1,,,,,
2026-10-08,2026-10-08,CM,NSE,STK,16639,INE415I01015,KIRIINDUS,EQ,,,,,KIRI INDUSTRIES LIMITED,556.70,560.95,537.65,542.55,542.10,556.25,,542.54,,,438451,239425572.45,12950,F1,1,,,,,
2026-10-08,2026-10-08,CM,NSE,STK,18581,INE732A01036,KIRLOSBROS,EQ,,,,,KIRLOSKAR BROTHERS LTD,1723.00,1723.00,1662.30,1667.20,1674.00,1712.80,,1666.50,,,38940,65266363.10,7523,F1,1,,,,,
2026-10-08,2026-10-08,CM,NSE,STK,18220,INE134B01017,KECL,EQ,,,,,KIRLOSKAR ELECTRIC CO LTD,130.95,131.20,122.72,123.13,123.00,129.04,,123.13,,,168702,21256199.20,2867,F1,1,,,,,
2026-10-08,2026-10-08,CM,NSE,STK,14466,INE884B01025,KIRLFER,EQ,,,,,KIRLOSKAR FERROUS IND LTD,473.85,473.85,460.80,464.65,465.90,473.80,,464.69,,,158991,73972680.45,3930,F1,1,,,,,
2026-10-08,2026-10-08,CM,NSE,STK,19025,INE250A01039,KIRLOSIND,EQ,,,,,KIRLOSKAR INDUSTRIES LTD,3510.20,3628.40,3425.90,3473.10,3441.00,3531.20,,3472.87,,,7953,27987216.80,1910,F1,1,,,,,
2026-10-08,2026-10-08,CM,NSE,STK,20936,INE146L01010,KIRLOSENG,EQ,,,,,KIRLOSKAR OIL ENG LTD,2230.00,2231.00,2131.50,2163.00,2153.10,2230.80,,2162.99,,,409305,887550711.70,39219,F1,1,,,,,
2026-10-08,2026-10-08,CM,NSE,STK,15180,INE811A01038,KIRLPNU,EQ,,,,,KIRLOSKAR PNEUMATIC COM L,706.50,706.50,668.00,670.30,673.00,696.15,,670.30,,,104467,70827088.75,11981,F1,1,,,,,
2026-10-08,2026-10-08,CM,NSE,STK,28899,INE602G01020,KITEX,EQ,,,,,KITEX GARMENTS LTD,116.99,117.95,114.75,115.11,115.25,116.93,,115.11,,,288348,33391973.75,3272,F1,1,,,,,
2026-10-08,2026-10-08,CM,NSE,STK,760923,INE0KNW01016,KNAGRI,EQ,,,,,KN AGRI RESOURCES LIMITED,208.10,212.00,199.00,202.60,203.00,205.90,,202.60,,,9384,1929311.81,281,F1,1,,,,,
2026-10-08,2026-10-08,CM,NSE,STK,763839,INE17QZ01016,KNACK,EQ,,,,,KNACK PACKAGING LIMITED,214.00,216.90,195.95,202.16,202.62,211.86,,202.14,,,1684388,348540050.07,20332,F1,1,,,,,
2026-10-08,2026-10-08,CM,NSE,STK,27084,INE0CJD01029,KMEW,EQ,,,,,KNOWLEDGE MARINE & EN W L,3230.00,3307.00,3168.00,3256.70,3262.00,3214.00,,3256.73,,,177999,577067857.80,26112,F1,1,,,,,
2026-10-08,2026-10-08,CM,NSE,STK,758431,INE1JAR25012,KRT,RR,,,,,KNOWLEDGE REALTY TRUST,112.89,112.89,111.90,111.92,111.98,112.24,,111.92,,,712868,79866129.25,21247,F1,1,,,,,
2026-10-08,2026-10-08,CM,NSE,STK,15283,INE634I01029,KNRCON,EQ,,,,,KNR CONSTRU LTD.,115.53,115.53,110.60,111.61,111.40,115.72,,111.62,,,751097,84687898.21,10314,F1,1,,,,,
2026-10-08,2026-10-08,CM,NSE,STK,18754,INE0Q7P01013,KODYTECH,ST,,,,,KODY TECHNOLAB LIMITED,1515.00,1540.00,1456.80,1500.30,1500.00,1533.45,,1500.30,,,14300,21169430.00,87,F1,100,,,,,
2026-10-08,2026-10-08,CM,NSE,STK,3009,INE080B01012,KOHINOOR,EQ,,,,,KOHINOOR FOODS LIMITED,29.50,29.85,28.20,28.88,28.98,29.42,,28.88,,,107327,3127216.46,3173,F1,1,,,,,
2026-10-08,2026-10-08,CM,NSE,STK,16827,INE760A01029,KOKUYOCMLN,EQ,,,,,KOKUYO CAMLIN LIMITED,74.99,74.99,72.25,73.26,73.69,73.00,,73.17,,,9143,669957.43,315,F1,1,,,,,
2026-10-08,2026-10-08,CM,NSE,STK,15124,INE094I01018,KOLTEPATIL,EQ,,,,,KOLTE PATIL DEV. LTD.,438.90,438.90,422.10,423.40,423.00,435.90,,423.40,,,46054,19699201.00,2022,F1,1,,,,,
2026-10-08,2026-10-08,CM,NSE,STK,22475,INE0QEI01011,KONSTELEC,ST,,,,,KONSTELEC ENGINEERS LTD,48.10,51.10,47.10,49.00,49.00,48.70,,49.00,,,10000,490500.00,10,F1,1000,,,,,
2026-10-08,2026-10-08,CM,NSE,STK,1919,INE082A01010,KOPRAN,EQ,,,,,KOPRAN LTD,276.50,276.50,248.35,254.30,256.00,276.50,,254.28,,,626846,161949560.75,14774,F1,1,,,,,
2026-10-08,2026-10-08,CM,NSE,STK,16758,INE0O4R01018,KDL,SM,,,,,KORE DIGITAL LIMITED,38.55,38.55,38.55,38.55,38.55,40.55,,38.55,,,5550,213952.50,18,F1,150,,,,,
2026-10-08,2026-10-08,CM,NSE,STK,14858,INF174KA1HJ8,GOLD1,EQ,,,,,KOTAK GOLD ETF,122.70,122.70,121.91,122.19,122.26,122.30,,122.19,,,1195878,146238222.49,7005,F1,1,,,,,
2026-10-08,2026-10-08,CM,NSE,STK,1922,INE237A01036,KOTAKBANK,EQ,,,,,KOTAK MAHINDRA BANK LTD,440.00,440.00,432.95,435.00,435.00,440.00,,436.09,,,22068818,9629014707.05,275715,F1,1,,,,,
2026-10-08,2026-10-08,CM,NSE,STK,18102,INF174K014P6,NIFTY1,EQ,,,,,KOTAK NIFTY ETF,251.29,251.29,246.94,247.20,247.05,251.29,,247.22,,,152789,37875381.85,2187,F1,1,,,,,
2026-10-08,2026-10-08,CM,NSE,STK,15061,INF174KA1A86,PSUBANK,EQ,,,,,KOTAK PSU BANK,81.72,81.72,80.00,80.39,80.56,80.92,,80.39,,,604616,48882085.23,795,F1,1,,,,,
2026-10-08,2026-10-08,CM,NSE,STK,759885,INF174KA1XV0,CHEMICAL,EQ,,,,,KOTAKMAMC - CHEMICAL,28.46,28.65,27.95,28.04,28.08,28.36,,28.04,,,278138,7816982.07,1426,F1,1,,,,,
2026-10-08,2026-10-08,CM,NSE,STK,7412,INF174KA1IA5,ALPHA,EQ,,,,,KOTAKMAMC - KOTAKALPHA,51.80,53.19,51.49,51.64,51.52,52.84,,51.64,,,1800923,93358526.67,4844,F1,1,,,,,
2026-10-08,2026-10-08,CM,NSE,STK,10512,INF174KA1ZF8,CONS,EQ,,,,,KOTAKMAMC - KOTAKCONS,11.34,11.34,11.08,11.09,11.13,11.29,,11.09,,,15766,175776.40,252,F1,1,,,,,
2026-10-08,2026-10-08,CM,NSE,STK,2627,INF174KA1GC5,IT,EQ,,,,,KOTAKMAMC - KOTAKIT,31.35,31.58,30.65,30.76,30.99,30.74,,30.76,,,292143,9109854.61,984,F1,1,,,,,
2026-10-08,2026-10-08,CM,NSE,STK,13950,INF174KA1LV5,LIQUID1,EQ,,,,,KOTAKMAMC - KOTAKLIQ,1128.65,1128.65,1125.96,1125.96,1125.97,1125.82,,1125.96,,,2322622,2615203333.75,1657,F1,1,,,,,
2026-10-08,2026-10-08,CM,NSE,STK,8632,INF174KA1IY5,LOWVOL1,EQ,,,,,KOTAKMAMC - KOTAKLOVOL,19.57,19.68,19.22,19.22,19.22,19.57,,19.22,,,79708,1542395.33,11932,F1,1,,,,,
2026-10-08,2026-10-08,CM,NSE,STK,8077,INF174KA1ZC5,MIDCAP,EQ,,,,,KOTAKMAMC - KOTAKMID50,17.00,17.85,16.87,16.97,17.00,17.32,,16.97,,,598078,10203001.16,1824,F1,1,,,,,
2026-10-08,2026-10-08,CM,NSE,STK,10676,INF174KA1JF2,MNC,EQ,,,,,KOTAKMAMC - KOTAKMNC,31.16,31.16,30.30,30.45,30.52,31.16,,30.45,,,37215,1142728.91,610,F1,1,,,,,
2026-10-08,2026-10-08,CM,NSE,STK,13082,INF174KA1ZD3,SILVER1,EQ,,,,,KOTAKMAMC - KOTAKSILVE,21.20,21.23,20.82,20.89,20.92,21.20,,20.89,,,6493835,136643210.03,5459,F1,1,,,,,
2026-10-08,2026-10-08,CM,NSE,STK,11457,INF174KA1ZE1,NV20,EQ,,,,,KOTAKMAMC - KTKNV20ETF,13.08,13.17,12.92,12.99,13.00,13.08,,12.99,,,161083,2091967.13,370,F1,1,,,,,
2026-10-08,2026-10-08,CM,NSE,STK,30469,INF174KA1VW2,MID150,EQ,,,,,KOTAKMAMC - MID150,22.17,22.39,21.72,22.04,21.81,22.26,,22.04,,,110438,2420026.73,425,F1,1,,,,,
2026-10-08,2026-10-08,CM,NSE,STK,759488,INF174KA1XS6,MOMENTUM30,EQ,,,,,KOTAKMAMC - MOMENTUM30,29.74,29.83,28.75,28.99,29.01,29.74,,28.99,,,40233,1168594.05,394,F1,1,,,,,
2026-10-08,2026-10-08,CM,NSE,STK,29758,INF174KA1VD2,MSCIINDIA,EQ,,,,,KOTAKMAMC - MSCIINDIA,28.18,28.18,27.50,27.60,27.55,28.18,,27.60,,,37276,1032941.23,240,F1,1,,,,,
2026-10-08,2026-10-08,CM,NSE,STK,760709,INF174KA1YO3,NEXT50ETF,EQ,,,,,KOTAKMAMC - NEXT50ETF,70.00,70.01,68.11,68.58,68.61,70.11,,68.58,,,24495,1689815.92,351,F1,1,,,,,
2026-10-08,2026-10-08,CM,NSE,STK,29944,INF174KA1UW4,NIFTY100EW,EQ,,,,,KOTAKMAMC - NIFTY100EW,33.38,33.38,32.37,32.51,32.51,33.38,,32.51,,,124558,4057375.82,635,F1,1,,,,,
2026-10-08,2026-10-08,CM,NSE,STK,764195,INF174KA1A94,PVTBANK,EQ,,,,,KOTAKMAMC - PVTBANK,27.14,27.17,26.90,26.96,26.96,27.19,,26.96,,,896,24174.77,52,F1,1,,,,,
2026-10-08,2026-10-08,CM,NSE,STK,757946,INF174KA1WT6,QUALITY30,EQ,,,,,KOTAKMAMC - QUALITY30,19.17,19.28,18.88,18.93,18.99,19.24,,18.93,,,25610,486614.12,161,F1,1,,,,,
2026-10-08,2026-10-08,CM,NSE,STK,5851,INF174KA1ZB7,BANKNIFTY1,EQ,,,,,KOTAKMAMC-KOTAKBKETF,57.10,57.42,56.53,56.63,56.83,57.10,,56.63,,,238345,13534292.24,2857,F1,1,,,,,
2026-10-08,2026-10-08,CM,NSE,STK,762752,INE972A01020,KOTIC,EQ,,,,,KOTHARI INDUSTRIAL CORP L,146.79,168.87,142.51,155.14,153.25,143.91,,155.14,,,1027245,163635749.93,15295,F1,1,,,,,
2026-10-08,2026-10-08,CM,NSE,STK,4594,INE720A01015,KOTHARIPET,EQ,,,,,KOTHARI PETROCHEM LTD,127.46,127.78,118.35,121.10,122.00,126.56,,121.10,,,69670,8564145.71,1824,F1,1,,,,,
2026-10-08,2026-10-08,CM,NSE,STK,5528,INE823A01017,KOTHARIPRO,EQ,,,,,KOTHARI PRODUCTS LTD,65.08,66.15,63.30,63.51,64.00,65.08,,63.53,,,9212,587190.07,116,F1,1,,,,,
2026-10-08,2026-10-08,CM,NSE,STK,11648,INE419A01022,KOTARISUG,BE,,,,,KOTHARI SUG & CHEM LTD.,25.86,26.70,25.40,25.86,25.60,25.94,,25.86,,,25850,671701.46,199,F1,1,,,,,
2026-10-08,2026-10-08,CM,NSE,STK,761335,INE0J0B01017,KOTYARK,EQ,,,,,KOTYARK INDUSTRIES LTD,31.94,32.05,30.50,31.06,30.50,31.10,,31.06,,,273468,8558567.47,1084,F1,1,,,,,
2026-10-08,2026-10-08,CM,NSE,STK,5192,INE177F01017,KOVAI,EQ,,,,,KOVAI MEDICAL CENTER & HO,5979.50,5979.50,5878.50,5891.50,5898.50,5919.50,,5891.37,,,6536,38570788.00,941,F1,1,,,,,
2026-10-08,2026-10-08,CM,NSE,STK,5108,INE542W01025,KPIGREEN,EQ,,,,,KPI GREEN ENERGY LIMITED,333.00,333.00,318.15,323.25,326.00,334.45,,323.23,,,882321,287674744.95,25303,F1,1,,,,,
2026-10-08,2026-10-08,CM,NSE,STK,9683,INE04I401011,KPITTECH,EQ,,,,,KPIT TECHNOLOGIES LIMITED,484.25,493.85,470.10,471.00,471.00,484.25,,471.11,,,1408072,677731766.15,35789,F1,1,,,,,
2026-10-08,2026-10-08,CM,NSE,STK,14912,INE930H01031,KPRMILL,EQ,,,,,KPR MILL LTD.,1096.90,1102.60,1050.10,1053.30,1050.10,1101.30,,1053.30,,,199692,215235963.10,14229,F1,1,,,,,
2026-10-08,2026-10-08,CM,NSE,STK,10577,INE001B01026,KRBL,EQ,,,,,KRBL LIMITED,399.80,401.85,385.00,386.05,385.05,398.20,,386.06,,,473055,186148986.20,12829,F1,1,,,,,
2026-10-08,2026-10-08,CM,NSE,STK,1937,INE268B01013,KREBSBIO,EQ,,,,,KREBS BIOCHEMICALS & IND,59.40,59.48,57.30,57.96,57.35,59.72,,57.91,,,13155,769246.06,223,F1,1,,,,,
2026-10-08,2026-10-08,CM,NSE,STK,11480,INE524L01026,KRIDHANINF,EQ,,,,,KRIDHAN INFRA LIMITED,1.86,1.98,1.82,1.82,1.82,1.86,,1.88,,,18017,33407.60,59,F1,1,,,,,
2026-10-08,2026-10-08,CM,NSE,STK,12847,INE506W01020,KRISHANA,EQ,,,,,KRISHANA PHOSCHEM LIMITED,192.70,192.70,187.18,188.69,189.30,191.38,,188.69,,,293743,55648767.78,5613,F1,1,,,,,
2026-10-08,2026-10-08,CM,NSE,STK,16133,INE0NR701018,KRISHCA,SM,,,,,KRISHCA STRAPPING SLTN L,211.00,211.50,198.00,198.20,198.20,207.75,,198.20,,,9000,1833800.00,18,F1,500,,,,,
2026-10-08,2026-10-08,CM,NSE,STK,756782,INE0GGO01015,KRISHIVAL,EQ,,,,,KRISHIVAL FOODS LIMITED,400.25,400.25,372.00,383.70,382.00,397.40,,383.70,,,30805,11889620.60,1168,F1,1,,,,,
2026-10-08,2026-10-08,CM,NSE,STK,761192,INE0J5601015,KRISHNADEF,EQ,,,,,KRISHNA DEF AND ALD IND L,1245.00,1291.60,1170.00,1240.80,1230.00,1242.10,,1240.80,,,201821,245170368.50,15452,F1,1,,,,,
2026-10-08,2026-10-08,CM,NSE,STK,4847,INE967H01025,KIMS,EQ,,,,,KRISHNA INST OF MED SCI L,694.30,695.75,678.80,687.15,687.90,693.95,,687.15,,,473382,325031815.70,32852,F1,1,,,,,
2026-10-08,2026-10-08,CM,NSE,STK,6417,INE479D01038,KRITI,EQ,,,,,KRITI INDUSTRIES IND LTD,59.07,59.89,53.80,55.55,55.25,59.07,,55.55,,,61801,3429329.60,675,F1,1,,,,,
2026-10-08,2026-10-08,CM,NSE,STK,11432,INE798K01010,KRITINUT,EQ,,,,,KRITI NUTRIENTS LIMITED,71.00,73.80,69.12,72.26,72.21,70.15,,72.26,,,31575,2270601.16,520,F1,1,,,,,
2026-10-08,2026-10-08,CM,NSE,STK,9288,INE00Z501029,KRITIKA,EQ,,,,,KRITIKA WIRES LIMITED,5.12,5.12,4.86,4.86,4.95,4.95,,4.86,,,87603,430906.91,389,F1,1,,,,,
2026-10-08,2026-10-08,CM,NSE,STK,760624,INE1MTV01019,KRMAYURVED,SM,,,,,KRM AYURVEDA LIMITED,273.25,279.00,272.00,274.35,274.20,275.00,,274.35,,,79000,21767250.00,73,F1,1000,,,,,
2026-10-08,2026-10-08,CM,NSE,STK,25643,INE0Q3J01015,KRN,EQ,,,,,KRN HEAT EXCHANGE N REF L,1519.00,1519.00,1408.50,1414.50,1415.40,1484.20,,1414.64,,,210590,302794494.80,26294,F1,1,,,,,
2026-10-08,2026-10-08,CM,NSE,STK,24026,INE0ATZ01017,KRONOX,BE,,,,,KRONOX LAB SCIENCES LTD,209.00,213.00,200.07,200.60,201.00,210.60,,200.57,,,62960,12999070.92,547,F1,1,,,,,
2026-10-08,2026-10-08,CM,NSE,STK,25252,INE0O6601022,KROSS,EQ,,,,,KROSS LIMITED,265.00,267.90,238.20,239.70,239.15,263.90,,239.71,,,1075805,266405631.35,27161,F1,1,,,,,
2026-10-08,2026-10-08,CM,NSE,STK,5359,INE08LI01020,KRSNAA,EQ,,,,,KRSNAA DIAGNOSTICS LTD,550.00,550.00,526.00,531.95,534.00,548.10,,531.89,,,47652,25459441.95,3319,F1,1,,,,,
2026-10-08,2026-10-08,CM,NSE,STK,23175,INE0QN801017,KRYSTAL,EQ,,,,,KRYSTAL INTEGRATED SER L,645.25,660.40,623.70,633.20,634.00,644.45,,633.20,,,8739,5557615.30,628,F1,1,,,,,
2026-10-08,2026-10-08,CM,NSE,STK,1949,INE999A01023,KSB,EQ,,,,,KSB LIMITED,802.00,803.15,775.00,776.70,778.80,801.50,,776.59,,,89997,70721699.30,8997,F1,1,,,,,
2026-10-08,2026-10-08,CM,NSE,STK,764753,INE953E01022,KSE,EQ,,,,,KSE LTD.,179.80,179.80,174.30,175.48,176.82,176.84,,175.69,,,9537,1669036.74,167,F1,1,,,,,
2026-10-08,2026-10-08,CM,NSE,STK,760433,INE987S01020,KSHINTL,EQ,,,,,KSH INTERNATIONAL LIMITED,1076.00,1076.00,1005.60,1017.70,1018.70,1072.30,,1017.76,,,320815,328147261.50,29064,F1,1,,,,,
2026-10-08,2026-10-08,CM,NSE,STK,10412,INE013801027,KSHITIJPOL,BE,,,,,KSHITIJ POLYLINE LIMITED,4.00,4.00,3.65,3.68,3.75,3.81,,3.68,,,9689720,36649557.46,2021,F1,1,,,,,
2026-10-08,2026-10-08,CM,NSE,STK,11060,INE0D6I01023,KSOLVES,EQ,,,,,KSOLVES INDIA LIMITED,244.00,249.49,240.00,241.68,242.00,246.44,,241.68,,,24042,5856634.21,1354,F1,1,,,,,
2026-10-08,2026-10-08,CM,NSE,STK,759989,INE1SPP01016,KSR,BE,,,,,KSR FOOTWEAR LIMITED,37.56,37.56,35.81,35.90,35.90,37.56,,35.97,,,26518,977007.79,122,F1,1,,,,,
2026-10-08,2026-10-08,CM,NSE,STK,13870,INE529I01021,KUANTUM,EQ,,,,,KUANTUM PAPERS LIMITED,76.22,77.75,73.00,74.07,73.82,76.72,,74.07,,,108276,8088607.49,1811,F1,1,,,,,
2026-10-08,2026-10-08,CM,NSE,STK,764116,INE0ISX01025,KUSUMGAR,EQ,,,,,KUSUMGAR LIMITED,638.00,638.00,587.05,608.00,625.00,626.85,,608.11,,,462631,280552337.40,16220,F1,1,,,,,
2026-10-08,2026-10-08,CM,NSE,STK,762757,INE552U01010,KPL,EQ,,,,,KWALITY PHARMACEUTICALS L,3680.00,3680.00,3511.50,3533.30,3516.10,3681.20,,3532.41,,,27259,97397068.70,4843,F1,1,,,,,
2026-10-08,2026-10-08,CM,NSE,STK,760946,INE2KCE01013,KWIL,EQ,,,,,KWALITY WALL'S (INDIA) L,38.15,38.19,36.50,36.91,36.99,38.06,,36.92,,,7970741,294994737.07,27727,F1,1,,,,,
2026-10-08,2026-10-08,CM,NSE,STK,765100,INE341H01023,LKPSEC,EQ,,,,,L K P SECURITIES LTD.,13.70,13.97,13.55,13.62,13.71,13.65,,13.62,,,6352,87260.35,485,F1,1,,,,,
2026-10-08,2026-10-08,CM,NSE,STK,24948,INE498L01015,LTF,EQ,,,,,L&T FINANCE LIMITED,258.00,261.25,255.05,257.40,257.40,260.25,,257.39,,,5991864,1545289642.15,57916,F1,1,,,,,
2026-10-08,2026-10-08,CM,NSE,STK,18564,INE010V01017,LTTS,EQ,,,,,L&T TECHNOLOGY SER. LTD.,3252.00,3356.20,3168.80,3176.60,3169.40,3252.10,,3176.61,,,53392,174306352.20,12272,F1,1,,,,,
2026-10-08,2026-10-08,CM,NSE,STK,14423,INE059D01020,LAOPALA,EQ,,,,,LA OPALA RG LIMITED,155.50,156.20,152.71,153.98,154.50,155.04,,153.97,,,77178,11867441.83,2595,F1,1,,,,,
2026-10-08,2026-10-08,CM,NSE,STK,5865,INE548Z01017,LAGNAM,EQ,,,,,LAGNAM SPINTEX LIMITED,72.63,73.89,70.22,71.14,71.50,72.26,,71.14,,,1308,93587.45,51,F1,1,,,,,
2026-10-08,2026-10-08,CM,NSE,STK,762762,INE515C01023,LAHOTIOV,EQ,,,,,LAHOTI OVERSEAS LTD.,39.25,39.98,38.50,38.50,38.50,39.90,,38.50,,,3197,124373.36,48,F1,1,,,,,
2026-10-08,2026-10-08,CM,NSE,STK,7902,INE850E01012,LFIC,EQ,,,,,LAKSHMI FIN IND CORP LTD,129.00,129.10,126.00,126.22,128.00,129.00,,126.22,,,705,90106.93,35,F1,1,,,,,
2026-10-08,2026-10-08,CM,NSE,STK,764763,INE938C01019,LAKSHMIMIL,EQ,,,,,LAKSHMI MILLS CO. LTD.,7352.00,7747.50,7352.00,7634.00,7634.00,7715.00,,7593.63,,,9,68335.50,6,F1,1,,,,,
2026-10-08,2026-10-08,CM,NSE,STK,4774,INE651C01018,LAKPRE,BZ,,,,,LAKSHMI PRE SCRE LTD,5.00,5.25,4.95,4.98,5.25,5.20,,5.11,,,59,294.85,3,F1,1,,,,,
2026-10-08,2026-10-08,CM,NSE,STK,25860,INE0VZS01015,LAKSHYA,SM,,,,,LAKSHYA POWERTECH LIMITED,97.70,97.70,93.55,96.00,96.00,97.70,,96.00,,,4000,380840.00,5,F1,800,,,,,
2026-10-08,2026-10-08,CM,NSE,STK,765361,INE0K9O01026,LALITHAA,EQ,,,,,LALITHAA JEWELLERY MART L,395.50,397.95,375.15,376.45,375.15,394.85,,376.41,,,6058030,2289086471.55,30162,F1,1,,,,,
2026-10-08,2026-10-08,CM,NSE,STK,6407,INE112F01022,LAMBODHARA,EQ,,,,,LAMBODHARA TEXTILES LTD.,135.98,135.98,127.50,128.09,128.25,133.74,,128.09,,,6952,907402.24,382,F1,1,,,,,
2026-10-08,2026-10-08,CM,NSE,STK,27225,INE0R0201012,LAMOSAIC,ST,,,,,LAMOSAIC INDIA LIMITED,47.10,48.00,45.05,46.75,48.00,47.20,,46.75,,,69600,3249480.00,49,F1,600,,,,,
2026-10-08,2026-10-08,CM,NSE,STK,9392,INE359U01028,LANCER,EQ,,,,,LANCER CONTAINER LINES L,11.19,11.28,10.78,10.83,10.86,10.98,,10.83,,,148980,1621940.52,704,F1,1,,,,,
2026-10-08,2026-10-08,CM,NSE,STK,23030,INE572G01025,LANCORHOL,BE,,,,,LANCOR HOLDINGS LIMITED,31.93,31.93,29.84,29.99,30.00,31.41,,29.99,,,81584,2466523.86,220,F1,1,,,,,
2026-10-08,2026-10-08,CM,NSE,STK,13276,INE559R01029,LANDMARK,EQ,,,,,LANDMARK CARS LIMITED,485.45,485.45,461.30,468.65,466.00,480.95,,468.63,,,86631,40704152.10,2961,F1,1,,,,,
2026-10-08,2026-10-08,CM,NSE,STK,16863,INE197J01017,LPDC,EQ,,,,,LANDMARK PR.DEV.CO.LTD,6.28,6.39,6.17,6.21,6.18,6.25,,6.21,,,35412,219983.35,114,F1,1,,,,,
2026-10-08,2026-10-08,CM,NSE,STK,17380,INE688J01023,LANDSMILL,BE,,,,,LANDSMILL GREEN LIMITED,0.87,0.87,0.85,0.85,0.85,0.89,,0.85,,,1460958,1241993.09,635,F1,1,,,,,
2026-10-08,2026-10-08,CM,NSE,STK,11483,INE018A01030,LT,EQ,,,,,LARSEN & TOUBRO LTD.,3698.00,3702.00,3607.00,3625.10,3625.10,3701.50,,3623.59,,,1690918,6153189973.80,127933,F1,1,,,,,
2026-10-08,2026-10-08,CM,NSE,STK,764126,INE17IR01028,LASERPOWER,EQ,,,,,LASER POWER & INFRA LTD,283.50,283.50,265.85,272.50,270.00,284.55,,272.50,,,789645,214849059.20,15839,F1,1,,,,,
2026-10-08,2026-10-08,CM,NSE,STK,6818,INE0I7C01011,LATENTVIEW,EQ,,,,,LATENT VIEW ANALYTICS LTD,231.00,245.00,228.37,230.26,230.32,230.08,,230.25,,,1565857,369256641.51,24596,F1,1,,,,,
2026-10-08,2026-10-08,CM,NSE,STK,15840,INE262Z01023,LATTEYS,EQ,,,,,LATTEYS INDUSTRIES LTD,22.29,22.29,20.60,20.91,20.70,21.87,,20.91,,,47619,1011879.68,223,F1,1,,,,,
2026-10-08,2026-10-08,CM,NSE,STK,19234,INE947Q01028,LAURUSLABS,EQ,,,,,LAURUS LABS LIMITED,2055.00,2055.00,1997.90,1997.90,1997.90,2052.80,,1997.94,,,1394208,2818700969.00,48762,F1,1,,,,,
2026-10-08,2026-10-08,CM,NSE,STK,6568,INE801V01019,LAXMICOT,EQ,,,,,LAXMI COTSPIN LIMITED,12.60,13.05,12.60,12.62,12.60,12.80,,12.62,,,8867,112130.56,50,F1,1,,,,,
2026-10-08,2026-10-08,CM,NSE,STK,29171,INE0WO601020,LAXMIDENTL,EQ,,,,,LAXMI DENTAL LIMITED,198.00,198.00,190.31,192.52,192.50,197.12,,192.52,,,45528,8761643.30,1209,F1,1,,,,,
2026-10-08,2026-10-08,CM,NSE,STK,19876,INE258Y01016,LGHL,EQ,,,,,LAXMI GOLDORNA HOUSE LTD,219.39,219.90,210.11,213.87,212.00,215.12,,213.87,,,17192,3701120.84,587,F1,1,,,,,
2026-10-08,2026-10-08,CM,NSE,STK,758863,INE06WU01026,LAXMIINDIA,EQ,,,,,LAXMI INDIA FINANCE LTD,111.60,111.60,106.00,106.66,106.20,110.81,,106.64,,,161733,17404093.39,2099,F1,1,,,,,
2026-10-08,2026-10-08,CM,NSE,STK,2841,INE576O01020,LXCHEM,EQ,,,,,LAXMI ORGANIC INDUS LTD,192.00,192.50,181.10,182.03,182.24,190.35,,182.03,,,1570106,290095790.58,29138,F1,1,,,,,
2026-10-08,2026-10-08,CM,NSE,STK,7537,INE938A01021,LCCINFOTEC,BE,,,,,LCC INFOTECH LTD,3.46,3.46,3.30,3.39,3.42,3.46,,3.39,,,17007,56640.24,63,F1,1,,,,,
2026-10-08,2026-10-08,CM,NSE,STK,766044,INE1FPN01026,LCCPROJECT,EQ,,,,,LCC PROJECTS LIMITED,143.09,150.40,143.09,145.08,144.80,143.97,,145.09,,,913274,133614666.83,12180,F1,1,,,,,
2026-10-08,2026-10-08,CM,NSE,STK,760300,INE0G1L01025,LEMERITE,EQ,,,,,LE MERITE EXPORTS LIMITED,19.99,19.99,18.37,18.77,19.15,19.26,,18.77,,,176005,3342470.80,293,F1,1,,,,,
2026-10-08,2026-10-08,CM,NSE,STK,24067,INE0HV901016,IXIGO,EQ,,,,,LE TRAVENUES TECHNOLOGY L,158.70,159.44,151.50,153.96,154.29,158.27,,153.96,,,2051064,315086139.07,37968,F1,1,,,,,
2026-10-08,2026-10-08,CM,NSE,STK,14204,INE0H4B01011,LRRPL,SM,,,,,LEAD REC AND RUB PROD LTD,92.00,92.80,92.00,92.80,92.80,95.70,,92.80,,,3000,277200.00,2,F1,1500,,,,,
2026-10-08,2026-10-08,CM,NSE,STK,764523,INE00GO01025,LEAPIND,EQ,,,,,LEAP INDIA LIMITED,148.90,150.20,137.35,141.42,141.00,148.03,,141.44,,,1307008,188795377.75,22182,F1,1,,,,,
2026-10-08,2026-10-08,CM,NSE,STK,765098,INE791B01014,LEENEE,BE,,,,,LEE & NEE SOFTWARES (E) L,7.30,7.65,7.00,7.00,7.00,7.34,,7.11,,,8509,60433.77,37,F1,1,,,,,
2026-10-08,2026-10-08,CM,NSE,STK,757014,INE0AQ201015,THELEELA,EQ,,,,,LEELA PALACES HOTEL LTD,604.45,605.50,584.05,586.95,587.00,602.45,,586.93,,,253791,149569058.30,26074,F1,1,,,,,
2026-10-08,2026-10-08,CM,NSE,STK,2606,INE970X01018,LEMONTREE,EQ,,,,,LEMON TREE HOTELS LTD,112.71,113.46,109.56,110.05,110.00,112.52,,110.06,,,5897444,654426627.90,64027,F1,1,,,,,
2026-10-08,2026-10-08,CM,NSE,STK,759605,INE956O01016,LENSKART,EQ,,,,,LENSKART SOLUTIONS LTD,684.90,686.00,645.50,653.95,656.00,681.30,,653.95,,,5023579,3312678666.50,100695,F1,1,,,,,
2026-10-08,2026-10-08,CM,NSE,STK,14459,INE500X01013,LEXUS,EQ,,,,,LEXUS GRANITO (INDIA) LTD,9.89,9.89,9.00,9.70,9.49,9.48,,9.70,,,74806,714819.11,315,F1,1,,,,,
2026-10-08,2026-10-08,CM,NSE,STK,18321,INE337A01034,LGBBROSLTD,EQ,,,,,LG BALAKRISHNAN & BROS,1714.90,1714.90,1659.90,1676.40,1665.00,1715.80,,1676.34,,,17854,29880735.80,3756,F1,1,,,,,
2026-10-08,2026-10-08,CM,NSE,STK,760213,INE324D01010,LGEINDIA,EQ,,,,,LG ELECTRONICS INDIA LTD,1782.00,1785.00,1705.00,1723.00,1705.00,1780.30,,1723.02,,,388141,678827169.80,39352,F1,1,,,,,
2026-10-08,2026-10-08,CM,NSE,STK,11082,INE908V01012,LIBAS,EQ,,,,,LIBAS CONSU PRODUCTS LTD,11.60,11.98,10.90,11.39,11.79,11.55,,11.39,,,21712,246576.15,168,F1,1,,,,,
2026-10-08,2026-10-08,CM,NSE,STK,1994,INE557B01019,LIBERTSHOE,EQ,,,,,LIBERTY SHOES LTD,218.45,218.45,209.00,210.18,211.20,216.48,,210.18,,,18127,3839711.13,885,F1,1,,,,,
2026-10-08,2026-10-08,CM,NSE,STK,1997,INE115A01026,LICHSGFIN,EQ,,,,,LIC HOUSING FINANCE LTD,519.90,547.65,519.40,537.00,537.00,515.40,,537.00,,,14555953,7846500040.70,102514,F1,1,,,,,
2026-10-08,2026-10-08,CM,NSE,STK,25640,INF767K01SM1,LICMFGOLD,EQ,,,,,LIC MF - LIC GOLD ETF,132.25,132.55,131.65,131.80,132.00,132.25,,131.80,,,26824,3542039.55,366,F1,1,,,,,
2026-10-08,2026-10-08,CM,NSE,STK,11319,INF767K01OS7,LICNETFN50,EQ,,,,,LICNAMC - LICNFENGP,247.65,254.52,247.65,251.56,251.50,254.00,,251.56,,,2083,523917.27,45,F1,1,,,,,
2026-10-08,2026-10-08,CM,NSE,STK,11441,INF767K01OT5,LICNETFSEN,EQ,,,,,LICNAMC - LICNFESGP,817.00,849.70,791.33,804.17,791.33,817.51,,804.27,,,68,54884.84,14,F1,1,,,,,
2026-10-08,2026-10-08,CM,NSE,STK,15229,INF767K01PC8,LICNFNHGP,EQ,,,,,LICNAMC - LICNFNHGP,260.56,268.00,250.09,252.43,251.02,260.56,,252.58,,,587,150609.05,47,F1,1,,,,,
2026-10-08,2026-10-08,CM,NSE,STK,6062,INF767K01MV5,LICNETFGSC,EQ,,,,,LICNAMC - LICNMFET,28.20,29.22,28.20,28.92,28.93,28.93,,28.92,,,127031,3675788.33,95,F1,1,,,,,
2026-10-08,2026-10-08,CM,NSE,STK,22722,INF767K01RN1,LICNMID100,EQ,,,,,LICNAMC - LICNMID100,59.60,59.89,57.87,58.19,59.46,59.58,,58.20,,,7238,425041.46,120,F1,1,,,,,
2026-10-08,2026-10-08,CM,NSE,STK,9480,INE0J1Y01017,LICI,EQ,,,,,LIFE INSURA CORP OF INDIA,386.30,388.00,378.20,379.25,379.25,386.30,,379.25,,,3328818,1270261948.25,45406,F1,1,,,,,
2026-10-08,2026-10-08,CM,NSE,STK,578,INE060901027,LIKHITHA,EQ,,,,,LIKHITHA INFRASTRUC LTD,229.02,238.00,224.02,226.08,231.00,234.14,,226.07,,,49617,11442539.95,1629,F1,1,,,,,
2026-10-08,2026-10-08,CM,NSE,STK,6951,INE802B01027,LINC,EQ,,,,,LINC LIMITED,87.90,87.95,83.30,84.57,84.95,86.84,,84.58,,,17910,1532601.39,509,F1,1,,,,,
2026-10-08,2026-10-08,CM,NSE,STK,11596,INE405C01035,LINCOLN,EQ,,,,,LINCOLN PHARMA LTD,563.20,579.45,548.55,561.70,566.00,563.85,,561.65,,,28927,16145211.75,2043,F1,1,,,,,
2026-10-08,2026-10-08,CM,NSE,STK,1627,INE473A01011,LINDEINDIA,EQ,,,,,LINDE INDIA LIMITED,6098.50,6146.50,5990.00,6026.00,6000.00,6094.00,,6026.18,,,12243,73974728.50,3679,F1,1,,,,,
2026-10-08,2026-10-08,CM,NSE,STK,17801,INE093R01011,LLOYDSENGG,EQ,,,,,LLOYDS ENGG WORK LIMITED,101.47,101.48,95.45,96.18,96.21,101.10,,96.18,,,13917134,1347833876.07,63820,F1,1,,,,,
2026-10-08,2026-10-08,CM,NSE,STK,25807,INE080I01025,LLOYDSENT,EQ,,,,,LLOYDS ENTERPRISES LTD,78.81,78.81,73.65,74.37,74.50,78.98,,74.39,,,3657105,275206346.50,17936,F1,1,,,,,
2026-10-08,2026-10-08,CM,NSE,STK,11472,INE0DTQ01028,LLOYDS,SM,,,,,LLOYDS LUXURIES LIMITED,57.05,57.70,56.55,57.70,57.70,59.50,,57.70,,,6000,341450.00,6,F1,1000,,,,,
2026-10-08,2026-10-08,CM,NSE,STK,17313,INE281B01032,LLOYDSME,EQ,,,,,LLOYDS METALS N ENERGY L,1844.60,1844.80,1764.00,1795.60,1789.00,1844.50,,1795.67,,,473935,855583150.90,30369,F1,1,,,,,
2026-10-08,2026-10-08,CM,NSE,STK,1979,INE269B01029,LMW,EQ,,,,,LMW LIMITED,16817.00,16870.00,16187.00,16346.00,16472.00,16819.00,,16346.37,,,4278,70220731.00,1939,F1,1,,,,,
2026-10-08,2026-10-08,CM,NSE,STK,3220,INE670K01029,LODHA,EQ,,,,,LODHA DEVELOPERS LIMITED,1109.10,1111.10,1065.60,1065.60,1065.60,1109.40,,1065.61,,,1712251,1857466776.50,55614,F1,1,,,,,
2026-10-08,2026-10-08,CM,NSE,STK,764296,INE0QJW01029,LCL,EQ,,,,,LOHIA CORP LIMITED,627.75,631.45,604.00,608.70,611.00,624.10,,608.70,,,343343,210648716.15,21630,F1,1,,,,,
2026-10-08,2026-10-08,CM,NSE,STK,13436,INE397H01017,LOKESHMACH,EQ,,,,,LOKESH MACHINES LTD,465.60,488.00,442.00,447.85,445.50,465.45,,447.87,,,424361,197738148.25,14906,F1,1,,,,,
2026-10-08,2026-10-08,CM,NSE,STK,18232,INE846D01012,LORDSCHLO,EQ,,,,,LORDS CHLORO ALKALI LTD,140.00,143.00,135.12,136.01,137.00,139.50,,136.08,,,11769,1615036.78,415,F1,1,,,,,
2026-10-08,2026-10-08,CM,NSE,STK,14924,INE740X01023,LAL,EQ,,,,,LORENZINI APPARELS LTD,8.69,8.79,8.42,8.53,8.58,8.61,,8.53,,,196674,1671829.92,82,F1,1,,,,,
2026-10-08,2026-10-08,CM,NSE,STK,764768,INE026D01011,LOTUSCHO,EQ,,,,,LOTUS CHOCOLATE CO. LTD.,655.00,724.00,650.00,658.90,653.70,646.85,,659.25,,,76663,52683892.35,3602,F1,1,,,,,
2026-10-08,2026-10-08,CM,NSE,STK,16807,INE947I01017,LOTUSEYE,EQ,,,,,LOTUS EYE HOSP & INST L,116.60,116.60,113.61,113.94,114.00,114.84,,113.96,,,2258,258711.86,90,F1,1,,,,,
2026-10-08,2026-10-08,CM,NSE,STK,22415,INE597L01014,LOVABLE,EQ,,,,,LOVABLE LINGERIE LTD,70.09,71.50,67.01,67.23,67.01,68.73,,67.32,,,8663,595979.68,227,F1,1,,,,,
2026-10-08,2026-10-08,CM,NSE,STK,10590,INE970D01010,LOYALTEX,EQ,,,,,LOYAL TEXTILE MILLS LTD,205.20,206.60,205.20,206.55,206.55,208.02,,206.55,,,391,80685.77,13,F1,1,,,,,
2026-10-08,2026-10-08,CM,NSE,STK,13816,INE818H01020,LTFOODS,EQ,,,,,LT FOODS LIMITED,418.40,420.35,404.15,405.45,404.15,418.20,,405.44,,,250683,103167439.10,14312,F1,1,,,,,
2026-10-08,2026-10-08,CM,NSE,STK,17818,INE214T01019,LTM,EQ,,,,,LTM LIMITED,3929.70,4003.30,3915.00,3915.00,3915.00,3930.00,,3914.98,,,398649,1581402342.90,30513,F1,1,,,,,
2026-10-08,2026-10-08,CM,NSE,STK,14014,INE872H01027,LUMAXTECH,EQ,,,,,LUMAX AUTO TECH LTD,1860.10,1860.10,1763.60,1770.20,1774.90,1849.20,,1770.09,,,143877,258005638.40,19671,F1,1,,,,,
2026-10-08,2026-10-08,CM,NSE,STK,2018,INE162B01018,LUMAXIND,EQ,,,,,LUMAX INDUSTRIES LTD,5465.50,5466.00,5260.00,5294.00,5285.00,5401.50,,5294.05,,,7039,37381943.00,1933,F1,1,,,,,
2026-10-08,2026-10-08,CM,NSE,STK,765524,INE185Q01025,LUMINO,EQ,,,,,LUMINO INDUSTRIES LIMITED,109.00,109.54,101.23,101.95,102.30,108.90,,101.95,,,5015473,523734547.44,28978,F1,1,,,,,
2026-10-08,2026-10-08,CM,NSE,STK,10440,INE326A01037,LUPIN,EQ,,,,,LUPIN LIMITED,2012.90,2020.90,1936.90,1936.90,1936.90,2012.90,,1936.92,,,611469,1204786430.20,37710,F1,1,,,,,
2026-10-08,2026-10-08,CM,NSE,STK,11301,INE150G01020,LUXIND,EQ,,,,,LUX INDUSTRIES LIMITED,1166.00,1166.00,1100.00,1108.50,1112.00,1157.50,,1108.54,,,19524,21888235.10,2539,F1,1,,,,,
2026-10-08,2026-10-08,CM,NSE,STK,7248,INE933A01014,LYKALABS,BE,,,,,LYKA LABS LTD.,74.90,74.90,72.05,72.68,72.50,74.30,,72.68,,,11178,820964.93,95,F1,1,,,,,
2026-10-08,2026-10-08,CM,NSE,STK,758150,INE08N601015,MBEL,EQ,,,,,M AND B ENGINEERING LTD,290.00,290.00,261.60,265.56,264.00,290.60,,265.59,,,961258,263931672.17,25096,F1,1,,,,,
2026-10-08,2026-10-08,CM,NSE,STK,765120,INE227F01010,MKEXIM,EQ,,,,,M K EXIM (INDIA) LTD.,63.19,63.98,55.70,57.76,57.84,62.00,,55.71,,,11651,692509.21,215,F1,1,,,,,
2026-10-08,2026-10-08,CM,NSE,STK,16736,INE964W01021,MKPL,EQ,,,,,M K PROTEINS LIMITED,3.94,4.58,3.88,3.92,3.95,3.93,,3.92,,,196664,798354.56,395,F1,1,,,,,
2026-10-08,2026-10-08,CM,NSE,STK,22360,INE813V01022,MCL,EQ,,,,,M TEK COPPER LIMITED,55.99,55.99,53.28,53.75,53.43,55.27,,53.75,,,24501,1324605.56,860,F1,1,,,,,
2026-10-08,2026-10-08,CM,NSE,STK,13285,INE774D01024,M&MFIN,EQ,,,,,M&M FIN. SERVICES LTD,321.70,321.75,309.20,310.50,310.40,321.75,,310.50,,,2187388,691622350.65,103266,F1,1,,,,,
2026-10-08,2026-10-08,CM,NSE,STK,22976,INE0SGC01015,MVKAGRO,SM,,,,,M.V.K. AGRO FOOD PROD LTD,227.95,239.55,224.00,238.50,239.55,228.15,,238.50,,,335100,78401325.00,226,F1,300,,,,,
2026-10-08,2026-10-08,CM,NSE,STK,15017,INE215I01027,MAANALU,EQ,,,,,MAAN ALUMINIUM LIMITED,104.70,104.70,98.27,98.97,99.45,103.99,,98.95,,,74422,7441300.13,1303,F1,1,,,,,
2026-10-08,2026-10-08,CM,NSE,STK,762782,INE435D01014,MCCHRLS-B,EQ,,,,,MAC CHARLES (INDIA) LTD.,679.20,683.50,645.00,675.15,677.90,672.55,,675.66,,,194,129369.10,40,F1,1,,,,,
2026-10-08,2026-10-08,CM,NSE,STK,24545,INE0R0J01010,MACOBSTECH,SM,,,,,MACOBS TECHNOLOGIES LTD,192.30,203.70,192.30,203.70,203.70,205.05,,203.70,,,6400,1265600.00,7,F1,800,,,,,
2026-10-08,2026-10-08,CM,NSE,STK,22347,INE155Z01011,MACPOWER,EQ,,,,,MACPOWER CNC MACHINES LTD,2082.10,2098.20,1951.00,1981.00,1980.00,2062.90,,1981.00,,,46860,93361473.70,7015,F1,1,,,,,
2026-10-08,2026-10-08,CM,NSE,STK,762767,INE631R01026,MADHAVIPL,EQ,,,,,MADHAV INFRA PROJECTS L,7.32,7.39,7.10,7.21,7.27,7.39,,7.21,,,41409,300285.80,236,F1,1,,,,,
2026-10-08,2026-10-08,CM,NSE,STK,15151,INE925C01016,MADHAV,EQ,,,,,MADHAV MARBLE & GRANITE,33.60,34.79,31.13,32.10,32.44,33.62,,32.10,,,7474,243183.37,180,F1,1,,,,,
2026-10-08,2026-10-08,CM,NSE,STK,13671,INE378D01032,MADHUCON,EQ,,,,,MADHUCON PROJECTS LTD.,3.86,4.08,3.70,3.79,3.97,3.93,,3.79,,,24640,94178.19,86,F1,1,,,,,
2026-10-08,2026-10-08,CM,NSE,STK,765476,INE1P5601010,MADHURKNIT,SM,,,,,MADHUR KNIT CRAFTS LTD,57.80,58.00,55.25,57.40,57.00,57.45,,57.40,,,79200,4511520.00,25,F1,1200,,,,,
2026-10-08,2026-10-08,CM,NSE,STK,18738,INE0P6701019,MADHUSUDAN,ST,,,,,MADHUSUDAN MASALA LIMITED,232.00,232.65,223.00,224.50,226.00,230.20,,224.50,,,14000,3180050.00,13,F1,1000,,,,,
2026-10-08,2026-10-08,CM,NSE,STK,12686,INE900L01028,MBAPL,EQ,,,,,MADHYA BHARAT AGRO P. LTD,169.70,169.70,163.00,163.42,163.75,168.02,,163.42,,,375576,62002189.59,6438,F1,1,,,,,
2026-10-08,2026-10-08,CM,NSE,STK,4911,INE414A01015,MADRASFERT,EQ,,,,,MADRAS FERTILISERS LTD,60.00,60.00,57.21,57.54,57.50,58.89,,57.54,,,30906,1791734.30,813,F1,1,,,,,
2026-10-08,2026-10-08,CM,NSE,STK,762772,INE270B01035,MAFATIND,EQ,,,,,MAFATLAL INDUSTRIES LTD.,115.10,116.37,110.01,111.07,111.10,115.95,,111.08,,,40912,4609889.46,1187,F1,1,,,,,
2026-10-08,2026-10-08,CM,NSE,STK,21392,INE347W01011,MAGADSUGAR,EQ,,,,,MAGADH SUGAR & ENERGY LTD,562.25,576.45,540.00,544.65,550.00,562.30,,544.50,,,39991,22244575.25,2668,F1,1,,,,,
2026-10-08,2026-10-08,CM,NSE,STK,29482,INE613C01026,MCLOUD,EQ,,,,,MAGELLANIC CLOUD LIMITED,24.61,25.04,24.06,24.30,24.45,24.76,,24.30,,,1019479,24938378.01,2636,F1,1,,,,,
2026-10-08,2026-10-08,CM,NSE,STK,14957,INE387I01016,MAGNUM,EQ,,,,,MAGNUM VENTURES LTD.,18.49,18.49,17.61,17.82,18.00,18.18,,17.82,,,31692,567554.57,159,F1,1,,,,,
2026-10-08,2026-10-08,CM,NSE,STK,17088,INE0O1S01012,MAGSON,SM,,,,,MAGSON RETAIL AND DIST L,182.90,182.90,180.00,180.00,180.00,183.00,,180.00,,,2000,362900.00,2,F1,1000,,,,,
2026-10-08,2026-10-08,CM,NSE,STK,5239,INE843B01013,MAHAPEXLTD,EQ,,,,,MAHA RASHTRA APEX COPR. L,51.91,52.95,49.09,50.77,50.00,51.66,,50.77,,,6954,354397.06,125,F1,1,,,,,
2026-10-08,2026-10-08,CM,NSE,STK,24937,INE0US801024,MFML,EQ,,,,,MAHALAXMI FABRIC MILLS LT,18.39,20.98,18.29,18.30,18.29,18.39,,18.30,,,12728,241664.52,109,F1,1,,,,,
2026-10-08,2026-10-08,CM,NSE,STK,7889,INE112D01035,MHLXMIRU,BE,,,,,MAHALAXMI RUBTECH LIMITED,171.95,176.41,161.10,167.82,166.00,168.01,,167.82,,,5244,910402.89,80,F1,1,,,,,
2026-10-08,2026-10-08,CM,NSE,STK,17531,INE451L01014,MAHASTEEL,BE,,,,,MAHAMAYA STEEL INDS LTD,1101.00,1120.30,1059.20,1086.90,1059.50,1114.90,,1086.99,,,3296,3568064.90,239,F1,1,,,,,
2026-10-08,2026-10-08,CM,NSE,STK,17534,INE002S01010,MGL,EQ,,,,,MAHANAGAR GAS LTD.,1040.00,1050.80,1028.30,1043.90,1046.00,1041.60,,1043.84,,,94398,98091407.10,15818,F1,1,,,,,
2026-10-08,2026-10-08,CM,NSE,STK,2294,INE153A01019,MTNL,EQ,,,,,MAHANAGAR TELEPHONE NIGAM,23.60,23.72,22.52,22.81,22.90,23.55,,22.81,,,1366574,31278092.96,5351,F1,1,,,,,
2026-10-08,2026-10-08,CM,NSE,STK,2085,INE288A01013,MAHSCOOTER,EQ,,,,,MAHARASHTRA SCOOTERS LTD,12251.00,12300.00,12000.00,12048.00,12050.00,12242.00,,12047.78,,,6118,74357710.00,2175,F1,1,,,,,
2026-10-08,2026-10-08,CM,NSE,STK,2088,INE271B01025,MAHSEAMLES,EQ,,,,,MAHARASHTRA SEAMLESS LTD,704.55,704.55,641.15,644.25,644.85,692.75,,644.25,,,538476,356825694.50,32492,F1,1,,,,,
2026-10-08,2026-10-08,CM,NSE,STK,758688,INE632Q01018,MRIL,ST,,,,,MAHENDRA REALTO & INFRA L,65.60,65.60,65.55,65.55,65.55,69.00,,65.55,,,8000,524560.00,5,F1,1600,,,,,
2026-10-08,2026-10-08,CM,NSE,STK,9576,INE263W01010,MAHESHWARI,EQ,,,,,MAHESHWARI LOGISTICS LTD.,71.00,71.00,70.00,70.72,71.00,71.20,,70.72,,,5959,417744.09,29,F1,1,,,,,
2026-10-08,2026-10-08,CM,NSE,STK,2031,INE101A01026,M&M,EQ,,,,,MAHINDRA & MAHINDRA LTD,2800.00,2806.10,2744.30,2751.20,2751.20,2800.00,,2756.81,,,3278766,9082684151.10,125160,F1,1,,,,,
2026-10-08,2026-10-08,CM,NSE,STK,17603,INE215D01010,MAHEPC,EQ,,,,,MAHINDRA EPC IRRIG LTD,97.00,99.79,96.50,98.16,97.29,98.37,,98.16,,,15501,1516540.61,418,F1,1,,,,,
2026-10-08,2026-10-08,CM,NSE,STK,17333,INE998I01010,MHRIL,EQ,,,,,MAHINDRA HOLIDAYS LTD,195.07,195.36,186.21,187.23,187.59,195.07,,187.23,,,132243,25073189.13,5638,F1,1,,,,,
2026-10-08,2026-10-08,CM,NSE,STK,8050,INE813A01018,MAHLIFE,EQ,,,,,MAHINDRA LIFESPACE DEVLTD,351.10,353.65,339.10,342.10,339.20,351.10,,342.12,,,201761,69304242.45,7143,F1,1,,,,,
2026-10-08,2026-10-08,CM,NSE,STK,385,INE766P01016,MAHLOG,EQ,,,,,MAHINDRA LOGISTIC LIMITED,411.15,411.15,393.10,395.40,395.00,411.15,,395.33,,,164360,65683706.85,7765,F1,1,,,,,
2026-10-08,2026-10-08,CM,NSE,STK,24538,INE683C01011,MAITHANALL,EQ,,,,,MAITHAN ALLOYS LTD,910.00,910.05,881.00,887.55,884.00,905.75,,887.57,,,42951,38397918.80,2979,F1,1,,,,,
2026-10-08,2026-10-08,CM,NSE,STK,19809,INE0PLQ01011,MAITREYA,SM,,,,,MAITREYA MEDICARE LIMITED,112.65,112.65,112.65,112.65,112.65,118.10,,112.65,,,400,45060.00,1,F1,400,,,,,
2026-10-08,2026-10-08,CM,NSE,STK,762780,INE201B01022,MAJESAUT,BE,,,,,MAJESTIC AUTO LTD.,375.00,375.00,362.45,365.55,367.00,367.60,,366.58,,,1266,462137.50,71,F1,1,,,,,
2026-10-08,2026-10-08,CM,NSE,STK,764773,INE987A01010,MAKERSL,EQ,,,,,MAKERS LABORATORIES LTD.,180.01,185.90,176.51,179.50,179.50,179.21,,179.50,,,3186,571286.76,99,F1,1,,,,,
2026-10-08,2026-10-08,CM,NSE,STK,7965,INE389C01015,MALLCOM,EQ,,,,,MALLCOM (INDIA) LIMITED,900.00,909.75,892.00,900.85,901.80,902.10,,900.85,,,1740,1566919.40,134,F1,1,,,,,
2026-10-08,2026-10-08,CM,NSE,STK,13352,INE383H01017,MALUPAPER,EQ,,,,,MALU PAPER MILLS LIMITED,30.81,31.48,30.50,30.68,30.50,31.08,,30.68,,,13051,403496.00,128,F1,1,,,,,
2026-10-08,2026-10-08,CM,NSE,STK,28687,INE0TO701015,MAMATA,EQ,,,,,MAMATA MACHINERY LIMITED,393.00,396.00,384.10,385.70,384.50,395.95,,385.71,,,30456,11831460.95,1861,F1,1,,,,,
2026-10-08,2026-10-08,CM,NSE,STK,7413,INE830Q01018,MANAKCOAT,EQ,,,,,MAN COAT METAL & IND LTD,130.19,130.19,124.61,126.33,126.00,129.25,,126.33,,,201412,25509605.25,2736,F1,1,,,,,
2026-10-08,2026-10-08,CM,NSE,STK,11884,INE993A01026,MANINDS,EQ,,,,,MAN INDUSTRIES (I) LTD.,910.95,911.90,851.00,857.85,857.70,905.75,,857.77,,,451881,393998723.75,23917,F1,1,,,,,
2026-10-08,2026-10-08,CM,NSE,STK,18226,INE949H01023,MANINFRA,EQ,,,,,MAN INFRA LTD,122.00,122.00,117.18,117.74,117.97,122.52,,117.74,,,1717708,205085689.32,7755,F1,1,,,,,
2026-10-08,2026-10-08,CM,NSE,STK,7420,INE859Q01017,MANAKALUCO,EQ,,,,,MANAK ALUMINIUM CO. LTD.,32.00,33.25,30.92,31.22,31.50,32.21,,31.22,,,56163,1770767.31,572,F1,1,,,,,
2026-10-08,2026-10-08,CM,NSE,STK,15199,INE015D01022,MANAKSIA,EQ,,,,,MANAKSIA LTD.,57.85,59.78,56.32,56.82,56.69,58.26,,56.82,,,40757,2359900.94,1125,F1,1,,,,,
2026-10-08,2026-10-08,CM,NSE,STK,7482,INE824Q01011,MANAKSTEEL,BE,,,,,MANAKSIA STEELS LTD,109.11,112.94,105.43,106.14,105.43,110.97,,106.15,,,47244,5036602.83,237,F1,1,,,,,
2026-10-08,2026-10-08,CM,NSE,STK,13796,INE201A01024,MANALIPETC,EQ,,,,,MANALI PETROCHEMICALS LT,90.48,90.69,85.20,85.88,86.18,90.48,,85.85,,,2439553,211624612.07,16950,F1,1,,,,,
2026-10-08,2026-10-08,CM,NSE,STK,19061,INE522D01027,MANAPPURAM,EQ,,,,,MANAPPURAM FINANCE LTD,308.10,309.70,303.65,304.15,304.15,308.90,,304.19,,,1839807,563709122.65,17677,F1,1,,,,,
2026-10-08,2026-10-08,CM,NSE,STK,759351,INE0U4H01011,MPEL,SM,,,,,MANAS POLYMER N ENERGIE L,23.00,23.65,22.25,23.65,23.65,22.55,,23.65,,,243200,5730000.00,94,F1,1600,,,,,
2026-10-08,2026-10-08,CM,NSE,STK,25597,INE939X01013,MANBA,EQ,,,,,MANBA FINANCE LIMITED,141.95,150.40,141.95,146.82,147.99,141.74,,146.81,,,525646,77505573.20,9009,F1,1,,,,,
2026-10-08,2026-10-08,CM,NSE,STK,23779,INE0R3T01013,MANDEEP,SM,,,,,MANDEEP AUTO INDUSTRIES L,17.75,18.00,17.75,18.00,18.00,18.00,,18.00,,,12000,214500.00,6,F1,2000,,,,,
2026-10-08,2026-10-08,CM,NSE,STK,24823,INE545L01039,MANCREDIT,EQ,,,,,MANGAL CREDIT N FINCORP L,238.95,239.32,222.00,223.63,223.00,240.56,,223.63,,,73180,16658935.01,1102,F1,1,,,,,
2026-10-08,2026-10-08,CM,NSE,STK,758748,INE0PKD01011,MEIL,EQ,,,,,MANGAL ELECTRICAL IND L,275.00,275.00,263.00,266.20,268.40,274.40,,266.21,,,31315,8363520.40,1241,F1,1,,,,,
2026-10-08,2026-10-08,CM,NSE,STK,19137,INE00C401011,MAL,ST,,,,,MANGALAM ALLOYS LIMITED,38.00,38.00,36.80,36.80,36.80,38.55,,36.80,,,3200,119680.00,2,F1,1600,,,,,
2026-10-08,2026-10-08,CM,NSE,STK,2106,INE347A01017,MANGLMCEM,EQ,,,,,MANGALAM CEMENT LTD,971.10,999.35,948.00,950.80,952.20,971.10,,950.80,,,66709,64857102.60,3256,F1,1,,,,,
2026-10-08,2026-10-08,CM,NSE,STK,11817,INE584F01014,MANGALAM,EQ,,,,,MANGALAM DRUG & CHEM LTD,33.75,34.00,31.10,31.48,31.50,33.09,,31.48,,,27243,871775.01,331,F1,1,,,,,
2026-10-08,2026-10-08,CM,NSE,STK,1593,INE0APB01032,MGEL,EQ,,,,,MANGALAM GLOBAL ENT LTD,15.83,16.15,15.51,15.90,16.00,15.71,,15.90,,,336436,5338887.15,875,F1,1,,,,,
2026-10-08,2026-10-08,CM,NSE,STK,6422,INE370D01013,MANORG,EQ,,,,,MANGALAM ORGANICS LIMITED,438.00,445.40,419.10,427.25,425.60,438.00,,427.25,,,11435,4871428.15,697,F1,1,,,,,
2026-10-08,2026-10-08,CM,NSE,STK,764783,INE829S01016,MSL,EQ,,,,,MANGALAM SEEDS LTD.,147.85,148.59,133.10,136.69,134.85,145.69,,135.59,,,579,81551.96,70,F1,1,,,,,
2026-10-08,2026-10-08,CM,NSE,STK,759169,INE0JYY01029,MWL,EQ,,,,,MANGALAM WORLDWIDE LTD,42.04,42.04,40.31,40.76,41.25,42.04,,40.76,,,238059,9759006.70,1077,F1,1,,,,,
2026-10-08,2026-10-08,CM,NSE,STK,24629,INE0R3101011,MIEL,SM,,,,,MANGLAM INFRA & ENG LTD,11.90,11.90,11.90,11.90,11.90,12.50,,11.90,,,4000,47600.00,2,F1,2000,,,,,
2026-10-08,2026-10-08,CM,NSE,STK,766139,INE0KWF01020,MANIKA,EQ,,,,,MANIKA PLASTECH LIMITED,58.00,61.25,54.42,55.46,56.50,58.64,,55.46,,,4757797,274532251.72,31998,F1,1,,,,,
2026-10-08,2026-10-08,CM,NSE,STK,764357,INE459N01021,MANIPALHOS,EQ,,,,,MANIPAL HEALTH ENTERPRI L,700.10,703.00,678.10,684.05,684.05,699.15,,684.03,,,724488,496934946.05,38699,F1,1,,,,,
2026-10-08,2026-10-08,CM,NSE,STK,766051,INE241U01028,MPIMANIPAL,EQ,,,,,MANIPAL PAYMENT & IDE S L,378.75,378.75,348.75,361.80,366.00,377.60,,361.84,,,1133413,406154196.25,42786,F1,1,,,,,
2026-10-08,2026-10-08,CM,NSE,STK,15380,INE634S01028,MANKIND,EQ,,,,,MANKIND PHARMA LIMITED,2501.10,2510.90,2347.60,2380.00,2380.00,2500.00,,2380.30,,,783247,1869282519.80,78867,F1,1,,,,,
2026-10-08,2026-10-08,CM,NSE,STK,19015,INE0KNT01012,MVGJL,EQ,,,,,MANOJ VAIBHAV GEM N JEW L,214.90,219.00,207.10,208.29,208.50,212.39,,208.30,,,275432,58725965.62,8554,F1,1,,,,,
2026-10-08,2026-10-08,CM,NSE,STK,13753,INE784W01015,MANOMAY,EQ,,,,,MANOMAY TEX INDIA LTD,240.00,241.00,227.52,232.54,230.10,236.90,,232.54,,,135011,31516731.68,3344,F1,1,,,,,
2026-10-08,2026-10-08,CM,NSE,STK,10227,INE00VM01036,MANORAMA,EQ,,,,,MANORAMA INDUSTRIES LTD,1996.00,2049.00,1985.00,1998.50,1999.20,1996.00,,1998.48,,,195866,396075248.60,25018,F1,1,,,,,
2026-10-08,2026-10-08,CM,NSE,STK,13575,INE867A01022,MANUGRAPH,BE,,,,,MANUGRAPH INDIA LIMITED,16.79,16.79,15.56,15.81,15.98,16.31,,15.81,,,32567,517575.32,214,F1,1,,,,,
2026-10-08,2026-10-08,CM,NSE,STK,2112,INE882A01013,MARALOVER,EQ,,,,,MARAL OVERSEAS LTD,61.00,61.00,56.11,56.41,57.80,58.48,,56.53,,,15494,916106.60,218,F1,1,,,,,
2026-10-08,2026-10-08,CM,NSE,STK,18659,INE182D01020,MARATHON,EQ,,,,,MARATHON NXTGEN REALT LTD,379.55,379.55,358.40,361.20,360.00,377.70,,361.21,,,62541,22835108.70,2579,F1,1,,,,,
2026-10-08,2026-10-08,CM,NSE,STK,760456,INE0TD401015,MARC,ST,,,,,MARC TECHNOCRATS LIMITED,162.95,162.95,150.10,150.10,150.10,155.85,,150.10,,,6000,919320.00,5,F1,1200,,,,,
2026-10-08,2026-10-08,CM,NSE,STK,18773,INE0QP001012,MARCO,SM,,,,,MARCO CABLE & CONDUCTOR L,29.00,29.00,28.00,28.00,28.00,29.00,,28.00,,,3000,85500.00,2,F1,1500,,,,,
2026-10-08,2026-10-08,CM,NSE,STK,4067,INE196A01026,MARICO,EQ,,,,,MARICO LIMITED,788.20,794.15,774.30,777.25,777.25,787.25,,777.25,,,565931,441862290.65,35486,F1,1,,,,,
2026-10-08,2026-10-08,CM,NSE,STK,1328,INE01JE01028,MARINE,EQ,,,,,MARINE ELECTRICAL (I) LTD,473.90,473.90,446.00,452.60,453.90,476.40,,452.60,,,1804249,817551354.60,57743,F1,1,,,,,
2026-10-08,2026-10-08,CM,NSE,STK,760204,INE0FW001016,MARKOLINES,EQ,,,,,MARKOLINES PAVEMENT TEC L,170.26,170.79,161.81,164.44,166.00,169.60,,164.47,,,114531,19222665.20,1044,F1,1,,,,,
2026-10-08,2026-10-08,CM,NSE,STK,10579,INE750C01026,MARKSANS,EQ,,,,,MARKSANS PHARMA LIMITED,326.10,326.25,304.45,307.80,308.00,325.45,,307.80,,,2348179,730446232.35,56939,F1,1,,,,,
2026-10-08,2026-10-08,CM,NSE,STK,761386,INE415B01044,MARSONS,EQ,,,,,MARSONS LIMITED,133.55,133.55,124.32,126.79,126.99,132.45,,126.77,,,2972319,382774417.50,21245,F1,1,,,,,
2026-10-08,2026-10-08,CM,NSE,STK,761042,INE0X7G01013,MARUSHIKA,SM,,,,,MARUSHIKA TECHNOLOGY LTD,109.05,110.00,109.05,110.00,110.00,114.00,,110.00,,,2400,262860.00,2,F1,1200,,,,,
2026-10-08,2026-10-08,CM,NSE,STK,10999,INE585B01010,MARUTI,EQ,,,,,MARUTI SUZUKI INDIA LTD.,11433.00,11463.00,11225.00,11228.00,11228.00,11450.00,,11226.88,,,431962,4877180766.00,51919,F1,1,,,,,
2026-10-08,2026-10-08,CM,NSE,STK,2132,INE575Z01010,MDL,SM,,,,,MARVEL DECOR LIMITED,59.00,59.00,59.00,59.00,59.00,58.35,,59.00,,,10000,590000.00,9,F1,1000,,,,,
2026-10-08,2026-10-08,CM,NSE,STK,199,INE348L01012,MASFIN,EQ,,,,,MAS FINANCIAL SERV LTD,268.15,270.70,260.75,262.95,265.00,270.25,,262.92,,,115672,30587076.75,5597,F1,1,,,,,
2026-10-08,2026-10-08,CM,NSE,STK,18727,INE885F01015,MASKINVEST,EQ,,,,,MASK INVESTMENTS LIMITED,144.27,144.27,140.00,144.20,144.20,144.99,,144.20,,,154,21921.02,16,F1,1,,,,,
2026-10-08,2026-10-08,CM,NSE,STK,24278,INE0SH001010,MASON,SM,,,,,MASON INFRATECH LIMITED,101.50,101.50,98.00,98.20,98.00,101.00,,98.20,,,25500,2535050.00,30,F1,500,,,,,
2026-10-08,2026-10-08,CM,NSE,STK,2124,INE759A01021,MASTEK,EQ,,,,,MASTEK LTD,1630.00,1679.00,1612.10,1651.20,1648.00,1624.90,,1651.00,,,127423,210406585.20,19687,F1,1,,,,,
2026-10-08,2026-10-08,CM,NSE,STK,27047,INE677D01037,MASTERTR,EQ,,,,,MASTER TRUST LIMITED,83.55,85.56,79.15,81.60,83.00,82.94,,81.66,,,563079,46675675.18,4399,F1,1,,,,,
2026-10-08,2026-10-08,CM,NSE,STK,21726,INE866R01028,MATRIMONY,EQ,,,,,MATRIMONY.COM LIMITED,529.05,565.90,511.25,517.80,515.00,517.50,,517.81,,,56966,30715696.75,2962,F1,1,,,,,
2026-10-08,2026-10-08,CM,NSE,STK,759945,INE132901013,MGSL,SM,,,,,MATRIX GEO SOLUTIONS LTD,59.10,60.00,57.10,60.00,60.00,58.60,,60.00,,,19200,1127760.00,15,F1,1200,,,,,
2026-10-08,2026-10-08,CM,NSE,STK,17022,INE636A01039,MAWANASUG,EQ,,,,,MAWANA SUGARS LIMITED,150.50,155.20,144.00,145.11,146.50,151.66,,145.11,,,330517,49133775.29,6474,F1,1,,,,,
2026-10-08,2026-10-08,CM,NSE,STK,19646,INE03EI01018,MAXESTATES,EQ,,,,,MAX ESTATES LIMITED,550.50,550.50,529.60,531.75,535.90,550.50,,531.78,,,70271,37581178.20,4328,F1,1,,,,,
2026-10-08,2026-10-08,CM,NSE,STK,2142,INE180A01020,MFSL,EQ,,,,,MAX FINANCIAL SERV LTD,1350.00,1361.40,1316.00,1322.40,1322.40,1345.10,,1322.40,,,519819,690968870.70,33483,F1,1,,,,,
2026-10-08,2026-10-08,CM,NSE,STK,22377,INE027H01010,MAXHEALTH,EQ,,,,,MAX HEALTHCARE INS LTD,900.50,903.60,870.00,873.40,873.40,908.00,,873.41,,,2239281,1968175423.45,98599,F1,1,,,,,
2026-10-08,2026-10-08,CM,NSE,STK,22428,INE0CG601016,MAXIND,EQ,,,,,MAX INDIA LIMITED,162.80,162.80,152.50,158.42,159.00,162.27,,158.42,,,138284,21517838.64,2401,F1,1,,,,,
2026-10-08,2026-10-08,CM,NSE,STK,21691,INE0ECC01022,MAXPOSURE,SM,,,,,MAXPOSURE LIMITED,34.00,34.00,34.00,34.00,34.00,34.60,,34.00,,,2000,68000.00,2,F1,1000,,,,,
2026-10-08,2026-10-08,CM,NSE,STK,29645,INE10A501018,MAXVOLT,SM,,,,,MAXVOLT ENERGY INDUS L,440.00,443.00,424.00,425.90,424.00,442.60,,425.90,,,42400,18280020.00,95,F1,400,,,,,
2026-10-08,2026-10-08,CM,NSE,STK,757587,INE0ZTO01018,MAYASHEEL,SM,,,,,MAYASHEEL VENTURES LTD,33.00,35.75,32.50,32.50,32.50,33.00,,32.50,,,9000,303750.00,3,F1,3000,,,,,
2026-10-08,2026-10-08,CM,NSE,STK,28906,INE040D01038,MAYURUNIQ,EQ,,,,,MAYUR UNIQUOTERS LTD,766.50,766.50,740.30,749.90,750.10,762.85,,749.88,,,78266,58692625.15,4311,F1,1,,,,,
2026-10-08,2026-10-08,CM,NSE,STK,509,INE249Z01020,MAZDOCK,EQ,,,,,MAZAGON DOCK SHIPBUIL LTD,2055.00,2060.90,1990.00,1990.00,1990.00,2064.40,,1990.00,,,683614,1375059747.00,43024,F1,1,,,,,
2026-10-08,2026-10-08,CM,NSE,STK,18870,INE885E01042,MAZDA,BE,,,,,MAZDA LIMITED,283.90,287.20,270.05,271.70,270.30,283.65,,271.90,,,14234,3929903.70,197,F1,1,,,,,
2026-10-08,2026-10-08,CM,NSE,STK,18029,INE912H01013,MBLINFRA,EQ,,,,,MBL INFRASTRUCTURE LTD,25.00,25.85,22.66,23.88,24.23,25.06,,23.88,,,69631,1659568.53,437,F1,1,,,,,
2026-10-08,2026-10-08,CM,NSE,STK,11943,INE942G01012,MCLEODRUSS,EQ,,,,,MCLEOD RUSSEL INDIA LTD.,42.70,42.70,40.13,40.63,40.59,42.00,,40.68,,,308898,12736387.77,1201,F1,1,,,,,
2026-10-08,2026-10-08,CM,NSE,STK,13687,INE748A01024,MBECL,BE,,,,,MCNALLY BHARAT ENGIN CO L,474.30,474.30,474.30,474.30,474.30,483.95,,474.15,,,512,242841.60,23,F1,1,,,,,
2026-10-08,2026-10-08,CM,NSE,STK,14574,INE0O4M01019,MCON,SM,,,,,MCON RASAYAN INDIA LTD,39.50,42.75,39.30,41.00,41.00,40.90,,41.00,,,11000,447750.00,8,F1,1000,,,,,
2026-10-08,2026-10-08,CM,NSE,STK,21705,INE456Z01021,MEDIASSIST,EQ,,,,,MEDI ASSIST HEALTH SER L,301.95,301.95,293.70,295.20,295.00,300.00,,295.21,,,88729,26293875.55,5581,F1,1,,,,,
2026-10-08,2026-10-08,CM,NSE,STK,765113,INE442D01010,MEDICAPQ,BE,,,,,MEDI CAPS LTD.,24.99,25.60,24.15,24.29,25.00,24.50,,24.38,,,428,10735.04,16,F1,1,,,,,
2026-10-08,2026-10-08,CM,NSE,STK,762802,INE200D01020,MMWL,EQ,,,,,MEDIA MATRIX WORLDWIDE L,19.78,19.78,19.00,19.77,19.78,17.99,,19.93,,,1519214,29951719.79,1722,F1,1,,,,,
2026-10-08,2026-10-08,CM,NSE,STK,6281,INE646B01010,MEDICAMEQ,BE,,,,,MEDICAMEN BIOTECH LIMITED,316.70,316.70,297.60,304.70,304.90,313.25,,305.37,,,28503,8621367.45,296,F1,1,,,,,
2026-10-08,2026-10-08,CM,NSE,STK,9667,INE630Y01024,MEDICO,EQ,,,,,MEDICO REMEDIES LIMITED,22.65,22.65,21.50,21.83,22.30,22.37,,21.84,,,124325,2752487.30,901,F1,1,,,,,
2026-10-08,2026-10-08,CM,NSE,STK,7254,INE804L01022,MEDPLUS,EQ,,,,,MEDPLUS HEALTH SERV LTD,645.00,645.00,626.50,631.90,630.00,647.30,,631.89,,,44614,28384468.10,5441,F1,1,,,,,
2026-10-08,2026-10-08,CM,NSE,STK,760229,INE0VDM01015,MEESHO,EQ,,,,,MEESHO LIMITED,236.53,237.00,229.40,232.19,232.60,236.52,,232.19,,,14862375,3439395250.74,93729,F1,1,,,,,
2026-10-08,2026-10-08,CM,NSE,STK,10971,INE0G1D01014,MEGAFLEX,SM,,,,,MEGA FLEX PLASTICS LTD,123.00,128.00,123.00,128.00,128.00,123.00,,128.00,,,2000,251000.00,2,F1,1000,,,,,
2026-10-08,2026-10-08,CM,NSE,STK,8153,INE00EM01016,MEGASTAR,EQ,,,,,MEGASTAR FOODS LIMITED,315.15,315.15,290.00,292.31,290.25,309.06,,292.31,,,9122,2736496.97,316,F1,1,,,,,
2026-10-08,2026-10-08,CM,NSE,STK,22560,INE531R01010,MEGATHERM,SM,,,,,MEGATHERM INDUCTION LTD,252.00,256.00,246.00,247.95,249.90,248.65,,247.95,,,14800,3672520.00,31,F1,400,,,,,
2026-10-08,2026-10-08,CM,NSE,STK,5394,INE0CT101020,MOL,EQ,,,,,MEGHMANI ORGANICS LIMITED,61.47,61.47,57.40,57.74,57.70,61.06,,57.75,,,672128,39711983.41,5458,F1,1,,,,,
2026-10-08,2026-10-08,CM,NSE,STK,764778,INE898Q01015,MIIL,EQ,,,,,MEGHNA INFRACON INFRA L,672.00,675.20,655.10,670.85,667.90,667.50,,670.67,,,54760,36311488.70,1564,F1,1,,,,,
2026-10-08,2026-10-08,CM,NSE,STK,6961,INE071D01033,MENONBE,EQ,,,,,MENON BEARINGS LIMITED,298.50,299.90,282.65,287.10,287.50,301.45,,287.06,,,77881,22510188.40,5320,F1,1,,,,,
2026-10-08,2026-10-08,CM,NSE,STK,762790,INE650G01029,MENNPIS,BE,,,,,MENON PISTONS LTD.,71.60,71.60,69.21,69.99,70.00,72.11,,69.99,,,15492,1082814.62,117,F1,1,,,,,
2026-10-08,2026-10-08,CM,NSE,STK,25882,INE776I01010,MEP,BZ,,,,,MEP INFRA. DEVELOPERS LTD,0.69,0.69,0.68,0.69,0.69,0.68,,0.69,,,43052,29664.10,34,F1,1,,,,,
2026-10-08,2026-10-08,CM,NSE,STK,762792,INE689O01013,MERCANTILE,EQ,,,,,MERCANTILE VENTURES LTD.,22.33,23.79,20.52,20.70,20.67,22.33,,20.78,,,4342,91690.92,124,F1,1,,,,,
2026-10-08,2026-10-08,CM,NSE,STK,763663,INE763M01028,MERCURYEV,EQ,,,,,MERCURY EV-TECH LIMITED,38.70,38.70,36.05,36.48,36.39,37.88,,36.48,,,199519,7367867.62,2224,F1,1,,,,,
2026-10-08,2026-10-08,CM,NSE,STK,764278,INE1II801013,METALIC,ST,,,,,METALIC TECHNOFORGE LTD,169.50,172.00,161.00,161.25,166.00,169.45,,161.25,,,112000,18394880.00,50,F1,1600,,,,,
2026-10-08,2026-10-08,CM,NSE,STK,7242,INE317I01021,METROBRAND,EQ,,,,,METRO BRANDS LIMITED,825.10,849.90,817.00,840.65,841.10,825.10,,840.55,,,43221,36234463.00,6593,F1,1,,,,,
2026-10-08,2026-10-08,CM,NSE,STK,762797,INE085D01033,METROGLOBL,EQ,,,,,METROGLOBAL LTD.,128.50,132.00,124.58,126.28,126.10,132.00,,125.61,,,941,119438.08,47,F1,1,,,,,
2026-10-08,2026-10-08,CM,NSE,STK,9581,INE112L01020,METROPOLIS,EQ,,,,,METROPOLIS HEALTHCARE LTD,544.70,545.90,521.10,525.85,529.45,541.45,,525.84,,,157417,83911866.05,11336,F1,1,,,,,
2026-10-08,2026-10-08,CM,NSE,STK,7165,INE287C01037,MICEL,BE,,,,,MIC ELECTRONICS LTD,34.00,34.00,33.60,33.70,33.70,34.13,,33.83,,,145908,4929040.22,520,F1,1,,,,,
2026-10-08,2026-10-08,CM,NSE,STK,19887,INE0PZK01014,MICROPRO,SM,,,,,MICROPRO SOFTWARE SOL L,16.05,16.25,16.05,16.25,16.25,16.75,,16.25,,,4800,77600.00,3,F1,1600,,,,,
2026-10-08,2026-10-08,CM,NSE,STK,759517,INE0XAD01024,MIDWESTLTD,EQ,,,,,MIDWEST LIMITED,1050.00,1082.40,985.05,989.80,999.90,1067.15,,989.73,,,73088,75417278.65,5985,F1,1,,,,,
2026-10-08,2026-10-08,CM,NSE,STK,765125,INE588G01021,MLKFOOD,EQ,,,,,MILKFOOD LTD.,86.00,86.40,84.60,85.15,85.90,85.70,,85.14,,,4571,389849.53,104,F1,1,,,,,
2026-10-08,2026-10-08,CM,NSE,STK,765274,INE00IT01020,MILKYMIST,BE,,,,,MILKY MIST DAIRY FOOD L,335.00,342.40,320.10,328.35,329.80,335.15,,328.26,,,1790223,588231598.50,16642,F1,1,,,,,
2026-10-08,2026-10-08,CM,NSE,STK,765118,INE097E01028,MINALIND,BE,,,,,MINAL INDUSTRIES LTD.,4.01,4.01,4.01,4.01,4.01,4.09,,4.03,,,5410,21694.10,13,F1,1,,,,,
2026-10-08,2026-10-08,CM,NSE,STK,25897,INE842C01021,MINDACORP,EQ,,,,,MINDA CORPORATION LTD,639.00,639.20,629.00,635.15,635.50,639.45,,635.16,,,193198,122675826.80,16170,F1,1,,,,,
2026-10-08,2026-10-08,CM,NSE,STK,22308,INE0CCU25019,MINDSPACE,RR,,,,,MINDSPACE BUSINESS P REIT,494.80,498.80,490.00,490.99,490.98,493.59,,491.01,,,248916,122905440.47,8432,F1,1,,,,,
2026-10-08,2026-10-08,CM,NSE,STK,18049,INE110B01017,MINDTECK,EQ,,,,,MINDTECK (INDIA) LIMITED,141.70,142.55,133.00,135.08,134.00,140.12,,135.06,,,45751,6283873.55,1784,F1,1,,,,,
2026-10-08,2026-10-08,CM,NSE,STK,19640,INF769K01KU7,ALPHAETF,EQ,,,,,MIRAEAMC - ALPHAETF,25.53,25.53,24.70,24.75,24.70,25.49,,24.75,,,897897,22395577.56,1989,F1,1,,,,,
2026-10-08,2026-10-08,CM,NSE,STK,17419,INF769K01KR3,BANKETF,EQ,,,,,MIRAEAMC - BANKETF,562.70,562.70,555.05,555.21,556.63,561.26,,555.21,,,22556,12571864.54,773,F1,1,,,,,
2026-10-08,2026-10-08,CM,NSE,STK,25725,INF769K01LZ4,BANKPSU,EQ,,,,,MIRAEAMC - BANKPSU,81.57,82.18,80.73,80.87,80.77,81.60,,80.87,,,15812,1289918.64,116,F1,1,,,,,
2026-10-08,2026-10-08,CM,NSE,STK,28969,INF769K01NS5,CONSUMER,EQ,,,,,MIRAEAMC - CONSUMER,11.49,11.49,10.97,10.99,10.99,11.26,,10.99,,,104728,1157743.26,555,F1,1,,,,,
2026-10-08,2026-10-08,CM,NSE,STK,761046,INF769K01QC2,DEFENCE,EQ,,,,,MIRAEAMC - DEFENCE,78.50,78.50,74.46,74.75,74.78,76.96,,74.75,,,374221,28021498.03,1390,F1,1,,,,,
2026-10-08,2026-10-08,CM,NSE,STK,760412,INF769K01PY8,DIVIDEND,EQ,,,,,MIRAEAMC - DIVIDEND,33.54,33.54,32.80,32.86,32.90,33.54,,32.86,,,12972,429730.60,187,F1,1,,,,,
2026-10-08,2026-10-08,CM,NSE,STK,759780,INF769K01PR2,ENERGY,EQ,,,,,MIRAEAMC - ENERGY,37.72,37.72,35.86,35.93,35.99,36.98,,35.93,,,413902,14959985.14,2139,F1,1,,,,,
2026-10-08,2026-10-08,CM,NSE,STK,30121,INF769K01OA1,EQUAL200,EQ,,,,,MIRAEAMC - EQUAL200,13.03,13.03,12.72,12.82,12.75,13.03,,12.81,,,131625,1688195.92,138,F1,1,,,,,
2026-10-08,2026-10-08,CM,NSE,STK,757142,INF769K01OO2,EQUAL50,EQ,,,,,MIRAEAMC - EQUAL50,308.75,308.88,304.00,304.40,304.56,310.32,,304.40,,,3575,1090492.60,90,F1,1,,,,,
2026-10-08,2026-10-08,CM,NSE,STK,24461,INF769K01LQ3,EVINDIA,EQ,,,,,MIRAEAMC - EVINDIA,30.00,30.17,29.30,29.37,29.33,30.07,,29.37,,,231338,6855367.46,2665,F1,1,,,,,
2026-10-08,2026-10-08,CM,NSE,STK,760986,INF769K01QA6,HEALTHCARE,EQ,,,,,MIRAEAMC - HEALTHCARE,21.46,21.46,20.47,20.50,20.52,21.04,,20.49,,,51033,1053424.21,382,F1,1,,,,,
2026-10-08,2026-10-08,CM,NSE,STK,764333,INF769K01RJ5,HYBRIDETF,EQ,,,,,MIRAEAMC - HYBRIDETF,9.81,9.81,9.65,9.67,9.69,9.84,,9.67,,,104213,1013624.16,100,F1,1,,,,,
2026-10-08,2026-10-08,CM,NSE,STK,761030,INF769K01QB4,INFRA,EQ,,,,,MIRAEAMC - INFRA,11.44,11.44,11.13,11.15,11.15,11.47,,11.15,,,81796,915269.86,356,F1,1,,,,,
2026-10-08,2026-10-08,CM,NSE,STK,758595,INF769K01PB6,INTERNET,EQ,,,,,MIRAEAMC - INTERNET,13.20,14.37,13.20,13.43,13.43,13.86,,13.43,,,437423,5945575.25,408,F1,1,,,,,
2026-10-08,2026-10-08,CM,NSE,STK,19633,INF769K01KV5,ITETF,EQ,,,,,MIRAEAMC - ITETF,29.63,30.10,29.33,29.40,29.38,29.48,,29.40,,,709878,21074047.81,843,F1,1,,,,,
2026-10-08,2026-10-08,CM,NSE,STK,765313,INF769K01RK3,LARGEMID50,EQ,,,,,MIRAEAMC - LARGEMID50,34.24,34.24,33.76,33.76,33.76,34.37,,33.76,,,12567,424786.49,22,F1,1,,,,,
2026-10-08,2026-10-08,CM,NSE,STK,17572,INF769K01KS1,LIQUID,EQ,,,,,MIRAEAMC - LIQUID,999.99,1000.00,999.99,999.99,1000.00,999.99,,1000.00,,,293072,293071718.63,275,F1,1,,,,,
2026-10-08,2026-10-08,CM,NSE,STK,27075,INF769K01MY5,LIQUIDPLUS,EQ,,,,,MIRAEAMC - LIQUIDPLUS,1106.61,1106.63,1106.61,1106.61,1106.63,1106.47,,1106.61,,,414744,458963116.30,359,F1,1,,,,,
2026-10-08,2026-10-08,CM,NSE,STK,1200,INF769K01GS9,ESG,EQ,,,,,MIRAEAMC - MAESGETF,38.73,38.73,38.00,38.01,38.07,38.73,,38.01,,,13912,532221.26,126,F1,1,,,,,
2026-10-08,2026-10-08,CM,NSE,STK,3507,INF769K01HF4,MAFANG,EQ,,,,,MIRAEAMC - MAFANG,299.95,307.49,265.51,280.37,282.50,295.01,,280.40,,,2509797,709307155.59,48856,F1,1,,,,,
2026-10-08,2026-10-08,CM,NSE,STK,5220,INF769K01HI8,BFSI,EQ,,,,,MIRAEAMC - MAFSETF,26.11,26.11,25.55,25.60,25.68,25.99,,25.60,,,98232,2525465.09,885,F1,1,,,,,
2026-10-08,2026-10-08,CM,NSE,STK,14286,INF769K01JP9,GOLDETF,EQ,,,,,MIRAEAMC - MAGOLDETF,142.89,142.89,142.01,142.24,142.25,142.57,,142.24,,,757069,107807343.03,5986,F1,1,,,,,
2026-10-08,2026-10-08,CM,NSE,STK,14938,INF769K01KF8,GSEC10YEAR,EQ,,,,,MIRAEAMC - MAGS813ETF,30.23,30.23,29.85,29.87,30.11,30.38,,29.87,,,4209,126222.67,18,F1,1,,,,,
2026-10-08,2026-10-08,CM,NSE,STK,7074,INF769K01HS7,MAHKTECH,EQ,,,,,MIRAEAMC - MAHKTECH,23.46,23.46,22.05,22.63,22.69,23.00,,22.63,,,879558,19936013.93,6335,F1,1,,,,,
2026-10-08,2026-10-08,CM,NSE,STK,8413,INF769K01IC9,MIDCAPETF,EQ,,,,,MIRAEAMC - MAM150ETF,22.40,22.41,21.80,21.83,21.82,22.34,,21.84,,,4378583,96214946.28,11639,F1,1,,,,,
2026-10-08,2026-10-08,CM,NSE,STK,7979,INF769K01IB1,MAKEINDIA,EQ,,,,,MIRAEAMC - MAMFGETF,156.80,156.80,151.10,151.43,151.26,155.25,,151.43,,,39422,6003939.23,903,F1,1,,,,,
2026-10-08,2026-10-08,CM,NSE,STK,6353,INF769K01EG9,NIFTYETF,EQ,,,,,MIRAEAMC - MAN50ETF,246.39,246.39,241.82,242.12,242.44,246.38,,242.13,,,273528,66405878.23,1862,F1,1,,,,,
2026-10-08,2026-10-08,CM,NSE,STK,14786,INF769K01JU9,LOWVOL,EQ,,,,,MIRAEAMC - MANV30F,191.56,191.62,188.55,189.02,189.02,192.52,,189.02,,,570,108149.90,20,F1,1,,,,,
2026-10-08,2026-10-08,CM,NSE,STK,17181,INF769K01FN2,NEXT50,EQ,,,,,MIRAEAMC - MANXT50,719.52,719.52,698.67,699.37,699.54,718.03,,699.38,,,74496,52461583.95,5624,F1,1,,,,,
2026-10-08,2026-10-08,CM,NSE,STK,16777,INF769K01KG6,SILVERAG,EQ,,,,,MIRAEAMC - MASILVER,212.98,213.17,209.15,209.82,209.99,212.92,,209.82,,,244484,51447116.60,2793,F1,1,,,,,
2026-10-08,2026-10-08,CM,NSE,STK,5782,INF769K01HP3,MASPTOP50,EQ,,,,,MIRAEAMC - MASPTOP50,118.50,119.64,109.01,111.67,112.00,116.81,,111.72,,,1562893,176837394.95,20341,F1,1,,,,,
2026-10-08,2026-10-08,CM,NSE,STK,25744,INF769K01LY7,METAL,EQ,,,,,MIRAEAMC - METAL,12.77,12.77,11.99,12.02,12.00,12.46,,12.02,,,4182535,50570657.90,10943,F1,1,,,,,
2026-10-08,2026-10-08,CM,NSE,STK,23855,INF769K01LJ8,MIDSMALL,EQ,,,,,MIRAEAMC - MIDSMALL,50.25,50.25,49.00,49.11,49.00,50.30,,49.11,,,157649,7780747.66,1612,F1,1,,,,,
2026-10-08,2026-10-08,CM,NSE,STK,764198,INF769K01RC0,MOMMIDCAP,EQ,,,,,MIRAEAMC - MOMMIDCAP,12.50,12.50,12.22,12.24,12.23,12.56,,12.24,,,1421498,17435152.59,800,F1,1,,,,,
2026-10-08,2026-10-08,CM,NSE,STK,25080,INF769K01LX9,MULTICAP,EQ,,,,,MIRAEAMC - MULTICAP,16.02,16.02,15.57,15.61,15.62,15.95,,15.61,,,306415,4812925.98,1259,F1,1,,,,,
2026-10-08,2026-10-08,CM,NSE,STK,30109,INF769K01ON4,SELECTIPO,EQ,,,,,MIRAEAMC - SELECTIPO,46.39,46.39,45.14,45.21,45.14,46.55,,45.18,,,39137,1780590.42,182,F1,1,,,,,
2026-10-08,2026-10-08,CM,NSE,STK,19224,INF769K01KT9,SENSEXETF,EQ,,,,,MIRAEAMC - SENSEXETF,75.40,75.40,73.63,73.92,74.01,75.05,,73.91,,,65166,4833032.99,654,F1,1,,,,,
2026-10-08,2026-10-08,CM,NSE,STK,759814,INF769K01PQ4,SMALL250,EQ,,,,,MIRAEAMC - SMALL250,18.30,18.30,17.51,17.54,17.57,17.93,,17.54,,,725495,12798854.59,1308,F1,1,,,,,
2026-10-08,2026-10-08,CM,NSE,STK,22832,INF769K01LC3,SMALLCAP,EQ,,,,,MIRAEAMC - SMALLCAP,48.01,48.62,47.08,47.21,47.23,48.45,,47.21,,,2021110,96092942.24,6654,F1,1,,,,,
2026-10-08,2026-10-08,CM,NSE,STK,760415,INF769K01PZ5,TOP20,EQ,,,,,MIRAEAMC - TOP20,8.35,8.36,8.22,8.24,8.25,8.35,,8.23,,,40472,334834.89,355,F1,1,,,,,
2026-10-08,2026-10-08,CM,NSE,STK,761511,INF769K01QV2,VALUE,EQ,,,,,MIRAEAMC - VALUE,15.05,15.21,14.81,14.82,14.82,15.14,,14.82,,,39577,589721.08,192,F1,1,,,,,
2026-10-08,2026-10-08,CM,NSE,STK,4394,INE771A01026,MIRZAINT,EQ,,,,,MIRZA INTERNATIONAL LIMIT,27.85,27.97,27.24,27.44,27.49,27.85,,27.44,,,55976,1542816.34,1276,F1,1,,,,,
2026-10-08,2026-10-08,CM,NSE,STK,2463,INE099Z01011,MIDHANI,EQ,,,,,MISHRA DHATU NIGAM LTD,453.80,457.55,437.05,442.55,443.50,458.70,,442.53,,,655965,292251986.60,27717,F1,1,,,,,
2026-10-08,2026-10-08,CM,NSE,STK,8469,INE828O01033,MITCON,EQ,,,,,MITCON CON & ENG SER LTD,78.50,80.10,77.25,77.85,77.30,78.49,,77.85,,,3676,286896.04,80,F1,1,,,,,
2026-10-08,2026-10-08,CM,NSE,STK,18562,INE997Y01027,MITTAL,EQ,,,,,MITTAL LIFE STYLE LIMITED,0.73,0.73,0.68,0.69,0.69,0.72,,0.69,,,1326303,933407.95,425,F1,1,,,,,
2026-10-08,2026-10-08,CM,NSE,STK,13844,INE227C01017,MMFL,EQ,,,,,MM FORGINGS LTD,569.00,586.00,550.50,553.70,556.40,566.05,,553.79,,,85497,48676812.20,5004,F1,1,,,,,
2026-10-08,2026-10-08,CM,NSE,STK,16395,INE511Y01018,MMP,EQ,,,,,MMP INDUSTRIES LIMITED,512.00,515.45,475.15,483.25,484.50,498.80,,483.25,,,213115,105213735.05,10129,F1,1,,,,,
2026-10-08,2026-10-08,CM,NSE,STK,17957,INE123F01029,MMTC,EQ,,,,,MMTC LIMITED,56.82,56.82,54.02,54.27,54.44,56.20,,54.27,,,999275,54918028.79,9299,F1,1,,,,,
2026-10-08,2026-10-08,CM,NSE,STK,2241,INE794W01014,MODTHREAD,EQ,,,,,MODERN THREADS INDIA LTD,46.09,50.89,45.51,46.20,45.87,45.21,,46.20,,,6795,322936.20,108,F1,1,,,,,
2026-10-08,2026-10-08,CM,NSE,STK,760277,INE537F01012,MODINATUR,EQ,,,,,MODI NATURALS LIMITED,299.60,323.80,284.70,288.65,296.90,299.60,,288.63,,,23362,6904670.65,678,F1,1,,,,,
2026-10-08,2026-10-08,CM,NSE,STK,2229,INE832A01018,MODIRUBBER,EQ,,,,,MODI RUBBER LTD,118.90,119.00,117.51,118.67,119.00,118.87,,118.67,,,584,69321.99,30,F1,1,,,,,
2026-10-08,2026-10-08,CM,NSE,STK,759752,INE0L0L01012,MODIS,EQ,,,,,MODIS NAVNIRMAN LTD,379.50,383.35,369.85,375.25,374.00,382.80,,375.25,,,14117,5314636.60,511,F1,1,,,,,
2026-10-08,2026-10-08,CM,NSE,STK,3325,INE737D01021,MODISONLTD,BE,,,,,MODISON LIMITED,488.90,493.95,464.40,464.40,464.40,488.80,,463.67,,,47493,22363181.75,1080,F1,1,,,,,
2026-10-08,2026-10-08,CM,NSE,STK,29423,INE954E01012,MOHITIND,EQ,,,,,MOHIT INDUSTRIES LTD,22.57,22.98,22.01,22.01,22.57,22.57,,22.01,,,14333,322692.44,103,F1,1,,,,,
2026-10-08,2026-10-08,CM,NSE,STK,765130,INE154B01023,MOHITE,EQ,,,,,MOHITE INDUSTRIES LTD.,2.48,2.49,2.42,2.45,2.46,2.47,,2.49,,,25601,63032.47,42,F1,1,,,,,
2026-10-08,2026-10-08,CM,NSE,STK,20830,INE490G01020,MOIL,EQ,,,,,MOIL LIMITED,236.00,238.49,228.70,229.58,230.50,236.40,,229.61,,,506838,118059697.21,11044,F1,1,,,,,
2026-10-08,2026-10-08,CM,NSE,STK,3586,INE514Y01020,MOKSH,EQ,,,,,MOKSH ORNAMENTS LIMITED,9.54,9.75,9.10,9.17,9.11,9.52,,9.17,,,85759,798861.90,258,F1,1,,,,,
2026-10-08,2026-10-08,CM,NSE,STK,764548,INE869T01028,MOLBIO,EQ,,,,,MOLBIO DIAGNOSTICS LTD,1559.00,1583.80,1451.20,1479.20,1470.00,1544.70,,1479.21,,,2011925,3025743561.00,114612,F1,1,,,,,
2026-10-08,2026-10-08,CM,NSE,STK,6713,INE893J01029,MOLDTKPAC,EQ,,,,,MOLD-TEK PACKAGING LTD,670.00,671.80,645.00,652.10,654.00,667.20,,652.16,,,73950,48817001.50,4616,F1,1,,,,,
2026-10-08,2026-10-08,CM,NSE,STK,17629,INE835B01035,MOLDTECH,BE,,,,,MOLD-TEK TECHNOLOGIES LTD,221.00,224.99,209.95,209.95,209.95,220.99,,209.89,,,42530,9034697.43,960,F1,1,,,,,
2026-10-08,2026-10-08,CM,NSE,STK,7679,INE903D01011,MONARCH,EQ,,,,,MONARCH NETWORTH CAP LTD,348.50,348.50,327.10,330.05,332.95,347.15,,330.05,,,95473,31829301.95,2506,F1,1,,,,,
2026-10-08,2026-10-08,CM,NSE,STK,759384,INE296Q01012,MONEYBOXX,BE,,,,,MONEYBOXX FINANCE LIMITED,52.72,54.00,51.00,51.50,51.50,52.72,,51.50,,,17058,887925.22,48,F1,1,,,,,
2026-10-08,2026-10-08,CM,NSE,STK,766325,INE0PTN01011,MONEYVIEW,EQ,,,,,MONEYVIEW LIMITED,64.40,64.56,55.66,57.89,56.72,60.46,,57.89,,,375979634,22748625623.44,745059,F1,1,,,,,
2026-10-08,2026-10-08,CM,NSE,STK,18392,INE0OIP01012,MONOPHARMA,SM,,,,,MONO PHARMACARE LIMITED,8.00,8.75,8.00,8.50,8.50,8.40,,8.50,,,12000,99500.00,6,F1,2000,,,,,
2026-10-08,2026-10-08,CM,NSE,STK,756958,INE1DV401010,MONOLITH,SM,,,,,MONOLITHISCH INDIA LTD,1277.00,1309.90,1260.00,1271.10,1271.50,1271.95,,1271.10,,,28000,35812737.50,96,F1,250,,,,,
2026-10-08,2026-10-08,CM,NSE,STK,5938,INE950M01013,MONTECARLO,EQ,,,,,MONTE CARLO FASHIONS LTD.,529.70,529.70,512.75,514.70,514.50,525.70,,514.73,,,24851,12845691.15,2273,F1,1,,,,,
2026-10-08,2026-10-08,CM,NSE,STK,2259,INE083A01026,MOREPENLAB,EQ,,,,,MOREPEN LAB. LTD,147.48,147.48,133.26,136.55,138.80,146.97,,136.55,,,21277943,2972849032.37,117052,F1,1,,,,,
2026-10-08,2026-10-08,CM,NSE,STK,15051,INE0N7S01028,MOS,SM,,,,,MOS UTILITY LIMITED,6.60,6.60,6.00,6.05,6.05,6.30,,6.05,,,616000,3845400.00,115,F1,4000,,,,,
2026-10-08,2026-10-08,CM,NSE,STK,29459,INE935B01025,MOSCHIP,EQ,,,,,MOSCHIP TECHNOLOGIES LTD,196.25,196.25,186.00,186.71,187.28,195.20,,186.69,,,1250720,237684489.41,20867,F1,1,,,,,
2026-10-08,2026-10-08,CM,NSE,STK,8596,INE0FS801015,MSUMI,EQ,,,,,MOTHERSON SUMI WRNG IND L,33.45,33.48,32.75,32.97,33.01,33.57,,32.97,,,7113684,235463673.93,31371,F1,1,,,,,
2026-10-08,2026-10-08,CM,NSE,STK,21423,INF247L01023,MOM100,EQ,,,,,MOTILAL OS MIDCAP100 ETF,65.74,65.74,62.44,62.74,62.90,64.14,,62.73,,,570879,35982592.21,4158,F1,1,,,,,
2026-10-08,2026-10-08,CM,NSE,STK,22739,INF247L01AP3,MON100,EQ,,,,,MOTILAL OS NASDAQ100 ETF,337.49,337.50,320.42,325.15,326.00,332.06,,325.15,,,1018267,332047001.18,25895,F1,1,,,,,
2026-10-08,2026-10-08,CM,NSE,STK,14947,INE338I01027,MOTILALOFS,EQ,,,,,MOTILAL OSWAL FIN LTD,1066.90,1066.90,1011.25,1014.30,1014.30,1067.90,,1014.35,,,789291,814294351.60,26176,F1,1,,,,,
2026-10-08,2026-10-08,CM,NSE,STK,19289,INF247L01536,MOM50,EQ,,,,,MOTILAL OSWAL M50 ETF,236.67,236.67,230.31,231.28,231.68,236.09,,231.28,,,12211,2838024.04,181,F1,1,,,,,
2026-10-08,2026-10-08,CM,NSE,STK,1507,INF247L01AK4,MOGSEC,EQ,,,,,MOTILALAMC - G5,64.87,64.95,64.30,64.77,64.77,64.87,,64.68,,,8198,531155.11,66,F1,1,,,,,
2026-10-08,2026-10-08,CM,NSE,STK,757669,INF247L01FR8,MOALPHA50,EQ,,,,,MOTILALAMC - MOALPHA50,54.91,55.73,53.36,53.59,53.57,54.91,,53.59,,,6757,365070.63,97,F1,1,,,,,
2026-10-08,2026-10-08,CM,NSE,STK,761693,INF247L01GV8,MOBANK10,EQ,,,,,MOTILALAMC - MOBANK10,16.31,16.31,16.11,16.15,16.15,16.25,,16.15,,,4357,70780.22,51,F1,1,,,,,
2026-10-08,2026-10-08,CM,NSE,STK,30065,INF247L01EV3,MOCAPITAL,EQ,,,,,MOTILALAMC - MOCAPITAL,54.23,54.23,51.89,52.02,51.95,52.91,,52.02,,,700832,36658338.60,3610,F1,1,,,,,
2026-10-08,2026-10-08,CM,NSE,STK,24944,INF247L01DJ0,MODEFENCE,EQ,,,,,MOTILALAMC - MODEFENCE,101.25,101.49,98.11,98.39,98.65,100.93,,98.40,,,1452875,143733426.67,13621,F1,1,,,,,
2026-10-08,2026-10-08,CM,NSE,STK,759374,INF247L01GH7,MOENERGY,EQ,,,,,MOTILALAMC - MOENERGY,36.90,37.08,35.88,35.98,36.03,36.81,,35.98,,,123530,4462644.09,1148,F1,1,,,,,
2026-10-08,2026-10-08,CM,NSE,STK,757791,INF247L01FY4,MOGOLD,EQ,,,,,MOTILALAMC - MOGOLD,145.65,145.65,144.50,144.60,145.10,144.95,,144.60,,,15431,2234239.75,261,F1,1,,,,,
2026-10-08,2026-10-08,CM,NSE,STK,10508,INF247L01BB1,MOHEALTH,EQ,,,,,MOTILALAMC - MOHEALTH,51.64,51.64,49.20,49.36,49.44,50.39,,49.36,,,54881,2732379.31,866,F1,1,,,,,
2026-10-08,2026-10-08,CM,NSE,STK,757031,INF247L01FL1,MOINFRA,EQ,,,,,MOTILALAMC - MOINFRA,56.20,56.20,54.02,54.59,54.72,56.18,,54.59,,,20504,1127431.01,193,F1,1,,,,,
2026-10-08,2026-10-08,CM,NSE,STK,759891,INF247L01GI5,MOIPO,EQ,,,,,MOTILALAMC - MOIPO,46.80,46.80,45.19,45.34,45.34,46.71,,45.34,,,4879,221770.14,50,F1,1,,,,,
2026-10-08,2026-10-08,CM,NSE,STK,8654,INF247L01BL0,MOLOWVOL,EQ,,,,,MOTILALAMC - MOLOWVOL,34.10,34.90,33.17,33.27,33.35,34.17,,33.27,,,33095,1102266.99,74,F1,1,,,,,
2026-10-08,2026-10-08,CM,NSE,STK,25606,INF247L01DK8,MOMENTUM50,EQ,,,,,MOTILALAMC - MOMENTUM50,52.97,53.21,51.60,51.71,51.86,52.97,,51.71,,,728947,37922991.87,15485,F1,1,,,,,
2026-10-08,2026-10-08,CM,NSE,STK,764402,INF247L01HG7,MOMETAL,EQ,,,,,MOTILALAMC - MOMETAL,12.60,12.80,11.89,12.08,12.58,12.35,,12.08,,,173547,2081558.08,306,F1,1,,,,,
2026-10-08,2026-10-08,CM,NSE,STK,757099,INF247L01FK3,MOMGF,EQ,,,,,MOTILALAMC - MOMGF,151.92,151.92,148.35,149.22,149.06,152.85,,149.22,,,1519,226916.39,64,F1,1,,,,,
2026-10-08,2026-10-08,CM,NSE,STK,757817,INF247L01FQ0,MOMIDMTM,EQ,,,,,MOTILALAMC - MOMIDMTM,62.55,62.55,60.71,60.95,60.97,62.23,,60.95,,,58854,3602213.08,565,F1,1,,,,,
2026-10-08,2026-10-08,CM,NSE,STK,760054,INF247L01GK1,MOMNC,EQ,,,,,MOTILALAMC - MOMNC,30.50,30.50,29.48,29.51,29.59,30.18,,29.51,,,1028,30614.31,43,F1,1,,,,,
2026-10-08,2026-10-08,CM,NSE,STK,8182,INF247L01BK2,MOMOMENTUM,EQ,,,,,MOTILALAMC - MOMOMENTUM,59.78,59.98,58.47,58.67,58.73,59.98,,58.67,,,91404,5382416.97,769,F1,1,,,,,
2026-10-08,2026-10-08,CM,NSE,STK,756900,INF247L01FC0,MON50EQUAL,EQ,,,,,MOTILALAMC - MON50EQUAL,31.15,31.45,30.54,30.70,30.66,31.15,,30.70,,,12371,379631.22,139,F1,1,,,,,
2026-10-08,2026-10-08,CM,NSE,STK,757167,INF247L01FD8,MONEXT50,EQ,,,,,MOTILALAMC - MONEXT50,69.00,69.51,67.11,67.27,67.70,69.51,,67.27,,,21959,1486642.57,130,F1,1,,,,,
2026-10-08,2026-10-08,CM,NSE,STK,759371,INF247L01GG9,MONIFTY100,EQ,,,,,MOTILALAMC - MONIFTY100,23.80,23.80,23.40,23.63,23.71,23.84,,23.63,,,80998,1901297.97,88,F1,1,,,,,
2026-10-08,2026-10-08,CM,NSE,STK,19237,INF247L01BU1,MONIFTY500,EQ,,,,,MOTILALAMC - MONIFTY500,22.60,22.66,22.01,22.10,22.10,22.59,,22.11,,,1018148,22655678.85,2513,F1,1,,,,,
2026-10-08,2026-10-08,CM,NSE,STK,7422,INF247L01AU3,MONQ50,EQ,,,,,MOTILALAMC - MONQ50,261.70,272.30,221.05,243.73,241.99,258.57,,243.72,,,3577769,860192676.28,65639,F1,1,,,,,
2026-10-08,2026-10-08,CM,NSE,STK,764405,INF247L01HH5,MOOILGAS,EQ,,,,,MOTILALAMC - MOOILGAS,10.97,10.97,10.36,10.46,10.42,10.98,,10.46,,,66431,691994.34,224,F1,1,,,,,
2026-10-08,2026-10-08,CM,NSE,STK,757431,INF247L01FO5,MOPSE,EQ,,,,,MOTILALAMC - MOPSE,93.98,93.98,91.90,92.12,92.00,95.53,,92.12,,,4286,396886.94,87,F1,1,,,,,
2026-10-08,2026-10-08,CM,NSE,STK,10822,INF247L01BH8,MOQUALITY,EQ,,,,,MOTILALAMC - MOQUALITY,188.19,188.19,182.00,182.84,184.98,188.19,,183.05,,,4213,780098.52,100,F1,1,,,,,
2026-10-08,2026-10-08,CM,NSE,STK,23184,INF247L01CI4,MOREALTY,EQ,,,,,MOTILALAMC - MOREALTY,81.84,83.12,80.10,80.26,80.50,82.77,,80.26,,,580042,47008394.66,4114,F1,1,,,,,
2026-10-08,2026-10-08,CM,NSE,STK,760001,INF247L01GJ3,MOSERVICE,EQ,,,,,MOTILALAMC - MOSERVICE,29.46,29.84,28.66,28.74,28.88,29.25,,28.74,,,4903,142093.10,97,F1,1,,,,,
2026-10-08,2026-10-08,CM,NSE,STK,758457,INF247L01FZ1,MOSILVER,EQ,,,,,MOTILALAMC - MOSILVER,216.48,216.48,212.54,213.07,213.00,216.16,,213.07,,,46870,10019931.41,794,F1,1,,,,,
2026-10-08,2026-10-08,CM,NSE,STK,23181,INF247L01CH6,MOSMALL250,EQ,,,,,MOTILALAMC - MOSMALL250,18.03,18.03,17.50,17.58,17.64,17.95,,17.58,,,1208467,21343740.20,3322,F1,1,,,,,
2026-10-08,2026-10-08,CM,NSE,STK,757443,INF247L01FP2,MOTOUR,EQ,,,,,MOTILALAMC - MOTOUR,76.22,76.22,73.50,73.82,73.51,76.15,,73.82,,,34599,2578661.38,392,F1,1,,,,,
2026-10-08,2026-10-08,CM,NSE,STK,10825,INF247L01BE5,MOVALUE,EQ,,,,,MOTILALAMC - MOVALUE,106.50,106.56,104.00,104.61,105.00,106.50,,104.63,,,63183,6664794.41,1112,F1,1,,,,,
2026-10-08,2026-10-08,CM,NSE,STK,20788,INE0FRK01020,MOTISONS,EQ,,,,,MOTISONS JEWELLERS LTD,17.84,17.84,17.45,17.57,17.62,17.68,,17.57,,,13426360,236991459.06,16768,F1,1,,,,,
2026-10-08,2026-10-08,CM,NSE,STK,2268,INE861B01023,MOTOGENFIN,EQ,,,,,MOTOR & GENERAL FINANCE L,25.78,26.98,25.18,25.21,25.26,25.30,,25.21,,,11748,302979.99,101,F1,1,,,,,
2026-10-08,2026-10-08,CM,NSE,STK,757810,INE0XM301010,MMEL,SM,,,,,MOVING MEDIA ENTER LTD,26.75,26.75,24.25,24.25,24.25,25.50,,24.25,,,16000,412500.00,8,F1,2000,,,,,
2026-10-08,2026-10-08,CM,NSE,STK,765138,INE493H01014,MPDL,BE,,,,,MPDL LTD.,25.87,25.88,25.87,25.87,25.87,26.00,,26.78,,,1304,33734.49,6,F1,1,,,,,
2026-10-08,2026-10-08,CM,NSE,STK,4503,INE356A01018,MPHASIS,EQ,,,,,MPHASIS LIMITED,2299.00,2357.30,2280.80,2303.40,2303.40,2289.00,,2303.40,,,753211,1754532344.80,48328,F1,1,,,,,
2026-10-08,2026-10-08,CM,NSE,STK,10578,INE943D01017,MPSLTD,EQ,,,,,MPS LIMITED,2675.00,2688.90,2542.20,2573.80,2575.00,2697.10,,2573.77,,,17669,45675349.60,3489,F1,1,,,,,
2026-10-08,2026-10-08,CM,NSE,STK,2277,INE883A01011,MRF,EQ,,,,,MRF LTD,123585.00,123585.00,122000.00,122465.00,122100.00,123075.00,,122461.27,,,2651,324814190.00,2154,F1,1,,,,,
2026-10-08,2026-10-08,CM,NSE,STK,2283,INE103A01014,MRPL,EQ,,,,,MRPL,182.50,183.73,170.78,173.85,173.70,182.86,,173.85,,,13192536,2314004031.98,79224,F1,1,,,,,
2026-10-08,2026-10-08,CM,NSE,STK,1628,INE495P01020,BECTORFOOD,EQ,,,,,MRS BECTORS FOOD SPE LTD,210.58,211.52,201.00,205.64,208.00,211.07,,205.58,,,1021466,209386131.36,35678,F1,1,,,,,
2026-10-08,2026-10-08,CM,NSE,STK,11919,INE752G01015,MSPL,EQ,,,,,MSP STEEL & POWER LTD.,30.80,31.30,29.79,30.19,30.30,30.95,,30.19,,,1032825,31416990.93,3968,F1,1,,,,,
2026-10-08,2026-10-08,CM,NSE,STK,9356,INE255X01014,MSTCLTD,EQ,,,,,MSTC LIMITED,707.85,710.05,665.00,668.40,667.10,698.75,,668.42,,,196069,133456473.95,8918,F1,1,,,,,
2026-10-08,2026-10-08,CM,NSE,STK,31413,INE472M01018,MTEDUCARE,BE,,,,,MT EDUCARE LTD,1.73,1.73,1.61,1.69,1.70,1.65,,1.69,,,50250,85275.70,69,F1,1,,,,,
2026-10-08,2026-10-08,CM,NSE,STK,2715,INE864I01014,MTARTECH,BE,,,,,MTAR TECHNOLOGIES LIMITED,7814.50,7856.00,7597.00,7849.50,7850.00,7864.50,,7848.76,,,110779,856844158.00,14417,F1,1,,,,,
2026-10-08,2026-10-08,CM,NSE,STK,19783,INE08KJ01020,MUFIN,EQ,,,,,MUFIN GREEN FINANCE LTD,135.50,136.90,132.43,133.08,132.80,135.17,,133.08,,,1006522,135566384.63,7406,F1,1,,,,,
2026-10-08,2026-10-08,CM,NSE,STK,11325,INE304A01026,MUKANDLTD,EQ,,,,,MUKAND LTD.,186.38,186.38,171.49,174.29,174.00,185.92,,174.31,,,528265,93532387.42,8248,F1,1,,,,,
2026-10-08,2026-10-08,CM,NSE,STK,22981,INE0CG401037,MUKKA,BE,,,,,MUKKA PROTEINS LIMITED,26.94,27.42,25.90,26.39,26.80,26.94,,26.39,,,267091,7095380.93,745,F1,1,,,,,
2026-10-08,2026-10-08,CM,NSE,STK,8687,INE374B01019,MUKTAARTS,EQ,,,,,MUKTA ARTS LIMITED,57.59,57.59,54.92,57.00,57.00,56.50,,57.00,,,326,18035.66,11,F1,1,,,,,
2026-10-08,2026-10-08,CM,NSE,STK,31181,INE745G01043,MCX,EQ,,,,,MULTI COMMODITY EXCHANGE,3360.00,3370.30,3246.00,3255.60,3255.60,3362.60,,3255.59,,,2036568,6687253477.90,103790,F1,1,,,,,
2026-10-08,2026-10-08,CM,NSE,STK,759416,INE1K8Y01018,MUNISH,SM,,,,,MUNISH FORGE LIMITED,89.00,89.00,87.15,87.20,87.20,90.00,,87.20,,,19200,1682220.00,9,F1,1200,,,,,
2026-10-08,2026-10-08,CM,NSE,STK,13511,INE672B01032,MUNJALAU,EQ,,,,,MUNJAL AUTO IND. LTD.,105.05,105.24,100.97,101.51,101.49,105.44,,101.51,,,295251,30272031.98,6369,F1,1,,,,,
2026-10-08,2026-10-08,CM,NSE,STK,2307,INE577A01027,MUNJALSHOW,EQ,,,,,MUNJAL SHOWA LTD,124.10,126.89,120.00,120.70,120.98,125.58,,120.74,,,38791,4751413.51,853,F1,1,,,,,
2026-10-08,2026-10-08,CM,NSE,STK,2313,INE692B01014,MURUDCERA,EQ,,,,,MURUDESHWAR CERAMICS LTD,27.70,28.43,27.00,27.04,27.05,27.97,,27.05,,,14408,397041.90,150,F1,1,,,,,
2026-10-08,2026-10-08,CM,NSE,STK,19877,INE919I01024,RADIOCITY,EQ,,,,,MUSIC BROADCAST LIMITED,6.05,6.05,5.52,5.71,5.71,5.87,,5.71,,,270231,1547565.05,224,F1,1,,,,,
2026-10-08,2026-10-08,CM,NSE,STK,10415,INE296G01013,MUTHOOTCAP,EQ,,,,,MUTHOOT CAP SERV LTD,217.78,217.78,198.67,207.66,213.50,213.53,,207.66,,,20264,4182545.63,932,F1,1,,,,,
2026-10-08,2026-10-08,CM,NSE,STK,23650,INE414G01012,MUTHOOTFIN,EQ,,,,,MUTHOOT FINANCE LIMITED,2650.00,2651.50,2559.60,2559.60,2559.60,2654.40,,2559.62,,,699689,1813321469.30,62205,F1,1,,,,,
2026-10-08,2026-10-08,CM,NSE,STK,20831,INE046W01019,MUTHOOTMF,EQ,,,,,MUTHOOT MICROFIN LIMITED,179.00,179.63,167.41,168.21,168.00,172.91,,168.21,,,459570,78755168.99,7339,F1,1,,,,,
2026-10-08,2026-10-08,CM,NSE,STK,764397,INE0OWZ01020,MVELECTRO,EQ,,,,,MV ELECTROSYSTEMS LIMITED,929.50,929.50,856.35,879.25,874.00,920.25,,879.17,,,1542045,1349934431.95,55793,F1,1,,,,,
2026-10-08,2026-10-08,CM,NSE,STK,25208,INE0RVQ01016,MYMUDRA,SM,,,,,MY MUDRA FINCORP LIMITED,99.50,102.80,92.50,99.45,99.00,99.20,,99.45,,,234000,23319540.00,118,F1,1200,,,,,
2026-10-08,2026-10-08,CM,NSE,STK,8220,INE741A01011,MYSORPETRO,BE,,,,,MYSORE PETRO CHEMICALS L,116.00,116.00,112.80,113.04,112.80,117.06,,113.04,,,709,81215.70,24,F1,1,,,,,
2026-10-08,2026-10-08,CM,NSE,STK,20314,INE740D01017,NRAIL,EQ,,,,,N R AGARWAL INDS LTD,660.90,668.00,643.15,651.15,647.00,660.90,,651.14,,,29846,19431841.40,2693,F1,1,,,,,
2026-10-08,2026-10-08,CM,NSE,STK,757489,INE104101014,NRVANDANA,SM,,,,,N R VANDANA TEX IND LTD,69.05,71.00,69.00,71.00,71.00,72.00,,71.00,,,21000,1458000.00,7,F1,3000,,,,,
2026-10-08,2026-10-08,CM,NSE,STK,764798,INE920C01017,NTCIND,EQ,,,,,N T C INDUSTRIES LTD.,135.19,136.54,132.00,135.03,134.00,132.53,,134.97,,,450,60192.40,66,F1,1,,,,,
2026-10-08,2026-10-08,CM,NSE,STK,19111,INE365I01020,NBIFIN,EQ,,,,,N.B.I. IND. FIN. CO. LTD,1845.90,1869.00,1812.00,1813.90,1812.00,1839.30,,1813.90,,,97,178754.30,38,F1,1,,,,,
2026-10-08,2026-10-08,CM,NSE,STK,20425,INE295D01020,NACLIND,EQ,,,,,NACL INDUSTRIES LIMITED,132.50,132.88,128.05,129.10,129.34,132.60,,129.11,,,338234,44029310.17,6140,F1,1,,,,,
2026-10-08,2026-10-08,CM,NSE,STK,18371,INE756C01015,NDGL,EQ,,,,,NAGA DHUNSERI GROUP LTD,2393.80,2393.80,2299.90,2324.00,2319.00,2383.70,,2324.00,,,84,196155.10,35,F1,1,,,,,
2026-10-08,2026-10-08,CM,NSE,STK,14942,INE245I01016,NAGREEKCAP,EQ,,,,,NAGREEKA CAP & INFR.LTD,28.25,28.25,26.78,27.26,27.50,27.25,,27.26,,,9985,277017.63,65,F1,1,,,,,
2026-10-08,2026-10-08,CM,NSE,STK,14702,INE123B01028,NAGREEKEXP,EQ,,,,,NAGREEKA EXPORTS LTD.,21.05,22.97,20.80,21.30,21.76,21.63,,21.30,,,26269,560511.56,296,F1,1,,,,,
2026-10-08,2026-10-08,CM,NSE,STK,15360,INE049I01012,NAHARCAP,EQ,,,,,NAHAR CAP & FIN.,246.79,252.00,230.00,230.64,232.90,241.99,,230.62,,,3822,894504.34,151,F1,1,,,,,
2026-10-08,2026-10-08,CM,NSE,STK,13106,INE289A01011,NAHARINDUS,EQ,,,,,NAHAR INDS ENT LTD,135.90,135.90,124.50,125.25,125.30,133.93,,125.25,,,20091,2560038.90,731,F1,1,,,,,
2026-10-08,2026-10-08,CM,NSE,STK,14445,INE308A01027,NAHARPOLY,EQ,,,,,NAHAR POLY FILMS LIMITED,223.00,224.90,220.01,223.85,224.39,222.13,,223.88,,,1834,407850.33,90,F1,1,,,,,
2026-10-08,2026-10-08,CM,NSE,STK,14440,INE290A01027,NAHARSPING,EQ,,,,,NAHAR SPINNING MILLS LTD.,265.00,268.90,250.00,251.40,250.15,264.30,,251.45,,,25450,6559543.65,688,F1,1,,,,,
2026-10-08,2026-10-08,CM,NSE,STK,5401,INE236Y01012,NGIL,EQ,,,,,NAKODA GROUP OF IND. LTD,36.51,38.00,36.51,37.75,37.74,37.37,,37.75,,,584,21982.31,19,F1,1,,,,,
2026-10-08,2026-10-08,CM,NSE,STK,11239,INE023A01030,NSIL,EQ,,,,,NALWA SONS INVESTMENT LTD,5212.00,5365.50,5055.00,5108.00,5066.00,5266.50,,5108.24,,,2222,11472497.50,495,F1,1,,,,,
2026-10-08,2026-10-08,CM,NSE,STK,23382,INE0RJM01010,NAMAN,ST,,,,,NAMAN INDUSTRE PRXIMA LTD,48.20,48.20,48.20,48.20,48.20,48.20,,48.20,,,12800,616960.00,11,F1,800,,,,,
2026-10-08,2026-10-08,CM,NSE,STK,25167,INE08NZ01012,NAMOEWASTE,SM,,,,,NAMO EWASTE MANAGEMENT L,379.95,379.95,348.00,352.40,348.00,372.85,,352.40,,,56800,20431040.00,68,F1,800,,,,,
2026-10-08,2026-10-08,CM,NSE,STK,31258,INE875G01048,NDL,EQ,,,,,NANDAN DENIM LIMITED,2.64,2.65,2.57,2.58,2.58,2.60,,2.58,,,924178,2410552.62,1037,F1,1,,,,,
2026-10-08,2026-10-08,CM,NSE,STK,5516,INE696V01013,JAIPURKURT,EQ,,,,,NANDANI CREATION LIMITED,29.00,34.20,28.99,32.40,32.39,28.50,,32.40,,,1003604,33179788.86,5175,F1,1,,,,,
2026-10-08,2026-10-08,CM,NSE,STK,11840,INE410P01011,NH,EQ,,,,,NARAYANA HRUDAYALAYA LTD.,1726.00,1729.20,1680.20,1695.30,1680.20,1723.20,,1694.51,,,176338,301081579.30,25231,F1,1,,,,,
2026-10-08,2026-10-08,CM,NSE,STK,11627,INE117Z01029,NARMADA,EQ,,,,,NARMADA AGROBASE LIMITED,11.50,12.06,11.10,11.15,11.20,11.35,,11.15,,,465218,5302601.38,1394,F1,1,,,,,
2026-10-08,2026-10-08,CM,NSE,STK,3918,INE987B01026,NATCOPHARM,EQ,,,,,NATCO PHARMA LTD.,812.95,819.00,792.10,795.40,794.80,810.10,,795.49,,,312124,250215261.00,37128,F1,1,,,,,
2026-10-08,2026-10-08,CM,NSE,STK,11065,INE448G01010,NATHBIOGEN,EQ,,,,,NATH BIO-GENES (I) LTD,138.00,138.45,134.00,136.10,135.77,136.87,,136.06,,,6451,879174.84,338,F1,1,,,,,
2026-10-08,2026-10-08,CM,NSE,STK,6364,INE139A01034,NATIONALUM,EQ,,,,,NATIONAL ALUMINIUM CO LTD,321.40,322.00,311.10,313.10,313.10,321.30,,313.10,,,5007229,1577935590.65,73845,F1,1,,,,,
2026-10-08,2026-10-08,CM,NSE,STK,13925,INE870D01012,NFL,EQ,,,,,NATIONAL FERT. LTD,63.50,63.65,61.15,61.34,61.30,63.76,,61.34,,,816453,50673992.62,7161,F1,1,,,,,
2026-10-08,2026-10-08,CM,NSE,STK,6531,INE0H7R23014,NHIT,IV,,,,,NATIONAL HIGHW INFRA TRUS,168.00,168.00,168.00,168.00,168.00,168.00,,168.00,,,25000,4200000.00,1,F1,25000,,,,,
2026-10-08,2026-10-08,CM,NSE,STK,762807,INE166R01015,NATIONSTD,EQ,,,,,NATIONAL STAND (INDIA) L,115.69,115.69,104.70,104.90,105.22,110.21,,104.92,,,15649,1652709.50,572,F1,1,,,,,
2026-10-08,2026-10-08,CM,NSE,STK,29588,INE936B01015,NATCAPSUQ,BE,,,,,NATURAL CAPSULES LIMITED,163.50,163.50,157.50,157.64,157.50,161.42,,157.69,,,1265,201289.20,37,F1,1,,,,,
2026-10-08,2026-10-08,CM,NSE,STK,4014,INE725A01030,NAVA,EQ,,,,,NAVA LIMITED,570.00,571.50,539.10,544.50,546.10,570.45,,544.49,,,569066,314951210.35,31671,F1,1,,,,,
2026-10-08,2026-10-08,CM,NSE,STK,14672,INE048G01026,NAVINFLUOR,EQ,,,,,NAVIN FLUORINE INT. LTD,8475.00,8590.00,8400.00,8417.50,8402.50,8490.00,,8417.69,,,89654,761012973.50,25890,F1,1,,,,,
2026-10-08,2026-10-08,CM,NSE,STK,10557,INE278M01019,NAVKARCORP,EQ,,,,,NAVKAR CORPORATION LTD.,85.88,86.49,82.74,83.33,83.40,85.88,,83.33,,,283352,23701869.47,5254,F1,1,,,,,
2026-10-08,2026-10-08,CM,NSE,STK,29146,INE268H01044,NAVKARURB,EQ,,,,,NAVKAR URBANSTRUCTURE LTD,0.87,0.91,0.85,0.87,0.88,0.86,,0.87,,,580968,504657.07,303,F1,1,,,,,
2026-10-08,2026-10-08,CM,NSE,STK,2385,INE060A01024,NAVNETEDUL,EQ,,,,,NAVNEET EDUCATION LTD,123.66,123.79,120.76,121.66,121.99,123.95,,121.74,,,51644,6315324.25,1521,F1,1,,,,,
2026-10-08,2026-10-08,CM,NSE,STK,2987,INE418L01047,NAZARA,EQ,,,,,NAZARA TECHNOLOGIES LTD,377.85,396.00,374.30,376.00,376.80,378.45,,376.01,,,3687557,1425640347.45,52271,F1,1,,,,,
2026-10-08,2026-10-08,CM,NSE,STK,31415,INE095N01031,NBCC,EQ,,,,,NBCC (INDIA) LIMITED,76.74,76.86,73.90,74.00,74.00,76.74,,74.00,,,4958138,372132547.50,31160,F1,1,,,,,
2026-10-08,2026-10-08,CM,NSE,STK,2319,INE868B01028,NCC,EQ,,,,,NCC LIMITED,126.88,126.88,119.01,119.93,119.70,126.88,,119.93,,,3547134,433669136.03,45238,F1,1,,,,,
2026-10-08,2026-10-08,CM,NSE,STK,14490,INE732C01016,NCLIND,EQ,,,,,NCL INDUSTRIES LIMITED,163.93,164.50,160.00,160.54,160.20,163.93,,160.54,,,88170,14263020.46,1078,F1,1,,,,,
2026-10-08,2026-10-08,CM,NSE,STK,14547,INE353A01023,NDLVENTURE,EQ,,,,,NDL VENTURES LIMITED,120.26,122.69,117.00,117.51,119.09,120.26,,117.51,,,7985,945406.20,185,F1,1,,,,,
2026-10-08,2026-10-08,CM,NSE,STK,22255,INE07OG01012,NDRAUTO,EQ,,,,,NDR AUTO COMPONENTS LTD,722.00,722.00,670.00,677.65,674.00,716.60,,677.77,,,39373,26958449.70,1819,F1,1,,,,,
2026-10-08,2026-10-08,CM,NSE,STK,22680,INE0Q7Q23015,NDRINVIT,IV,,,,,NDR INVIT TRUST,151.00,151.50,151.00,151.50,151.50,153.00,,151.50,,,150000,22675000.00,2,F1,25000,,,,,
2026-10-08,2026-10-08,CM,NSE,STK,11427,INE155G01029,NDTV,EQ,,,,,NDTV LTD,67.00,67.00,63.59,64.35,65.50,66.48,,64.36,,,96367,6226535.00,1778,F1,1,,,,,
2026-10-08,2026-10-08,CM,NSE,STK,11927,INE023H01027,NECLIFE,EQ,,,,,NECTAR LIFESCIENCES LTD.,10.59,10.77,10.15,10.55,10.59,10.59,,10.53,,,117526,1226804.43,370,F1,1,,,,,
2026-10-08,2026-10-08,CM,NSE,STK,762812,INE605D01012,NEAGI,EQ,,,,,NEELAMALAI AGRO INDS. L,3112.10,3194.60,3112.10,3194.60,3194.60,3284.40,,3202.30,,,5,15643.00,5,F1,1,,,,,
2026-10-08,2026-10-08,CM,NSE,STK,14761,INE189I01024,NELCAST,EQ,,,,,NELCAST LIMITED,150.00,150.84,132.31,141.52,139.00,146.29,,141.52,,,1946820,276864137.29,34854,F1,1,,,,,
2026-10-08,2026-10-08,CM,NSE,STK,2388,INE045B01015,NELCO,EQ,,,,,NELCO LTD,914.50,915.60,860.00,865.00,860.00,915.80,,865.09,,,214964,189314404.75,9818,F1,1,,,,,
2026-10-08,2026-10-08,CM,NSE,STK,760928,INE21UM01018,NEOCHEM,SM,,,,,NEOCHEM BIO SOLUTIONS LTD,107.00,107.00,98.00,102.50,102.50,104.65,,102.50,,,13200,1334940.00,11,F1,1200,,,,,
2026-10-08,2026-10-08,CM,NSE,STK,9917,INE136S01016,NEOGEN,EQ,,,,,NEOGEN CHEMICALS LIMITED,2435.00,2450.00,2370.00,2379.70,2370.00,2431.30,,2379.80,,,78074,186789281.20,13273,F1,1,,,,,
2026-10-08,2026-10-08,CM,NSE,STK,24350,INE0SUN01013,NEPHROCARE,SM,,,,,NEPHRO CARE INDIA LIMITED,85.00,85.90,80.00,82.80,83.50,84.75,,82.80,,,30800,2525700.00,59,F1,400,,,,,
2026-10-08,2026-10-08,CM,NSE,STK,760346,INE428V01029,NEPHROPLUS,EQ,,,,,NEPHROCARE HEALTH SERV L,641.60,647.55,620.80,626.95,624.45,641.60,,626.84,,,176599,110899341.65,15693,F1,1,,,,,
2026-10-08,2026-10-08,CM,NSE,STK,757493,INE156901014,NEPTUNE,SM,,,,,NEPTUNE PETROCHEMICALS L,177.00,177.00,177.00,177.00,177.00,178.20,,177.00,,,500,88500.00,1,F1,500,,,,,
2026-10-08,2026-10-08,CM,NSE,STK,15409,INE317F01035,NESCO,EQ,,,,,NESCO LTD.,1034.00,1038.00,1018.00,1027.80,1024.00,1028.90,,1027.81,,,63527,65212383.90,8467,F1,1,,,,,
2026-10-08,2026-10-08,CM,NSE,STK,17963,INE239A01024,NESTLEIND,EQ,,,,,NESTLE INDIA LIMITED,1319.60,1345.20,1311.80,1319.00,1319.00,1324.00,,1319.00,,,1344650,1781631602.00,82433,F1,1,,,,,
2026-10-08,2026-10-08,CM,NSE,STK,17433,INE0NT901020,NETWEB,EQ,,,,,NETWEB TECH INDIA LTD,4696.90,4903.00,4667.80,4715.10,4736.00,4685.40,,4715.13,,,2348245,11245013803.40,193218,F1,1,,,,,
2026-10-08,2026-10-08,CM,NSE,STK,756324,INE0FFK01017,NPST,EQ,,,,,NETWORK PEOPLE SRV TECH L,1867.20,1867.20,1774.00,1790.20,1798.00,1854.90,,1790.25,,,64718,116564843.70,6449,F1,1,,,,,
2026-10-08,2026-10-08,CM,NSE,STK,14111,INE870H01013,NETWORK18,EQ,,,,,NETWORK18 MEDIA & INV LTD,25.65,25.70,24.25,24.39,24.50,25.70,,24.39,,,4653625,115588688.46,12181,F1,1,,,,,
2026-10-08,2026-10-08,CM,NSE,STK,30554,INE333I01044,NEUEON,BE,,,,,NEUEON CORPORATION LTD,13.00,13.24,12.66,12.83,12.89,13.31,,12.82,,,12085,155240.00,103,F1,1,,,,,
2026-10-08,2026-10-08,CM,NSE,STK,2406,INE794A01010,NEULANDLAB,EQ,,,,,NEULAND LAB LTD.,21655.00,21925.00,20925.00,21015.00,21015.00,21655.00,,21014.96,,,28994,620233345.00,11831,F1,1,,,,,
2026-10-08,2026-10-08,CM,NSE,STK,1164,INE619B01017,NEWGEN,EQ,,,,,NEWGEN SOFTWARE TECH LTD,448.10,469.25,439.10,442.55,441.40,447.75,,442.52,,,1175264,532796081.85,42504,F1,1,,,,,
2026-10-08,2026-10-08,CM,NSE,STK,19161,INE0PW501021,NEWJAISA,ST,,,,,NEWJAISA TECHNOLOGIES LTD,14.90,16.30,14.90,16.10,16.30,15.65,,16.10,,,30000,451350.00,12,F1,1500,,,,,
2026-10-08,2026-10-08,CM,NSE,STK,28801,INE0TP801012,NMSTEEL,SM,,,,,NEWMALAYALAM STEEL LTD,21.65,23.20,21.65,23.20,23.20,23.30,,23.20,,,12800,292240.00,8,F1,1600,,,,,
2026-10-08,2026-10-08,CM,NSE,STK,9867,INE747B01016,NEXTMEDIA,EQ,,,,,NEXT MEDIAWORKS LIMITED,3.54,3.55,3.48,3.49,3.54,3.53,,3.49,,,5684,19992.74,27,F1,1,,,,,
2026-10-08,2026-10-08,CM,NSE,STK,15815,INE0NDH25011,NXST,RR,,,,,NEXUS SELECT TRUST,164.95,165.98,164.50,164.82,164.70,164.66,,164.82,,,286398,47238927.21,3342,F1,1,,,,,
2026-10-08,2026-10-08,CM,NSE,STK,763536,INE0T1501010,NFPSAMPOOR,SM,,,,,NFP SAMPOORNA FOODS LTD,20.30,20.30,19.50,19.55,19.50,20.30,,19.55,,,14000,276100.00,6,F1,2000,,,,,
2026-10-08,2026-10-08,CM,NSE,STK,10277,INE887E01022,NGLFINE,EQ,,,,,NGL FINE CHEM LIMITED,3157.10,3157.10,2975.00,2998.90,3043.00,3134.20,,2998.27,,,3947,11983596.50,980,F1,1,,,,,
2026-10-08,2026-10-08,CM,NSE,STK,17400,INE848E01016,NHPC,EQ,,,,,NHPC LTD,72.50,72.88,71.10,71.65,71.65,72.50,,71.59,,,10723011,768809110.56,34055,F1,1,,,,,
2026-10-08,2026-10-08,CM,NSE,STK,29487,INE149O01018,NIBE,EQ,,,,,NIBE LIMITED,1300.00,1300.00,1215.00,1224.70,1226.00,1270.10,,1224.78,,,86830,107650081.20,6877,F1,1,,,,,
2026-10-08,2026-10-08,CM,NSE,STK,764793,INE653C01022,NICCOPAR,EQ,,,,,NICCO PARKS & RESORTS LTD,76.80,78.99,74.81,76.90,76.90,76.91,,76.88,,,485,37325.81,33,F1,1,,,,,
2026-10-08,2026-10-08,CM,NSE,STK,6592,INE0J6L01013,NIDAN,SM,,,,,NIDAN LABS AND HEALTH LTD,12.85,13.50,12.85,13.50,13.50,13.05,,13.50,,,4000,52050.00,3,F1,1000,,,,,
2026-10-08,2026-10-08,CM,NSE,STK,17747,INE342G01023,NIITMTS,EQ,,,,,NIIT LEARNING SYSTEMS LTD,204.29,204.29,197.63,200.01,200.00,203.37,,200.00,,,114988,22954043.91,3569,F1,1,,,,,
2026-10-08,2026-10-08,CM,NSE,STK,11522,INE161A01038,NIITLTD,EQ,,,,,NIIT LIMITED,84.95,86.17,81.12,81.78,81.50,84.99,,81.79,,,149727,12356148.57,2565,F1,1,,,,,
2026-10-08,2026-10-08,CM,NSE,STK,758178,INE0FLF01015,NIKITA,SM,,,,,NIKITA GRENTEC RECYCL LTD,68.20,68.60,67.50,67.50,67.50,70.95,,67.50,,,3600,245160.00,3,F1,1200,,,,,
2026-10-08,2026-10-08,CM,NSE,STK,9253,INE937C01029,NILAINFRA,EQ,,,,,NILA INFRASTRUCTURES LTD,6.54,6.65,6.47,6.47,6.47,6.63,,6.47,,,111839,728429.32,437,F1,1,,,,,
2026-10-08,2026-10-08,CM,NSE,STK,7411,INE00S901012,NILASPACES,EQ,,,,,NILA SPACES LIMITED,11.35,11.37,10.76,11.01,11.14,11.35,,11.01,,,555730,6141132.73,1419,F1,1,,,,,
2026-10-08,2026-10-08,CM,NSE,STK,762817,INE445D01013,NILE,EQ,,,,,NILE LTD.,1265.00,1294.00,1202.30,1216.40,1233.00,1258.60,,1217.65,,,5610,7065060.90,1016,F1,1,,,,,
2026-10-08,2026-10-08,CM,NSE,STK,2421,INE310A01015,NILKAMAL,EQ,,,,,NILKAMAL LIMITED,1821.10,1890.80,1821.10,1854.30,1840.50,1831.70,,1854.34,,,27741,51594116.60,4253,F1,1,,,,,
2026-10-08,2026-10-08,CM,NSE,STK,761720,INE875B01015,NIMBSPROJ,EQ,,,,,NIMBUS PROJECTS LIMITED,185.23,190.79,184.20,189.88,186.00,191.61,,189.88,,,31447,5854005.83,231,F1,1,,,,,
2026-10-08,2026-10-08,CM,NSE,STK,14194,INE395U01014,NINSYS,EQ,,,,,NINTEC SYSTEMS LIMITED,829.75,829.75,788.30,816.45,815.00,829.75,,816.45,,,12531,10089118.65,878,F1,1,,,,,
2026-10-08,2026-10-08,CM,NSE,STK,11439,INF204KB15I9,BANKBEES,EQ,,,,,NIP IND ETF BANK BEES,568.11,576.60,563.51,564.48,564.57,570.22,,564.48,,,863939,488828221.32,11102,F1,1,,,,,
2026-10-08,2026-10-08,CM,NSE,STK,2435,INF204KA1LD7,CONSUMBEES,EQ,,,,,NIP IND ETF CONSUMPTION,122.49,122.49,119.81,120.01,120.40,122.49,,120.01,,,78897,9515732.17,1465,F1,1,,,,,
2026-10-08,2026-10-08,CM,NSE,STK,2636,INF204KA1MS3,DIVOPPBEES,EQ,,,,,NIP IND ETF DIV OPP,71.44,72.08,70.45,70.64,71.46,71.69,,70.64,,,68257,4836772.04,1273,F1,1,,,,,
2026-10-08,2026-10-08,CM,NSE,STK,9847,INF204KB18I3,NV20BEES,EQ,,,,,NIP IND ETF ETF NV20,131.77,132.99,129.50,129.65,132.49,131.77,,129.65,,,26603,3458151.34,412,F1,1,,,,,
2026-10-08,2026-10-08,CM,NSE,STK,14428,INF204KB17I5,GOLDBEES,EQ,,,,,NIP IND ETF GOLD BEES,121.43,121.49,120.70,120.94,121.00,121.08,,120.94,,,17791469,2153661427.53,88125,F1,1,,,,,
2026-10-08,2026-10-08,CM,NSE,STK,18284,INF204KB19I1,HNGSNGBEES,EQ,,,,,NIP IND ETF HANGSENG BEES,464.50,464.50,455.00,455.65,455.50,463.23,,455.66,,,101779,46463261.30,4040,F1,1,,,,,
2026-10-08,2026-10-08,CM,NSE,STK,20072,INF732E01268,INFRABEES,EQ,,,,,NIP IND ETF INFRA BEES,905.74,907.85,879.22,881.81,885.00,905.74,,881.81,,,16151,14296806.00,1144,F1,1,,,,,
2026-10-08,2026-10-08,CM,NSE,STK,19084,INF204KB15V2,ITBEES,EQ,,,,,NIP IND ETF IT,30.94,31.50,30.72,30.80,30.89,30.90,,30.80,,,9049333,281871061.88,14280,F1,1,,,,,
2026-10-08,2026-10-08,CM,NSE,STK,10939,INF732E01045,JUNIORBEES,EQ,,,,,NIP IND ETF JUNIOR BEES,767.04,767.04,732.53,734.61,739.90,752.00,,734.64,,,564944,417495249.89,20503,F1,1,,,,,
2026-10-08,2026-10-08,CM,NSE,STK,11006,INF732E01037,LIQUIDBEES,EQ,,,,,NIP IND ETF LIQUID BEES,1000.00,1000.01,999.99,1000.00,1000.00,1000.00,,1000.00,,,5906055,5906086981.98,5462,F1,1,,,,,
2026-10-08,2026-10-08,CM,NSE,STK,17700,INF204KB1882,LTGILTBEES,EQ,,,,,NIP IND ETF LONGTERM GILT,29.52,29.52,29.44,29.45,29.45,29.51,,29.45,,,2053169,60526834.14,671,F1,1,,,,,
2026-10-08,2026-10-08,CM,NSE,STK,8506,INF204KB1V68,MID150BEES,EQ,,,,,NIP IND ETF MIDCAP 150,226.99,226.99,220.52,221.17,221.82,226.35,,221.18,,,1622414,360389699.15,14415,F1,1,,,,,
2026-10-08,2026-10-08,CM,NSE,STK,29577,INF204K014N5,NIF100BEES,EQ,,,,,NIP IND ETF NIFTY 100,251.32,252.29,246.80,247.39,248.16,251.24,,247.55,,,77347,19243122.74,1274,F1,1,,,,,
2026-10-08,2026-10-08,CM,NSE,STK,10576,INF204KB14I2,NIFTYBEES,EQ,,,,,NIP IND ETF NIFTY BEES,258.69,258.69,253.37,253.76,254.09,257.59,,253.76,,,10595383,2698561498.90,154093,F1,1,,,,,
2026-10-08,2026-10-08,CM,NSE,STK,15032,INF204KB16I7,PSUBNKBEES,EQ,,,,,NIP IND ETF PSU BANK BEES,88.25,90.83,88.25,89.31,89.25,90.12,,89.31,,,1101535,98987729.66,4693,F1,1,,,,,
2026-10-08,2026-10-08,CM,NSE,STK,17044,INF732E01128,SHARIABEES,EQ,,,,,NIP IND ETF SHARIAH BEES,419.52,423.03,413.49,415.89,421.00,419.52,,416.06,,,7427,3102140.05,615,F1,1,,,,,
2026-10-08,2026-10-08,CM,NSE,STK,357,INE298J01013,NAM-INDIA,EQ,,,,,NIPPON L I A M LTD,1055.00,1059.50,1032.60,1039.40,1039.40,1047.20,,1039.43,,,490778,513210932.60,31679,F1,1,,,,,
2026-10-08,2026-10-08,CM,NSE,STK,757725,INF204KC1FU1,LIQGRWBEES,EQ,,,,,NIPPONAMC - LIQGRWBEES,1057.39,1059.00,1056.25,1058.57,1058.59,1058.45,,1058.57,,,41466,43892846.71,232,F1,1,,,,,
2026-10-08,2026-10-08,CM,NSE,STK,758667,INF204KC1GH6,MANUFGBEES,EQ,,,,,NIPPONAMC - MANUFGBEES,155.39,155.39,148.50,149.43,149.00,153.85,,149.43,,,16946,2549994.10,359,F1,1,,,,,
2026-10-08,2026-10-08,CM,NSE,STK,7880,INF204KC1337,AUTOBEES,EQ,,,,,NIPPONAMC - NETFAUTO,260.91,261.26,254.00,254.92,255.72,260.91,,254.92,,,354659,91050688.15,6026,F1,1,,,,,
2026-10-08,2026-10-08,CM,NSE,STK,4973,INF204KC1089,PHARMABEES,EQ,,,,,NIPPONAMC - NETFPHARMA,27.25,27.30,26.46,26.56,26.71,27.16,,26.56,,,5378292,143659513.05,13271,F1,1,,,,,
2026-10-08,2026-10-08,CM,NSE,STK,8080,INF204KC1402,SILVERBEES,EQ,,,,,NIPPONAMC - NETFSILVER,208.55,209.15,205.29,205.87,206.17,209.02,,205.87,,,16854609,3486338980.56,84334,F1,1,,,,,
2026-10-08,2026-10-08,CM,NSE,STK,757455,INF204KC1EZ3,SNXT30BEES,EQ,,,,,NIPPONAMC - SNXT30BEES,39.80,39.80,38.77,38.88,39.04,39.83,,38.88,,,11174,437271.21,138,F1,1,,,,,
2026-10-08,2026-10-08,CM,NSE,STK,255,INE368I01016,NIRAJ,EQ,,,,,NIRAJ CEMENT STRUC LTD,27.80,28.06,26.90,27.32,27.03,27.52,,27.32,,,23394,634637.23,83,F1,1,,,,,
2026-10-08,2026-10-08,CM,NSE,STK,18844,INE326T01011,NIRAJISPAT,BE,,,,,NIRAJ ISPAT IND LTD,284.00,285.50,284.00,285.50,285.50,284.10,,285.50,,,85,24216.50,3,F1,1,,,,,
2026-10-08,2026-10-08,CM,NSE,STK,2433,INE910A01012,NIRLON,EQ,,,,,NIRLON LTD,615.55,628.90,615.50,620.00,620.00,620.10,,620.00,,,5724,3557310.95,353,F1,1,,,,,
2026-10-08,2026-10-08,CM,NSE,STK,14722,INE0OK701014,NIRMAN,SM,,,,,NIRMAN AGRI GENTICS LTD,28.80,28.80,26.50,26.65,26.85,28.20,,26.65,,,9000,249135.00,25,F1,300,,,,,
2026-10-08,2026-10-08,CM,NSE,STK,13300,INE858F01012,NITCO,EQ,,,,,NITCO LIMITED,82.16,82.29,78.64,78.90,79.45,82.75,,78.90,,,416999,33346122.69,3299,F1,1,,,,,
2026-10-08,2026-10-08,CM,NSE,STK,13175,INE229H01012,NITINSPIN,EQ,,,,,NITIN SPINNERS LIMITED,615.60,615.60,595.00,596.40,595.05,615.60,,596.40,,,79233,47803347.75,4968,F1,1,,,,,
2026-10-08,2026-10-08,CM,NSE,STK,3247,INE439T01012,NITIRAJ,EQ,,,,,NITIRAJ ENGINEERS LTD,214.98,214.98,202.50,203.69,204.99,213.86,,203.69,,,643,131893.85,51,F1,1,,,,,
2026-10-08,2026-10-08,CM,NSE,STK,762824,INE265B01019,NITTAGELA,EQ,,,,,NITTA GELATIN INDIA LTD.,1670.50,1697.90,1620.30,1652.20,1664.00,1668.40,,1651.97,,,2334,3862601.70,517,F1,1,,,,,
2026-10-08,2026-10-08,CM,NSE,STK,766459,INE211501023,NITYAS,BE,,,,,NITYAS GEMS N JEWELLERY L,80.00,84.00,77.00,83.99,84.00,75.00,,84.01,,,7703838,623518907.65,22306,F1,1,,,,,
2026-10-08,2026-10-08,CM,NSE,STK,27097,INE995S01015,NIVABUPA,EQ,,,,,NIVA BUPA HEALTH INS CO L,78.85,83.50,76.49,77.83,77.00,77.38,,77.83,,,10991966,884094796.48,83031,F1,1,,,,,
2026-10-08,2026-10-08,CM,NSE,STK,2439,INE542C01019,NKIND,EQ,,,,,NK INDUSTRIES LTD,60.19,60.19,57.00,57.00,57.00,58.99,,57.00,,,1609,91863.16,21,F1,1,,,,,
2026-10-08,2026-10-08,CM,NSE,STK,8585,INE589A01014,NLCINDIA,EQ,,,,,NLC INDIA LIMITED,250.85,250.85,240.50,241.45,241.30,250.35,,241.45,,,1113004,271712075.20,26663,F1,1,,,,,
2026-10-08,2026-10-08,CM,NSE,STK,761079,INE579F24040,805NMC33,N5,,,,,NMC 8.05% 2033 SR STRPP E,125.00,125.00,125.00,125.00,125.00,125.00,,125.00,,,20,2500.00,1,F1,1,,,,,
2026-10-08,2026-10-08,CM,NSE,STK,761082,INE579F24107,805NMC36,N8,,,,,NMC 8.05% 2036 SR STRPP H,118.00,118.00,118.00,118.00,118.00,118.00,,118.00,,,23,2714.00,1,F1,1,,,,,
2026-10-08,2026-10-08,CM,NSE,STK,15332,INE584A01023,NMDC,EQ,,,,,NMDC LTD.,72.75,72.75,70.10,70.69,70.69,72.80,,70.69,,,26538950,1890233839.50,82163,F1,1,,,,,
2026-10-08,2026-10-08,CM,NSE,STK,14180,INE0NNS01018,NSLNISP,EQ,,,,,NMDC STEEL LIMITED,40.51,40.56,39.00,39.10,39.05,40.55,,39.10,,,3495333,138762221.58,17116,F1,1,,,,,
2026-10-08,2026-10-08,CM,NSE,STK,2442,INE163A01018,NOCIL,EQ,,,,,NOCIL LIMITED,173.50,173.51,165.10,165.76,166.10,172.82,,165.76,,,500059,84012019.92,8988,F1,1,,,,,
2026-10-08,2026-10-08,CM,NSE,STK,10786,INE781B01015,NOIDATOLL,EQ,,,,,NOIDA TOLL BRIDGE CO LTD,3.74,4.09,3.54,3.83,3.80,3.67,,3.83,,,330776,1274552.11,1148,F1,1,,,,,
2026-10-08,2026-10-08,CM,NSE,STK,4160,INE369C01017,NORBTEAEXP,EQ,,,,,NORBEN TEA & EXPORTS LTD,61.36,63.99,59.52,61.99,61.99,61.36,,61.97,,,2764,167956.53,81,F1,1,,,,,
2026-10-08,2026-10-08,CM,NSE,STK,13522,INE553C01016,NECCLTD,EQ,,,,,NORTH EAST CARRY CORP LTD,19.10,19.10,18.20,18.31,18.50,18.87,,18.36,,,33977,628116.98,270,F1,1,,,,,
2026-10-08,2026-10-08,CM,NSE,STK,25426,INE850M01015,NORTHARC,EQ,,,,,NORTHERN ARC CAPITAL LTD,291.90,292.00,278.85,280.70,282.05,293.75,,280.71,,,757527,215452125.80,15491,F1,1,,,,,
2026-10-08,2026-10-08,CM,NSE,STK,22477,INE02H701025,NOVAAGRI,EQ,,,,,NOVA AGRITECH LIMITED,22.24,22.59,21.50,21.95,21.92,22.24,,21.97,,,31244,691945.28,333,F1,1,,,,,
2026-10-08,2026-10-08,CM,NSE,STK,9007,INE234A01025,NOVARTIND,EQ,,,,,NOVARTIS INDIA LIMITED,2041.50,2057.90,1970.00,1987.70,2008.00,2010.40,,1987.60,,,34524,68985756.20,4947,F1,1,,,,,
2026-10-08,2026-10-08,CM,NSE,STK,7553,INE349A01021,NRBBEARING,EQ,,,,,NRB BEARING LIMITED,534.45,534.45,498.10,510.20,510.00,529.95,,510.20,,,572093,292031400.50,29875,F1,1,,,,,
2026-10-08,2026-10-08,CM,NSE,STK,29733,INE047O01014,NIBL,EQ,,,,,NRB INDUS. BEARINGS LTD.,31.98,32.10,30.66,30.97,31.50,31.37,,31.04,,,6719,209665.52,116,F1,1,,,,,
2026-10-08,2026-10-08,CM,NSE,STK,27176,INE0ONG01011,NTPCGREEN,EQ,,,,,NTPC GREEN ENERGY LIMITED,88.51,91.98,87.62,90.80,90.62,88.51,,90.80,,,6500219,587286856.97,49051,F1,1,,,,,
2026-10-08,2026-10-08,CM,NSE,STK,11630,INE733E01010,NTPC,EQ,,,,,NTPC LTD,316.00,316.40,308.45,309.70,309.70,316.75,,309.69,,,12262742,3815689632.65,136271,F1,1,,,,,
2026-10-08,2026-10-08,CM,NSE,STK,10791,INE096B01018,NUCLEUS,EQ,,,,,NUCLEUS SOFTWARE EXPORTS,628.15,633.95,609.30,619.80,610.05,628.85,,620.41,,,24065,14960306.75,1812,F1,1,,,,,
2026-10-08,2026-10-08,CM,NSE,STK,13680,INE0JM501013,NRL,BE,,,,,NUPUR RECYCLERS LIMITED,161.00,161.00,158.90,158.90,158.90,160.14,,158.90,,,27444,4409429.90,130,F1,1,,,,,
2026-10-08,2026-10-08,CM,NSE,STK,2353,INE0DSF01015,NURECA,BE,,,,,NURECA LIMITED,330.05,340.00,326.10,331.35,332.00,333.90,,331.33,,,8042,2693082.35,202,F1,1,,,,,
2026-10-08,2026-10-08,CM,NSE,STK,18721,INE531F01023,NUVAMA,EQ,,,,,NUVAMA WEALTH MANAGE LTD,1807.80,1813.10,1721.10,1737.40,1733.90,1825.90,,1737.32,,,245430,433663201.00,29171,F1,1,,,,,
2026-10-08,2026-10-08,CM,NSE,STK,5426,INE118D01016,NUVOCO,EQ,,,,,NUVOCO VISTAS CORP LTD,324.10,328.70,320.60,321.90,322.00,324.75,,321.90,,,142319,46016700.25,14993,F1,1,,,,,
2026-10-08,2026-10-08,CM,NSE,STK,24298,INE0SF023016,NXT-INFRA,IV,,,,,NXT-INFRA TRUST,99.80,99.80,98.00,98.00,98.00,98.00,,98.00,,,100000,9845000.00,4,F1,25000,,,,,
2026-10-08,2026-10-08,CM,NSE,STK,8797,INE426Z01016,OBCL,EQ,,,,,OBCL LIMITED,57.56,57.56,54.56,54.84,54.98,57.56,,54.84,,,9154,503570.59,74,F1,1,,,,,
2026-10-08,2026-10-08,CM,NSE,STK,20242,INE093I01010,OBEROIRLTY,EQ,,,,,OBEROI REALTY LIMITED,1730.00,1730.00,1663.30,1663.30,1663.30,1736.00,,1663.31,,,352318,594209807.50,33772,F1,1,,,,,
2026-10-08,2026-10-08,CM,NSE,STK,25923,INE0YHV01011,OBSCP,SM,,,,,OBSC PERFECTION LIMITED,875.00,875.00,840.00,850.15,858.95,872.15,,850.15,,,56800,48575160.00,135,F1,400,,,,,
2026-10-08,2026-10-08,CM,NSE,STK,25920,INE0PK601023,OCCLLTD,BE,,,,,OCCL LIMITED,215.42,215.70,206.44,208.36,212.00,217.30,,208.28,,,164531,34496666.79,1268,F1,1,,,,,
2026-10-08,2026-10-08,CM,NSE,STK,27571,INE054301028,ODIGMA,EQ,,,,,ODIGMA CONSULTANCY SOL L,20.70,21.91,20.46,20.67,20.75,20.90,,20.67,,,7515,155170.34,300,F1,1,,,,,
2026-10-08,2026-10-08,CM,NSE,STK,764803,INE839E01023,ODYCORP,EQ,,,,,ODYSSEY CORPORATION LTD.,6.76,6.98,6.51,6.86,6.69,6.70,,6.72,,,7321,49432.37,47,F1,1,,,,,
2026-10-08,2026-10-08,CM,NSE,STK,2475,INE213A01029,ONGC,EQ,,,,,OIL AND NATURAL GAS CORP.,222.50,223.00,218.53,219.80,219.80,221.88,,219.80,,,9471873,2080294128.67,116211,F1,1,,,,,
2026-10-08,2026-10-08,CM,NSE,STK,8109,INE591A01010,OILCOUNTUB,BE,,,,,OIL COUNTRY TUBULAR LTD.,84.56,84.56,84.56,84.56,84.56,82.91,,84.41,,,142655,12062906.80,148,F1,1,,,,,
2026-10-08,2026-10-08,CM,NSE,STK,17438,INE274J01014,OIL,EQ,,,,,OIL INDIA LTD,452.00,454.25,443.60,447.00,447.00,453.75,,447.00,,,618269,276637647.45,27638,F1,1,,,,,
2026-10-08,2026-10-08,CM,NSE,STK,24777,INE0LXG01040,OLAELEC,EQ,,,,,OLA ELECTRIC MOBILITY LTD,36.02,36.08,32.70,34.63,35.04,36.32,,34.63,,,163853977,5605403829.89,336354,F1,1,,,,,
2026-10-08,2026-10-08,CM,NSE,STK,10637,INE260D01016,OLECTRA,EQ,,,,,OLECTRA GREENTECH LIMITED,1085.00,1096.20,1037.10,1041.50,1047.00,1084.10,,1041.53,,,500948,532945745.60,30655,F1,1,,,,,
2026-10-08,2026-10-08,CM,NSE,STK,759411,INE1BZC01019,OMFREIGHT,EQ,,,,,OM FREIGHT FORWARDERS LTD,108.00,108.00,102.00,106.72,106.94,106.63,,106.81,,,32040,3390814.11,485,F1,1,,,,,
2026-10-08,2026-10-08,CM,NSE,STK,24231,INE239D01028,OMINFRAL,EQ,,,,,OM INFRA LIMITED,72.45,72.99,67.39,68.86,68.50,72.45,,68.87,,,116818,8172350.34,2082,F1,1,,,,,
2026-10-08,2026-10-08,CM,NSE,STK,762432,INE25E901019,OMPOWER,EQ,,,,,OM POWER TRANSMISSION LTD,170.00,174.59,164.25,166.11,164.37,165.75,,166.09,,,455548,77344349.97,8005,F1,1,,,,,
2026-10-08,2026-10-08,CM,NSE,STK,10922,INE090B01011,OMAXAUTO,EQ,,,,,OMAX AUTOS LTD,206.85,212.79,196.60,200.16,196.60,206.85,,200.16,,,44903,9099048.61,1093,F1,1,,,,,
2026-10-08,2026-10-08,CM,NSE,STK,14853,INE800H01010,OMAXE,EQ,,,,,OMAXE LIMITED,105.80,106.85,96.61,98.42,98.40,107.01,,98.43,,,534627,53843033.92,5971,F1,1,,,,,
2026-10-08,2026-10-08,CM,NSE,STK,117,INE338Y01016,OMFURN,SM,,,,,OMFURN INDIA LIMITED,49.30,53.50,49.30,53.50,53.50,51.60,,53.50,,,2400,123360.00,2,F1,1200,,,,,
2026-10-08,2026-10-08,CM,NSE,STK,760865,INE0UH301010,OMNI,EQ,,,,,OMNITECH ENGINEERING LTD,662.45,669.90,627.30,636.50,629.10,657.55,,636.43,,,474250,307188922.20,26138,F1,1,,,,,
2026-10-08,2026-10-08,CM,NSE,STK,19692,INE00ER01015,ONDOOR,SM,,,,,ON DOOR CONCEPTS LIMITED,266.95,272.00,258.00,258.25,258.00,264.00,,258.25,,,6600,1764645.00,18,F1,300,,,,,
2026-10-08,2026-10-08,CM,NSE,STK,6705,INE982J01020,PAYTM,EQ,,,,,ONE 97 COMMUNICATIONS LTD,1671.00,1671.40,1558.80,1641.50,1641.50,1732.00,,1641.47,,,17399723,28258244632.60,458165,F1,1,,,,,
2026-10-08,2026-10-08,CM,NSE,STK,765242,INE670O01013,ONEGLOBAL,EQ,,,,,ONE GLOBAL SERVICE PROV L,604.00,606.00,555.65,561.30,556.05,585.00,,561.05,,,21890,12727188.90,1438,F1,1,,,,,
2026-10-08,2026-10-08,CM,NSE,STK,28046,INE0HLU01028,MOBIKWIK,EQ,,,,,ONE MOBIKWIK SYSTEMS LTD,247.00,249.10,234.52,244.52,244.90,256.08,,244.51,,,18727942,4505288486.98,145083,F1,1,,,,,
2026-10-08,2026-10-08,CM,NSE,STK,9939,INE840Y01029,ONEPOINT,EQ,,,,,ONE POINT ONE SOL LTD,78.99,79.60,77.43,78.45,78.80,78.77,,78.45,,,3031082,237713738.33,13571,F1,1,,,,,
2026-10-08,2026-10-08,CM,NSE,STK,19386,INE0OPS01011,OLIL,SM,,,,,ONECLICK LOGISTICS IND L,440.00,441.50,439.95,440.65,440.65,441.35,,440.65,,,12400,5458120.00,12,F1,400,,,,,
2026-10-08,2026-10-08,CM,NSE,STK,25496,INE912L01015,ONELIFECAP,BE,,,,,ONELIFE CAP ADVISORS LTD,48.90,49.51,47.50,49.51,49.51,47.16,,49.55,,,100079,4944584.87,209,F1,1,,,,,
2026-10-08,2026-10-08,CM,NSE,STK,763294,INE12F801023,KISSHT,EQ,,,,,ONEMI TECHNOLOGY SOL LTD,375.00,378.20,366.90,372.15,371.50,377.35,,372.16,,,886460,330461471.70,27622,F1,1,,,,,
2026-10-08,2026-10-08,CM,NSE,STK,29224,INE013P01021,ONESOURCE,EQ,,,,,ONESOURCE SPECL PHARMA L,1528.00,1534.50,1462.50,1478.20,1477.00,1528.60,,1478.19,,,232650,344512837.70,21920,F1,1,,,,,
2026-10-08,2026-10-08,CM,NSE,STK,2202,INE831A01028,ONIDA,EQ,,,,,ONIDA ELECTRONICS LIMITED,31.00,32.78,28.62,29.50,29.65,30.67,,29.50,,,722888,21881797.04,2670,F1,1,,,,,
2026-10-08,2026-10-08,CM,NSE,STK,764808,INE173M01012,ONIXSOLAR,EQ,,,,,ONIX SOLAR ENERGY LTD.,359.00,372.85,359.00,371.20,372.85,355.10,,371.25,,,341416,125411534.35,4506,F1,1,,,,,
2026-10-08,2026-10-08,CM,NSE,STK,15282,INE809I01019,ONMOBILE,BE,,,,,ONMOBILE GLOBAL LTD.,51.65,54.10,51.15,51.54,52.00,51.57,,51.61,,,117593,6234982.70,677,F1,1,,,,,
2026-10-08,2026-10-08,CM,NSE,STK,2481,INE229A01017,ONWARDTEC,EQ,,,,,ONWARD TECHNOLOGIES LTD,303.40,303.40,293.35,294.60,293.80,297.40,,294.60,,,55959,16650166.35,1601,F1,1,,,,,
2026-10-08,2026-10-08,CM,NSE,STK,27143,INE0WVU01018,ONYX,ST,,,,,ONYX BIOTEC LIMITED,39.45,39.45,37.55,37.55,37.55,37.80,,37.55,,,12000,458800.00,5,F1,2000,,,,,
2026-10-08,2026-10-08,CM,NSE,STK,21469,INE350C01017,OPTIEMUS,EQ,,,,,OPTIEMUS INFRACOM LTD,865.00,866.95,810.15,816.85,817.00,861.90,,816.86,,,783987,647922018.10,36011,F1,1,,,,,
2026-10-08,2026-10-08,CM,NSE,STK,764813,INE031G01022,OPTIFIN,EQ,,,,,OPTIMUS FINANCE LTD.,14.29,14.55,14.00,14.29,14.39,14.58,,14.29,,,17739,251566.75,106,F1,1,,,,,
2026-10-08,2026-10-08,CM,NSE,STK,764528,INE1JZB01022,OPTIMYSTIX,SM,,,,,OPTIMYSTIX ENT INDIA LTD,135.10,139.90,135.10,139.65,139.90,136.90,,139.65,,,15200,2086240.00,16,F1,800,,,,,
2026-10-08,2026-10-08,CM,NSE,STK,758903,INE15B101011,OPTIVALUE,ST,,,,,OPTIVALUE TEK CONSULT LTD,235.00,235.00,226.10,226.10,226.10,238.00,,226.10,,,35200,7991760.00,21,F1,1600,,,,,
2026-10-08,2026-10-08,CM,NSE,STK,10738,INE881D01027,OFSS,EQ,,,,,ORACLE FIN SERV SOFT LTD.,10586.00,10812.00,10400.00,10400.00,10400.00,10576.00,,10400.13,,,174397,1855019178.00,34481,F1,1,,,,,
2026-10-08,2026-10-08,CM,NSE,STK,31475,INE231G01010,ORBTEXP,EQ,,,,,ORBIT EXPORTS LIMITED,247.00,248.05,231.85,235.75,232.60,242.90,,235.75,,,6792,1620215.00,257,F1,1,,,,,
2026-10-08,2026-10-08,CM,NSE,STK,29492,INE215B01022,ORCHASP,EQ,,,,,ORCHASP LIMITED,1.35,1.39,1.30,1.31,1.35,1.33,,1.31,,,106190,142910.88,164,F1,1,,,,,
2026-10-08,2026-10-08,CM,NSE,STK,926,INE191A01027,ORCHPHARMA,EQ,,,,,ORCHID PHARMA LIMITED,1029.05,1029.05,975.00,981.20,990.00,1023.95,,981.21,,,93627,92791710.15,21702,F1,1,,,,,
2026-10-08,2026-10-08,CM,NSE,STK,17882,INE0OUT01027,ORIANA,SM,,,,,ORIANA POWER LIMITED,308.20,308.20,292.05,294.90,292.50,303.00,,294.90,,,218250,64768462.50,472,F1,375,,,,,
2026-10-08,2026-10-08,CM,NSE,STK,10159,INE730A01022,ORICONENT,EQ,,,,,ORICON ENTERPRISES LTD,53.25,53.25,50.15,50.72,51.00,52.27,,50.72,,,37804,1945072.01,837,F1,1,,,,,
2026-10-08,2026-10-08,CM,NSE,STK,14278,INE607D01018,ORIENTBELL,EQ,,,,,ORIENT BELL LIMITED,433.00,442.00,412.00,413.00,413.70,432.55,,413.03,,,91820,39184420.05,5461,F1,1,,,,,
2026-10-08,2026-10-08,CM,NSE,STK,766377,INE0J1N01028,ORIENTCABL,EQ,,,,,ORIENT CABLES (INDIA) LTD,417.00,418.00,378.55,386.85,393.00,418.40,,386.85,,,3679726,1473592329.65,85015,F1,1,,,,,
2026-10-08,2026-10-08,CM,NSE,STK,30089,INE876N01018,ORIENTCEM,EQ,,,,,ORIENT CEMENT LTD.,113.55,113.88,109.70,110.08,111.10,113.21,,110.08,,,216317,24102706.76,3838,F1,1,,,,,
2026-10-08,2026-10-08,CM,NSE,STK,13111,INE569C01020,ORIENTCER,EQ,,,,,ORIENT CERATECH LIMITED,43.50,43.99,41.20,41.94,42.00,42.87,,41.99,,,57395,2438429.38,1443,F1,1,,,,,
2026-10-08,2026-10-08,CM,NSE,STK,2972,INE142Z01019,ORIENTELEC,EQ,,,,,ORIENT ELECTRIC LIMITED,162.67,164.93,160.60,162.95,163.20,160.73,,162.95,,,259935,42247993.66,5263,F1,1,,,,,
2026-10-08,2026-10-08,CM,NSE,STK,20110,INE999K01014,GREENPOWER,EQ,,,,,ORIENT GREEN POWER CO LTD,8.64,8.69,8.31,8.34,8.35,8.65,,8.34,,,2176694,18356341.17,4935,F1,1,,,,,
2026-10-08,2026-10-08,CM,NSE,STK,2493,INE750A01020,ORIENTHOT,EQ,,,,,ORIENT HOTELS LTD,142.11,142.70,138.08,139.12,138.08,143.06,,139.12,,,188020,26472939.05,1923,F1,1,,,,,
2026-10-08,2026-10-08,CM,NSE,STK,2496,INE592A01026,ORIENTPPR,EQ,,,,,ORIENT PAPER AND INDS LTD,16.04,16.04,15.60,15.73,15.75,15.99,,15.73,,,119803,1887196.50,664,F1,1,,,,,
2026-10-08,2026-10-08,CM,NSE,STK,18211,INE609C01024,ORIENTLTD,BE,,,,,ORIENT PRESS LIMITED,76.50,80.00,76.00,80.00,80.00,77.00,,79.75,,,1669,129221.12,13,F1,1,,,,,
2026-10-08,2026-10-08,CM,NSE,STK,24961,INE0PPK01015,ORIENTTECH,EQ,,,,,ORIENT TECHNOLOGIES LTD,240.00,250.29,233.25,234.94,235.80,239.80,,234.95,,,1873315,455414221.08,34332,F1,1,,,,,
2026-10-08,2026-10-08,CM,NSE,STK,10768,INE959C01023,OAL,EQ,,,,,ORIENTAL AROMATICS LTD,515.00,527.20,508.00,512.00,508.50,515.60,,511.72,,,25390,13121338.20,1549,F1,1,,,,,
2026-10-08,2026-10-08,CM,NSE,STK,764818,INE457G01029,ORIRAIL,EQ,,,,,ORIENTAL RAIL INFRA L,121.25,121.99,118.05,119.28,118.50,120.66,,119.28,,,49230,5879138.65,1194,F1,1,,,,,
2026-10-08,2026-10-08,CM,NSE,STK,14346,INE998H01012,ORIENTALTL,EQ,,,,,ORIENTAL TRIMEX LTD,4.80,4.88,4.76,4.79,4.80,4.83,,4.79,,,93221,449012.74,250,F1,1,,,,,
2026-10-08,2026-10-08,CM,NSE,STK,19931,INE725E01024,ORISSAMINE,EQ,,,,,ORISSA MIN DEV CO LTD,3551.50,3587.60,3450.00,3460.40,3480.00,3581.30,,3461.94,,,5515,19272938.20,1813,F1,1,,,,,
2026-10-08,2026-10-08,CM,NSE,STK,759569,INE16NZ01023,ORKLAINDIA,EQ,,,,,ORKLA INDIA LIMITED,563.00,565.85,546.00,549.70,549.00,562.75,,549.73,,,49803,27785586.45,3802,F1,1,,,,,
2026-10-08,2026-10-08,CM,NSE,STK,2979,INE749B01020,ORTINGLOBE,EQ,,,,,ORTIN GLOBAL LIMITED,14.60,14.80,14.00,14.38,14.64,14.90,,14.38,,,13680,194724.41,38,F1,1,,,,,
2026-10-08,2026-10-08,CM,NSE,STK,25386,INE0RMF01018,OSELDEVICE,SM,,,,,OSEL DEVICES LIMITED,390.90,390.90,363.10,367.50,365.00,388.40,,367.50,,,13600,5048940.00,62,F1,200,,,,,
2026-10-08,2026-10-08,CM,NSE,STK,766359,INE06IR01021,OSIAHYPER,BZ,,,,,OSIA HYPER RETAIL LIMITED,1.95,1.95,1.82,1.84,1.86,1.91,,1.84,,,334148,617202.21,462,F1,1,,,,,
2026-10-08,2026-10-08,CM,NSE,STK,2514,INE142A01012,OSWALAGRO,EQ,,,,,OSWAL AGRO MILLS LTD,32.74,33.46,31.50,31.96,32.00,32.74,,31.96,,,35587,1145727.17,392,F1,1,,,,,
2026-10-08,2026-10-08,CM,NSE,STK,471,INE143A01010,OSWALGREEN,EQ,,,,,OSWAL GREENTECH LIMITED,19.65,19.66,18.79,19.00,18.96,18.99,,19.00,,,66929,1277924.67,723,F1,1,,,,,
2026-10-08,2026-10-08,CM,NSE,STK,756802,INE0BYP01024,OSWALPUMPS,EQ,,,,,OSWAL PUMPS LIMITED,263.00,264.35,254.55,255.45,256.80,264.60,,255.44,,,297453,76770994.40,6814,F1,1,,,,,
2026-10-08,2026-10-08,CM,NSE,STK,22911,INE0R8M01017,OWAIS,SM,,,,,OWAIS METAL & MINERAL,66.50,66.75,65.50,66.05,66.75,66.80,,66.05,,,5100,337895.00,22,F1,100,,,,,
2026-10-08,2026-10-08,CM,NSE,STK,765145,INE501F01018,PBMPOLY,EQ,,,,,P B M POLYTEX LTD.,58.89,64.99,58.73,60.24,58.73,57.75,,60.24,,,129,7863.66,16,F1,1,,,,,
2026-10-08,2026-10-08,CM,NSE,STK,25312,INE953R01016,PNGJL,EQ,,,,,P N GADGIL JEWELLERS LTD,600.00,606.60,582.00,586.30,588.80,597.05,,586.29,,,414424,246207793.30,21164,F1,1,,,,,
2026-10-08,2026-10-08,CM,NSE,STK,764845,INE035S01028,POEL,EQ,,,,,P O C L ENTERPRISES LTD.,135.35,136.35,125.10,128.25,128.50,135.86,,128.45,,,29674,3891518.92,828,F1,1,,,,,
2026-10-08,2026-10-08,CM,NSE,STK,29662,INE0XUS01020,PSRAJ,SM,,,,,P S RAJ STEELS LIMITED,99.00,100.35,93.50,98.85,99.70,99.40,,98.85,,,50000,4874125.00,20,F1,2500,,,,,
2026-10-08,2026-10-08,CM,NSE,STK,2535,INE179A01014,PGHH,EQ,,,,,P&G HYGIENE & HEALTH CARE,6929.00,6956.00,6778.00,6857.00,6792.00,6921.00,,6856.89,,,12144,83397750.00,4288,F1,1,,,,,
2026-10-08,2026-10-08,CM,NSE,STK,8735,INE0KN801013,PROPEQUITY,SM,,,,,P. E. ANALYTICS LIMITED,195.00,206.05,187.00,187.00,187.00,195.00,,187.00,,,1800,352830.00,3,F1,600,,,,,
2026-10-08,2026-10-08,CM,NSE,STK,759342,INE0S3G01027,PACEDIGITK,EQ,,,,,PACE DIGITEK LIMITED,165.45,165.88,161.00,161.85,162.00,165.45,,161.84,,,454268,73759761.57,6388,F1,1,,,,,
2026-10-08,2026-10-08,CM,NSE,STK,764823,INE883C01025,PACIFICI,EQ,,,,,PACIFIC INDUSTRIES LTD.,134.81,138.50,130.00,133.01,133.01,138.59,,133.01,,,223,29595.32,17,F1,1,,,,,
2026-10-08,2026-10-08,CM,NSE,STK,14413,INE761H01022,PAGEIND,EQ,,,,,PAGE INDUSTRIES LTD,37565.00,37565.00,36450.00,36450.00,36450.00,37570.00,,36451.98,,,18034,667206765.00,7259,F1,1,,,,,
2026-10-08,2026-10-08,CM,NSE,STK,25468,INE420C01059,PAISALO,EQ,,,,,PAISALO DIGITAL LIMITED,83.80,84.63,79.33,81.13,80.39,84.23,,81.12,,,11572512,944362257.80,28777,F1,1,,,,,
2026-10-08,2026-10-08,CM,NSE,STK,17197,INE551D01018,PAKKA,EQ,,,,,PAKKA LIMITED,72.37,72.50,70.98,71.69,71.52,72.37,,71.69,,,83544,5989020.89,1174,F1,1,,,,,
2026-10-08,2026-10-08,CM,NSE,STK,21383,INE471W01019,PALASHSECU,EQ,,,,,PALASH SECURITIES LTD,87.80,88.00,84.01,87.10,86.01,87.99,,87.10,,,1566,135908.95,82,F1,1,,,,,
2026-10-08,2026-10-08,CM,NSE,STK,17062,INE218G01033,PALREDTEC,EQ,,,,,PALRED TECHNOLOGIES LTD,41.55,41.55,41.25,41.25,41.25,43.42,,39.80,,,5894,243543.60,33,F1,1,,,,,
2026-10-08,2026-10-08,CM,NSE,STK,4055,INE922B01023,PANACEABIO,EQ,,,,,PANACEA BIOTEC LTD,357.10,358.60,342.60,344.50,348.50,357.60,,344.43,,,77413,26819127.30,2405,F1,1,,,,,
2026-10-08,2026-10-08,CM,NSE,STK,16355,INE895W01019,PANACHE,BE,,,,,PANACHE DIGILIFE LIMITED,627.30,627.30,570.00,589.25,603.00,597.45,,589.25,,,225061,136299685.65,725,F1,1,,,,,
2026-10-08,2026-10-08,CM,NSE,STK,25392,INE305C01029,PANAMAPET,EQ,,,,,PANAMA PETROCHEM LTD,540.50,540.65,496.10,501.30,501.00,537.00,,501.35,,,562620,287017014.60,21301,F1,1,,,,,
2026-10-08,2026-10-08,CM,NSE,STK,764828,INE798F01010,PANCHMAHQ,EQ,,,,,PANCHMAHAL STEEL LTD.,280.00,280.00,261.60,269.00,276.70,285.00,,269.47,,,662,178010.00,41,F1,1,,,,,
2026-10-08,2026-10-08,CM,NSE,STK,765140,INE258R01028,PANORAMA,EQ,,,,,PANORAMA STUDIOS INTL. L,67.00,67.00,63.00,63.65,63.20,66.29,,63.63,,,581967,37435083.29,2394,F1,1,,,,,
2026-10-08,2026-10-08,CM,NSE,STK,6141,INE697V01011,PANSARI,EQ,,,,,PANSARI DEVELOPERS LTD,265.00,266.95,258.00,266.95,266.95,271.00,,266.95,,,20,5264.75,7,F1,1,,,,,
2026-10-08,2026-10-08,CM,NSE,STK,766440,INE1V7901010,PAPADMALJI,ST,,,,,PAPADMALJI AGRO FOODS LTD,67.00,67.00,65.35,65.35,65.35,68.75,,65.35,,,4800,316320.00,3,F1,1600,,,,,
2026-10-08,2026-10-08,CM,NSE,STK,5637,INE04LG01015,PAR,BE,,,,,PAR DRUGS AND CHEM LTD,124.95,125.00,119.15,121.47,121.62,125.28,,121.47,,,8825,1070576.95,153,F1,1,,,,,
2026-10-08,2026-10-08,CM,NSE,STK,9741,INE088F01024,PARADEEP,EQ,,,,,PARADEEP PHOSPHATES LTD,155.00,155.00,148.50,150.55,149.80,155.38,,150.58,,,1424165,215826175.28,18803,F1,1,,,,,
2026-10-08,2026-10-08,CM,NSE,STK,17130,INE883N01014,PARAGMILK,EQ,,,,,PARAG MILK FOODS LTD.,310.00,317.00,302.00,303.25,305.00,311.80,,303.24,,,2092973,647806773.35,31902,F1,1,,,,,
2026-10-08,2026-10-08,CM,NSE,STK,19779,INE0N4G01012,PARAGON,SM,,,,,PARAGON FINE S.C. LTD.,54.00,54.00,50.25,50.25,50.25,53.05,,50.25,,,12000,634440.00,10,F1,1200,,,,,
2026-10-08,2026-10-08,CM,NSE,STK,25069,INE0S2W01018,PARAMATRIX,SM,,,,,PARAMATRIX TECHNOLOGIES L,55.00,65.50,55.00,55.90,55.00,55.00,,55.90,,,15600,911280.00,13,F1,1200,,,,,
2026-10-08,2026-10-08,CM,NSE,STK,13951,INE074B01023,PARACABLES,EQ,,,,,PARAMOUNT COMM LTD,57.49,57.72,54.60,55.05,55.10,57.49,,55.05,,,1051625,58608847.72,6885,F1,1,,,,,
2026-10-08,2026-10-08,CM,NSE,STK,25716,INE0TG801013,PARAMOUNT,SM,,,,,PARAMOUNT DYE TEC LIMITED,38.10,38.10,38.10,38.10,38.10,40.10,,38.10,,,4800,182880.00,4,F1,1200,,,,,
2026-10-08,2026-10-08,CM,NSE,STK,25431,INE0Q6001012,PSFL,SM,,,,,PARAMOUNT SPECIALI FORG L,31.65,31.65,31.65,31.65,31.65,32.50,,31.65,,,2000,63300.00,1,F1,2000,,,,,
2026-10-08,2026-10-08,CM,NSE,STK,5911,INE045601023,PARAS,EQ,,,,,PARAS DEF AND SPCE TECH L,1286.70,1288.70,1234.10,1241.90,1244.00,1286.10,,1241.88,,,518139,650307053.00,32900,F1,1,,,,,
2026-10-08,2026-10-08,CM,NSE,STK,3972,INE162C01024,PARASPETRO,EQ,,,,,PARAS PETROFILS LTD.,1.99,2.07,1.99,2.02,2.02,2.03,,2.02,,,116049,235987.52,204,F1,1,,,,,
2026-10-08,2026-10-08,CM,NSE,STK,766227,INE00U801010,PARIN,EQ,,,,,PARIN ENTERPRISES LIMITED,694.40,705.00,687.00,691.90,705.00,704.30,,691.90,,,7071,4899595.20,373,F1,1,,,,,
2026-10-08,2026-10-08,CM,NSE,STK,760351,INE119201023,PARKHOSPS,EQ,,,,,PARK MEDI WORLD LIMITED,270.50,271.20,260.20,260.85,262.70,272.80,,260.85,,,558323,148149684.35,11137,F1,1,,,,,
2026-10-08,2026-10-08,CM,NSE,STK,22649,INE988S01028,PARKHOTELS,EQ,,,,,PARKHOTELS,103.15,104.54,100.80,101.16,101.97,103.62,,101.16,,,71842,7325296.75,1296,F1,1,,,,,
2026-10-08,2026-10-08,CM,NSE,STK,764833,INE383L01019,PARNAXLAB,EQ,,,,,PARNAX LAB LTD.,113.79,118.60,111.65,113.07,113.02,111.54,,112.78,,,1464,170971.13,76,F1,1,,,,,
2026-10-08,2026-10-08,CM,NSE,STK,13795,INE561H01026,PARSVNATH,BE,,,,,PARSVNATH DEVELOPER LTD,2.29,2.29,2.29,2.29,2.29,2.25,,2.29,,,17063,39074.27,44,F1,1,,,,,
2026-10-08,2026-10-08,CM,NSE,STK,758217,INE1H7V01011,PARTH,SM,,,,,PARTH ELEC & ENG LTD,520.00,520.00,505.00,510.50,510.00,518.75,,510.50,,,7200,3673500.00,18,F1,400,,,,,
2026-10-08,2026-10-08,CM,NSE,STK,2599,INE06ZX01015,PARTYCRUS,SM,,,,,PARTY CRUISERS LIMITED,96.20,99.00,96.00,96.35,96.00,96.20,,96.35,,,12000,1167100.00,12,F1,1000,,,,,
2026-10-08,2026-10-08,CM,NSE,STK,766247,INE06ZX20015,PARTY-RE,ST,,,,,PARTY CRUISERS LTD,0.40,0.40,0.30,0.30,0.30,0.35,,0.30,,,411846,153633.00,161,F1,166,,,,,
2026-10-08,2026-10-08,CM,NSE,STK,757955,INE124Y01028,PASHUPATI,EQ,,,,,PASHUPATI COTSPIN LIMITED,69.99,72.99,68.90,69.68,69.60,69.60,,69.69,,,154220,10822650.11,4792,F1,1,,,,,
2026-10-08,2026-10-08,CM,NSE,STK,6045,INE818B01023,PASUPTAC,EQ,,,,,PASUPATI ACRYLON LIMITED,71.00,71.95,66.76,70.33,70.75,70.50,,70.32,,,169057,11696137.48,2485,F1,1,,,,,
2026-10-08,2026-10-08,CM,NSE,STK,17029,INE619A01035,PATANJALI,EQ,,,,,PATANJALI FOODS LIMITED,360.25,361.05,350.00,355.00,355.00,360.95,,355.03,,,3092753,1091983961.35,83115,F1,1,,,,,
2026-10-08,2026-10-08,CM,NSE,STK,11699,INE244B01030,PATELENG,EQ,,,,,PATEL ENGINEERING LTD.,25.71,25.75,24.80,24.88,24.94,25.74,,24.88,,,2554873,64310584.21,8784,F1,1,,,,,
2026-10-08,2026-10-08,CM,NSE,STK,15219,INE529D01014,PATINTLOG,EQ,,,,,PATEL INT. LOG. LTD,13.38,13.38,12.80,12.90,12.82,13.11,,12.90,,,46346,602671.01,317,F1,1,,,,,
2026-10-08,2026-10-08,CM,NSE,STK,759439,INE0R8B01010,PATELRMART,EQ,,,,,PATEL RETAIL LIMITED,228.80,232.89,223.01,229.61,232.89,227.86,,229.47,,,157882,35835981.71,2680,F1,1,,,,,
2026-10-08,2026-10-08,CM,NSE,STK,756966,INE17GV01016,PATILAUTOM,ST,,,,,PATIL AUTOMATION LIMITED,355.00,367.75,337.10,344.95,342.50,353.15,,344.95,,,37200,12892230.00,58,F1,600,,,,,
2026-10-08,2026-10-08,CM,NSE,STK,762834,INE291E01019,PML,EQ,,,,,PAUL MERCHANTS LTD.,477.00,480.00,453.50,453.50,453.50,483.85,,464.97,,,17,8041.10,6,F1,1,,,,,
2026-10-08,2026-10-08,CM,NSE,STK,759969,INE111F01024,PAUSHAKLTD,EQ,,,,,PAUSHAK LIMITED,696.80,698.00,664.25,671.65,674.45,697.55,,671.58,,,31455,21241074.50,3114,F1,1,,,,,
2026-10-08,2026-10-08,CM,NSE,STK,16192,INE07S101038,PAVNAIND,EQ,,,,,PAVNA INDUSTRIES LIMITED,15.45,15.59,14.99,15.08,15.00,15.30,,15.08,,,25589,387776.89,169,F1,1,,,,,
2026-10-08,2026-10-08,CM,NSE,STK,6656,INE417T01026,POLICYBZR,EQ,,,,,PB FINTECH LIMITED,1041.00,1047.50,995.30,996.00,996.00,1040.00,,996.01,,,3262071,3306389576.40,74279,F1,1,,,,,
2026-10-08,2026-10-08,CM,NSE,STK,29124,INE785M01021,PCJEWELLER,EQ,,,,,PC JEWELLER LTD,13.49,14.38,13.42,13.90,13.92,13.14,,13.90,,,859046354,11995693323.12,327950,F1,1,,,,,
2026-10-08,2026-10-08,CM,NSE,STK,2649,INE602A01031,PCBL,EQ,,,,,PCBL CHEMICAL LIMITED,328.50,331.90,317.50,319.25,320.00,326.90,,319.24,,,919958,297209875.10,28123,F1,1,,,,,
2026-10-08,2026-10-08,CM,NSE,STK,761819,INE389Z07104,9PCPL28A,N0,,,,,PCPL 9% 2028,9649.00,9700.00,9403.50,9645.00,9645.00,9650.00,,9645.00,,,42,402556.00,13,F1,1,,,,,
2026-10-08,2026-10-08,CM,NSE,STK,5264,INE111Q01021,PDSL,EQ,,,,,PDS LIMITED,344.10,344.10,335.55,336.95,335.70,342.00,,336.92,,,34294,11604951.80,3114,F1,1,,,,,
2026-10-08,2026-10-08,CM,NSE,STK,14260,INE940H01022,PGIL,EQ,,,,,PEARL GLOBAL IND LIMITED,1278.80,1298.70,1262.10,1272.30,1270.10,1273.10,,1272.41,,,129386,165406835.40,19076,F1,1,,,,,
2026-10-08,2026-10-08,CM,NSE,STK,2610,INE844A01013,PEARLPOLY,EQ,,,,,PEARL POLYMERS LTD,17.77,17.77,16.78,17.09,16.90,17.55,,17.09,,,8444,145362.50,77,F1,1,,,,,
2026-10-08,2026-10-08,CM,NSE,STK,25408,INE0VG601013,PELATRO,SM,,,,,PELATRO LIMITED,361.00,365.00,361.00,365.00,365.00,375.00,,365.00,,,1500,545100.00,5,F1,300,,,,,
2026-10-08,2026-10-08,CM,NSE,STK,2256,INE138A01028,PENINLAND,EQ,,,,,PENINSULA LAND LIMITED,14.78,14.78,13.75,14.60,14.64,14.66,,14.62,,,334859,4792392.77,968,F1,1,,,,,
2026-10-08,2026-10-08,CM,NSE,STK,20621,INE932A01024,PENIND,EQ,,,,,PENNAR INDUSTRIES LTD,180.00,180.06,170.27,171.89,172.01,180.85,,171.89,,,684933,118826317.21,12276,F1,1,,,,,
2026-10-08,2026-10-08,CM,NSE,STK,17139,INE0ORS01017,PENTAGON,ST,,,,,PENTAGON RUBBER LIMITED,89.95,89.95,89.95,89.95,89.95,85.85,,89.95,,,1000,89950.00,1,F1,1000,,,,,
2026-10-08,2026-10-08,CM,NSE,STK,764838,INE418E01018,PERMAGN,EQ,,,,,PERMANENT MAGNETS LTD.,889.95,910.00,851.00,855.75,853.05,881.60,,855.37,,,6417,5647971.50,840,F1,1,,,,,
2026-10-08,2026-10-08,CM,NSE,STK,18365,INE262H01021,PERSISTENT,EQ,,,,,PERSISTENT SYSTEMS LTD,5504.50,5629.00,5430.00,5468.00,5468.00,5507.00,,5467.99,,,332743,1842722908.00,36621,F1,1,,,,,
2026-10-08,2026-10-08,CM,NSE,STK,24290,INE998U01015,PCCL,SM,,,,,PETRO CARBON AND CHEMI L,411.00,420.00,411.00,415.00,415.00,412.00,,415.00,,,2400,998120.00,6,F1,400,,,,,
2026-10-08,2026-10-08,CM,NSE,STK,11351,INE347G01014,PETRONET,EQ,,,,,PETRONET LNG LIMITED,295.95,296.95,288.00,288.50,288.50,297.00,,288.50,,,2877618,836485257.40,36150,F1,1,,,,,
2026-10-08,2026-10-08,CM,NSE,STK,760824,INE134E07DJ3,PFCL41A,NE,,,,,PFCL 0% 2041 SR V,971.65,971.65,971.61,971.61,971.61,1000.00,,971.61,,,112,108822.60,3,F1,1,,,,,
2026-10-08,2026-10-08,CM,NSE,STK,760804,INE134E07DO3,720PFCL36,N6,,,,,PFCL 7.20% 2036 SR II,1002.01,1002.01,1002.01,1002.01,1002.01,1002.00,,1002.01,,,100,100201.00,2,F1,1,,,,,
2026-10-08,2026-10-08,CM,NSE,STK,2643,INE182A01018,PFIZER,EQ,,,,,PFIZER LTD,3815.10,3817.70,3731.00,3750.00,3755.00,3815.10,,3749.98,,,22215,83584979.30,6243,F1,1,,,,,
2026-10-08,2026-10-08,CM,NSE,STK,759562,INE140A07740,905PFL26,N1,,,,,PFL 9.05% SR II 2026,1083.50,1083.50,1083.50,1083.50,1083.50,1080.00,,1083.25,,,65,70427.50,1,F1,1,,,,,
2026-10-08,2026-10-08,CM,NSE,STK,759563,INE140A07765,920PFL28,N2,,,,,PFL 9.20% SR III 2028,1085.05,1085.05,1085.05,1085.05,1085.05,1085.00,,1104.89,,,100,108505.00,7,F1,1,,,,,
2026-10-08,2026-10-08,CM,NSE,STK,25358,INE457L01029,PGEL,EQ,,,,,PG ELECTROPLAST LTD,520.20,532.45,510.50,510.60,510.60,522.00,,510.54,,,1883752,977852039.50,43076,F1,1,,,,,
2026-10-08,2026-10-08,CM,NSE,STK,11612,INE0MLZ01019,PHANTOMFX,SM,,,,,PHANTOM DIGITAL EFF LTD,98.05,116.00,97.00,110.80,111.50,96.70,,110.80,,,122100,13713810.00,274,F1,300,,,,,
2026-10-08,2026-10-08,CM,NSE,STK,2658,INE245B01011,PHOENXINTL,EQ,,,,,PHOENIX INTERNATIONAL LTD,28.84,28.84,27.80,27.84,28.37,28.98,,27.84,,,688,19150.98,18,F1,1,,,,,
2026-10-08,2026-10-08,CM,NSE,STK,25513,INE0FPO01018,PHOGLOBAL,SM,,,,,PHOENIX OVERSEAS LIMITED,14.15,14.80,14.15,14.80,14.80,14.70,,14.80,,,6000,87400.00,3,F1,2000,,,,,
2026-10-08,2026-10-08,CM,NSE,STK,759723,INE0LP301011,PWL,EQ,,,,,PHYSICSWALLAH LIMITED,138.69,141.38,136.34,140.48,141.00,139.57,,140.48,,,15456696,2161566341.64,88542,F1,1,,,,,
2026-10-08,2026-10-08,CM,NSE,STK,24184,INE603J01030,PIIND,EQ,,,,,PI INDUSTRIES LTD,2212.70,2212.70,2100.00,2100.00,2100.00,2210.00,,2100.19,,,246249,525326226.20,31390,F1,1,,,,,
2026-10-08,2026-10-08,CM,NSE,STK,757754,INE546C01010,PICCADIL,EQ,,,,,PICCADILY AGRO INDUSTRI L,597.80,597.80,569.20,573.10,576.00,589.00,,573.01,,,125128,72188345.95,9387,F1,1,,,,,
2026-10-08,2026-10-08,CM,NSE,STK,24785,INE0YAL01017,PPSL,SM,,,,,PICTUREPOST STUDIOS LTD,2.70,2.80,2.70,2.80,2.80,2.80,,2.80,,,12000,32850.00,4,F1,3000,,,,,
2026-10-08,2026-10-08,CM,NSE,STK,2664,INE318A01026,PIDILITIND,EQ,,,,,PIDILITE INDUSTRIES LTD,1485.00,1498.00,1460.10,1460.10,1460.10,1488.50,,1460.11,,,985340,1454912549.50,58305,F1,1,,,,,
2026-10-08,2026-10-08,CM,NSE,STK,30835,INE600A01035,PILITA,EQ,,,,,PIL ITALICA LIFESTYLE LTD,7.75,7.75,7.32,7.34,7.33,7.32,,7.34,,,15008,110868.89,78,F1,1,,,,,
2026-10-08,2026-10-08,CM,NSE,STK,11445,INE417C01014,PILANIINVS,EQ,,,,,PILANI INV & IND COR LTD,4139.00,4139.00,3920.00,3948.50,3943.00,4076.30,,3946.09,,,2215,8866604.20,401,F1,1,,,,,
2026-10-08,2026-10-08,CM,NSE,STK,759820,INE15B701018,PINELABS,EQ,,,,,PINE LABS LIMITED,175.05,176.40,168.66,169.79,169.80,177.67,,169.79,,,21356083,3661322294.32,147221,F1,1,,,,,
2026-10-08,2026-10-08,CM,NSE,STK,13463,INE156C01018,PIONEEREMB,EQ,,,,,PIONEER EMBROIDERIES LTD,20.65,20.79,20.11,20.55,20.43,20.70,,20.55,,,892,18107.57,52,F1,1,,,,,
2026-10-08,2026-10-08,CM,NSE,STK,762832,INE746D01014,PIONRINV,BE,,,,,PIONEER INVESTCORP LTD.,62.60,62.60,59.47,59.47,59.47,62.60,,59.47,,,28618,1702069.58,74,F1,1,,,,,
2026-10-08,2026-10-08,CM,NSE,STK,759551,INE202B01038,PIRAMALFIN,EQ,,,,,PIRAMAL FINANCE LIMITED,1981.60,2009.50,1950.00,1956.40,1960.00,1981.50,,1956.37,,,388357,768888997.40,26843,F1,1,,,,,
2026-10-08,2026-10-08,CM,NSE,STK,11571,INE0DK501011,PPLPHARMA,EQ,,,,,PIRAMAL PHARMA LIMITED,203.50,203.50,196.00,196.43,196.00,203.01,,196.43,,,1896685,377515525.26,36044,F1,1,,,,,
2026-10-08,2026-10-08,CM,NSE,STK,14134,INE450D01021,PITTIENG,EQ,,,,,PITTI ENGINEERING LIMITED,1118.90,1119.10,1046.10,1066.10,1068.00,1118.40,,1066.12,,,151128,161883195.90,10947,F1,1,,,,,
2026-10-08,2026-10-08,CM,NSE,STK,9087,INE751B01018,PIXTRANS,EQ,,,,,PIX TRANSMISSIONS LIMITED,1803.20,1830.80,1729.50,1755.10,1760.00,1788.40,,1755.03,,,13876,24410162.60,2190,F1,1,,,,,
2026-10-08,2026-10-08,CM,NSE,STK,13920,INE083C01022,PLASTIBLEN,EQ,,,,,PLASTIBLENDS INDIA LTD,207.00,207.00,199.00,199.47,199.00,205.09,,199.46,,,57601,11588920.04,1267,F1,1,,,,,
2026-10-08,2026-10-08,CM,NSE,STK,22930,INE0PT501018,PLATIND,EQ,,,,,PLATINUM INDUSTRIES LTD,202.00,202.00,193.01,195.17,197.00,200.56,,195.18,,,48634,9550886.97,1757,F1,1,,,,,
2026-10-08,2026-10-08,CM,NSE,STK,19458,INE0INJ01017,PLAZACABLE,EQ,,,,,PLAZA WIRES LIMITED,59.00,60.00,55.00,56.46,56.00,58.20,,56.59,,,49972,2914752.04,1390,F1,1,,,,,
2026-10-08,2026-10-08,CM,NSE,STK,8736,INE859A01011,PNBGILTS,EQ,,,,,PNB GILTS LIMITED,72.24,72.24,66.80,68.39,68.49,71.52,,68.39,,,853213,58440335.92,5919,F1,1,,,,,
2026-10-08,2026-10-08,CM,NSE,STK,18908,INE572E01012,PNBHOUSING,EQ,,,,,PNB HOUSING FIN LTD.,1143.00,1166.90,1131.20,1150.00,1150.00,1131.00,,1150.00,,,1912599,2213764613.20,56704,F1,1,,,,,
2026-10-08,2026-10-08,CM,NSE,STK,9385,INE195J01029,PNCINFRA,EQ,,,,,PNC INFRATECH LTD.,136.99,138.70,132.30,134.49,133.10,136.93,,134.49,,,1100367,148561987.84,16139,F1,1,,,,,
2026-10-08,2026-10-08,CM,NSE,STK,9342,INE392B01011,PNC,EQ,,,,,PNC MEDIA AND ENT LTD,17.49,18.50,16.51,16.76,16.83,17.49,,16.80,,,7617,131174.78,232,F1,1,,,,,
2026-10-08,2026-10-08,CM,NSE,STK,760242,INE1RDG01013,PNGSREVA,EQ,,,,,PNGS REVA DIAMOND JEWEL L,643.40,738.00,625.00,701.95,676.95,631.00,,701.96,,,14908756,10461334039.75,361410,F1,1,,,,,
2026-10-08,2026-10-08,CM,NSE,STK,19036,INE371C01013,PODDARMENT,EQ,,,,,PODDAR PIGMENTS LIMITED,255.00,259.00,248.00,250.20,249.00,254.80,,250.36,,,13749,3468407.40,515,F1,1,,,,,
2026-10-08,2026-10-08,CM,NSE,STK,17651,INE637C01025,POKARNA,EQ,,,,,POKARNA LIMITED,706.20,739.95,675.10,678.25,678.00,704.45,,678.30,,,186379,132006922.50,11187,F1,1,,,,,
2026-10-08,2026-10-08,CM,NSE,STK,25718,INE205C01021,POLYMED,EQ,,,,,POLY MEDICURE LIMITED,1609.80,1624.90,1584.30,1605.20,1617.90,1615.00,,1604.92,,,81847,131358141.70,9374,F1,1,,,,,
2026-10-08,2026-10-08,CM,NSE,STK,9590,INE455K01017,POLYCAB,EQ,,,,,POLYCAB INDIA LIMITED,8255.00,8394.50,8138.00,8151.00,8151.00,8310.00,,8151.00,,,367261,3029603008.00,46938,F1,1,,,,,
2026-10-08,2026-10-08,CM,NSE,STK,2687,INE633B01018,POLYPLEX,EQ,,,,,POLYPLEX CORPORATION LTD,1031.60,1031.60,992.10,998.90,1005.00,1023.30,,998.88,,,40584,40794550.30,3348,F1,1,,,,,
2026-10-08,2026-10-08,CM,NSE,STK,22711,INE517M01028,POLYSIL,SM,,,,,POLYSIL IRRIGATION SYST L,55.75,58.50,55.75,55.90,55.90,55.75,,55.90,,,4500,255800.00,9,F1,500,,,,,
2026-10-08,2026-10-08,CM,NSE,STK,765150,INE914G01029,POLYSPIN,EQ,,,,,POLYSPIN EXPORTS LTD.,29.59,29.97,29.04,29.96,29.96,29.00,,29.90,,,187,5541.00,16,F1,1,,,,,
2026-10-08,2026-10-08,CM,NSE,STK,14385,INE063E01061,POCL,EQ,,,,,PONDY OXIDES & CHEM LTD,448.90,450.00,429.10,432.40,431.90,448.40,,432.33,,,205003,89343634.00,7829,F1,1,,,,,
2026-10-08,2026-10-08,CM,NSE,STK,10661,INE838E01017,PONNIERODE,EQ,,,,,PONNIE SUGARS (ERODE) LTD,368.00,369.00,346.10,348.35,349.40,365.40,,348.35,,,27567,9786349.00,1649,F1,1,,,,,
2026-10-08,2026-10-08,CM,NSE,STK,766292,INE1C2Q01017,POOJALOGIS,ST,,,,,POOJA LOGISTICS LIMITED,132.10,132.10,130.00,132.10,132.10,125.85,,132.10,,,136800,18061200.00,95,F1,1200,,,,,
2026-10-08,2026-10-08,CM,NSE,STK,11403,INE511C01022,POONAWALLA,EQ,,,,,POONAWALLA FINCORP LTD,448.00,449.15,433.25,437.90,437.40,448.90,,437.91,,,1123865,493574600.20,37046,F1,1,,,,,
2026-10-08,2026-10-08,CM,NSE,STK,23142,INE772T01024,PVSL,EQ,,,,,POPULAR VEHICLES N SER L,94.60,95.99,90.50,92.06,92.50,95.37,,92.09,,,80406,7588102.36,493,F1,1,,,,,
2026-10-08,2026-10-08,CM,NSE,STK,24864,INE0S3H01017,POSITRON,SM,,,,,POSITRON ENERGY LIMITED,234.80,238.95,230.10,231.05,230.10,232.90,,231.05,,,6300,1476165.00,20,F1,300,,,,,
2026-10-08,2026-10-08,CM,NSE,STK,14299,INE134E01011,PFC,EQ,,,,,POWER FIN CORP LTD.,326.00,331.80,322.85,323.70,323.70,325.55,,323.70,,,6668472,2181209441.35,58618,F1,1,,,,,
2026-10-08,2026-10-08,CM,NSE,STK,14977,INE752E01010,POWERGRID,EQ,,,,,POWER GRID CORP. LTD.,253.95,254.00,244.65,244.65,244.65,253.05,,244.74,,,14409222,3574904119.50,124749,F1,1,,,,,
2026-10-08,2026-10-08,CM,NSE,STK,15716,INE557Z01018,PIGL,EQ,,,,,POWER INSTRUMENT (G) LTD,97.00,97.36,95.00,96.22,96.95,97.09,,96.25,,,15538,1500929.03,408,F1,1,,,,,
2026-10-08,2026-10-08,CM,NSE,STK,10473,INE211R01019,POWERMECH,EQ,,,,,POWER MECH PROJECTS LTD.,2429.00,2486.00,2332.80,2445.90,2429.00,2429.30,,2446.23,,,70299,169644370.30,10106,F1,1,,,,,
2026-10-08,2026-10-08,CM,NSE,STK,3494,INE0GGX23010,PGINVIT,IV,,,,,POWERGRID INFRA. INVITS,102.88,102.88,102.17,102.54,102.60,102.48,,102.54,,,1066652,109384965.94,4886,F1,1,,,,,
2026-10-08,2026-10-08,CM,NSE,STK,761680,INE921L01032,POWERICA,EQ,,,,,POWERICA LIMITED,600.05,602.65,578.05,585.00,590.00,600.95,,584.99,,,182738,107050658.95,5239,F1,1,,,,,
2026-10-08,2026-10-08,CM,NSE,STK,15213,INE095I01015,PPAP,BE,,,,,PPAP AUTOMOTIVE LIMITED,247.06,247.06,235.50,236.10,236.05,247.06,,236.10,,,10222,2436156.84,108,F1,1,,,,,
2026-10-08,2026-10-08,CM,NSE,STK,30134,INE0I0M01023,PRABHA,EQ,,,,,PRABHA ENERGY LIMITED,224.50,229.80,210.00,212.31,210.55,225.82,,212.30,,,558092,119457812.82,4099,F1,1,,,,,
2026-10-08,2026-10-08,CM,NSE,STK,762839,INE770A01010,PRADPME,EQ,,,,,PRADEEP METALS LTD.,609.05,621.00,579.95,587.75,588.90,620.90,,588.15,,,53637,32262469.65,3336,F1,1,,,,,
2026-10-08,2026-10-08,CM,NSE,STK,2705,INE074A01025,PRAJIND,EQ,,,,,PRAJ INDUSTRIES LTD,300.00,301.95,286.70,289.75,290.50,300.40,,289.87,,,763594,223587057.00,28655,F1,1,,,,,
2026-10-08,2026-10-08,CM,NSE,STK,13941,INE505C01016,PRAENG,EQ,,,,,PRAJAY ENG. SYN. LTD.,19.15,20.05,18.00,18.17,18.30,19.37,,18.16,,,78654,1461666.93,584,F1,1,,,,,
2026-10-08,2026-10-08,CM,NSE,STK,2708,INE603A01013,PRAKASH,EQ,,,,,PRAKASH INDUSTRIES LTD,118.05,118.31,115.00,115.31,115.08,118.31,,115.31,,,386318,44815609.39,3784,F1,1,,,,,
2026-10-08,2026-10-08,CM,NSE,STK,10297,INE050001010,PPL,EQ,,,,,PRAKASH PIPES LIMITED,243.50,255.00,241.00,243.65,243.95,247.60,,243.60,,,30893,7588366.60,888,F1,1,,,,,
2026-10-08,2026-10-08,CM,NSE,STK,19599,INE696K01024,PRAKASHSTL,EQ,,,,,PRAKASH STEELAGE LTD,3.38,3.49,3.36,3.41,3.41,3.43,,3.41,,,68822,234452.61,289,F1,1,,,,,
2026-10-08,2026-10-08,CM,NSE,STK,18514,INE0O7A01017,PRAMARA,SM,,,,,PRAMARA PROMOTIONS LTD,108.00,110.50,102.60,102.60,102.60,108.00,,102.60,,,27000,2877200.00,31,F1,500,,,,,
2026-10-08,2026-10-08,CM,NSE,STK,765287,INE2JG601017,PRAMODINI,SM,,,,,PRAMODINI MEDICARE LTD,112.50,116.20,112.50,114.40,114.00,115.20,,114.40,,,42000,4792920.00,33,F1,1200,,,,,
2026-10-08,2026-10-08,CM,NSE,STK,766000,INE0H4201019,PRANAV,EQ,,,,,PRANAV CONSTRUCTIONS LTD,95.15,101.65,94.22,95.73,95.70,94.22,,95.83,,,6698570,658450572.95,54418,F1,1,,,,,
2026-10-08,2026-10-08,CM,NSE,STK,25818,INE0VJG01014,PRANIK,SM,,,,,PRANIK LOGISTICS LIMITED,41.15,43.95,41.10,41.20,41.20,46.00,,41.20,,,11200,465280.00,7,F1,1600,,,,,
2026-10-08,2026-10-08,CM,NSE,STK,766016,INE455U01024,PRASOLCHEM,EQ,,,,,PRASOL CHEMICALS LIMITED,883.10,899.00,855.20,878.20,886.00,878.90,,878.84,,,554827,489663224.50,36309,F1,1,,,,,
2026-10-08,2026-10-08,CM,NSE,STK,21840,INE393P01035,DIAMONDYD,EQ,,,,,PRATAAP SNACKS LIMITED,1077.00,1087.30,1040.10,1044.70,1042.20,1079.20,,1044.70,,,19304,20450755.60,1451,F1,1,,,,,
2026-10-08,2026-10-08,CM,NSE,STK,23113,INE0QA601016,PRATHAM,SM,,,,,PRATHAM EPC PROJECTS LTD,120.65,120.65,118.00,118.45,118.00,120.05,,118.45,,,15600,1854980.00,15,F1,400,,,,,
2026-10-08,2026-10-08,CM,NSE,STK,762844,INE722B01019,PRAVEG,EQ,,,,,PRAVEG LTD.,244.98,244.99,232.00,233.64,233.00,242.27,,233.89,,,30247,7194754.46,959,F1,1,,,,,
2026-10-08,2026-10-08,CM,NSE,STK,1204,INE546Y01022,PRAXIS,EQ,,,,,PRAXIS HOME RETAIL LTD,4.94,4.94,4.30,4.36,4.35,4.51,,4.36,,,67104,298930.73,165,F1,1,,,,,
2026-10-08,2026-10-08,CM,NSE,STK,12603,INE484I01029,PRECAM,EQ,,,,,PRECISION CAMSHAFTS LTD.,113.96,114.78,109.26,109.92,109.26,113.85,,109.92,,,88022,9780624.29,1952,F1,1,,,,,
2026-10-08,2026-10-08,CM,NSE,STK,7963,INE0HKW01018,PRECISION,ST,,,,,PRECISION METALIKS LTD,7.00,7.00,7.00,7.00,7.00,7.00,,7.00,,,2000,14000.00,1,F1,2000,,,,,
2026-10-08,2026-10-08,CM,NSE,STK,2717,INE372C01037,PRECWIRE,EQ,,,,,PRECISION WIRES INDIA LTD,519.00,522.35,490.05,493.15,495.00,516.60,,493.15,,,527519,263432647.60,38110,F1,1,,,,,
2026-10-08,2026-10-08,CM,NSE,STK,2711,INE283A01014,PRECOT,EQ,,,,,PRECOT LIMITED,613.50,619.75,586.30,590.65,600.00,613.10,,590.65,,,6388,3814151.70,245,F1,1,,,,,
2026-10-08,2026-10-08,CM,NSE,STK,762849,INE001E01012,PREMCO,EQ,,,,,PREMCO GLOBAL LTD.,398.00,405.00,381.30,395.65,401.90,397.15,,392.63,,,1992,775305.15,99,F1,1,,,,,
2026-10-08,2026-10-08,CM,NSE,STK,25049,INE0BS701011,PREMIERENE,EQ,,,,,PREMIER ENERGIES LIMITED,912.80,927.40,881.00,884.65,884.65,910.00,,884.70,,,1266435,1137738037.90,39786,F1,1,,,,,
2026-10-08,2026-10-08,CM,NSE,STK,17397,INE863B01029,PREMEXPLN,EQ,,,,,PREMIER EXPLOSIVES LTD,686.00,691.90,685.00,689.05,689.95,687.05,,689.04,,,283990,195712781.70,7648,F1,1,,,,,
2026-10-08,2026-10-08,CM,NSE,STK,6248,INE342A01018,PREMIER,BE,,,,,PREMIER LIMITED,2.76,2.80,2.61,2.61,2.61,2.74,,2.59,,,3354,8780.28,38,F1,1,,,,,
2026-10-08,2026-10-08,CM,NSE,STK,3908,INE309M01020,PREMIERPOL,EQ,,,,,PREMIER POLYFILM LTD,104.60,106.70,97.50,98.25,99.70,101.23,,98.23,,,1065254,108622814.80,16198,F1,1,,,,,
2026-10-08,2026-10-08,CM,NSE,STK,23764,INE0CFG01012,PRLIND,SM,,,,,PREMIER ROADLINES LIMITED,43.80,43.80,42.30,42.85,42.85,43.65,,42.85,,,5000,214550.00,5,F1,1000,,,,,
2026-10-08,2026-10-08,CM,NSE,STK,25898,INE0M1F01011,PREMIUM,SM,,,,,PREMIUM PLAST LIMITED,43.50,44.50,43.50,43.50,43.50,44.30,,43.50,,,57000,2507550.00,9,F1,3000,,,,,
2026-10-08,2026-10-08,CM,NSE,STK,20506,INE0R1601012,PRESSTONIC,ST,,,,,PRESSTONIC ENGINEERING L,43.85,43.90,42.70,42.70,42.70,44.85,,42.70,,,33600,1447680.00,35,F1,800,,,,,
2026-10-08,2026-10-08,CM,NSE,STK,20302,INE811K01011,PRESTIGE,EQ,,,,,PRESTIGE ESTATE LTD,1429.30,1436.60,1389.80,1411.00,1411.00,1429.30,,1411.00,,,1068811,1504230350.40,44399,F1,1,,,,,
2026-10-08,2026-10-08,CM,NSE,STK,19631,INE726V01018,PRICOLLTD,EQ,,,,,PRICOL LIMITED,660.00,662.10,645.80,650.10,652.90,661.25,,650.08,,,640387,419469185.00,29879,F1,1,,,,,
2026-10-08,2026-10-08,CM,NSE,STK,759075,INE0CQA01020,PRIMECAB,ST,,,,,PRIME CABLE INDUSTRIES L,196.00,202.00,196.00,199.00,199.00,203.00,,199.00,,,11200,2234240.00,7,F1,1600,,,,,
2026-10-08,2026-10-08,CM,NSE,STK,13496,INE367G01038,PFOCUS,EQ,,,,,PRIME FOCUS LIMITED,282.45,285.70,270.00,271.95,272.00,284.00,,271.95,,,4320861,1199987635.95,39033,F1,1,,,,,
2026-10-08,2026-10-08,CM,NSE,STK,11864,INE032B01021,PRIMESECU,EQ,,,,,PRIME SECURITIES LIMITED,293.70,299.70,280.00,296.50,299.70,295.80,,296.50,,,62388,18331926.20,677,F1,1,,,,,
2026-10-08,2026-10-08,CM,NSE,STK,756925,INE607A01022,PRIMO,EQ,,,,,PRIMO CHEMICALS LIMITED,25.62,25.83,24.21,24.58,24.68,25.62,,24.57,,,134784,3373160.39,960,F1,1,,,,,
2026-10-08,2026-10-08,CM,NSE,STK,16045,INE689W01016,PRINCEPIPE,EQ,,,,,PRINCE PIPES FITTINGS LTD,257.45,257.85,248.50,249.25,249.70,256.65,,249.24,,,104694,26287269.35,3329,F1,1,,,,,
2026-10-08,2026-10-08,CM,NSE,STK,765558,INE15EH01014,PRIORITY,EQ,,,,,PRIORITY JEWELS LIMITED,319.90,334.45,306.10,310.05,308.00,319.55,,309.98,,,639455,203064595.40,23099,F1,1,,,,,
2026-10-08,2026-10-08,CM,NSE,STK,2739,INE010A01011,PRSMJOHNSN,EQ,,,,,PRISM JOHNSON LIMITED,100.10,102.00,96.30,96.87,96.47,100.71,,96.83,,,242512,23797464.24,5811,F1,1,,,,,
2026-10-08,2026-10-08,CM,NSE,STK,765155,INE286N01028,PRISMX,EQ,,,,,PRISMX GLOBAL VENTURES L,0.49,0.53,0.49,0.49,0.50,0.49,,0.49,,,248541,124304.74,137,F1,1,,,,,
2026-10-08,2026-10-08,CM,NSE,STK,8304,INE974Z01015,PRITI,EQ,,,,,PRITI INTERNATIONAL LTD,33.20,33.20,31.61,31.66,31.65,32.20,,31.66,,,1880,60407.24,80,F1,1,,,,,
2026-10-08,2026-10-08,CM,NSE,STK,5292,INE583R01029,PRITIKAUTO,EQ,,,,,PRITIKA AUTO INDUS LTD,16.05,16.43,15.30,15.41,15.40,16.18,,15.42,,,237862,3718533.80,949,F1,1,,,,,
2026-10-08,2026-10-08,CM,NSE,STK,12971,INE0MJQ01020,PRITIKA,SM,,,,,PRITIKA ENG COMPO LTD,65.00,66.00,65.00,65.00,65.00,67.45,,65.00,,,6000,392000.00,3,F1,2000,,,,,
2026-10-08,2026-10-08,CM,NSE,STK,8825,INE959A01019,PRIVISCL,EQ,,,,,PRIVI SPECIALITY CHE LTD,3519.20,3520.90,3425.00,3446.30,3454.00,3519.20,,3445.98,,,127460,440419097.40,17323,F1,1,,,,,
2026-10-08,2026-10-08,CM,NSE,STK,24511,INE0V9N01017,PRIZOR,ST,,,,,PRIZOR VIZTECH LIMITED,1451.25,1451.25,1315.20,1411.85,1366.00,1382.15,,1411.85,,,79600,112456980.00,142,F1,400,,,,,
2026-10-08,2026-10-08,CM,NSE,STK,757806,INE0VJT01017,PROFX,SM,,,,,PRO FX TECH LIMITED,68.05,68.05,68.05,68.05,68.05,68.00,,68.05,,,3200,217760.00,1,F1,1600,,,,,
2026-10-08,2026-10-08,CM,NSE,STK,940,INE199A01012,PGHL,EQ,,,,,PROCTER & GAMBLE HEALTH L,5220.00,5239.50,5135.50,5156.50,5172.00,5234.00,,5156.55,,,5789,30067036.50,2826,F1,1,,,,,
2026-10-08,2026-10-08,CM,NSE,STK,758173,INE0BX301013,PROSTARM,EQ,,,,,PROSTARM INFO SYSTEMS LTD,130.85,132.01,126.00,126.46,127.50,131.36,,126.49,,,246602,31545536.07,3546,F1,1,,,,,
2026-10-08,2026-10-08,CM,NSE,STK,29472,INE004A01022,PROTEAN,EQ,,,,,PROTEAN EGOV TECHNO LTD,669.95,672.40,635.00,638.70,640.00,669.95,,638.61,,,559800,364478496.20,23435,F1,1,,,,,
2026-10-08,2026-10-08,CM,NSE,STK,16483,INE0ONE01016,PROV,SM,,,,,PROVENTUS AGROCOM LIMITED,1950.00,1950.00,1950.00,1950.00,1950.00,1961.00,,1950.00,,,160,312000.00,2,F1,80,,,,,
2026-10-08,2026-10-08,CM,NSE,STK,28859,INE195N01013,PROZONER,EQ,,,,,PROZONE REALTY LIMITED,52.60,54.30,51.68,52.50,52.50,54.06,,52.49,,,216509,11414163.93,1178,F1,1,,,,,
2026-10-08,2026-10-08,CM,NSE,STK,9553,INE00F201020,PRUDENT,EQ,,,,,PRUDENT CORP ADV SER LTD,3219.00,3250.00,3152.90,3210.60,3201.00,3223.30,,3210.66,,,32284,103317611.60,7540,F1,1,,,,,
2026-10-08,2026-10-08,CM,NSE,STK,20527,INE024D01016,PRUDMOULI,EQ,,,,,PRUDENTIAL SUGAR CORPORAT,14.49,14.49,13.46,13.90,13.81,13.54,,14.04,,,3284,45411.24,48,F1,1,,,,,
2026-10-08,2026-10-08,CM,NSE,STK,20877,INE488V01015,PSPPROJECT,EQ,,,,,PSP PROJECTS LIMITED,774.10,774.10,743.00,747.45,751.10,765.60,,747.55,,,53985,40655256.70,3541,F1,1,,,,,
2026-10-08,2026-10-08,CM,NSE,STK,22602,INE560K01014,PFS,EQ,,,,,PTC INDIA FIN SERV LTD,27.05,27.15,26.16,26.39,26.30,27.12,,26.39,,,485875,12921620.51,5509,F1,1,,,,,
2026-10-08,2026-10-08,CM,NSE,STK,11355,INE877F01012,PTC,EQ,,,,,PTC INDIA LIMITED,151.30,151.45,148.00,148.57,148.69,151.72,,148.56,,,1768219,263558973.94,22408,F1,1,,,,,
2026-10-08,2026-10-08,CM,NSE,STK,16682,INE596F01018,PTCIL,EQ,,,,,PTC INDUSTRIES LIMITED,24685.00,24685.00,24105.00,24470.00,24480.00,24685.00,,24470.67,,,31950,778601960.00,10968,F1,1,,,,,
2026-10-08,2026-10-08,CM,NSE,STK,14101,INE034D01049,PTL,EQ,,,,,PTL ENTERPRISES LTD,38.20,38.25,37.60,37.79,38.17,38.20,,37.80,,,30492,1156929.76,784,F1,1,,,,,
2026-10-08,2026-10-08,CM,NSE,STK,15377,INE865T01018,PDMJEPAPER,EQ,,,,,PUDUMJEE PAPER PRO. LTD,95.74,96.68,91.00,92.37,92.90,96.36,,92.39,,,147054,13730277.02,2792,F1,1,,,,,
2026-10-08,2026-10-08,CM,NSE,STK,507,INE335X01014,PULZ,SM,,,,,PULZ ELECTRONICS LIMITED,20.70,21.95,20.70,21.85,21.75,21.65,,21.85,,,8000,170500.00,4,F1,2000,,,,,
2026-10-08,2026-10-08,CM,NSE,STK,21001,INE608A01012,PSB,EQ,,,,,PUNJAB & SIND BANK,21.10,21.14,20.74,20.80,20.80,21.06,,20.80,,,1119343,23392531.48,3552,F1,1,,,,,
2026-10-08,2026-10-08,CM,NSE,STK,4344,INE277B01014,PUNJABCHEM,EQ,,,,,PUNJAB CHEM & CROP PROT L,1050.00,1050.00,1013.50,1026.00,1028.90,1044.10,,1026.00,,,3243,3337692.20,401,F1,1,,,,,
2026-10-08,2026-10-08,CM,NSE,STK,10666,INE160A01022,PNB,EQ,,,,,PUNJAB NATIONAL BANK,114.73,117.45,113.71,115.29,115.29,114.59,,115.29,,,20438240,2373803319.90,99544,F1,1,,,,,
2026-10-08,2026-10-08,CM,NSE,STK,14922,INE323I01011,PURVA,EQ,,,,,PURAVANKARA LIMITED,209.58,209.68,200.35,202.39,202.65,209.68,,202.39,,,84126,17221012.92,1838,F1,1,,,,,
2026-10-08,2026-10-08,CM,NSE,STK,765568,INE0I1B01016,PERNIASPOP,EQ,,,,,PURPLE STYLE LABS LIMITED,534.35,539.10,519.15,528.55,535.00,531.45,,528.41,,,45054,23686136.40,1985,F1,1,,,,,
2026-10-08,2026-10-08,CM,NSE,STK,28028,INE0P5R01014,PURPLEUTED,SM,,,,,PURPLE UNITED SALES LTD,509.00,514.00,491.00,507.90,514.00,509.40,,507.90,,,26750,13409325.00,96,F1,250,,,,,
2026-10-08,2026-10-08,CM,NSE,STK,22938,INE0R6C01012,PURVFLEXI,SM,,,,,PURV FLEXIPACK LIMITED,41.50,41.50,39.90,39.90,39.90,42.00,,39.90,,,4800,192960.00,6,F1,800,,,,,
2026-10-08,2026-10-08,CM,NSE,STK,757683,INE154801018,PUSHPA,SM,,,,,PUSHPA JEWELLERS LIMITED,115.00,121.35,112.05,113.05,112.05,115.55,,113.05,,,214000,25015600.00,133,F1,1000,,,,,
2026-10-08,2026-10-08,CM,NSE,STK,4010,INE362A01016,PVP,EQ,,,,,PVP VENTURES LIMITED,55.00,55.00,50.21,50.25,50.49,52.85,,50.25,,,3494020,180642192.11,10090,F1,1,,,,,
2026-10-08,2026-10-08,CM,NSE,STK,13147,INE191H01014,PVRINOX,EQ,,,,,PVR INOX LIMITED,1335.10,1342.40,1301.00,1309.20,1307.80,1343.80,,1309.20,,,661907,872343100.90,39429,F1,1,,,,,
2026-10-08,2026-10-08,CM,NSE,STK,18250,INE0MIS01010,PYRAMID,EQ,,,,,PYRAMID TECHNOPLAST LTD,151.02,152.05,150.00,150.68,150.16,151.27,,150.65,,,30856,4653566.67,797,F1,1,,,,,
2026-10-08,2026-10-08,CM,NSE,STK,763594,INE1G2W01011,QLINE,SM,,,,,Q-LINE BIOTECH LIMITED,683.95,683.95,650.00,655.75,651.10,684.35,,655.75,,,90000,59534460.00,203,F1,400,,,,,
2026-10-08,2026-10-08,CM,NSE,STK,751653,INE0FMW01018,QMSMEDI,BE,,,,,QMS MEDICAL ALLIED S LTD,201.99,201.99,191.00,192.52,192.00,200.99,,192.52,,,24667,4779667.67,244,F1,1,,,,,
2026-10-08,2026-10-08,CM,NSE,STK,29087,INE0LRY01011,QUADFUTURE,EQ,,,,,QUADRANT FUTURE TEK LTD,535.25,535.25,502.50,505.75,506.85,534.40,,505.76,,,462603,236177465.45,16085,F1,1,,,,,
2026-10-08,2026-10-08,CM,NSE,STK,765985,INE1XJ401012,QUALIANCE,SM,,,,,QUALIANCE INTERNATIONAL L,179.90,183.90,177.50,179.40,179.00,175.45,,179.40,,,44000,7954450.00,44,F1,1000,,,,,
2026-10-08,2026-10-08,CM,NSE,STK,14613,INE0O1M01015,QFIL,SM,,,,,QUALITY FOILS (INDIA) LTD,47.30,47.30,47.30,47.30,47.30,49.75,,47.30,,,1000,47300.00,1,F1,1000,,,,,
2026-10-08,2026-10-08,CM,NSE,STK,29711,INE0SII01026,QPOWER,EQ,,,,,QUALITY POWER ELEC EQUP L,1628.80,1630.00,1521.00,1532.20,1559.90,1615.00,,1532.40,,,347588,539765595.60,33236,F1,1,,,,,
2026-10-08,2026-10-08,CM,NSE,STK,15330,INF082J01408,QGOLDHALF,EQ,,,,,QUANTUM GOLD ETF,121.30,121.75,121.05,121.22,121.22,121.30,,121.22,,,160040,19412589.75,689,F1,1,,,,,
2026-10-08,2026-10-08,CM,NSE,STK,16819,INF082J01499,QNIFTY,EQ,,,,,QUANTUM NIFTY 50 ETF,249.65,249.66,244.80,245.25,245.40,249.49,,245.18,,,3012,741684.80,169,F1,1,,,,,
2026-10-08,2026-10-08,CM,NSE,STK,765392,INF966L01EI5,SILVER001,EQ,,,,,QUANT_AMC - SILVER001,22.13,22.13,21.77,21.80,21.84,22.03,,21.80,,,19115,418694.66,79,F1,1,,,,,
2026-10-08,2026-10-08,CM,NSE,STK,17704,INE615P01015,QUESS,EQ,,,,,QUESS CORP LIMITED,328.00,331.20,317.00,320.75,321.00,328.40,,320.76,,,268372,86946274.90,13182,F1,1,,,,,
2026-10-08,2026-10-08,CM,NSE,STK,23793,INE0TNW01017,QUESTLAB,SM,,,,,QUEST LABORATORIES LTD,92.50,93.00,89.00,89.00,89.00,93.45,,89.00,,,88800,8020080.00,15,F1,1200,,,,,
2026-10-08,2026-10-08,CM,NSE,STK,13116,INE306L01010,QUICKHEAL,EQ,,,,,QUICK HEAL TECH LTD,140.97,142.18,136.30,137.03,137.00,140.97,,137.03,,,74138,10254296.27,1985,F1,1,,,,,
2026-10-08,2026-10-08,CM,NSE,STK,15285,INE0K4D01020,QUICKTOUCH,SM,,,,,QUICKTOUCH TECHNOLOGIES L,14.55,15.20,13.85,15.20,15.20,14.55,,15.20,,,5000,70625.00,9,F1,500,,,,,
2026-10-08,2026-10-08,CM,NSE,STK,762857,INE641R01017,QUINT,BE,,,,,QUINT DIGITAL LTD.,56.01,56.01,56.01,56.01,56.01,58.95,,55.86,,,4511,252661.11,33,F1,1,,,,,
2026-10-08,2026-10-08,CM,NSE,STK,9355,INE033B01011,QUINTEGRA,EQ,,,,,QUINTEGRA SOLUTIONS LTD.,1.61,1.61,1.61,1.61,1.61,1.54,,1.67,,,10010,16116.10,4,F1,1,,,,,
2026-10-08,2026-10-08,CM,NSE,STK,24957,INE0KZF01015,QVCEL,SM,,,,,QVC EXPORTS LIMITED,24.05,24.05,24.05,24.05,24.05,25.00,,24.05,,,1600,38480.00,1,F1,1600,,,,,
2026-10-08,2026-10-08,CM,NSE,STK,23043,INE0NQ801033,RKSWAMY,EQ,,,,,R K SWAMY LIMITED,88.00,88.00,86.31,87.40,87.50,88.16,,87.39,,,13636,1184484.20,331,F1,1,,,,,
2026-10-08,2026-10-08,CM,NSE,STK,757836,INE219Y01026,RMDRIP,BE,,,,,R M DRIP & SPRINK SYS LTD,22.66,22.66,21.55,21.62,21.68,22.68,,21.62,,,397015,8660023.63,723,F1,1,,,,,
2026-10-08,2026-10-08,CM,NSE,STK,762864,INE951M01037,RRIL,EQ,,,,,R R I L LTD.,16.07,16.27,15.64,15.97,15.98,16.07,,15.96,,,23411,374050.40,92,F1,1,,,,,
2026-10-08,2026-10-08,CM,NSE,STK,18566,INE777K01022,RRKABEL,EQ,,,,,R R KABEL LIMITED,2701.00,2749.60,2666.30,2696.40,2703.60,2722.50,,2696.28,,,281306,761711803.00,34141,F1,1,,,,,
2026-10-08,2026-10-08,CM,NSE,STK,762872,INE616F01022,RSDFIN,BE,,,,,R S D FINANCE LTD.,88.00,90.00,88.00,90.00,90.00,92.00,,87.11,,,258,23104.00,5,F1,1,,,,,
2026-10-08,2026-10-08,CM,NSE,STK,13414,INE411H01032,RSYSTEMS,EQ,,,,,R SYS INTERNATIONAL LTD,252.95,255.30,241.40,242.85,244.50,252.35,,242.86,,,619012,152843625.50,14306,F1,1,,,,,
2026-10-08,2026-10-08,CM,NSE,STK,764858,INE005C01017,RTSPOWR,BE,,,,,R T S POWER CORPN. LTD.,103.80,113.65,103.80,113.65,113.65,108.24,,113.71,,,10419,1170884.41,87,F1,1,,,,,
2026-10-08,2026-10-08,CM,NSE,STK,758984,INE012Q01039,RNBDENIMS,BE,,,,,R&B DENIMS LIMITED,8.86,9.05,8.55,8.69,8.65,9.00,,8.69,,,165086,1443492.24,390,F1,1,,,,,
2026-10-08,2026-10-08,CM,NSE,STK,6429,INE165B01029,RSSOFTWARE,EQ,,,,,R. S. SOFTWARE (INDIA) LI,30.50,30.99,27.04,28.66,28.50,30.04,,28.64,,,69717,1960590.53,308,F1,1,,,,,
2026-10-08,2026-10-08,CM,NSE,STK,20760,INE324L01013,RPPINFRA,EQ,,,,,R.P.P INFRA PROJECTS LTD,50.36,56.25,50.36,53.44,53.00,51.43,,53.44,,,170869,9199245.74,2355,F1,1,,,,,
2026-10-08,2026-10-08,CM,NSE,STK,762244,INE2PB023011,RIIT,IV,,,,,RAAJMARG INFRA INVEST T,122.50,122.50,120.20,120.22,120.95,121.00,,120.22,,,325660,39257604.46,5185,F1,1,,,,,
2026-10-08,2026-10-08,CM,NSE,STK,15391,INE084Q01012,RACE,EQ,,,,,RACE ECO CHAIN LIMITED,103.76,104.90,98.30,101.06,101.60,103.75,,101.06,,,28789,2954324.00,517,F1,1,,,,,
2026-10-08,2026-10-08,CM,NSE,STK,9854,INE02OY01016,RILINFRA,SM,,,,,RACHANA INFRA LTD,32.55,33.50,31.20,32.65,31.20,32.50,,32.65,,,9200,301460.00,35,F1,100,,,,,
2026-10-08,2026-10-08,CM,NSE,STK,27171,INE704B01017,RACLGEAR,EQ,,,,,RACL GEARTECH LIMITED,1588.00,1591.20,1481.90,1502.00,1502.40,1589.50,,1501.98,,,53215,80240560.90,7989,F1,1,,,,,
2026-10-08,2026-10-08,CM,NSE,STK,10932,INE874F01027,RADAAN,EQ,,,,,RADAAN MEDIAWORKS (I) LTD,2.89,3.00,2.80,2.82,2.80,2.89,,2.82,,,13419,39255.13,77,F1,1,,,,,
2026-10-08,2026-10-08,CM,NSE,STK,10347,INE583V01021,RADHIKAJWE,BE,,,,,RADHIKA JEWELTECH LIMITED,68.90,68.90,67.50,68.16,68.50,69.53,,68.15,,,96544,6579453.58,707,F1,1,,,,,
2026-10-08,2026-10-08,CM,NSE,STK,13580,INE855R01021,RADIANTCMS,EQ,,,,,RADIANT CASH MGMT SER LTD,34.20,34.54,33.16,33.45,33.26,34.52,,33.46,,,218721,7380436.00,1554,F1,1,,,,,
2026-10-08,2026-10-08,CM,NSE,STK,10990,INE944F01028,RADICO,EQ,,,,,RADICO KHAITAN LTD,4517.40,4539.90,4415.00,4415.00,4415.00,4495.00,,4415.18,,,202947,909561958.00,26329,F1,1,,,,,
2026-10-08,2026-10-08,CM,NSE,STK,23445,INE430U01019,RADIOWALLA,ST,,,,,RADIOWALLA NETWORK LTD,28.60,28.60,28.60,28.60,28.60,29.15,,28.60,,,4800,137280.00,3,F1,1600,,,,,
2026-10-08,2026-10-08,CM,NSE,STK,24735,INE912T01018,RPEL,EQ,,,,,RAGHAV PRODUCTIVITY ENH L,1825.00,1834.90,1701.00,1717.20,1721.00,1820.90,,1717.22,,,106875,187134168.90,12546,F1,1,,,,,
2026-10-08,2026-10-08,CM,NSE,STK,9552,INE415G01027,RVNL,EQ,,,,,RAIL VIKAS NIGAM LIMITED,195.00,195.60,186.90,187.20,187.20,195.87,,187.19,,,5378212,1022736404.89,54554,F1,1,,,,,
2026-10-08,2026-10-08,CM,NSE,STK,2431,INE0DD101019,RAILTEL,EQ,,,,,RAILTEL CORP OF IND LTD,254.65,255.35,247.70,248.10,249.40,254.65,,248.10,,,544399,136311882.60,20021,F1,1,,,,,
2026-10-08,2026-10-08,CM,NSE,STK,15337,INE855B01025,RAIN,EQ,,,,,RAIN INDUSTRIES LIMITED,220.40,220.45,210.45,211.60,212.80,218.95,,211.60,,,3708119,791184314.46,27546,F1,1,,,,,
2026-10-08,2026-10-08,CM,NSE,STK,9408,INE961O01016,RAINBOW,EQ,,,,,RAINBOW CHILDRENS MED LTD,1267.00,1271.90,1222.60,1230.70,1225.00,1270.70,,1230.70,,,168525,209158039.60,21806,F1,1,,,,,
2026-10-08,2026-10-08,CM,NSE,STK,359,INE294G01026,ROML,EQ,,,,,RAJ OIL MILLS LIMITED,42.34,42.34,41.00,41.16,41.13,43.20,,41.16,,,1659,68773.56,57,F1,1,,,,,
2026-10-08,2026-10-08,CM,NSE,STK,8428,INE533D01032,RAJRILTD,BE,,,,,RAJ RAYON INDUSTRIES LTD,20.81,20.81,20.81,20.81,20.81,20.41,,20.81,,,3761,78266.41,14,F1,1,,,,,
2026-10-08,2026-10-08,CM,NSE,STK,14407,INE952H01027,RAJTV,BE,,,,,RAJ TV NETWORK LTD,10.35,10.92,10.01,10.01,10.01,10.53,,10.01,,,171977,1722560.13,89,F1,1,,,,,
2026-10-08,2026-10-08,CM,NSE,STK,762859,INE296E01026,RAJPALAYAM,EQ,,,,,RAJAPALAYAM MILLS LTD.,732.00,732.00,709.95,721.00,715.00,743.80,,724.51,,,1085,779859.10,83,F1,1,,,,,
2026-10-08,2026-10-08,CM,NSE,STK,181,INE610C01014,ARENTERP,EQ,,,,,RAJDARSHAN INDUSTRIES LTD,31.52,33.09,31.52,32.87,32.87,32.44,,32.87,,,250,8060.96,29,F1,1,,,,,
2026-10-08,2026-10-08,CM,NSE,STK,760461,INE343B01030,RAJESHEXPO,BZ,,,,,RAJESH EXPORTS LTD,61.00,62.50,59.00,59.37,59.50,61.02,,59.27,,,153283,9214353.53,1906,F1,1,,,,,
2026-10-08,2026-10-08,CM,NSE,STK,19681,INE0BZQ01011,RCDL,SM,,,,,RAJGOR CASTOR DERIVATI L,15.30,16.80,15.25,15.25,15.25,16.05,,15.25,,,186000,2970150.00,48,F1,3000,,,,,
2026-10-08,2026-10-08,CM,NSE,STK,2168,INE00KV01022,RAJMET,EQ,,,,,RAJNANDINI METAL LIMITED,3.11,3.18,3.03,3.06,3.08,3.10,,3.06,,,288989,898427.42,710,F1,1,,,,,
2026-10-08,2026-10-08,CM,NSE,STK,757049,INE535F01024,RAJOOENG,EQ,,,,,RAJOO ENGINEERS LIMITED,63.90,66.50,58.80,59.92,59.50,62.37,,59.92,,,2689885,168931650.68,18826,F1,1,,,,,
2026-10-08,2026-10-08,CM,NSE,STK,27269,INE0VHU01019,RAJPUTANA,SM,,,,,RAJPUTANA BIODIESEL LTD,202.00,209.00,195.00,203.00,203.00,200.05,,203.00,,,18500,3651400.00,12,F1,500,,,,,
2026-10-08,2026-10-08,CM,NSE,STK,761439,INE313L01016,RSL,EQ,,,,,RAJPUTANA STAINLESS LTD,174.51,175.60,171.50,171.94,171.50,174.51,,171.94,,,311957,53919373.25,2205,F1,1,,,,,
2026-10-08,2026-10-08,CM,NSE,STK,18962,INE451D01029,RAJRATAN,EQ,,,,,RAJRATAN GLOBAL WIRE LTD,462.60,462.60,441.00,444.25,446.00,460.60,,444.25,,,55360,24892341.05,4368,F1,1,,,,,
2026-10-08,2026-10-08,CM,NSE,STK,6915,INE760W01023,RPPL,BE,,,,,RAJSHREE POLYPACK LTD,19.60,19.60,18.40,18.66,18.67,19.31,,18.66,,,42970,797933.78,110,F1,1,,,,,
2026-10-08,2026-10-08,CM,NSE,STK,2809,INE562B01019,RAJSREESUG,EQ,,,,,RAJSHREE SUGAR & CHEMICAL,27.89,28.00,27.13,27.26,27.40,27.40,,27.26,,,106065,2924800.58,691,F1,1,,,,,
2026-10-08,2026-10-08,CM,NSE,STK,2816,INE613A01020,RALLIS,EQ,,,,,RALLIS INDIA LTD,198.96,199.70,195.05,195.76,195.18,200.03,,195.77,,,538125,106389104.61,21607,F1,1,,,,,
2026-10-08,2026-10-08,CM,NSE,STK,10485,INE207E01023,RAMRAT,EQ,,,,,RAM RATNA WIRES LIMITED,637.50,638.05,604.15,611.15,608.55,637.40,,611.24,,,201976,124727049.45,15220,F1,1,,,,,
2026-10-08,2026-10-08,CM,NSE,STK,10568,INE809A01032,RAMAPHO,EQ,,,,,RAMA PHOSPHATES LIMITED,115.00,116.00,109.12,110.09,110.48,115.17,,110.05,,,47033,5243693.85,990,F1,1,,,,,
2026-10-08,2026-10-08,CM,NSE,STK,10304,INE230R01035,RAMASTEEL,BE,,,,,RAMA STEEL TUBES LIMITED,4.15,4.15,4.15,4.15,4.15,4.23,,4.16,,,755050,3133457.50,1264,F1,1,,,,,
2026-10-08,2026-10-08,CM,NSE,STK,757777,INE14W901010,RTL,SM,,,,,RAMA TELECOM LIMITED,76.00,82.50,76.00,82.45,82.45,76.90,,82.45,,,40000,3120400.00,20,F1,2000,,,,,
2026-10-08,2026-10-08,CM,NSE,STK,4587,INE614A01028,RAMCOIND,EQ,,,,,RAMCO INDUSTRIES LIMITED,299.70,303.10,289.15,290.75,290.05,299.70,,290.75,,,76507,22497287.40,2726,F1,1,,,,,
2026-10-08,2026-10-08,CM,NSE,STK,7851,INE246B01019,RAMCOSYS,EQ,,,,,RAMCO SYSTEMS LTD.,576.00,576.90,535.65,537.45,537.70,574.35,,537.45,,,88285,48383555.95,6316,F1,1,,,,,
2026-10-08,2026-10-08,CM,NSE,STK,23565,INE0RJH01010,RBS,SM,,,,,RAMDEVBABA SOLVENT LTD,84.00,87.00,81.00,81.00,81.00,82.00,,81.00,,,24800,2100760.00,24,F1,800,,,,,
2026-10-08,2026-10-08,CM,NSE,STK,11411,INE399G01023,RKFORGE,EQ,,,,,RAMKRISHNA FORGINGS LTD,715.30,716.00,693.10,700.75,693.15,716.40,,700.72,,,647988,456605204.25,20896,F1,1,,,,,
2026-10-08,2026-10-08,CM,NSE,STK,20134,INE874I01013,RAMKY,EQ,,,,,RAMKY INFRA LTD,282.40,283.00,266.40,269.80,272.00,281.70,,269.85,,,46112,12587916.20,1656,F1,1,,,,,
2026-10-08,2026-10-08,CM,NSE,STK,2837,INE625B01014,RANASUG,EQ,,,,,RANA SUGARS LTD.,13.82,13.96,13.42,13.46,13.45,13.82,,13.46,,,243155,3306982.81,490,F1,1,,,,,
2026-10-08,2026-10-08,CM,NSE,STK,11975,INE050H01012,RML,EQ,,,,,RANE (MADRAS) LIMITED,1337.00,1345.40,1270.50,1279.60,1281.00,1336.40,,1279.59,,,42298,54972078.60,4724,F1,1,,,,,
2026-10-08,2026-10-08,CM,NSE,STK,2844,INE384A01010,RANEHOLDIN,EQ,,,,,RANE HOLDINGS LIMITED,1549.70,1595.00,1501.00,1513.10,1528.00,1536.60,,1513.12,,,5799,8825714.80,769,F1,1,,,,,
2026-10-08,2026-10-08,CM,NSE,STK,30460,INE0QX901013,RAPIDFLEET,SM,,,,,RAPID FLEET MGT SERVICE L,200.00,207.50,194.60,194.60,194.60,207.00,,194.60,,,10200,2038800.00,17,F1,600,,,,,
2026-10-08,2026-10-08,CM,NSE,STK,25610,INE0MVO01012,RAPPID,SM,,,,,RAPPID VALVES (INDIA) LTD,332.50,332.95,320.10,332.95,332.95,330.00,,332.95,,,6000,1970010.00,10,F1,600,,,,,
2026-10-08,2026-10-08,CM,NSE,STK,22670,INE0J1F01024,RPTECH,EQ,,,,,RASHI PERIPHERALS LIMITED,939.00,951.30,889.60,898.80,902.00,939.70,,898.68,,,289149,262152475.85,24002,F1,1,,,,,
2026-10-08,2026-10-08,CM,NSE,STK,2866,INE027A01015,RCF,EQ,,,,,RASHTRIYA CHEMICALS & FER,107.80,107.85,103.10,103.50,103.30,107.58,,103.51,,,1027602,107653582.03,10721,F1,1,,,,,
2026-10-08,2026-10-08,CM,NSE,STK,7177,INE0CLI01024,RATEGAIN,EQ,,,,,RATEGAIN TRAVEL TECHN LTD,855.00,867.95,828.40,830.95,830.00,854.55,,830.88,,,148917,125516629.30,9680,F1,1,,,,,
2026-10-08,2026-10-08,CM,NSE,STK,13451,INE703B01027,RATNAMANI,EQ,,,,,RATNAMANI MET & TUB LTD.,2523.90,2545.00,2448.50,2498.90,2545.00,2524.30,,2498.99,,,33970,84163183.20,7755,F1,1,,,,,
2026-10-08,2026-10-08,CM,NSE,STK,18423,INE05CZ01011,RATNAVEER,EQ,,,,,RATNAVEER PRECISION ENG L,338.30,338.30,326.15,331.35,332.95,336.45,,331.35,,,3247691,1080242872.75,33230,F1,1,,,,,
2026-10-08,2026-10-08,CM,NSE,STK,27297,INE834M01019,RTNINDIA,EQ,,,,,RATTANINDIA ENT LIMITED,25.95,25.95,24.87,25.03,24.98,25.78,,25.03,,,807118,20348258.05,5303,F1,1,,,,,
2026-10-08,2026-10-08,CM,NSE,STK,17520,INE399K01017,RTNPOWER,EQ,,,,,RATTANINDIA POWER LIMITED,6.70,6.73,6.36,6.43,6.42,6.70,,6.43,,,14694768,95969681.03,17337,F1,1,,,,,
2026-10-08,2026-10-08,CM,NSE,STK,20950,INE722J01012,RKDL,EQ,,,,,RAVI KUMAR DIST. LTD.,17.00,17.40,16.00,16.20,16.24,16.93,,16.20,,,22334,368417.31,207,F1,1,,,,,
2026-10-08,2026-10-08,CM,NSE,STK,1565,INE09E501017,RVHL,EQ,,,,,RAVINDER HEIGHTS LIMITED,38.08,39.00,36.89,37.31,37.87,37.38,,37.31,,,15073,568931.45,102,F1,1,,,,,
2026-10-08,2026-10-08,CM,NSE,STK,24596,INE206N01018,RELTD,EQ,,,,,RAVINDRA ENERGY LIMITED,151.20,152.67,142.30,143.81,142.85,148.58,,143.84,,,175444,25738849.81,4037,F1,1,,,,,
2026-10-08,2026-10-08,CM,NSE,STK,25073,INE02ID01020,RAYMONDLSL,EQ,,,,,RAYMOND LIFESTYLE LIMITED,625.05,625.15,593.90,596.40,601.00,624.85,,596.39,,,302600,182809770.95,12857,F1,1,,,,,
2026-10-08,2026-10-08,CM,NSE,STK,2859,INE301A01014,RAYMOND,EQ,,,,,RAYMOND LTD,1218.70,1226.00,1136.20,1167.10,1169.50,1206.70,,1167.18,,,1649827,1931837139.50,74618,F1,1,,,,,
2026-10-08,2026-10-08,CM,NSE,STK,758551,INE1SY401010,RAYMONDREL,EQ,,,,,RAYMOND REALTY LIMITED,705.45,706.00,676.00,679.90,679.00,701.80,,679.90,,,688642,471665463.65,22633,F1,1,,,,,
2026-10-08,2026-10-08,CM,NSE,STK,765936,INE1FCO01014,MOMSBELIEF,EQ,,,,,RAYS OF BELIEF LIMITED,234.89,234.96,215.10,218.49,215.11,229.68,,218.49,,,460625,101978705.58,5413,F1,1,,,,,
2026-10-08,2026-10-08,CM,NSE,STK,18391,INE976G01028,RBLBANK,EQ,,,,,RBL BANK LIMITED,413.90,413.90,400.70,400.70,400.70,412.00,,400.71,,,2517494,1019250086.20,36933,F1,1,,,,,
2026-10-08,2026-10-08,CM,NSE,STK,13570,INE0NA301016,RBMINFRA,SM,,,,,RBM INFRACON LIMITED,240.00,245.50,230.00,233.95,235.00,237.50,,233.95,,,18200,4311750.00,79,F1,200,,,,,
2026-10-08,2026-10-08,CM,NSE,STK,20893,INE0PEQ01016,RBZJEWEL,BE,,,,,RBZ JEWELLERS LIMITED,204.00,207.00,190.25,193.98,195.00,199.38,,194.20,,,72214,14305228.42,587,F1,1,,,,,
2026-10-08,2026-10-08,CM,NSE,STK,764850,INE0AK901016,RRECL,EQ,,,,,RDB REAL ESTATE CONS L,135.00,135.00,133.96,133.96,133.96,124.00,,133.96,,,3,403.86,3,F1,1,,,,,
2026-10-08,2026-10-08,CM,NSE,STK,29561,INE10QL01011,READYMIX,SM,,,,,READYMIX CONSTRU MACHI L,58.80,59.80,57.05,59.20,59.75,55.00,,59.20,,,32000,1879250.00,31,F1,1000,,,,,
2026-10-08,2026-10-08,CM,NSE,STK,15355,INE020B01018,RECLTD,EQ,,,,,REC LIMITED,300.10,301.35,292.90,295.00,295.00,298.90,,294.99,,,4540452,1351611563.80,49725,F1,1,,,,,
2026-10-08,2026-10-08,CM,NSE,STK,14255,INE891D01026,REDINGTON,EQ,,,,,REDINGTON LIMITED,406.20,406.20,384.80,388.00,388.10,406.50,,388.00,,,2996766,1170894532.60,63601,F1,1,,,,,
2026-10-08,2026-10-08,CM,NSE,STK,17859,INE0LXT01019,REDTAPE,EQ,,,,,REDTAPE LIMITED,113.63,114.50,110.42,113.16,113.00,113.63,,113.19,,,341916,38503452.05,14472,F1,1,,,,,
2026-10-08,2026-10-08,CM,NSE,STK,17764,INE056I01025,REFEX,EQ,,,,,REFEX INDUSTRIES LIMITED,264.10,266.00,256.00,258.70,257.70,266.35,,258.67,,,148628,38676126.35,4453,F1,1,,,,,
2026-10-08,2026-10-08,CM,NSE,STK,23718,INE0TNX01015,REFRACTORY,SM,,,,,REFRACTORY SHAPES LIMITED,35.90,35.90,35.90,35.90,35.90,37.75,,35.90,,,12000,430800.00,7,F1,1000,,,,,
2026-10-08,2026-10-08,CM,NSE,STK,758680,INE0MHO01029,REGAAL,EQ,,,,,REGAAL RESOURCES LIMITED,85.92,85.92,83.00,83.34,83.52,85.49,,83.33,,,152414,12802965.94,1845,F1,1,,,,,
2026-10-08,2026-10-08,CM,NSE,STK,4130,INE277C01012,REGENCERAM,EQ,,,,,REGENCY CERAMICS LTD.,32.24,32.24,30.66,30.86,31.38,31.66,,30.86,,,6449,201054.55,90,F1,1,,,,,
2026-10-08,2026-10-08,CM,NSE,STK,24225,INE131B01039,RELAXO,EQ,,,,,RELAXO FOOT LTD.,288.70,289.50,280.50,281.80,286.00,287.75,,281.82,,,85915,24476740.15,8028,F1,1,,,,,
2026-10-08,2026-10-08,CM,NSE,STK,3172,INF204KC1030,GILT5YBEES,EQ,,,,,RELCAPAMC - NETFGILT5Y,65.62,65.62,65.43,65.46,65.44,65.54,,65.46,,,650203,42585746.95,556,F1,1,,,,,
2026-10-08,2026-10-08,CM,NSE,STK,24378,INE375Y01018,RELIABLE,EQ,,,,,RELIABLE DATA SERVICE LTD,141.03,141.51,135.00,139.76,140.00,141.58,,139.75,,,5389,744451.09,255,F1,1,,,,,
2026-10-08,2026-10-08,CM,NSE,STK,9652,INE750D01016,RELCHEMQ,EQ,,,,,RELIANCE CHEMOTEX IND LTD,115.00,115.00,111.20,111.33,111.21,114.19,,111.33,,,2333,262198.85,97,F1,1,,,,,
2026-10-08,2026-10-08,CM,NSE,STK,13188,INE330H01018,RCOM,BE,,,,,RELIANCE COMMUNICATIONS L,0.85,0.86,0.84,0.85,0.86,0.85,,0.85,,,2672034,2276402.50,1639,F1,1,,,,,
2026-10-08,2026-10-08,CM,NSE,STK,759204,INE217K01011,RHFL,BZ,,,,,RELIANCE HOME FINANCE LTD,1.58,1.58,1.54,1.54,1.56,1.56,,1.54,,,364258,565714.29,739,F1,1,,,,,
2026-10-08,2026-10-08,CM,NSE,STK,2912,INE046A01015,RIIL,EQ,,,,,RELIANCE INDUSTRIAL INFRA,703.85,703.85,678.10,682.60,678.15,705.05,,682.62,,,61986,42807650.40,4639,F1,1,,,,,
2026-10-08,2026-10-08,CM,NSE,STK,12713,INE002A01018,RELIANCE,BL,,,,,RELIANCE INDUSTRIES LTD,1176.00,1176.00,1176.00,1176.00,1176.00,1309.50,,1176.00,,,2040212,2399289312.00,1,F1,999999999,,,,,
2026-10-08,2026-10-08,CM,NSE,STK,2885,INE002A01018,RELIANCE,EQ,,,,,RELIANCE INDUSTRIES LTD,1207.70,1208.00,1173.00,1178.00,1178.00,1207.70,,1177.87,,,13965493,16539419460.40,453556,F1,1,,,,,
2026-10-08,2026-10-08,CM,NSE,STK,4791,INE036A01016,RELINFRA,BE,,,,,RELIANCE INFRASTRUCTU LTD,56.49,56.49,54.65,56.47,56.49,53.80,,56.47,,,3885190,219386776.25,6754,F1,1,,,,,
2026-10-08,2026-10-08,CM,NSE,STK,15259,INE614G01033,RPOWER,EQ,,,,,RELIANCE POWER LTD.,20.31,20.36,19.75,19.80,19.85,20.32,,19.80,,,17859215,357453878.02,30196,F1,1,,,,,
2026-10-08,2026-10-08,CM,NSE,STK,765330,INF205KA1CB9,IVZBANKNF,EQ,,,,,RELIGARAMC - IVZBANKNF,55.21,57.20,54.23,54.60,54.60,55.21,,54.60,,,811,44597.69,21,F1,1,,,,,
2026-10-08,2026-10-08,CM,NSE,STK,765327,INF205KA1CA1,IVZSENSEX,EQ,,,,,RELIGARAMC - IVZSENSEX,72.87,73.74,71.55,71.86,71.55,74.74,,71.95,,,5775,416332.20,58,F1,1,,,,,
2026-10-08,2026-10-08,CM,NSE,STK,15068,INE621H01010,RELIGARE,EQ,,,,,RELIGARE ENTER. LTD.,224.01,225.51,218.25,220.57,220.50,224.92,,220.57,,,1313224,291301062.24,11823,F1,1,,,,,
2026-10-08,2026-10-08,CM,NSE,STK,3965,INE474C01023,REMSONSIND,EQ,,,,,REMSONS INDUSTRIES LTD,101.00,103.39,97.25,98.95,97.25,104.02,,98.93,,,402776,40697912.09,4170,F1,1,,,,,
2026-10-08,2026-10-08,CM,NSE,STK,16154,INE0O5T01011,REMUS,SM,,,,,REMUS PHARMACEUTICALS L,883.00,1004.00,883.00,978.25,975.00,856.25,,978.25,,,62400,60174870.00,441,F1,100,,,,,
2026-10-08,2026-10-08,CM,NSE,STK,15129,INE722H01024,RGL,EQ,,,,,RENAISSANCE GLOBAL LTD,168.47,169.58,153.41,155.63,158.70,168.47,,155.63,,,994491,157139491.99,10827,F1,1,,,,,
2026-10-08,2026-10-08,CM,NSE,STK,758157,INE0VZX01015,RNPL,SM,,,,,RENOL POLYCHEM LIMITED,83.65,83.65,75.75,75.75,75.75,79.70,,75.75,,,31200,2556300.00,22,F1,1200,,,,,
2026-10-08,2026-10-08,CM,NSE,STK,766077,INE08T701025,RENTOMOJO,EQ,,,,,RENTOMOJO LIMITED,634.50,648.00,580.05,600.45,596.80,618.95,,600.50,,,5134616,3063906131.40,116700,F1,1,,,,,
2026-10-08,2026-10-08,CM,NSE,STK,29598,INE612J01015,REPCOHOME,EQ,,,,,REPCO HOME FINANCE LTD,338.75,346.00,333.30,337.10,337.60,339.80,,337.10,,,57505,19438828.15,3276,F1,1,,,,,
2026-10-08,2026-10-08,CM,NSE,STK,13126,INE461B01014,REPRO,EQ,,,,,REPRO INDIA LIMITED,290.10,303.45,290.10,295.95,296.95,295.70,,295.94,,,16784,4997073.00,1801,F1,1,,,,,
2026-10-08,2026-10-08,CM,NSE,STK,20323,INE688D01026,RESPONIND,EQ,,,,,RESPONSIVE INDUSTRIES LTD,158.40,159.59,152.55,152.99,154.10,159.73,,152.98,,,103279,16024773.73,1754,F1,1,,,,,
2026-10-08,2026-10-08,CM,NSE,STK,1494,INE07T201019,RBA,EQ,,,,,RESTAURANT BRAND ASIA LTD,97.00,97.00,92.12,92.61,92.35,96.08,,92.61,,,2294330,215407979.09,27344,F1,1,,,,,
2026-10-08,2026-10-08,CM,NSE,STK,25157,INE0DAB01012,RVTH,EQ,,,,,REVATHI EQUIPMENT INDIA L,729.50,741.25,716.10,728.55,729.55,726.75,,728.55,,,549,399789.15,44,F1,1,,,,,
2026-10-08,2026-10-08,CM,NSE,STK,29270,INE113601012,REXPRO,SM,,,,,REXPRO ENTERPRISES LTD,33.65,33.65,33.60,33.60,33.60,33.60,,33.60,,,3000,100900.00,3,F1,1000,,,,,
2026-10-08,2026-10-08,CM,NSE,STK,763468,INE0V2V01015,RFBL,ST,,,,,RFBL FLEXI PACK LIMITED,97.00,97.00,97.00,97.00,97.00,101.50,,97.00,,,3000,291000.00,1,F1,3000,,,,,
2026-10-08,2026-10-08,CM,NSE,STK,759062,INE0KKN01029,RHETAN,EQ,,,,,RHETAN TMT LIMITED,18.27,18.27,18.26,18.26,18.27,17.40,,18.26,,,23550550,430188166.55,3261,F1,1,,,,,
2026-10-08,2026-10-08,CM,NSE,STK,31163,INE743M01012,RHIM,EQ,,,,,RHI MAGNESITA INDIA LTD,370.00,370.05,362.90,367.10,369.00,369.45,,367.09,,,602781,220858575.05,18101,F1,1,,,,,
2026-10-08,2026-10-08,CM,NSE,STK,2909,INE209B01025,RICOAUTO,EQ,,,,,RICO AUTO INDUSTRIES LTD,123.05,123.46,117.26,117.88,117.90,123.45,,117.88,,,683921,81615367.32,8343,F1,1,,,,,
2026-10-08,2026-10-08,CM,NSE,STK,764121,INE302D01024,RIR,EQ,,,,,RIR POWER ELECTRONICS L,184.45,185.01,172.32,173.34,174.76,183.81,,173.34,,,1157446,204920261.36,15355,F1,1,,,,,
2026-10-08,2026-10-08,CM,NSE,STK,18417,INE0N2P01017,RISHABH,EQ,,,,,RISHABH INSTRUMENTS LTD,678.00,678.00,640.00,644.90,650.00,674.20,,644.91,,,194735,127942249.15,13669,F1,1,,,,,
2026-10-08,2026-10-08,CM,NSE,STK,8944,INE01EG01016,RITCO,EQ,,,,,RITCO LOGISTICS LIMITED,285.05,285.75,271.35,272.50,271.50,284.05,,272.49,,,33682,9310858.60,887,F1,1,,,,,
2026-10-08,2026-10-08,CM,NSE,STK,11910,INE0MRA01019,RITEZONE,SM,,,,,RITE ZONE CHEMCON IND LTD,16.60,18.30,16.60,17.90,18.30,17.45,,17.90,,,8000,138320.00,5,F1,1600,,,,,
2026-10-08,2026-10-08,CM,NSE,STK,3761,INE320J01015,RITES,EQ,,,,,RITES LIMITED,200.00,200.09,195.00,195.85,195.39,200.74,,195.88,,,450741,88927533.30,16340,F1,1,,,,,
2026-10-08,2026-10-08,CM,NSE,STK,1553,INE786W01010,RKEC,BE,,,,,RKEC PROJECTS LIMITED,20.47,20.89,20.02,20.47,20.45,20.89,,20.47,,,11511,233779.76,77,F1,1,,,,,
2026-10-08,2026-10-08,CM,NSE,STK,762346,INE655V01019,RMC,EQ,,,,,RMC SWITCHGEARS LIMITED,199.80,199.80,185.10,186.46,187.50,196.41,,186.50,,,49421,9347448.62,2451,F1,1,,,,,
2026-10-08,2026-10-08,CM,NSE,STK,24589,INE0SA001017,RNFI,SM,,,,,RNFI SERVICES LIMITED,324.00,325.00,313.50,314.40,317.85,321.05,,314.40,,,18600,5969010.00,26,F1,600,,,,,
2026-10-08,2026-10-08,CM,NSE,STK,15157,INE508K01013,RHL,EQ,,,,,ROBUST HOTELS LIMITED,164.00,164.90,161.00,161.29,161.00,165.87,,161.29,,,1596,258767.81,38,F1,1,,,,,
2026-10-08,2026-10-08,CM,NSE,STK,760033,IN90PTR01010,ROCKPP,E1,,,,,ROCKINGDCE RS.5 PPD UP,65.00,65.00,65.00,65.00,65.00,65.00,,65.00,,,2000,130000.00,1,F1,1000,,,,,
2026-10-08,2026-10-08,CM,NSE,STK,20289,INE0PTR01012,ROCKINGDCE,SM,,,,,ROCKINGDEALS CIRCU ECO L,212.40,225.00,205.00,220.00,225.00,212.40,,220.00,,,7750,1649975.00,30,F1,250,,,,,
2026-10-08,2026-10-08,CM,NSE,STK,5279,INE645S01024,ROLEXRINGS,EQ,,,,,ROLEX RINGS LIMITED,183.20,183.20,165.12,170.14,170.00,183.67,,170.14,,,4407699,756607797.14,57268,F1,1,,,,,
2026-10-08,2026-10-08,CM,NSE,STK,19108,INE927A01040,ROLLT,BE,,,,,ROLLATAINERS LIMITED,5.74,5.74,5.20,5.20,5.20,5.47,,5.20,,,514636,2766585.09,488,F1,1,,,,,
2026-10-08,2026-10-08,CM,NSE,STK,19410,INE02A801020,ROSSARI,EQ,,,,,ROSSARI BIOTECH LIMITED,425.00,425.00,408.05,409.80,410.00,422.90,,409.79,,,54486,22541034.10,2942,F1,1,,,,,
2026-10-08,2026-10-08,CM,NSE,STK,28913,INE847C01020,ROSSELLIND,EQ,,,,,ROSSELL INDIA LIMITED,52.26,52.89,50.60,51.25,51.50,52.26,,51.25,,,15327,788284.42,367,F1,1,,,,,
2026-10-08,2026-10-08,CM,NSE,STK,27353,INE0OJW01016,ROSSTECH,EQ,,,,,ROSSELL TECHSYS LIMITED,1612.10,1622.40,1525.10,1570.10,1561.00,1622.40,,1570.24,,,227875,355643293.80,25346,F1,1,,,,,
2026-10-08,2026-10-08,CM,NSE,STK,9049,INE535D01037,ROTO,EQ,,,,,ROTO PUMPS LIMITED,62.05,62.19,60.40,60.73,61.19,62.35,,60.74,,,215524,13197912.02,2411,F1,1,,,,,
2026-10-08,2026-10-08,CM,NSE,STK,128,INE450U01017,ROUTE,EQ,,,,,ROUTE MOBILE LIMITED,426.50,433.75,412.10,414.80,415.00,426.50,,414.86,,,205870,86722221.10,9394,F1,1,,,,,
2026-10-08,2026-10-08,CM,NSE,STK,20167,INE0PDJ01013,ROXHITECH,SM,,,,,ROX HI TECH LIMITED,65.90,67.15,65.25,65.35,65.25,64.90,,65.35,,,59200,3905920.00,34,F1,1600,,,,,
2026-10-08,2026-10-08,CM,NSE,STK,29727,INE0EO401019,ROYALARC,SM,,,,,ROYAL ARC ELECTRODES LTD,149.50,149.50,149.00,149.00,149.00,153.00,,149.00,,,3600,537060.00,3,F1,1200,,,,,
2026-10-08,2026-10-08,CM,NSE,STK,13182,INE283H01019,ROHLTD,EQ,,,,,ROYAL ORCHID HOTELS LTD,297.00,301.45,292.20,294.90,293.00,297.25,,294.74,,,18187,5422271.95,614,F1,1,,,,,
2026-10-08,2026-10-08,CM,NSE,STK,16725,INE105J01010,RPGLIFE,EQ,,,,,RPG LIFE SCIENCES LTD,2892.80,2912.00,2795.00,2811.70,2830.00,2892.80,,2811.54,,,15873,45082039.40,2778,F1,1,,,,,
2026-10-08,2026-10-08,CM,NSE,STK,8119,INE425Y01011,RPSGVENT,EQ,,,,,RPSG VENTURES LIMITED,864.85,881.60,830.00,844.65,847.00,870.15,,844.64,,,51467,43800246.10,2872,F1,1,,,,,
2026-10-08,2026-10-08,CM,NSE,STK,2794,INE611A01016,RSWM,EQ,,,,,RSWM LIMITED,202.50,204.00,188.10,195.79,195.00,203.83,,195.92,,,121017,23578608.01,1798,F1,1,,,,,
2026-10-08,2026-10-08,CM,NSE,STK,24730,INE642C01025,RUBFILA,EQ,,,,,RUBFILA INTERNATIONAL LTD,64.78,64.79,62.95,63.72,64.00,64.90,,63.65,,,27899,1778876.31,505,F1,1,,,,,
2026-10-08,2026-10-08,CM,NSE,STK,759316,INE506V01022,RUBICON,EQ,,,,,RUBICON RESEARCH LIMITED,1575.60,1580.90,1521.00,1535.40,1538.00,1575.60,,1535.37,,,105152,162395788.10,12197,F1,1,,,,,
2026-10-08,2026-10-08,CM,NSE,STK,4566,INE413B01023,RUCHINFRA,EQ,,,,,RUCHI INFRASTRUCTURE LTD,4.99,4.99,4.71,4.79,4.89,4.94,,4.80,,,34449,167385.82,208,F1,1,,,,,
2026-10-08,2026-10-08,CM,NSE,STK,13821,INE803H01014,RUCHIRA,EQ,,,,,RUCHIRA PAPERS LIMITED,102.20,103.49,99.80,100.35,100.26,103.15,,100.35,,,19490,1959825.59,474,F1,1,,,,,
2026-10-08,2026-10-08,CM,NSE,STK,760392,INE027T01023,RUDRA,EQ,,,,,RUDRA GLOBAL INFRA PROD L,20.43,20.43,19.13,19.38,19.27,19.46,,19.36,,,18509,362999.89,195,F1,1,,,,,
2026-10-08,2026-10-08,CM,NSE,STK,1480,INE364Z01019,REPL,EQ,,,,,RUDRABHISHEK ENTERP LTD,55.00,60.29,54.58,55.78,55.26,55.30,,55.78,,,4633,260467.35,117,F1,1,,,,,
2026-10-08,2026-10-08,CM,NSE,STK,23830,INE0R7301013,RULKA,SM,,,,,RULKA ELECTRICALS LIMITED,101.05,103.90,100.25,101.85,102.90,102.05,,101.85,,,8400,860055.00,19,F1,300,,,,,
2026-10-08,2026-10-08,CM,NSE,STK,766391,INE804W01029,RUNWALENTR,EQ,,,,,RUNWAL ENTERPRISES LTD,279.45,283.00,258.90,263.20,268.90,279.10,,263.23,,,724383,194489872.40,19577,F1,1,,,,,
2026-10-08,2026-10-08,CM,NSE,STK,25724,INE895B01021,RUPA,EQ,,,,,RUPA & COMPANY LTD,128.00,128.18,122.87,124.14,124.88,127.62,,124.14,,,308607,38338124.43,6621,F1,1,,,,,
2026-10-08,2026-10-08,CM,NSE,STK,24595,INE573K01025,RUSHIL,EQ,,,,,RUSHIL DECOR LIMITED,15.10,15.39,14.75,14.94,14.95,15.17,,14.94,,,207758,3112844.10,752,F1,1,,,,,
2026-10-08,2026-10-08,CM,NSE,STK,764860,INE137M01017,SAB,EQ,,,,,S A B INDUSTRIES LTD.,170.00,171.00,170.00,171.00,171.00,170.00,,177.85,,,31,5296.00,3,F1,1,,,,,
2026-10-08,2026-10-08,CM,NSE,STK,24674,INE0BSN01013,SATECH,SM,,,,,S A TECH SOFTWARE INDIA L,37.60,38.00,36.20,36.20,36.20,37.55,,36.20,,,7000,257850.00,6,F1,1000,,,,,
2026-10-08,2026-10-08,CM,NSE,STK,20698,INE807K01035,SCHAND,EQ,,,,,S CHAND AND COMPANY LTD,146.45,146.45,141.00,141.85,141.45,144.15,,141.85,,,13657,1939597.97,2082,F1,1,,,,,
2026-10-08,2026-10-08,CM,NSE,STK,25528,INE0X6F01017,SDREAMS,SM,,,,,S D RETAIL LIMITED,82.25,84.70,82.25,83.50,84.00,84.75,,83.50,,,5000,417950.00,5,F1,1000,,,,,
2026-10-08,2026-10-08,CM,NSE,STK,11212,INE500L01026,SHK,EQ,,,,,S H KELKAR AND CO. LTD.,141.62,144.99,134.90,136.13,136.00,141.62,,136.13,,,593627,82128168.64,12570,F1,1,,,,,
2026-10-08,2026-10-08,CM,NSE,STK,20542,INE0F3301020,SJLOGISTIC,SM,,,,,S J LOGISTICS (INDIA) LTD,308.05,311.95,295.00,300.35,300.05,309.45,,300.35,,,19750,6002137.50,68,F1,250,,,,,
2026-10-08,2026-10-08,CM,NSE,STK,764940,INE159L01013,SVGLOBAL,EQ,,,,,S V GLOBAL MILL LTD.,141.69,143.11,136.00,136.06,139.00,138.95,,135.58,,,393,53791.83,22,F1,1,,,,,
2026-10-08,2026-10-08,CM,NSE,STK,2951,INE902B01017,S&SPOWER,EQ,,,,,S&S POWER SWITCHGEARS LTD,299.40,299.40,265.55,275.20,270.00,290.60,,275.30,,,11740,3270872.85,504,F1,1,,,,,
2026-10-08,2026-10-08,CM,NSE,STK,18252,INE212I01016,SPAL,EQ,,,,,S. P. APPARELS LIMITED,958.50,967.40,916.10,922.80,949.00,960.30,,922.79,,,31720,29462098.70,4549,F1,1,,,,,
2026-10-08,2026-10-08,CM,NSE,STK,11634,INE658G01014,SALSTEEL,EQ,,,,,S.A.L. STEEL LTD.,87.99,90.76,84.41,88.93,85.55,86.44,,88.99,,,1424858,126977592.34,6707,F1,1,,,,,
2026-10-08,2026-10-08,CM,NSE,STK,19112,INE0PSK01027,SAAKSHI,ST,,,,,SAAKSHI MEDTEC N PANELS L,363.45,365.00,363.45,365.00,365.00,364.00,,365.00,,,4800,1751070.00,5,F1,600,,,,,
2026-10-08,2026-10-08,CM,NSE,STK,759057,INE13B501022,SAATVIKGL,EQ,,,,,SAATVIK GREEN ENERGY LTD,404.50,406.00,390.15,397.25,395.00,405.30,,397.24,,,96156,38099290.45,2929,F1,1,,,,,
2026-10-08,2026-10-08,CM,NSE,STK,757409,INE1ARD01016,SACHEEROME,SM,,,,,SACHEEROME LIMITED,499.50,501.00,482.10,489.35,489.35,500.35,,489.35,,,22800,11267550.00,51,F1,300,,,,,
2026-10-08,2026-10-08,CM,NSE,STK,13236,INE226H01026,SADBHAV,EQ,,,,,SADBHAV ENGINEERING LTD,7.02,7.02,6.60,6.72,6.73,6.92,,6.73,,,151064,1022856.90,390,F1,1,,,,,
2026-10-08,2026-10-08,CM,NSE,STK,10618,INE764L01010,SADBHIN,EQ,,,,,SADBHAV INFRA PROJ LTD.,2.63,2.72,2.54,2.67,2.64,2.60,,2.67,,,165560,435110.48,229,F1,1,,,,,
2026-10-08,2026-10-08,CM,NSE,STK,15349,INE888C01040,SADHNANIQ,BE,,,,,SADHANA NITROCHEM LIMITED,2.65,2.67,2.55,2.55,2.55,2.68,,2.55,,,1314369,3386146.49,872,F1,1,,,,,
2026-10-08,2026-10-08,CM,NSE,STK,22897,INE0K5H01010,SADHAV,SM,,,,,SADHAV SHIPPING LIMITED,111.50,111.50,107.50,108.50,109.00,111.55,,108.50,,,9600,1053090.00,16,F1,600,,,,,
2026-10-08,2026-10-08,CM,NSE,STK,13035,INE429E01023,SAFARI,EQ,,,,,SAFARI IND (INDIA) LTD,1313.40,1320.80,1280.00,1289.30,1288.90,1319.20,,1289.27,,,37258,48399590.40,7570,F1,1,,,,,
2026-10-08,2026-10-08,CM,NSE,STK,757583,INE17D601016,SAFEENTP,SM,,,,,SAFE ENTER RETAIL FIX LTD,260.45,260.45,248.00,251.45,251.00,260.45,,251.45,,,35000,8836750.00,58,F1,500,,,,,
2026-10-08,2026-10-08,CM,NSE,STK,14068,INE229C01021,SAGCEM,EQ,,,,,SAGAR CEMENTS LIMITED,145.55,145.98,140.10,144.37,142.03,143.91,,144.38,,,48594,6946921.38,867,F1,1,,,,,
2026-10-08,2026-10-08,CM,NSE,STK,8175,INE976T01013,SAGARDEEP,EQ,,,,,SAGARDEEP ALLOYS LIMITED,22.59,22.97,22.00,22.40,22.97,22.18,,22.40,,,7541,167261.85,84,F1,1,,,,,
2026-10-08,2026-10-08,CM,NSE,STK,27052,INE0W2G01015,SAGILITY,EQ,,,,,SAGILITY LIMITED,43.80,44.04,43.23,43.35,43.35,43.11,,43.36,,,22661142,988546057.94,42612,F1,1,,,,,
2026-10-08,2026-10-08,CM,NSE,STK,24478,INE0P4701011,SAHAJSOLAR,SM,,,,,SAHAJ SOLAR LIMITED,89.50,89.50,84.00,85.10,85.00,88.55,,85.10,,,19600,1691520.00,43,F1,400,,,,,
2026-10-08,2026-10-08,CM,NSE,STK,16711,INE0LEX01011,SAHANA,SM,,,,,SAHANA SYSTEM LIMITED,915.00,929.80,867.00,884.65,870.00,915.50,,884.65,,,61950,55162087.50,264,F1,150,,,,,
2026-10-08,2026-10-08,CM,NSE,STK,25668,INE0RBQ01018,SAHASRA,SM,,,,,SAHASRA ELECTRONIC SOLU L,446.35,474.75,433.15,472.70,470.30,452.15,,472.70,,,163200,74839260.00,369,F1,400,,,,,
2026-10-08,2026-10-08,CM,NSE,STK,14900,INE280H01015,SAHYADRI,EQ,,,,,SAHYADRI INDUSTRIES LTD,355.95,355.95,335.05,338.90,335.05,352.10,,338.91,,,6520,2246197.45,413,F1,1,,,,,
2026-10-08,2026-10-08,CM,NSE,STK,764865,INE531X01018,SAICAPI,EQ,,,,,SAI CAPITAL LTD.,142.13,146.00,142.13,143.05,143.00,146.08,,143.05,,,133,19021.76,15,F1,1,,,,,
2026-10-08,2026-10-08,CM,NSE,STK,27839,INE570L01029,SAILIFE,EQ,,,,,SAI LIFE SCIENCES LIMITED,1563.40,1563.40,1499.00,1505.60,1503.20,1561.80,,1505.61,,,513978,777250480.10,34722,F1,1,,,,,
2026-10-08,2026-10-08,CM,NSE,STK,761675,INE0H9F01037,SAIPARENT,EQ,,,,,SAI PARENTERALS LIMITED,521.80,521.80,497.05,500.45,502.00,521.65,,500.43,,,108603,54772305.60,4634,F1,1,,,,,
2026-10-08,2026-10-08,CM,NSE,STK,18755,INE438K01021,KALAMANDIR,EQ,,,,,SAI SILKS (KALAMANDIR) L,77.06,77.11,73.50,74.30,74.00,77.01,,74.29,,,409583,30679025.36,4310,F1,1,,,,,
2026-10-08,2026-10-08,CM,NSE,STK,764880,INE068B01017,SEKURITIND,EQ,,,,,SAINT GOBAIN SEKUR IND L,110.99,110.99,106.47,107.41,107.50,109.99,,107.41,,,17065,1842022.34,657,F1,1,,,,,
2026-10-08,2026-10-08,CM,NSE,STK,25715,INE00MT01022,SAJHOTELS,ST,,,,,SAJ HOTELS LIMITED,28.00,28.50,28.00,28.50,28.50,27.90,,28.50,,,34000,968000.00,3,F1,2000,,,,,
2026-10-08,2026-10-08,CM,NSE,STK,9539,INE732S01012,SAKAR,EQ,,,,,SAKAR HEALTHCARE LIMITED,1020.00,1020.00,994.00,1002.40,1000.50,1020.10,,1002.40,,,88900,89222400.30,7187,F1,1,,,,,
2026-10-08,2026-10-08,CM,NSE,STK,11794,INE667G01023,SAKSOFT,EQ,,,,,SAKSOFT LIMITED,138.51,141.75,130.00,132.80,131.67,139.08,,132.83,,,354513,48085671.88,5922,F1,1,,,,,
2026-10-08,2026-10-08,CM,NSE,STK,2969,INE623A01011,SAKHTISUG,EQ,,,,,SAKTHI SUGARS LTD,18.75,19.00,17.75,17.88,17.90,18.63,,17.88,,,111995,2040191.44,810,F1,1,,,,,
2026-10-08,2026-10-08,CM,NSE,STK,13251,INE190H01024,SAKUMA,EQ,,,,,SAKUMA EXPORTS LIMITED,1.52,1.54,1.49,1.49,1.50,1.50,,1.49,,,789369,1190356.92,720,F1,1,,,,,
2026-10-08,2026-10-08,CM,NSE,STK,21362,INE170V01027,SALASAR,EQ,,,,,SALASAR TECHNO ENGG. LTD.,4.17,4.20,4.03,4.09,4.11,4.17,,4.09,,,2863815,11751617.83,3409,F1,1,,,,,
2026-10-08,2026-10-08,CM,NSE,STK,17351,INE498E01010,SALONA,EQ,,,,,SALONA COTSPIN LTD.,274.70,278.95,262.10,277.00,277.00,276.55,,277.00,,,311,84218.85,41,F1,1,,,,,
2026-10-08,2026-10-08,CM,NSE,STK,11399,INE457F01013,SALZERELEC,EQ,,,,,SALZER ELECTRONICS LTD,525.10,525.10,508.00,510.30,508.50,521.00,,510.31,,,40874,21052680.50,2661,F1,1,,,,,
2026-10-08,2026-10-08,CM,NSE,STK,4127,INE699B01027,SAMBHAAV,EQ,,,,,SAMBHAAV MEDIA LTD,5.14,6.00,5.02,5.61,5.62,5.10,,5.61,,,19639,104695.90,127,F1,1,,,,,
2026-10-08,2026-10-08,CM,NSE,STK,757767,INE12NJ01018,SAMBHV,EQ,,,,,SAMBHV STEEL TUBES LTD,157.82,160.47,153.25,157.31,157.20,158.32,,157.31,,,3138458,490045229.35,29928,F1,1,,,,,
2026-10-08,2026-10-08,CM,NSE,STK,21096,INE0PZA01015,SAIFL,SM,,,,,SAMEERA AGRO AND INFRA L,4.15,4.25,4.05,4.15,4.20,4.15,,4.15,,,76000,316400.00,19,F1,4000,,,,,
2026-10-08,2026-10-08,CM,NSE,STK,18614,INE08U801020,SAMHI,EQ,,,,,SAMHI HOTELS LIMITED,148.70,148.77,143.00,143.89,144.03,147.25,,143.89,,,568252,82532595.63,8077,F1,1,,,,,
2026-10-08,2026-10-08,CM,NSE,STK,30125,INE148I01020,SAMMAANCAP,EQ,,,,,SAMMAAN CAPITAL LIMITED,132.52,133.14,127.40,127.82,127.92,132.94,,127.81,,,4883082,633437158.77,28696,F1,1,,,,,
2026-10-08,2026-10-08,CM,NSE,STK,27303,INE735M01018,SAMPANN,EQ,,,,,SAMPANN UTPADAN INDIA LTD,24.39,24.39,23.51,23.78,23.55,23.96,,23.78,,,8542,203542.51,148,F1,1,,,,,
2026-10-08,2026-10-08,CM,NSE,STK,4204,INE775A01035,MOTHERSON,EQ,,,,,SAMVRDHNA MTHRSN INTL LTD,158.57,158.90,153.08,153.08,153.08,159.20,,153.08,,,14700252,2281016632.51,83607,F1,1,,,,,
2026-10-08,2026-10-08,CM,NSE,STK,28805,INE0JPD01013,SANATHAN,EQ,,,,,SANATHAN TEXTILES LIMITED,520.00,524.15,499.50,502.65,503.00,522.85,,502.67,,,52584,26828283.95,1942,F1,1,,,,,
2026-10-08,2026-10-08,CM,NSE,STK,2988,INE583B01015,SANDESH,EQ,,,,,SANDESH LTD,1010.00,1015.00,988.50,990.35,991.50,1002.05,,990.88,,,497,494525.65,71,F1,1,,,,,
2026-10-08,2026-10-08,CM,NSE,STK,2397,INE278H01035,SANDHAR,EQ,,,,,SANDHAR TECHNOLOGIES LTD,557.00,564.55,530.05,534.15,538.90,561.30,,534.15,,,107554,58423383.70,9503,F1,1,,,,,
2026-10-08,2026-10-08,CM,NSE,STK,18359,INE149K01016,SANDUMA,EQ,,,,,SANDUR MANG & IRON ORES L,181.00,181.75,175.01,179.15,177.00,181.19,,179.15,,,615550,109460304.82,11418,F1,1,,,,,
2026-10-08,2026-10-08,CM,NSE,STK,4184,INE495C01010,SANGAMIND,EQ,,,,,SANGAM (INDIA) LTD,625.00,640.00,600.00,602.95,601.75,624.05,,602.94,,,26131,15941434.05,1460,F1,1,,,,,
2026-10-08,2026-10-08,CM,NSE,STK,18035,INE0OVI01010,SANGANI,SM,,,,,SANGANI HOSPITALS LIMITED,56.00,57.35,55.00,55.00,55.00,56.80,,55.00,,,6000,338550.00,3,F1,1500,,,,,
2026-10-08,2026-10-08,CM,NSE,STK,14058,INE989A01032,SANGHVIMOV,EQ,,,,,SANGHVI MOVERS LTD,412.50,412.50,385.60,389.20,391.00,410.65,,389.27,,,469081,185040057.75,13929,F1,1,,,,,
2026-10-08,2026-10-08,CM,NSE,STK,25222,INE0UOS01011,SANOFICONR,EQ,,,,,SANOFI CONS HEALTHC IND L,3722.90,3725.30,3573.40,3600.50,3595.00,3722.90,,3600.05,,,4312,15640531.00,1627,F1,1,,,,,
2026-10-08,2026-10-08,CM,NSE,STK,1442,INE058A01010,SANOFI,EQ,,,,,SANOFI INDIA LIMITED,3032.30,3032.30,2967.00,2979.70,2967.00,3023.80,,2979.85,,,17459,52166613.50,4190,F1,1,,,,,
2026-10-08,2026-10-08,CM,NSE,STK,5751,INE953O01021,SANSERA,EQ,,,,,SANSERA ENGINEERING LTD,4250.00,4258.00,4102.50,4129.40,4130.00,4261.70,,4129.42,,,227040,944253073.70,26139,F1,1,,,,,
2026-10-08,2026-10-08,CM,NSE,STK,24582,INE08NE01025,SANSTAR,EQ,,,,,SANSTAR LIMITED,105.00,105.80,97.10,97.42,97.30,104.23,,97.42,,,160837,16158733.24,2666,F1,1,,,,,
2026-10-08,2026-10-08,CM,NSE,STK,46,INE890C01046,SANWARIA,BZ,,,,,SANWARIA CONSUMER LIMITED,0.19,0.19,0.18,0.18,0.18,0.18,,0.18,,,387164,72948.59,155,F1,1,,,,,
2026-10-08,2026-10-08,CM,NSE,STK,6718,INE806T01020,SAPPHIRE,EQ,,,,,SAPPHIRE FOODS INDIA LTD,214.05,214.84,203.10,205.11,204.50,215.03,,205.11,,,613198,128220438.24,15656,F1,1,,,,,
2026-10-08,2026-10-08,CM,NSE,STK,19863,INE0PUC01020,SARTELE,SM,,,,,SAR TELEVENTURE LIMITED,94.50,96.50,85.00,87.45,85.00,94.35,,87.45,,,101000,9196375.00,159,F1,500,,,,,
2026-10-08,2026-10-08,CM,NSE,STK,762985,INE967G01019,ZSARACOM,EQ,,,,,SARASWATI COMM (INDIA) L,10282.00,10282.00,9850.00,9901.00,10000.00,10282.00,,9901.00,,,24,239133.00,19,F1,1,,,,,
2026-10-08,2026-10-08,CM,NSE,STK,24856,INE0PQ101010,SSDL,EQ,,,,,SARASWATI SAREE DEPOT LTD,64.77,66.80,64.50,65.01,64.51,66.20,,65.01,,,41662,2732069.07,920,F1,1,,,,,
2026-10-08,2026-10-08,CM,NSE,STK,17758,INE385C01021,SARDAEN,EQ,,,,,SARDA ENERGY & MIN LTD,499.35,500.50,488.05,491.90,488.25,499.35,,491.88,,,271539,134138559.75,10159,F1,1,,,,,
2026-10-08,2026-10-08,CM,NSE,STK,4892,INE979A01025,SAREGAMA,EQ,,,,,SAREGAMA INDIA LIMITED,506.75,506.75,479.20,481.85,482.10,503.75,,481.82,,,315892,155098357.20,14247,F1,1,,,,,
2026-10-08,2026-10-08,CM,NSE,STK,14043,INE453D01025,SARLAPOLY,EQ,,,,,SARLA PERF. FIBERS LTD,97.80,97.80,93.50,93.69,93.50,96.70,,93.69,,,64273,6125918.48,2400,F1,1,,,,,
2026-10-08,2026-10-08,CM,NSE,STK,6843,INE017W01010,SMLT,EQ,,,,,SARTHAK METALS LIMITED,73.94,76.80,73.94,76.26,75.62,73.94,,76.25,,,40500,3074365.74,404,F1,1,,,,,
2026-10-08,2026-10-08,CM,NSE,STK,12913,INE324X01026,SARVESHWAR,EQ,,,,,SARVESHWAR FOODS LIMITED,3.68,3.73,3.54,3.57,3.59,3.61,,3.57,,,1709505,6231050.43,2186,F1,1,,,,,
2026-10-08,2026-10-08,CM,NSE,STK,11983,INE231F01020,SASKEN,EQ,,,,,SASKEN TECHNOLOGIES LTD,1698.00,1698.00,1588.00,1598.10,1604.00,1665.10,,1598.18,,,23343,37741737.80,3173,F1,1,,,,,
2026-10-08,2026-10-08,CM,NSE,STK,29151,INE0NB801022,SATKARTAR,SM,,,,,SAT KARTAR LIFE LIMITED,158.00,162.90,143.75,143.75,143.75,159.70,,143.75,,,132000,19867680.00,137,F1,800,,,,,
2026-10-08,2026-10-08,CM,NSE,STK,24697,INE0RFP01011,SSEGL,SM,,,,,SATHLOKHAR SYN E&C GLOB L,388.30,390.10,374.00,374.90,374.05,388.30,,374.90,,,41400,15664610.00,174,F1,200,,,,,
2026-10-08,2026-10-08,CM,NSE,STK,24504,INE0RPM01017,SATIPOLY,SM,,,,,SATI POLY PLAST LIMITED,34.85,34.85,32.60,33.50,32.60,34.30,,33.50,,,1500,50225.00,3,F1,500,,,,,
2026-10-08,2026-10-08,CM,NSE,STK,11045,INE170E01023,SATIA,EQ,,,,,SATIA INDUSTRIES LIMITED,69.49,69.49,66.62,67.64,68.10,69.00,,67.64,,,173194,11808624.34,1809,F1,1,,,,,
2026-10-08,2026-10-08,CM,NSE,STK,10453,INE836B01017,SATIN,EQ,,,,,SATIN CREDIT NET LTD,221.90,225.20,216.10,217.39,217.60,223.79,,217.39,,,295806,65006072.88,7249,F1,1,,,,,
2026-10-08,2026-10-08,CM,NSE,STK,758960,INE14DW01018,SATTVAENGG,SM,,,,,SATTVA ENGINEERING CSTN L,60.90,60.90,58.90,58.95,59.00,58.40,,58.95,,,12800,760240.00,7,F1,1600,,,,,
2026-10-08,2026-10-08,CM,NSE,STK,3018,INE626A01014,SAURASHCEM,EQ,,,,,SAURASHTRA CEMENT LIMITED,50.12,51.19,49.10,49.68,49.95,50.60,,49.68,,,72985,3649197.66,1541,F1,1,,,,,
2026-10-08,2026-10-08,CM,NSE,STK,3021,INE035D01020,SOTL,EQ,,,,,SAVITA OIL TECHNOLO. LTD,807.80,807.90,759.50,764.20,766.60,803.80,,763.97,,,281955,218532105.85,22246,F1,1,,,,,
2026-10-08,2026-10-08,CM,NSE,STK,757704,INE0UCN01017,SAVY,SM,,,,,SAVY INFRA AND LOGI LTD,129.60,129.60,129.60,129.60,129.60,135.00,,129.60,,,1200,155520.00,1,F1,1200,,,,,
2026-10-08,2026-10-08,CM,NSE,STK,758444,INE10VS01016,SAWALIYA,SM,,,,,SAWALIYA FOOD PRODUCTS L,189.50,196.90,174.10,193.10,182.50,188.40,,193.10,,,154200,29008500.00,117,F1,600,,,,,
2026-10-08,2026-10-08,CM,NSE,STK,762879,INE318C01014,SAYAJIHOTL,EQ,,,,,SAYAJI HOTELS LTD.,309.00,309.00,305.00,306.60,305.00,309.00,,304.68,,,14,4298.50,6,F1,1,,,,,
2026-10-08,2026-10-08,CM,NSE,STK,764875,INE327G01032,SAYAJIIND,EQ,,,,,SAYAJI INDUSTRIES LTD.,114.41,115.41,114.41,115.41,115.41,116.00,,115.20,,,129,14805.63,4,F1,1,,,,,
2026-10-08,2026-10-08,CM,NSE,STK,6792,INE04AK01028,SBC,EQ,,,,,SBC EXPORTS LIMITED,62.28,64.40,61.63,63.21,63.30,61.77,,63.21,,,17429844,1104025622.03,28089,F1,1,,,,,
2026-10-08,2026-10-08,CM,NSE,STK,18026,INE423Y01016,SBFC,EQ,,,,,SBFC FINANCE LIMITED,81.14,81.94,79.82,81.28,81.74,81.10,,81.28,,,2262015,183272611.71,16238,F1,1,,,,,
2026-10-08,2026-10-08,CM,NSE,STK,17971,INE018E01016,SBICARD,EQ,,,,,SBI CARDS & PAY SER LTD,555.00,559.45,547.65,547.65,547.65,557.40,,547.67,,,925527,511986661.35,35447,F1,1,,,,,
2026-10-08,2026-10-08,CM,NSE,STK,764173,INE640G01020,SBIFUNDS,EQ,,,,,SBI FUNDS MANAGEMENT LTD,501.00,505.40,498.45,499.95,499.50,501.20,,499.95,,,893682,448224790.80,32885,F1,1,,,,,
2026-10-08,2026-10-08,CM,NSE,STK,21811,INE123W01016,SBILIFE,BL,,,,,SBI LIFE INSURANCE CO LTD,1671.00,1671.00,1671.00,1671.00,1671.00,2026.00,,1671.00,,,642153,1073037663.00,1,F1,999999999,,,,,
2026-10-08,2026-10-08,CM,NSE,STK,21808,INE123W01016,SBILIFE,EQ,,,,,SBI LIFE INSURANCE CO LTD,1724.00,1724.00,1658.10,1682.50,1682.50,1726.10,,1682.52,,,1427096,2394655247.10,59064,F1,1,,,,,
2026-10-08,2026-10-08,CM,NSE,STK,17272,INF200KA16D8,SETFGOLD,EQ,,,,,SBI-ETF GOLD,125.04,125.33,124.51,124.77,124.76,124.92,,124.77,,,2925368,365184752.97,9727,F1,1,,,,,
2026-10-08,2026-10-08,CM,NSE,STK,10176,INF200KA1FS1,SETFNIF50,EQ,,,,,SBI-ETF NIFTY 50,243.65,244.44,237.55,239.71,240.29,243.65,,239.72,,,1176317,283146120.23,9995,F1,1,,,,,
2026-10-08,2026-10-08,CM,NSE,STK,7361,INF200KA1580,SETFNIFBK,EQ,,,,,SBI-ETF NIFTY BANK,564.93,565.43,558.28,559.43,558.87,566.09,,559.43,,,305732,171105764.03,2422,F1,1,,,,,
2026-10-08,2026-10-08,CM,NSE,STK,7353,INF200KA1598,SETFNN50,EQ,,,,,SBI-ETF NIFTY NEXT 50,745.75,746.17,726.55,728.39,730.11,746.57,,728.39,,,54239,39730474.16,2309,F1,1,,,,,
2026-10-08,2026-10-08,CM,NSE,STK,19705,INF200KA13Z8,LIQUIDSBI,EQ,,,,,SBIAMC - LIQUIDSBI,999.99,1000.01,999.99,999.99,999.99,1000.01,,999.99,,,7498,7498044.65,23,F1,1,,,,,
2026-10-08,2026-10-08,CM,NSE,STK,30290,INF200KB1712,SBIBPB,EQ,,,,,SBIAMC - SBIBPB,47.13,47.47,46.55,46.59,46.55,46.74,,46.59,,,50772,2383189.61,356,F1,1,,,,,
2026-10-08,2026-10-08,CM,NSE,STK,5168,INF200KA1X17,SBIETFCON,EQ,,,,,SBIAMC - SBIETFCON,114.55,114.55,110.74,111.17,111.60,113.42,,111.17,,,2187,244983.82,100,F1,1,,,,,
2026-10-08,2026-10-08,CM,NSE,STK,740,INF200KA1S14,SBIETFIT,EQ,,,,,SBIAMC - SBIETFIT,312.56,314.15,306.50,308.48,306.50,308.87,,308.48,,,3727,1159202.91,158,F1,1,,,,,
2026-10-08,2026-10-08,CM,NSE,STK,722,INF200KA1S22,SBIETFPB,EQ,,,,,SBIAMC - SBIETFPB,277.26,280.00,274.05,275.45,275.98,277.45,,275.45,,,28750,7922065.15,740,F1,1,,,,,
2026-10-08,2026-10-08,CM,NSE,STK,7218,INF200KA1WX6,SBIETFQLTY,EQ,,,,,SBIAMC - SBIETFQLTY,206.14,212.48,202.50,204.35,203.57,206.30,,204.35,,,1374,280580.16,83,F1,1,,,,,
2026-10-08,2026-10-08,CM,NSE,STK,758496,INF200KB1969,SBILIQETF,EQ,,,,,SBIAMC - SBILIQETF,1059.18,1059.20,1059.18,1059.18,1059.18,1059.04,,1059.18,,,115987,122851262.68,65,F1,1,,,,,
2026-10-08,2026-10-08,CM,NSE,STK,761095,INF200KB1AJ0,SBIMIDMOM,EQ,,,,,SBIAMC - SBIMIDMOM,62.23,62.23,59.70,60.02,60.21,61.62,,60.02,,,43262,2605829.53,281,F1,1,,,,,
2026-10-08,2026-10-08,CM,NSE,STK,24524,INF200KB1282,SBINEQWETF,EQ,,,,,SBIAMC - SBINEQWETF,31.46,32.00,30.50,30.67,30.72,31.31,,30.67,,,69497,2137103.23,423,F1,1,,,,,
2026-10-08,2026-10-08,CM,NSE,STK,761741,INF200KB1AK8,SBINMID150,EQ,,,,,SBIAMC - SBINMID150,21.93,21.93,21.40,21.52,21.49,21.93,,21.52,,,22090,477285.46,170,F1,1,,,,,
2026-10-08,2026-10-08,CM,NSE,STK,24366,INF200KB1217,SBISILVER,EQ,,,,,SBIAMC - SBISILVER,214.23,214.49,210.50,211.15,211.39,214.32,,211.15,,,668406,141680182.54,8233,F1,1,,,,,
2026-10-08,2026-10-08,CM,NSE,STK,763543,INF200KB1AY9,SBISMLETF,EQ,,,,,SBIAMC - SBISMLETF,17.50,17.95,17.50,17.56,17.58,17.95,,17.56,,,110508,1943210.63,309,F1,1,,,,,
2026-10-08,2026-10-08,CM,NSE,STK,763546,INF200KB1AX1,SBIVALETF,EQ,,,,,SBIAMC - SBIVALETF,13.87,13.94,13.52,13.60,13.64,13.87,,13.60,,,657425,9043467.87,184,F1,1,,,,,
2026-10-08,2026-10-08,CM,NSE,STK,17395,INF200KA1JT1,SETF10GILT,EQ,,,,,SBIAMC - SETF10GILT,261.04,261.37,259.27,260.51,261.00,260.15,,260.51,,,3363,873537.61,45,F1,1,,,,,
2026-10-08,2026-10-08,CM,NSE,STK,762887,INE099G01011,SCANSTL,BE,,,,,SCAN STEELS LTD.,50.21,50.21,48.50,48.68,49.99,50.06,,48.68,,,15482,764537.33,186,F1,1,,,,,
2026-10-08,2026-10-08,CM,NSE,STK,1011,INE513A01022,SCHAEFFLER,EQ,,,,,SCHAEFFLER INDIA LIMITED,3796.90,3808.00,3725.50,3736.70,3737.50,3797.00,,3736.67,,,30762,115027569.30,8580,F1,1,,,,,
2026-10-08,2026-10-08,CM,NSE,STK,31234,INE839M01018,SCHNEIDER,EQ,,,,,SCHNEIDER ELECTRIC INFRA,1256.20,1259.00,1185.20,1191.40,1196.00,1256.20,,1191.41,,,286019,345010467.90,19958,F1,1,,,,,
2026-10-08,2026-10-08,CM,NSE,STK,757466,INE148I07XK0,888SCL28,NA,,,,,SCL 8.88% 2028 SR V,989.16,989.16,930.50,977.00,977.00,989.00,,977.00,,,17,16319.98,3,F1,1,,,,,
2026-10-08,2026-10-08,CM,NSE,STK,757458,INE148I07YA9,9SCL27,N2,,,,,SCL 9.00% 2027 SR I,995.04,995.04,995.04,995.04,995.04,1000.00,,995.04,,,10,9950.40,1,F1,1,,,,,
2026-10-08,2026-10-08,CM,NSE,STK,757473,INE148I07XS3,925SCL30A,NH,,,,,SCL 9.25% 2030 SR IX,999.00,999.00,999.00,999.00,999.00,999.00,,999.00,,,50,49950.00,1,F1,1,,,,,
2026-10-08,2026-10-08,CM,NSE,STK,757608,INE148I07WZ0,975SCL35,N0,,,,,SCL 9.75% 2035 SR II,101000.00,101000.00,101000.00,101000.00,101000.00,101000.00,,101000.00,,,5,505000.00,1,F1,1,,,,,
2026-10-08,2026-10-08,CM,NSE,STK,757478,INE090501011,SCODATUBES,EQ,,,,,SCODA TUBES LIMITED,122.00,122.52,119.00,119.69,119.00,122.88,,119.69,,,191273,23052837.66,2640,F1,1,,,,,
2026-10-08,2026-10-08,CM,NSE,STK,764507,IN1020260114,746AP35,SG,,,,,SDL AP 7.46% 2035,97.00,97.00,96.50,96.50,96.50,95.00,,96.50,,,200,19350.00,2,F1,100,,,,,
2026-10-08,2026-10-08,CM,NSE,STK,23079,IN3520230241,739CG33,SG,,,,,SDL CG 7.39% 2033,95.00,95.00,95.00,95.00,95.00,95.92,,95.00,,,100,9500.00,1,F1,100,,,,,
2026-10-08,2026-10-08,CM,NSE,STK,21133,IN1520230161,743GJ27,SG,,,,,SDL GJ 7.43% 2027,101.43,101.43,101.43,101.43,101.43,101.36,,101.43,,,100,10143.00,1,F1,100,,,,,
2026-10-08,2026-10-08,CM,NSE,STK,24420,IN1620240086,732HR36,SG,,,,,SDL HR 7.32% 2036,95.17,95.17,95.17,95.17,95.17,100.00,,95.17,,,100,9517.00,1,F1,100,,,,,
2026-10-08,2026-10-08,CM,NSE,STK,23547,IN1620240011,748HR34,SG,,,,,SDL HR 7.48% 2034,98.90,98.90,98.90,98.90,98.90,98.90,,98.90,,,200,19780.00,1,F1,100,,,,,
2026-10-08,2026-10-08,CM,NSE,STK,762425,IN2020260039,786KL42,SG,,,,,SDL KL 7.86% 2042,97.93,97.93,97.93,97.93,97.93,100.00,,97.93,,,100,9793.00,1,F1,100,,,,,
2026-10-08,2026-10-08,CM,NSE,STK,760072,IN2220250392,743MH40,SG,,,,,SDL MH 7.43% 2040,95.19,95.19,95.19,95.19,95.19,100.00,,95.19,,,200,19038.00,2,F1,100,,,,,
2026-10-08,2026-10-08,CM,NSE,STK,760059,IN2220250483,748MH37,SG,,,,,SDL MH 7.48% 2037,95.17,95.17,95.17,95.17,95.17,100.00,,95.17,,,100,9517.00,1,F1,100,,,,,
2026-10-08,2026-10-08,CM,NSE,STK,22617,IN2220230220,749MH36,SG,,,,,SDL MH 7.49% 2036,95.36,98.00,95.36,98.00,98.00,100.16,,96.75,,,2000,193360.00,2,F1,100,,,,,
2026-10-08,2026-10-08,CM,NSE,STK,764039,IN2120260053,761MP44,SG,,,,,SDL MP 7.61% 2044,95.20,95.20,95.20,95.20,95.20,100.00,,95.20,,,100,9520.00,1,F1,100,,,,,
2026-10-08,2026-10-08,CM,NSE,STK,24009,IN2920240123,745RJ40,SG,,,,,SDL RJ 7.45% 2040,95.20,95.20,95.20,95.20,95.20,95.13,,95.20,,,100,9520.00,1,F1,100,,,,,
2026-10-08,2026-10-08,CM,NSE,STK,760590,IN3120250607,758TN56,SG,,,,,SDL TN 7.58% 2056,95.00,95.00,95.00,95.00,95.00,100.00,,95.00,,,100,9500.00,1,F1,100,,,,,
2026-10-08,2026-10-08,CM,NSE,STK,20335,IN3120230328,768TN30B,SG,,,,,SDL TN 7.68% 2030,99.77,99.77,99.77,99.77,99.77,100.00,,99.77,,,100,9977.00,1,F1,100,,,,,
2026-10-08,2026-10-08,CM,NSE,STK,9869,IN3120220030,794TN32,SG,,,,,SDL TN 7.94% 2032,99.16,99.16,99.15,99.15,99.15,100.00,,99.15,,,2000,198301.00,2,F1,100,,,,,
2026-10-08,2026-10-08,CM,NSE,STK,23427,IN4520240016,744TS36,SG,,,,,SDL TS 7.44% 2036,95.00,96.45,95.00,96.45,96.45,100.00,,96.45,,,200,19145.00,2,F1,100,,,,,
2026-10-08,2026-10-08,CM,NSE,STK,20643,INE027E07972,935LTF29,N5,,,,,SE RE NCD 9.35% SR.V OP2,1120.00,1130.00,1085.15,1085.15,1085.15,1090.00,,1085.15,,,80,88306.00,3,F1,1,,,,,
2026-10-08,2026-10-08,CM,NSE,STK,2616,INE497B01018,SEAMECLTD,EQ,,,,,SEAMEC LIMITED,1612.10,1627.90,1557.20,1572.70,1557.20,1610.90,,1572.88,,,50976,80871843.60,4524,F1,1,,,,,
2026-10-08,2026-10-08,CM,NSE,STK,20771,INE413U07277,10ISFL26,N3,,,,,SEC RE NCD 10% SR 4,1073.20,1073.20,1073.20,1073.20,1073.20,1073.20,,1073.20,,,31,33269.20,1,F1,1,,,,,
2026-10-08,2026-10-08,CM,NSE,STK,12465,INE741K07496,10CAGL27,N5,,,,,SEC RE NCD 10% SR. V,1015.00,1015.00,1002.85,1002.85,1002.85,1020.00,,1002.85,,,11,11140.70,2,F1,1,,,,,
2026-10-08,2026-10-08,CM,NSE,STK,20779,INE413U07269,1003ISFL28,N4,,,,,SEC RE NCD 10.03% SR 5,1010.00,1010.00,1000.00,1000.00,1000.00,1003.90,,1000.00,,,149,149660.00,14,F1,1,,,,,
2026-10-08,2026-10-08,CM,NSE,STK,25914,INE583D07521,1025UCL26A,N1,,,,,SEC RE NCD 10.25% SR II,1002.00,1002.01,1002.00,1002.01,1002.01,1000.01,,1002.01,,,118,118236.18,4,F1,1,,,,,
2026-10-08,2026-10-08,CM,NSE,STK,23323,INE148I07SQ7,1025SCL34,Z8,,,,,SEC RE NCD 10.25% SR XII,1025.00,1035.00,1025.00,1035.00,1035.00,1035.00,,1035.00,,,50,51450.00,5,F1,1,,,,,
2026-10-08,2026-10-08,CM,NSE,STK,18906,INE148I07PV3,888SCL25E,N4,,,,,SEC RE NCD 10.25% SR XII,660.40,660.40,660.40,660.40,660.40,694.37,,660.40,,,2,1320.80,1,F1,1,,,,,
2026-10-08,2026-10-08,CM,NSE,STK,20784,INE413U07251,1050ISFL28,N5,,,,,SEC RE NCD 10.50% SR 6,1075.10,1075.10,1066.30,1066.60,1066.60,1075.10,,1066.60,,,110,117772.50,4,F1,1,,,,,
2026-10-08,2026-10-08,CM,NSE,STK,15249,INE244L07556,1003SFIL28,NX,,,,,SEC RE NCD 10.50% SR.VII,455.00,455.00,455.00,455.00,455.00,410.00,,455.00,,,3,1365.00,1,F1,1,,,,,
2026-10-08,2026-10-08,CM,NSE,STK,23123,INE342T07460,1065NFL27,NC,,,,,SEC RE NCD 10.65% SR.IV,1001.00,1009.99,1001.00,1009.99,1009.99,1002.51,,1009.99,,,101,101515.69,9,F1,1,,,,,
2026-10-08,2026-10-08,CM,NSE,STK,23125,INE342T07445,1119NFL27,ND,,,,,SEC RE NCD 11.19% SR.V,1058.00,1058.00,1057.20,1057.20,1057.20,1055.50,,1059.60,,,205,216822.00,5,F1,1,,,,,
2026-10-08,2026-10-08,CM,NSE,STK,3451,INE219X07249,769IGT28,NH,,,,,SEC RE NCD 7.69% SR.IV,1005.00,1005.00,1005.00,1005.00,1005.00,1005.00,,1005.00,,,178,178890.00,3,F1,1,,,,,
2026-10-08,2026-10-08,CM,NSE,STK,11658,INE0H7R07017,79NHIT35,N1,,,,,SEC RE NCD 7.90% STRPP A,312.96,312.96,311.00,311.01,312.00,312.00,,311.01,,,1223,380380.60,11,F1,1,,,,,
2026-10-08,2026-10-08,CM,NSE,STK,11665,INE0H7R07025,79NHIT40,N2,,,,,SEC RE NCD 7.90% STRPP B,313.50,313.50,310.51,313.40,313.40,312.97,,313.40,,,29,9013.62,5,F1,1,,,,,
2026-10-08,2026-10-08,CM,NSE,STK,11669,INE0H7R07033,79NHIT47,N3,,,,,SEC RE NCD 7.90% STRPP C,418.00,418.00,418.00,418.00,418.00,415.70,,418.00,,,1245,520410.00,5,F1,1,,,,,
2026-10-08,2026-10-08,CM,NSE,STK,7648,INE477L07AN9,820IIFL27,N9,,,,,SEC RE NCD 8.20% SR.III,998.00,998.00,996.00,996.00,996.00,997.50,,996.00,,,1016,1011963.00,14,F1,1,,,,,
2026-10-08,2026-10-08,CM,NSE,STK,3464,INE219X07264,82IGT31,NJ,,,,,SEC RE NCD 8.20% SR.V,1039.00,1039.00,1039.00,1039.00,1039.00,1038.00,,1039.45,,,91,94549.00,5,F1,1,,,,,
2026-10-08,2026-10-08,CM,NSE,STK,17958,INE121A07RE9,84CIFCL28,NA,,,,,SEC RE NCD 8.40% SR 5,1018.00,1018.00,1018.00,1018.00,1018.00,1016.00,,1018.00,,,100,101800.00,1,F1,1,,,,,
2026-10-08,2026-10-08,CM,NSE,STK,7668,INE477L07AQ2,843IHFL29,NC,,,,,SEC RE NCD 8.43% SR.VI,999.98,999.98,985.00,985.00,985.00,990.05,,985.00,,,102,100484.98,3,F1,1,,,,,
2026-10-08,2026-10-08,CM,NSE,STK,7662,INE477L07AO7,850IIFL27,NA,,,,,SEC RE NCD 8.50% SR.IV,1057.00,1057.00,1057.00,1057.00,1057.00,1059.00,,1057.00,,,200,211400.00,1,F1,1,,,,,
2026-10-08,2026-10-08,CM,NSE,STK,17039,INE530B07385,865IFL28,NZ,,,,,SEC RE NCD 8.65% SR.V,986.01,986.01,986.01,986.01,986.01,987.11,,986.01,,,15,14790.15,2,F1,1,,,,,
2026-10-08,2026-10-08,CM,NSE,STK,13852,INE530B07310,865IIFL28,NS,,,,,SEC RE NCD 8.65% SR.V,993.00,994.90,992.00,992.27,993.99,993.00,,992.27,,,638,633103.30,19,F1,1,,,,,
2026-10-08,2026-10-08,CM,NSE,STK,7671,INE477L07AR0,875IHFL29,ND,,,,,SEC RE NCD 8.75% SR.VII,1039.99,1039.99,1039.99,1039.99,1039.99,1031.50,,1039.99,,,115,119598.85,3,F1,1,,,,,
2026-10-08,2026-10-08,CM,NSE,STK,7777,INE148I07LE8,889SCFL27,YC,,,,,SEC RE NCD 8.89% SR.VIII,999.00,999.00,999.00,999.00,999.00,1000.00,,999.00,,,63,62937.00,3,F1,1,,,,,
2026-10-08,2026-10-08,CM,NSE,STK,28869,INE477L07BG1,89IHFL29,N1,,,,,SEC RE NCD 8.90% SR VI,986.51,986.51,986.51,986.51,986.51,986.51,,986.51,,,120,118381.20,2,F1,1,,,,,
2026-10-08,2026-10-08,CM,NSE,STK,23706,INE338I07164,897MOFSL29,N4,,,,,SEC RE NCD 8.97% SR V,1023.00,1023.00,1012.01,1017.80,1017.80,1025.00,,1017.80,,,1214,1233884.92,32,F1,1,,,,,
2026-10-08,2026-10-08,CM,NSE,STK,17041,INE530B07377,9IIFL28,Y0,,,,,SEC RE NCD 9% SR.VI,1013.80,1013.80,1002.47,1013.80,1013.80,1004.46,,1013.80,,,52,52706.27,3,F1,1,,,,,
2026-10-08,2026-10-08,CM,NSE,STK,13854,INE530B07260,9IIFL28A,NT,,,,,SEC RE NCD 9% SR.VI,1050.08,1050.50,1050.00,1050.50,1050.50,1053.00,,1050.50,,,1653,1735830.64,3,F1,1,,,,,
2026-10-08,2026-10-08,CM,NSE,STK,23708,INE338I07107,935MOFSL29,N5,,,,,SEC RE NCD 9.35% SR VI,1054.00,1054.00,1054.00,1054.00,1054.00,1054.90,,1054.00,,,110,115940.00,5,F1,1,,,,,
2026-10-08,2026-10-08,CM,NSE,STK,11854,INE148I07MV0,915SCL27A,ZL,,,,,SEC RE NCD 9.55% SR.VII,1063.45,1063.45,1063.45,1063.45,1063.45,1043.20,,1063.45,,,10,10634.50,1,F1,1,,,,,
2026-10-08,2026-10-08,CM,NSE,STK,25294,INE423A07336,956AEL29,N6,,,,,SEC RE NCD 9.56% SR VI,1026.99,1039.90,1022.00,1039.89,1039.89,1026.99,,1039.89,,,587,603066.60,30,F1,1,,,,,
2026-10-08,2026-10-08,CM,NSE,STK,20769,INE413U07236,957ISFL26,N2,,,,,SEC RE NCD 9.57% SR 3,995.00,995.00,995.00,995.00,995.00,995.00,,995.00,,,35,34825.00,2,F1,1,,,,,
2026-10-08,2026-10-08,CM,NSE,STK,25287,INE423A07328,965AEL27,N4,,,,,SEC RE NCD 9.65% SR IV,1020.00,1020.00,1015.80,1016.00,1016.00,1011.70,,1017.00,,,413,421080.80,11,F1,1,,,,,
2026-10-08,2026-10-08,CM,NSE,STK,18487,INE741K07579,970CAGL28,ND,,,,,SEC RE NCD 9.70% SR VII,1016.00,1018.00,1015.11,1015.11,1015.11,1015.02,,1019.99,,,250,254135.20,10,F1,1,,,,,
2026-10-08,2026-10-08,CM,NSE,STK,25548,INE148I07UE9,990SCL27B,N1,,,,,SEC RE NCD 9.90% SR IV,995.31,995.31,995.31,995.31,995.31,995.22,,995.31,,,107,106498.17,3,F1,1,,,,,
2026-10-08,2026-10-08,CM,NSE,STK,25296,INE423A07344,99AEL29,N7,,,,,SEC RE NCD 9.90% SR VII,1143.00,1143.00,1069.99,1069.99,1069.99,1042.00,,1069.99,,,50,56409.90,4,F1,1,,,,,
2026-10-08,2026-10-08,CM,NSE,STK,15376,INE121A07QX1,CIFCZC28A,N5,,,,,SEC RE NCD SR.VI,1309.00,1309.00,1309.00,1309.00,1309.00,1315.00,,1309.00,,,493,645337.00,2,F1,1,,,,,
2026-10-08,2026-10-08,CM,NSE,STK,14219,INE00QS24043,IMC1,N1,,,,,SEC RE NCGB 8.25% STRPP B,252.99,252.99,252.99,252.99,252.99,252.99,,252.99,,,50,12649.50,1,F1,1,,,,,
2026-10-08,2026-10-08,CM,NSE,STK,7975,INE804IA7014,1015ECL29,NR,,,,,SEC RED NCD 10.15% SR. VI,1024.34,1024.34,1019.00,1019.00,1019.00,1019.29,,1019.00,,,51,51974.34,2,F1,1,,,,,
2026-10-08,2026-10-08,CM,NSE,STK,16874,INE033L07GU2,84TCHF28,NA,,,,,SEC RED NCD 8.40% SR.V,1070.70,1070.70,1070.70,1070.70,1070.70,1070.70,,1071.35,,,1,1070.70,1,F1,1,,,,,
2026-10-08,2026-10-08,CM,NSE,STK,17159,INE721A07PK7,875SFL27,ZF,,,,,SEC RED NCD 8.75% SR.III,1010.00,1010.00,1010.00,1010.00,1010.00,1000.00,,1010.00,,,70,70700.00,4,F1,1,,,,,
2026-10-08,2026-10-08,CM,NSE,STK,498,INE721A07NU1,903SFL28,YI,,,,,SEC RED NCD 9.03% SR. II,1020.00,1020.00,1020.00,1020.00,1020.00,1014.45,,1020.00,,,133,135660.00,1,F1,1,,,,,
2026-10-08,2026-10-08,CM,NSE,STK,6149,INE721A07OC7,930SFL28,YP,,,,,SEC RED NCD 9.30% SR. II,1023.01,1023.01,1023.01,1023.01,1023.01,1022.01,,1023.01,,,2,2046.02,1,F1,1,,,,,
2026-10-08,2026-10-08,CM,NSE,STK,8625,INE721A07ON4,957ICCL25,YW,,,,,SEC RED NCD 9.30% SR. II,1041.00,1041.00,1035.00,1035.00,1035.00,1040.00,,1035.00,,,144,149268.00,6,F1,1,,,,,
2026-10-08,2026-10-08,CM,NSE,STK,4288,INE804I078Y8,943ECL28,NJ,,,,,SEC RED NCD 9.43% SR. VI,1002.50,1004.00,1002.50,1003.00,1003.00,1002.20,,1003.00,,,677,678975.50,10,F1,1,,,,,
2026-10-08,2026-10-08,CM,NSE,STK,8642,INE721A07OQ7,97SFL29,YZ,,,,,SEC RED NCD 9.70% SR. V,1180.00,1180.00,1140.00,1140.00,1140.00,1099.55,,1140.00,,,70,81800.00,2,F1,1,,,,,
2026-10-08,2026-10-08,CM,NSE,STK,4292,INE804I079Y6,985ECL28,NK,,,,,SEC RED NCD 9.85% SR. VII,1009.99,1009.99,1009.99,1009.99,1009.99,1013.99,,1009.99,,,15,15149.85,1,F1,1,,,,,
2026-10-08,2026-10-08,CM,NSE,STK,19496,INE0BTM01013,SECMARK,EQ,,,,,SECMARK CONSULTANCY LTD,141.95,141.95,137.40,139.80,139.80,139.69,,139.80,,,370,51543.75,14,F1,1,,,,,
2026-10-08,2026-10-08,CM,NSE,STK,11058,INE650K01021,SECURKLOUD,EQ,,,,,SECUREKLOUD TECH LIMITED,15.41,15.97,14.50,15.17,15.24,15.34,,15.17,,,12600,191078.81,214,F1,1,,,,,
2026-10-08,2026-10-08,CM,NSE,STK,761153,INE00XB01019,SEDEMAC,EQ,,,,,SEDEMAC MECHATRONICS LTD,3440.00,3440.00,3205.00,3232.10,3241.00,3425.60,,3231.90,,,148846,488509343.80,22030,F1,1,,,,,
2026-10-08,2026-10-08,CM,NSE,STK,7091,INE955I01044,SEJALLTD,EQ,,,,,SEJAL GLASS LIMITED,704.90,765.00,671.20,678.55,675.00,680.55,,678.55,,,57296,40648883.40,3486,F1,1,,,,,
2026-10-08,2026-10-08,CM,NSE,STK,757982,INE0IJF01013,SELLOWRAP,SM,,,,,SELLOWRAP INDUSTRIES LTD,62.10,62.20,61.80,62.00,62.00,58.35,,62.00,,,51200,3174240.00,10,F1,1600,,,,,
2026-10-08,2026-10-08,CM,NSE,STK,11961,INE617A01013,SEMAC,EQ,,,,,SEMAC CONSTRUCTION LTD,230.05,237.80,212.75,217.81,221.00,236.38,,218.61,,,2883,632920.35,133,F1,1,,,,,
2026-10-08,2026-10-08,CM,NSE,STK,17271,INE602W01027,SENCO,EQ,,,,,SENCO GOLD LIMITED,346.05,358.80,330.00,337.10,330.30,320.60,,337.10,,,48528473,16769416135.55,496560,F1,1,,,,,
2026-10-08,2026-10-08,CM,NSE,STK,28888,INE0RB801010,SENORES,EQ,,,,,SENORES PHARMACEUTICALS L,1389.60,1393.20,1311.20,1325.60,1329.00,1389.60,,1325.56,,,299845,402378662.00,19576,F1,1,,,,,
2026-10-08,2026-10-08,CM,NSE,STK,15308,INE964H01014,SEPC,EQ,,,,,SEPC LIMITED,5.03,5.03,4.90,4.93,4.93,5.03,,4.93,,,6489296,32129787.64,4535,F1,1,,,,,
2026-10-08,2026-10-08,CM,NSE,STK,20715,INE027E07BC8,865LTF26,NN,,,,,SERENCD 8.65% SR.VI OP12,1066.00,1066.00,1066.00,1066.00,1066.00,1066.00,,1067.00,,,65,69290.00,2,F1,1,,,,,
2026-10-08,2026-10-08,CM,NSE,STK,20655,INE027E07998,898LTF29,N7,,,,,SERENCD 8.98% SR.VI OP2,1070.00,1070.00,1061.00,1061.00,1061.00,1070.00,,1061.00,,,10,10623.00,3,F1,1,,,,,
2026-10-08,2026-10-08,CM,NSE,STK,20687,INE027E07AL1,905LTF27,NF,,,,,SERENCD 9.05% SR.VI OPII,1050.00,1050.00,1050.00,1050.00,1050.00,1050.00,,1050.00,,,10,10500.00,2,F1,1,,,,,
2026-10-08,2026-10-08,CM,NSE,STK,21197,INE306N07LM5,865TCAPS27,N8,,,,,SERENCD8.65%SR.IIICIII&IV,1015.10,1018.30,1015.00,1018.30,1018.30,1018.50,,1018.90,,,44,44782.20,4,F1,1,,,,,
2026-10-08,2026-10-08,CM,NSE,STK,5507,INE782X01033,SERVOTECH,EQ,,,,,SERVOTECH REN POW SYS LTD,71.90,71.91,68.20,68.56,68.20,71.15,,68.56,,,430990,29853424.20,4659,F1,1,,,,,
2026-10-08,2026-10-08,CM,NSE,STK,759934,INE04VU01023,STYL,EQ,,,,,SESHAASAI TECHNOLOGIES L,367.85,372.00,352.95,354.25,355.50,369.70,,354.26,,,196259,71519124.55,5681,F1,1,,,,,
2026-10-08,2026-10-08,CM,NSE,STK,3066,INE630A01024,SESHAPAPER,EQ,,,,,SESHASAYEE PAPER & BOARDS,230.60,234.00,228.50,229.99,229.00,231.31,,229.95,,,60305,13905323.45,948,F1,1,,,,,
2026-10-08,2026-10-08,CM,NSE,STK,17518,INE878E01021,SETCO,BE,,,,,SETCO AUTOMOTIVE LTD,18.10,19.00,17.56,18.11,18.00,18.48,,17.91,,,60117,1085456.39,324,F1,1,,,,,
2026-10-08,2026-10-08,CM,NSE,STK,18024,INE023M01027,SETUINFRA,BZ,,,,,SETUBANDHAN INFRA LTD,0.47,0.47,0.47,0.47,0.47,0.48,,0.47,,,3945,1854.15,11,F1,1,,,,,
2026-10-08,2026-10-08,CM,NSE,STK,10836,INE573R01012,SEYAIND,BE,,,,,SEYA INDUSTRIES LIMITED,12.67,12.86,12.36,12.75,12.75,12.61,,12.75,,,7363,93263.73,44,F1,1,,,,,
2026-10-08,2026-10-08,CM,NSE,STK,758853,INE618R01015,SGFIN,EQ,,,,,SG FINSERVE LIMITED,663.70,668.35,640.30,645.90,650.50,663.70,,645.88,,,301459,195854899.20,12674,F1,1,,,,,
2026-10-08,2026-10-08,CM,NSE,STK,758889,INE385F01024,SGMART,EQ,,,,,SG MART LIMITED,746.15,757.45,730.05,743.45,735.35,752.25,,743.27,,,324541,241430826.10,11773,F1,1,,,,,
2026-10-08,2026-10-08,CM,NSE,STK,765247,INE967B01028,SGLRES,EQ,,,,,SGL RESOURCES LIMITED,2.24,2.39,2.16,2.26,2.35,2.18,,2.26,,,29601,66738.08,131,F1,1,,,,,
2026-10-08,2026-10-08,CM,NSE,STK,761469,INE12UN01015,SHADOWFAX,EQ,,,,,SHADOWFAX TECHNOLOGIES L,293.50,293.55,284.25,286.10,288.00,292.85,,286.10,,,3459278,994978291.15,59982,F1,1,,,,,
2026-10-08,2026-10-08,CM,NSE,STK,11859,INE640C01011,SHAHALLOYS,BE,,,,,SHAH ALLOYS LIMITED,80.01,82.93,79.54,80.00,80.00,80.56,,80.00,,,16123,1300555.72,79,F1,1,,,,,
2026-10-08,2026-10-08,CM,NSE,STK,766416,INE029N01014,SHAHINVEST,BE,,,,,SHAH INVESTORS HOME LTD,158.48,158.48,158.48,158.48,158.48,166.82,,158.23,,,26769,4242351.12,433,F1,1,,,,,
2026-10-08,2026-10-08,CM,NSE,STK,20296,INE482J01021,SHAH,EQ,,,,,SHAH METACORP LIMITED,3.04,3.04,2.92,2.95,2.92,3.01,,2.95,,,632080,1877440.62,657,F1,1,,,,,
2026-10-08,2026-10-08,CM,NSE,STK,8727,INE151G01028,SHAILY,EQ,,,,,SHAILY ENG PLASTICS LTD,3086.80,3098.00,3035.00,3053.00,3063.00,3085.30,,3052.85,,,80256,245732111.70,13853,F1,1,,,,,
2026-10-08,2026-10-08,CM,NSE,STK,25574,INE908D01010,SHAKTIPUMP,EQ,,,,,SHAKTI PUMPS (I) LTD,447.00,447.30,423.00,426.65,425.25,447.40,,426.53,,,700324,302534693.75,32473,F1,1,,,,,
2026-10-08,2026-10-08,CM,NSE,STK,714,INE597J01018,SHALBY,EQ,,,,,SHALBY LIMITED,134.62,134.62,130.02,130.42,130.44,134.62,,130.42,,,87980,11594188.72,2081,F1,1,,,,,
2026-10-08,2026-10-08,CM,NSE,STK,761688,INE861D01011,SAHLIBHFI,EQ,,,,,SHALIBHADRA FINANCE LTD,78.80,80.80,77.15,77.91,77.99,76.31,,77.91,,,7524,590949.72,188,F1,1,,,,,
2026-10-08,2026-10-08,CM,NSE,STK,15346,INE849C01026,SHALPAINTS,BE,,,,,SHALIM PAINTS LTD,78.00,78.50,73.23,76.16,75.00,77.08,,76.16,,,180748,13589347.72,575,F1,1,,,,,
2026-10-08,2026-10-08,CM,NSE,STK,25737,INE01NE01012,SRD,EQ,,,,,SHANKAR LAL RAMPAL LTD,38.40,38.40,36.80,37.21,37.54,37.81,,37.14,,,10965,409950.85,147,F1,1,,,,,
2026-10-08,2026-10-08,CM,NSE,STK,20321,INE274V01019,SHANKARA,EQ,,,,,SHANKARA BLDG PRODUCT LTD,120.00,120.00,114.01,115.30,115.01,119.98,,115.33,,,58121,6730644.34,1847,F1,1,,,,,
2026-10-08,2026-10-08,CM,NSE,STK,760594,INE24OJ01029,BUILDPRO,EQ,,,,,SHANKARA BUILDPRO LIMITED,259.70,260.30,234.10,250.20,251.00,1302.00,,250.20,,,399108,98761034.90,14126,F1,1,,,,,
2026-10-08,2026-10-08,CM,NSE,STK,765382,INE1WFC01025,SHANKESH,EQ,,,,,SHANKESH JEWELLERS LTD,96.20,97.19,90.50,91.84,91.70,96.51,,91.84,,,3033582,283791097.99,20039,F1,1,,,,,
2026-10-08,2026-10-08,CM,NSE,STK,3078,INE631A01022,SHANTIGEAR,EQ,,,,,SHANTHI GEARS LTD,580.05,595.65,556.75,557.00,558.00,586.05,,556.89,,,36611,20673882.65,1809,F1,1,,,,,
2026-10-08,2026-10-08,CM,NSE,STK,762889,INE440T01028,SEIL,EQ,,,,,SHANTI EDU INITIATIVES L,186.39,186.40,176.30,178.12,178.00,185.98,,178.11,,,270970,49109615.22,2171,F1,1,,,,,
2026-10-08,2026-10-08,CM,NSE,STK,758002,INE06ZD01017,SHANTIGOLD,EQ,,,,,SHANTI GOLD INTERNATION L,342.75,361.35,333.00,350.65,350.90,341.05,,350.66,,,5937219,2070489206.20,92124,F1,1,,,,,
2026-10-08,2026-10-08,CM,NSE,STK,765577,INE1ZEE01019,SHANTIINOR,SM,,,,,SHANTI INORGANICS LIMITED,201.05,206.00,193.10,202.45,203.00,205.40,,202.45,,,126400,25088320.00,79,F1,1600,,,,,
2026-10-08,2026-10-08,CM,NSE,STK,5650,INE933X01016,SHANTI,EQ,,,,,SHANTI OVERSEAS INDIA LTD,5.46,6.55,5.22,5.56,5.50,5.46,,5.56,,,174486,1016618.74,166,F1,1,,,,,
2026-10-08,2026-10-08,CM,NSE,STK,762904,INE220Z01013,SHINDL,EQ,,,,,SHARAT INDUSTRIES LTD.,157.90,159.98,154.50,158.39,158.97,157.72,,158.39,,,166158,26118528.51,874,F1,1,,,,,
2026-10-08,2026-10-08,CM,NSE,STK,4992,INE221J01015,SHARDACROP,EQ,,,,,SHARDA CROPCHEM LTD.,744.00,744.00,721.60,725.80,729.00,742.05,,725.76,,,69664,50664214.55,6592,F1,1,,,,,
2026-10-08,2026-10-08,CM,NSE,STK,10530,INE597I01028,SHARDAMOTR,EQ,,,,,SHARDA MOTOR INDS LTD,929.00,929.00,871.00,884.40,881.15,924.85,,884.33,,,97687,86940479.50,8458,F1,1,,,,,
2026-10-08,2026-10-08,CM,NSE,STK,762897,INE037B01020,SHARDUL,BE,,,,,SHARDUL SECURITIES LTD.,58.48,58.48,55.41,57.02,58.00,58.32,,57.79,,,8531,489052.73,62,F1,1,,,,,
2026-10-08,2026-10-08,CM,NSE,STK,104,INE932X01026,SHAREINDIA,EQ,,,,,SHARE IND. SECURITIES LTD,207.50,208.99,183.59,185.90,186.51,207.27,,185.93,,,2231244,429592051.68,28211,F1,1,,,,,
2026-10-08,2026-10-08,CM,NSE,STK,19469,INE460Q01014,SCML,SM,,,,,SHARP CHUCKS N MACHINES L,93.10,106.00,91.10,101.95,101.00,97.70,,101.95,,,41000,4074800.00,34,F1,1000,,,,,
2026-10-08,2026-10-08,CM,NSE,STK,759407,INE0YJV01017,SHEEL,SM,,,,,SHEEL BIOTECH LIMITED,60.00,60.00,60.00,60.00,60.00,61.50,,60.00,,,4000,240000.00,2,F1,2000,,,,,
2026-10-08,2026-10-08,CM,NSE,STK,19184,INE916U01025,SFL,EQ,,,,,SHEELA FOAM LIMITED,620.15,620.65,601.00,606.05,602.50,620.05,,606.07,,,83651,50858959.70,6814,F1,1,,,,,
2026-10-08,2026-10-08,CM,NSE,STK,12081,INE501Y01019,SCPL,BE,,,,,SHEETAL COOL PRODUCTS LTD,615.00,625.00,602.00,608.85,606.00,609.20,,608.48,,,5062,3117411.60,112,F1,1,,,,,
2026-10-08,2026-10-08,CM,NSE,STK,20415,INE04VX01019,SHEETAL,SM,,,,,SHEETAL UNIVERSAL LIMITED,355.00,357.00,345.00,353.50,357.00,357.90,,353.50,,,2000,703500.00,4,F1,500,,,,,
2026-10-08,2026-10-08,CM,NSE,STK,21099,INE268L01046,SHEKHAWATI,BE,,,,,SHEKHAWATI INDUSTRIES LTD,24.53,24.53,24.53,24.53,24.53,25.82,,24.77,,,21239,520992.67,63,F1,1,,,,,
2026-10-08,2026-10-08,CM,NSE,STK,5068,INE363M01019,SHEMAROO,EQ,,,,,SHEMAROO ENTER. LTD.,110.56,113.28,101.00,102.95,102.32,111.11,,102.97,,,15073,1586000.95,351,F1,1,,,,,
2026-10-08,2026-10-08,CM,NSE,STK,14172,INE0MM001019,SHERA,SM,,,,,SHERA ENERGY LIMITED,202.95,202.95,194.00,194.65,194.00,198.50,,194.65,,,43000,8504200.00,38,F1,1000,,,,,
2026-10-08,2026-10-08,CM,NSE,STK,764890,INE011D01013,SHERVANI,EQ,,,,,SHERVANI INDUSTRIAL SYN L,315.40,315.40,315.00,315.00,315.00,321.05,,318.50,,,101,31855.00,5,F1,1,,,,,
2026-10-08,2026-10-08,CM,NSE,STK,8394,INE03KJ01013,SHIGAN,SM,,,,,SHIGAN QUANTUM TECH LTD,70.00,72.00,63.00,63.00,63.00,65.00,,63.00,,,13500,935850.00,9,F1,1500,,,,,
2026-10-08,2026-10-08,CM,NSE,STK,759847,INE024F01011,SHILCTECH,EQ,,,,,SHILCHAR TECHNOLOGIES LTD,4010.80,4036.30,3916.60,3944.00,3946.00,4000.90,,3942.32,,,11499,45584292.20,2893,F1,1,,,,,
2026-10-08,2026-10-08,CM,NSE,STK,764895,INE960A01017,SHILGRAVQ,EQ,,,,,SHILP GRAVURES LTD.,142.75,146.99,136.60,141.99,142.01,145.82,,142.08,,,2956,415288.32,40,F1,1,,,,,
2026-10-08,2026-10-08,CM,NSE,STK,17752,INE790G01031,SHILPAMED,EQ,,,,,SHILPA MEDICARE LTD,1077.50,1077.50,1016.00,1025.30,1028.00,1071.20,,1025.33,,,677879,698432572.50,38636,F1,1,,,,,
2026-10-08,2026-10-08,CM,NSE,STK,23127,INE0PB301013,SCILAL,EQ,,,,,SHIPPING CORP OF ILA LTD,37.59,39.00,36.15,36.95,37.19,37.85,,36.95,,,375348,13979109.68,2344,F1,1,,,,,
2026-10-08,2026-10-08,CM,NSE,STK,3048,INE109A01011,SCI,EQ,,,,,SHIPPING CORP OF INDIA LT,285.10,288.35,276.10,280.75,278.00,285.35,,280.76,,,3562846,1001332265.00,48610,F1,1,,,,,
2026-10-08,2026-10-08,CM,NSE,STK,765282,INE0FOO01011,SHIPROCKET,EQ,,,,,SHIPROCKET LIMITED,132.85,134.30,127.55,129.10,128.15,133.11,,129.09,,,3966840,517892623.39,43131,F1,1,,,,,
2026-10-08,2026-10-08,CM,NSE,STK,759747,INE719F01016,SHIVAUM,EQ,,,,,SHIV AUM STEELS LIMITED,553.55,554.40,550.20,551.50,550.20,551.40,,551.50,,,848,467324.25,51,F1,1,,,,,
2026-10-08,2026-10-08,CM,NSE,STK,765160,INE555C01029,SHIVACEM,EQ,,,,,SHIVA CEMENT LTD.,13.24,13.24,12.81,12.95,13.08,13.00,,12.95,,,120071,1557055.51,443,F1,1,,,,,
2026-10-08,2026-10-08,CM,NSE,STK,764900,INE960E01019,SHIVAAGRO,EQ,,,,,SHIVA GLOBAL AGRO INDS. L,40.00,40.00,37.50,39.03,39.15,39.40,,38.85,,,1957,75574.14,31,F1,1,,,,,
2026-10-08,2026-10-08,CM,NSE,STK,1497,INE644Y01017,SHIVAMILLS,EQ,,,,,SHIVA MILLS LIMITED,60.20,60.20,60.00,60.11,60.11,58.33,,60.11,,,8,480.84,4,F1,1,,,,,
2026-10-08,2026-10-08,CM,NSE,STK,804,INE705C01020,SHIVATEX,EQ,,,,,SHIVA TEXYARN LIMITED,165.05,169.69,165.01,165.29,165.01,166.41,,165.29,,,6270,1035251.34,46,F1,1,,,,,
2026-10-08,2026-10-08,CM,NSE,STK,24249,INE0T7B01010,SPCL,SM,,,,,SHIVALIC POWER CONTROL L,60.30,60.85,58.00,60.15,60.00,60.30,,60.15,,,12600,751830.00,21,F1,600,,,,,
2026-10-08,2026-10-08,CM,NSE,STK,4656,INE386D01027,SBCL,EQ,,,,,SHIVALIK BIMETAL CON. LTD,1089.30,1098.50,1040.00,1050.60,1055.00,1099.30,,1050.52,,,179885,191576139.80,12915,F1,1,,,,,
2026-10-08,2026-10-08,CM,NSE,STK,7016,INE788J01021,SHIVALIK,EQ,,,,,SHIVALIK RASAYAN LIMITED,378.30,378.35,345.00,351.95,349.00,365.05,,351.92,,,96828,34295011.50,4059,F1,1,,,,,
2026-10-08,2026-10-08,CM,NSE,STK,13756,INE637H01024,SHIVAMAUTO,EQ,,,,,SHIVAM AUTO.LTD,16.95,17.80,16.60,16.84,16.77,16.68,,16.87,,,41146,693551.60,216,F1,1,,,,,
2026-10-08,2026-10-08,CM,NSE,STK,758744,INE1DLF01018,SHIVASHRIT,SM,,,,,SHIVASHRIT FOODS LIMITED,117.80,117.80,111.20,115.15,115.25,114.95,,115.15,,,55000,6292550.00,34,F1,1000,,,,,
2026-10-08,2026-10-08,CM,NSE,STK,11813,INE498B01024,SHOPERSTOP,EQ,,,,,SHOPPERS STOP LIMITED,395.00,395.45,380.90,384.70,383.00,392.40,,384.67,,,21757,8398794.45,1620,F1,1,,,,,
2026-10-08,2026-10-08,CM,NSE,STK,764905,INE311M01018,SHRADDHA,EQ,,,,,SHRADDHA PRIME PROJECTS L,162.50,168.80,157.20,158.87,161.50,163.31,,159.02,,,29893,4816644.46,475,F1,1,,,,,
2026-10-08,2026-10-08,CM,NSE,STK,708,INE715Y01031,SHRADHA,EQ,,,,,SHRADHA REALTY LIMITED,30.00,30.70,29.11,30.03,30.20,30.78,,30.03,,,13253,392550.35,106,F1,1,,,,,
2026-10-08,2026-10-08,CM,NSE,STK,10588,INE712K01011,SHREEPUSHK,EQ,,,,,SHRE PUSH CHEM & FERT LTD,520.00,520.00,483.75,488.20,489.60,517.50,,488.18,,,70560,35009704.85,3344,F1,1,,,,,
2026-10-08,2026-10-08,CM,NSE,STK,762874,INE185C01017,SAPPL,EQ,,,,,SHREE AJIT PULP & PAPER L,311.60,332.80,311.60,328.40,330.00,317.90,,328.91,,,3119,1017611.10,139,F1,1,,,,,
2026-10-08,2026-10-08,CM,NSE,STK,3103,INE070A01015,SHREECEM,EQ,,,,,SHREE CEMENT LIMITED,21700.00,21830.00,21450.00,21600.00,21600.00,21780.00,,21600.00,,,32326,698932675.00,13918,F1,1,,,,,
2026-10-08,2026-10-08,CM,NSE,STK,3099,INE232A01011,SHREDIGCEM,EQ,,,,,SHREE DIGVIJAY CEM CO LTD,65.00,65.00,62.00,62.40,62.10,64.55,,62.40,,,71395,4496281.93,1231,F1,1,,,,,
2026-10-08,2026-10-08,CM,NSE,STK,764885,INE414Y01015,SGRL,EQ,,,,,SHREE GANESH REMEDIES LTD,718.70,718.70,685.00,706.25,705.00,715.10,,706.30,,,12417,8677810.00,1104,F1,1,,,,,
2026-10-08,2026-10-08,CM,NSE,STK,23074,INE0S4Y01010,SHREEKARNI,SM,,,,,SHREE KARNI FABCOM LTD,375.00,380.60,368.00,376.65,375.00,375.00,,376.65,,,7500,2819175.00,11,F1,150,,,,,
2026-10-08,2026-10-08,CM,NSE,STK,20603,INE02S501018,SHREEOSFM,SM,,,,,SHREE OSFM E-MOBILITY LTD,47.00,57.30,47.00,56.35,57.00,56.05,,56.35,,,7000,386450.00,7,F1,1000,,,,,
2026-10-08,2026-10-08,CM,NSE,STK,760188,INE19GK01015,SRTL,EQ,,,,,SHREE RAM TWISTEX LIMITED,37.75,38.48,36.70,36.80,36.70,37.74,,36.91,,,29215,1087331.05,377,F1,1,,,,,
2026-10-08,2026-10-08,CM,NSE,STK,7627,INE879A01019,SHREERAMA,EQ,,,,,SHREE RAMA MULTI TECH LTD,43.89,43.89,40.22,41.34,42.28,43.36,,41.34,,,77759,3244234.57,618,F1,1,,,,,
2026-10-08,2026-10-08,CM,NSE,STK,13565,INE278B01020,RAMANEWS,EQ,,,,,SHREE RAMA NEWSPRINT LTD,28.98,29.48,28.00,28.59,28.17,28.98,,28.45,,,22991,657109.14,253,F1,1,,,,,
2026-10-08,2026-10-08,CM,NSE,STK,12026,INE087H01022,RENUKA,EQ,,,,,SHREE RENUKA SUGARS LTD,22.95,23.03,21.50,21.63,21.76,22.78,,21.63,,,10343917,229902205.43,19057,F1,1,,,,,
2026-10-08,2026-10-08,CM,NSE,STK,25203,INE0S2G01011,BALAJEE,EQ,,,,,SHREE TIRUPATI BALAJEE L,24.39,25.00,23.02,23.77,23.61,23.97,,23.82,,,55242,1305312.84,547,F1,1,,,,,
2026-10-08,2026-10-08,CM,NSE,STK,15121,INE00CE01017,SVLL,EQ,,,,,SHREE VASU LOGISTICS LTD,829.95,841.35,792.50,801.30,809.85,824.90,,801.30,,,456,370025.90,58,F1,1,,,,,
2026-10-08,2026-10-08,CM,NSE,STK,762159,INE0K3301012,SHREEDHAR,ST,,,,,SHREEDHAR SPINNERS LTD,167.85,169.45,160.00,160.00,160.00,161.40,,160.00,,,22000,3692500.00,11,F1,2000,,,,,
2026-10-08,2026-10-08,CM,NSE,STK,759802,INE1FL101016,SHETHJI,SM,,,,,SHREEJI GLOBAL FMCG LTD,185.00,185.00,183.50,183.50,183.50,184.65,,183.50,,,3000,552500.00,3,F1,1000,,,,,
2026-10-08,2026-10-08,CM,NSE,STK,759448,INE1B6101010,SHREEJISPG,EQ,,,,,SHREEJI SHIPPING GLOBAL L,809.00,809.75,789.00,800.75,801.00,802.10,,800.75,,,1184742,949163809.30,9826,F1,1,,,,,
2026-10-08,2026-10-08,CM,NSE,STK,14305,INE00IK01029,OSWALSEEDS,EQ,,,,,SHREEOSWAL S AND CHE LTD,12.37,12.37,11.75,11.91,12.37,12.20,,11.91,,,84638,1007810.71,346,F1,1,,,,,
2026-10-08,2026-10-08,CM,NSE,STK,5718,INE0GTI23014,SHREMINVIT,IV,,,,,SHREM INVIT,102.00,102.00,102.00,102.00,102.00,102.00,,102.00,,,75000,7650000.00,3,F1,25000,,,,,
2026-10-08,2026-10-08,CM,NSE,STK,760252,INE632X01030,SHRENIK,BZ,,,,,SHRENIK LIMITED,0.27,0.28,0.27,0.27,0.27,0.27,,0.27,,,439146,120963.70,152,F1,1,,,,,
2026-10-08,2026-10-08,CM,NSE,STK,3126,INE231C01019,SHREYANIND,EQ,,,,,SHREYANS INDUSTRIES LTD,129.64,129.79,129.00,129.02,129.00,129.00,,129.02,,,4589,592044.96,39,F1,1,,,,,
2026-10-08,2026-10-08,CM,NSE,STK,756406,INE0DM401012,SHRIAHIMSA,SM,,,,,SHRI AHIMSA NATURALS LTD,425.05,427.00,418.00,422.25,420.90,430.00,,422.25,,,10800,4583310.00,12,F1,600,,,,,
2026-10-08,2026-10-08,CM,NSE,STK,762899,INE402H01015,SHBAJRG,EQ,,,,,SHRI BAJRANG ALLIANCE L,169.95,169.95,155.82,161.66,160.20,168.80,,161.38,,,3693,595337.13,129,F1,1,,,,,
2026-10-08,2026-10-08,CM,NSE,STK,764910,INE564J01026,SHRJAGP,EQ,,,,,SHRI JAGDAMBA POLYMERS L,653.85,654.75,625.00,650.50,649.75,657.10,,648.77,,,411,262453.60,77,F1,1,,,,,
2026-10-08,2026-10-08,CM,NSE,STK,760202,INE1V4601019,SHRIKANHA,SM,,,,,SHRI KANHA STAINLESS LTD,23.80,23.80,23.80,23.80,23.80,23.75,,23.80,,,3200,76160.00,1,F1,1600,,,,,
2026-10-08,2026-10-08,CM,NSE,STK,762909,INE997I01012,SHRIKRISH,EQ,,,,,SHRI KRISHNA DEVCON LTD.,36.99,37.00,35.00,35.00,35.00,34.82,,35.00,,,2045,74991.39,57,F1,1,,,,,
2026-10-08,2026-10-08,CM,NSE,STK,765210,INE574G01013,VASUPRADA,EQ,,,,,SHRI VASUPRADA PLANTATI L,98.99,98.99,98.97,98.97,98.97,95.00,,98.97,,,239,23654.85,4,F1,1,,,,,
2026-10-08,2026-10-08,CM,NSE,STK,759093,INE1B3L01017,SHRINGARMS,EQ,,,,,SHRINGAR HOU OF MANGALS L,222.40,222.40,217.50,218.59,217.50,221.03,,218.59,,,417072,91456799.61,5590,F1,1,,,,,
2026-10-08,2026-10-08,CM,NSE,STK,24374,INF680P01422,LIQUIDSHRI,EQ,,,,,SHRIRAM - LIQUIDSHRI,1124.72,1124.72,1124.70,1124.71,1124.72,1124.55,,1124.71,,,9043,10170702.63,27,F1,1,,,,,
2026-10-08,2026-10-08,CM,NSE,STK,4306,INE721A01047,SHRIRAMFIN,EQ,,,,,SHRIRAM FINANCE LIMITED,950.00,951.00,917.25,917.25,917.25,948.00,,917.25,,,6408257,5935746083.90,139408,F1,1,,,,,
2026-10-08,2026-10-08,CM,NSE,STK,7200,INE217L01019,SHRIRAMPPS,EQ,,,,,SHRIRAM PROPERTIES LTD,68.23,68.47,65.50,65.80,65.86,68.05,,65.79,,,304667,20228305.14,3233,F1,1,,,,,
2026-10-08,2026-10-08,CM,NSE,STK,6451,INE01Z401013,SHUBHLAXMI,SM,,,,,SHUBHLAXMI JEWEL ART LTD,17.05,17.05,17.05,17.05,17.05,17.00,,17.05,,,1000,17050.00,1,F1,1000,,,,,
2026-10-08,2026-10-08,CM,NSE,STK,25240,INE0UL701015,SHUBHSHREE,SM,,,,,SHUBHSHREE BIOFUELS ENE L,341.05,341.05,340.00,340.00,340.00,355.10,,340.00,,,900,306615.00,3,F1,300,,,,,
2026-10-08,2026-10-08,CM,NSE,STK,764537,INE551C01044,SHUKRAPHAR,EQ,,,,,SHUKRA PHARMACEUTICALS L,69.47,70.40,66.23,66.78,67.00,68.32,,66.79,,,7399313,498001326.62,29374,F1,1,,,,,
2026-10-08,2026-10-08,CM,NSE,STK,10188,INE979R01011,SHYAMCENT,EQ,,,,,SHYAM CENTURY FERROUS LTD,5.23,5.23,4.90,4.92,5.03,4.98,,4.92,,,27036,134069.25,161,F1,1,,,,,
2026-10-08,2026-10-08,CM,NSE,STK,761210,INE1CRP01016,SHYAMDHANI,SM,,,,,SHYAM DHANI INDUSTRIES L,51.55,53.00,51.55,51.95,51.55,54.00,,51.95,,,12000,622600.00,6,F1,2000,,,,,
2026-10-08,2026-10-08,CM,NSE,STK,4693,INE810G01011,SHYAMMETL,EQ,,,,,SHYAM METALICS AND ENGY L,1067.00,1073.00,1053.40,1066.80,1072.90,1067.30,,1066.78,,,357787,380848151.00,15130,F1,1,,,,,
2026-10-08,2026-10-08,CM,NSE,STK,13740,INE635A01023,SHYAMTEL,EQ,,,,,SHYAM TELECOM LIMITED,11.00,11.33,10.81,11.14,11.06,11.15,,11.21,,,1601,17420.44,31,F1,1,,,,,
2026-10-08,2026-10-08,CM,NSE,STK,16875,INE176J01011,SICAGEN,EQ,,,,,SICAGEN INDIA LIMITED,52.89,52.89,49.00,49.82,50.60,51.53,,49.82,,,20368,1016179.48,206,F1,1,,,,,
2026-10-08,2026-10-08,CM,NSE,STK,19440,INE075B01020,SICALLOG,BE,,,,,SICAL LOGISTICS LIMITED,88.30,89.99,85.25,85.57,85.99,88.30,,85.55,,,19528,1683755.81,123,F1,1,,,,,
2026-10-08,2026-10-08,CM,NSE,STK,759053,INE0SVO01019,SIDDHICOTS,SM,,,,,SIDDHI COTSPIN LIMITED,26.90,26.90,26.90,26.90,26.90,25.90,,26.90,,,1200,32280.00,1,F1,1200,,,,,
2026-10-08,2026-10-08,CM,NSE,STK,3148,INE0A1E01018,SIDDHIKA,SM,,,,,SIDDHIKA COATINGS LIMITED,200.00,210.90,200.00,201.00,201.00,208.00,,201.00,,,21000,4268300.00,13,F1,500,,,,,
2026-10-08,2026-10-08,CM,NSE,STK,756871,INE1NPP01017,ENRIN,EQ,,,,,SIEMENS ENERGY INDIA LTD,3361.80,3377.70,3178.80,3180.00,3180.00,3344.00,,3180.11,,,420238,1369335082.80,52680,F1,1,,,,,
2026-10-08,2026-10-08,CM,NSE,STK,3150,INE003A01024,SIEMENS,EQ,,,,,SIEMENS LTD,3796.10,3799.50,3630.00,3639.00,3639.00,3793.00,,3639.03,,,240310,885874119.50,27904,F1,1,,,,,
2026-10-08,2026-10-08,CM,NSE,STK,6663,INE0D0K01022,SIGACHI,EQ,,,,,SIGACHI INDUSTRIES LTD,29.36,29.62,28.50,28.57,28.53,29.36,,28.57,,,1299436,37443503.89,4675,F1,1,,,,,
2026-10-08,2026-10-08,CM,NSE,STK,14797,INE933B01012,SIGMAADV,BE,,,,,SIGMA ADVANCED SYSTEM LTD,1090.00,1091.60,1037.10,1037.10,1037.10,1091.60,,1036.89,,,164537,171748965.20,4514,F1,1,,,,,
2026-10-08,2026-10-08,CM,NSE,STK,16658,INE0A0S01028,SIGMA,EQ,,,,,SIGMA SOLVE LIMITED,47.00,47.00,43.92,44.48,44.50,45.71,,44.48,,,79357,3586940.80,1683,F1,1,,,,,
2026-10-08,2026-10-08,CM,NSE,STK,18743,INE903U01023,SIGNATURE,EQ,,,,,SIGNATUREGLOBAL INDIA LTD,714.40,738.40,695.00,711.25,708.00,712.50,,711.32,,,963963,692059172.75,32737,F1,1,,,,,
2026-10-08,2026-10-08,CM,NSE,STK,4517,INE529F01035,SIGIND,BE,,,,,SIGNET INDUSTRIES LIMITED,61.75,61.75,58.15,58.16,58.15,61.19,,58.16,,,13209,779445.70,125,F1,1,,,,,
2026-10-08,2026-10-08,CM,NSE,STK,22656,INE0KGZ01021,SIGNPOST,EQ,,,,,SIGNPOST INDIA LIMITED,267.45,267.45,258.00,260.75,258.55,267.45,,260.77,,,28224,7366426.10,731,F1,1,,,,,
2026-10-08,2026-10-08,CM,NSE,STK,762914,INE438E01032,SIKA,EQ,,,,,SIKA INTERPLANT SYSTEMS L,1076.50,1076.50,1009.90,1028.70,1034.70,1068.60,,1027.64,,,27322,28114491.80,2518,F1,1,,,,,
2026-10-08,2026-10-08,CM,NSE,STK,6226,INE112X01025,SIKKO,BE,,,,,SIKKO INDUSTRIES LIMITED,5.95,6.05,5.77,6.01,6.00,6.01,,6.01,,,395871,2346214.92,523,F1,1,,,,,
2026-10-08,2026-10-08,CM,NSE,STK,4105,INE923A01015,SILINV,EQ,,,,,SIL INVESTMENTS LIMITED,461.00,474.80,460.00,462.10,468.00,464.10,,463.68,,,9861,4564352.30,158,F1,1,,,,,
2026-10-08,2026-10-08,CM,NSE,STK,2492,INE01II01013,SILGO,EQ,,,,,SILGO RETAIL LIMITED,70.16,70.99,68.00,69.75,70.00,70.16,,69.75,,,154930,10820431.37,893,F1,1,,,,,
2026-10-08,2026-10-08,CM,NSE,STK,23736,INE0STN01015,SILKFLEX,SM,,,,,SILKFLEX POLYMERS INDIA L,273.10,282.05,261.10,261.15,261.10,281.30,,261.15,,,13000,3502750.00,13,F1,1000,,,,,
2026-10-08,2026-10-08,CM,NSE,STK,757679,INE0SN801015,SILKY,SM,,,,,SILKY OVERSEAS LIMITED,70.00,70.00,64.30,67.85,67.00,68.00,,67.85,,,12800,860600.00,16,F1,800,,,,,
2026-10-08,2026-10-08,CM,NSE,STK,9422,INE625X01026,SILVERTUC,EQ,,,,,SILVER TOUCH TECHNO LTD,137.25,143.35,125.00,125.98,127.40,135.11,,126.01,,,886816,118143359.38,11660,F1,1,,,,,
2026-10-08,2026-10-08,CM,NSE,STK,758836,INE748T01016,SIMBHALS,BZ,,,,,SIMBHAOLI SUGARS LTD.,8.15,8.15,8.15,8.15,8.15,7.77,,8.20,,,8946,72909.90,23,F1,1,,,,,
2026-10-08,2026-10-08,CM,NSE,STK,763378,INE1K4J01018,SIMCA,ST,,,,,SIMCA ADVERTISING LIMITED,331.65,338.00,331.65,338.00,338.00,321.95,,338.00,,,28800,9729780.00,36,F1,600,,,,,
2026-10-08,2026-10-08,CM,NSE,STK,3162,INE059B01024,SIMPLEXINF,EQ,,,,,SIMPLEX INFRASTRUCTURES L,252.00,254.90,242.00,243.35,244.00,255.77,,243.36,,,103509,25453046.71,3027,F1,1,,,,,
2026-10-08,2026-10-08,CM,NSE,STK,764915,INE167H01014,SIMPLXREA,EQ,,,,,SIMPLEX REALTY LTD.,125.40,125.40,125.40,125.40,125.40,119.43,,125.40,,,1,125.40,1,F1,1,,,,,
2026-10-08,2026-10-08,CM,NSE,STK,23480,INE985A01022,SINCLAIR,EQ,,,,,SINCLAIRS HOTELS LIMITED,74.00,75.47,74.00,74.83,74.94,75.10,,74.83,,,12487,934301.99,151,F1,1,,,,,
2026-10-08,2026-10-08,CM,NSE,STK,16859,INE325D01025,SINDHUTRAD,EQ,,,,,SINDHU TRADE LINKS LTD,21.84,21.93,20.66,21.01,21.03,21.68,,21.01,,,581767,12304857.18,1970,F1,1,,,,,
2026-10-08,2026-10-08,CM,NSE,STK,761420,INE638A01035,SINGERIND,EQ,,,,,SINGER INDIA LIMITED,77.45,77.45,75.10,75.80,75.10,77.45,,75.80,,,94414,7172764.29,681,F1,1,,,,,
2026-10-08,2026-10-08,CM,NSE,STK,381,INE129Z01016,SINTERCOM,EQ,,,,,SINTERCOM INDIA LIMITED,76.83,76.83,73.00,73.41,73.75,76.83,,73.41,,,1091,81853.82,58,F1,1,,,,,
2026-10-08,2026-10-08,CM,NSE,STK,11050,INE792Z01011,SIRCA,EQ,,,,,SIRCA PAINT INDIA LIMITED,413.00,413.15,400.50,402.20,401.50,413.70,,402.19,,,80595,32639226.95,1831,F1,1,,,,,
2026-10-08,2026-10-08,CM,NSE,STK,21501,INE285J01028,SIS,EQ,,,,,SIS LIMITED,415.10,418.85,407.30,411.40,413.45,413.30,,411.36,,,121031,50131909.00,5522,F1,1,,,,,
2026-10-08,2026-10-08,CM,NSE,STK,29210,INE965H01011,SITINET,BZ,,,,,SITI NETWORKS LIMITED,0.24,0.25,0.23,0.23,0.23,0.24,,0.23,,,2135124,507778.30,378,F1,1,,,,,
2026-10-08,2026-10-08,CM,NSE,STK,14096,INE076B01028,SIYSIL,EQ,,,,,SIYARAM SILK MILLS LTD,554.65,558.60,537.10,542.55,545.65,554.45,,542.58,,,20718,11361793.60,2511,F1,1,,,,,
2026-10-08,2026-10-08,CM,NSE,STK,6643,INE284S01014,SJS,EQ,,,,,SJS ENTERPRISES LIMITED,2004.00,2014.00,1964.90,1980.30,1989.00,1982.60,,1980.33,,,174122,345704271.00,24448,F1,1,,,,,
2026-10-08,2026-10-08,CM,NSE,STK,18883,INE002L01015,SJVN,EQ,,,,,SJVN LTD,56.60,56.60,54.01,54.24,54.20,56.36,,54.24,,,4063317,222895207.86,46301,F1,1,,,,,
2026-10-08,2026-10-08,CM,NSE,STK,760101,INE2J8701016,SKFINDUS,EQ,,,,,SKF IND (INDUSTRIAL) LTD,2760.70,2760.70,2611.20,2622.60,2626.00,2745.10,,2622.38,,,41301,110301343.70,11986,F1,1,,,,,
2026-10-08,2026-10-08,CM,NSE,STK,3186,INE640A01023,SKFINDIA,EQ,,,,,SKF INDIA LTD,1428.00,1432.90,1399.00,1407.70,1421.80,1428.90,,1407.51,,,45781,64631803.40,8176,F1,1,,,,,
2026-10-08,2026-10-08,CM,NSE,STK,9428,INE439E01022,SKIPPER,EQ,,,,,SKIPPER LIMITED,539.00,540.00,515.20,517.50,517.00,541.35,,517.46,,,813996,426478114.75,26675,F1,1,,,,,
2026-10-08,2026-10-08,CM,NSE,STK,4732,INE411D01023,SKMEGGPROD,EQ,,,,,SKM EGG PROD EXPORT(I) LT,216.00,216.39,205.51,207.10,206.00,215.37,,207.10,,,125375,26407957.94,2903,F1,1,,,,,
2026-10-08,2026-10-08,CM,NSE,STK,10325,INE0KZA01016,SKP,SM,,,,,SKP BEARING INDUSTRI. LTD,167.50,167.80,166.00,166.65,167.00,171.20,,166.65,,,45500,7599900.00,27,F1,500,,,,,
2026-10-08,2026-10-08,CM,NSE,STK,13631,INE01IU01018,SKYGOLD,EQ,,,,,SKY GOLD AND DIAMONDS LTD,873.65,901.80,844.75,884.50,890.00,876.95,,884.49,,,2677878,2341332281.30,87873,F1,1,,,,,
2026-10-08,2026-10-08,CM,NSE,STK,765333,INE0VFE01017,SKYTECH,SM,,,,,SKYTECH INFINITE PLATFM L,36.60,36.60,36.25,36.25,36.25,38.15,,36.25,,,17600,642960.00,8,F1,1600,,,,,
2026-10-08,2026-10-08,CM,NSE,STK,765480,INE0PX301025,SKYWAYS,EQ,,,,,SKYWAYS AIR SERVICES LTD,114.99,117.31,110.01,111.14,110.70,114.72,,111.14,,,2087847,237943811.16,23138,F1,1,,,,,
2026-10-08,2026-10-08,CM,NSE,STK,23689,INE0SMA01017,SLONE,SM,,,,,SLONE INFOSYSTEMS LIMITED,145.05,151.50,139.00,141.85,139.15,149.45,,141.85,,,4400,631980.00,11,F1,400,,,,,
2026-10-08,2026-10-08,CM,NSE,STK,757619,INE14GK01016,SMARTEN,SM,,,,,SMARTEN POWER SYSTEMS LTD,53.15,54.80,52.25,54.80,54.80,53.15,,54.80,,,21600,1137720.00,15,F1,1200,,,,,
2026-10-08,2026-10-08,CM,NSE,STK,9893,INE178C01020,SMARTLINK,BE,,,,,SMARTLINK HOLDINGS LTD,216.72,226.92,216.72,217.11,217.20,227.30,,217.39,,,1750,385547.87,48,F1,1,,,,,
2026-10-08,2026-10-08,CM,NSE,STK,757965,INE0NAZ01010,SMARTWORKS,EQ,,,,,SMARTWORKS COWORKING SP L,490.95,493.00,479.00,482.35,486.00,489.35,,482.35,,,113656,55244911.85,7132,F1,1,,,,,
2026-10-08,2026-10-08,CM,NSE,STK,760218,INE05NX24023,8SMC29,N1,,,,,SMC 8% 2029 STRPP A,500.05,500.05,500.00,500.05,500.05,500.02,,500.03,,,31,15501.00,9,F1,1,,,,,
2026-10-08,2026-10-08,CM,NSE,STK,760219,INE05NX24031,8SMC30,N2,,,,,SMC 8% 2030 STRPP B,500.00,502.00,480.00,501.09,500.00,500.00,,500.92,,,42,20685.00,7,F1,1,,,,,
2026-10-08,2026-10-08,CM,NSE,STK,2320,INE103C01036,SMCGLOBAL,EQ,,,,,SMC GLOBAL SECURITIES LTD,110.83,111.00,106.00,107.83,107.30,110.24,,107.83,,,3775916,409685612.87,26350,F1,1,,,,,
2026-10-08,2026-10-08,CM,NSE,STK,3387,INE294B01019,SMLMAH,EQ,,,,,SML MAHINDRA LIMITED,6095.00,6123.00,5808.00,5850.50,5871.00,6095.00,,5850.53,,,57803,341389456.50,13159,F1,1,,,,,
2026-10-08,2026-10-08,CM,NSE,STK,14329,INE812G01025,SMSPHARMA,EQ,,,,,SMS PHARMACEUTICALS LTD.,472.00,472.00,445.00,446.75,448.00,468.85,,446.75,,,748702,339154998.60,17604,F1,1,,,,,
2026-10-08,2026-10-08,CM,NSE,STK,847,INE702Y01013,SMVD,SM,,,,,SMVD POLY PACK LIMITED,13.85,13.85,13.85,13.85,13.85,14.55,,13.85,,,4040,55954.00,1,F1,4040,,,,,
2026-10-08,2026-10-08,CM,NSE,STK,758946,INE1OIC01018,SNEHAA,SM,,,,,SNEHAA ORGANICS LIMITED,43.45,43.45,43.45,43.45,43.45,43.50,,43.45,,,1000,43450.00,1,F1,1000,,,,,
2026-10-08,2026-10-08,CM,NSE,STK,4843,INE734N01019,SNOWMAN,EQ,,,,,SNOWMAN LOGISTICS LTD.,34.74,35.52,33.89,34.35,34.30,34.32,,34.35,,,262456,9135175.44,1431,F1,1,,,,,
2026-10-08,2026-10-08,CM,NSE,STK,13826,INE671H01015,SOBHA,EQ,,,,,SOBHA LIMITED,1197.80,1209.60,1168.70,1183.90,1185.80,1197.90,,1183.87,,,98897,117106553.90,19484,F1,1,,,,,
2026-10-08,2026-10-08,CM,NSE,STK,8266,INE728Z01015,SOFTTECH,EQ,,,,,SOFTTECH ENGINEERS LTD,455.00,475.00,440.05,450.80,440.05,458.05,,450.25,,,4927,2280675.60,194,F1,1,,,,,
2026-10-08,2026-10-08,CM,NSE,STK,13332,INE343H01029,SOLARINDS,EQ,,,,,SOLAR INDUSTRIES (I) LTD,20010.00,20184.00,19610.00,19870.00,19870.00,20050.00,,19869.98,,,133296,2645991751.00,37082,F1,1,,,,,
2026-10-08,2026-10-08,CM,NSE,STK,3672,INE624Z01016,SOLARA,EQ,,,,,SOLARA ACTIVE PHA SCI LTD,683.00,683.00,652.00,654.90,655.00,683.70,,654.91,,,169235,112091402.20,8923,F1,1,,,,,
2026-10-08,2026-10-08,CM,NSE,STK,759929,INE0TY101024,SOLARWORLD,EQ,,,,,SOLARWORLD ENERGY SOL LTD,131.25,131.82,124.00,124.91,125.88,131.25,,124.91,,,162392,20547614.67,3395,F1,1,,,,,
2026-10-08,2026-10-08,CM,NSE,STK,759397,INE880Y01017,SOLEX,EQ,,,,,SOLEX ENERGY LIMITED,680.20,680.20,651.00,653.15,653.00,670.15,,653.10,,,42226,27846946.00,3541,F1,1,,,,,
2026-10-08,2026-10-08,CM,NSE,STK,1338,INE480C01038,SDBL,EQ,,,,,SOM DIST & BREW LTD,73.08,74.90,70.10,70.48,70.80,73.08,,70.48,,,810204,58437043.80,6791,F1,1,,,,,
2026-10-08,2026-10-08,CM,NSE,STK,4201,INE314C01013,SOMATEX,EQ,,,,,SOMA TEXTILES & INDUST LT,81.88,82.50,74.00,76.71,79.00,80.95,,76.58,,,5610,441427.15,208,F1,1,,,,,
2026-10-08,2026-10-08,CM,NSE,STK,3880,INE355A01028,SOMANYCERA,EQ,,,,,SOMANY CERAMICS LIMITED,624.00,624.00,592.30,600.60,599.10,621.15,,600.70,,,76485,46056972.25,8651,F1,1,,,,,
2026-10-08,2026-10-08,CM,NSE,STK,17794,INE323J01019,SOMICONVEY,EQ,,,,,SOMI CONVEYOR BELT. LTD.,86.55,86.55,82.55,82.84,82.72,83.37,,82.90,,,2708,226409.32,93,F1,1,,,,,
2026-10-08,2026-10-08,CM,NSE,STK,4684,INE073K01018,SONACOMS,EQ,,,,,SONA BLW PRECISION FRGS L,811.00,815.70,788.60,793.00,793.00,810.50,,793.01,,,1805058,1439182308.35,42284,F1,1,,,,,
2026-10-08,2026-10-08,CM,NSE,STK,23052,INE0Q6H01012,SONAMAC,SM,,,,,SONA MACHINERY LIMITED,30.50,30.50,30.20,30.20,30.20,31.00,,30.20,,,5000,151600.00,5,F1,1000,,,,,
2026-10-08,2026-10-08,CM,NSE,STK,762919,INE321M01017,SONAL,EQ,,,,,SONAL MERCANTILE LTD.,84.40,88.00,73.35,85.00,85.00,80.46,,81.10,,,581,45741.81,18,F1,1,,,,,
2026-10-08,2026-10-08,CM,NSE,STK,8817,INE00LM01029,SONAMLTD,BE,,,,,SONAM LIMITED,71.79,71.79,69.50,69.97,70.00,70.15,,69.97,,,105319,7408770.80,229,F1,1,,,,,
2026-10-08,2026-10-08,CM,NSE,STK,766203,INE0LLZ01011,SONA,BE,,,,,SONASELECTION INDIA LTD,103.00,103.00,97.00,99.77,98.05,98.78,,99.69,,,127288,12679198.84,931,F1,1,,,,,
2026-10-08,2026-10-08,CM,NSE,STK,6596,INE269A01021,SONATSOFTW,EQ,,,,,SONATA SOFTWARE LTD,249.00,258.80,238.30,240.90,239.40,248.10,,240.97,,,1354336,334992341.10,34506,F1,1,,,,,
2026-10-08,2026-10-08,CM,NSE,STK,9458,INE0JZA01018,SONUINFRA,SM,,,,,SONU INFRATECH LIMITED,40.95,41.00,40.95,41.00,41.00,41.00,,41.00,,,16500,676425.00,2,F1,1500,,,,,
2026-10-08,2026-10-08,CM,NSE,STK,9678,INE980Y01015,SOUTHWEST,EQ,,,,,SOUTH WEST PINNACLE LTD,193.95,196.67,185.20,187.46,187.00,193.95,,187.46,,,51999,9822993.63,2095,F1,1,,,,,
2026-10-08,2026-10-08,CM,NSE,STK,19372,INE970N01027,SPCENET,EQ,,,,,SPACENET ENTERS IND LTD,3.33,3.50,3.19,3.27,3.32,3.33,,3.27,,,438872,1435363.70,459,F1,1,,,,,
2026-10-08,2026-10-08,CM,NSE,STK,11435,INE572J01011,SPANDANA,EQ,,,,,SPANDANA SPHOORTY FIN LTD,217.00,218.00,208.11,209.10,209.74,218.19,,209.09,,,91807,19426258.05,5200,F1,1,,,,,
2026-10-08,2026-10-08,CM,NSE,STK,27111,INE247M01014,SPECIALITY,BE,,,,,SPECIALITY REST LTD,154.00,154.57,144.81,146.68,149.00,152.40,,146.74,,,15554,2314997.80,165,F1,1,,,,,
2026-10-08,2026-10-08,CM,NSE,STK,766218,INE0GAN01010,SPECTRAA,ST,,,,,SPECTRAA TECH SOLUTIONS L,278.00,286.15,259.10,266.75,269.00,272.55,,266.75,,,141600,38927040.00,108,F1,1200,,,,,
2026-10-08,2026-10-08,CM,NSE,STK,30457,INE01EO01010,SPECTRUM,BE,,,,,SPECTRUM ELECTRIC IND LTD,3780.00,3891.00,3710.00,3810.60,3800.00,3903.70,,3809.57,,,5196,19630391.90,1372,F1,1,,,,,
2026-10-08,2026-10-08,CM,NSE,STK,16876,INE0OL001018,SPECTSTM,SM,,,,,SPECTRUM TALENT MGMT LTD,61.60,61.60,58.00,60.50,60.50,60.10,,60.50,,,3200,191280.00,4,F1,800,,,,,
2026-10-08,2026-10-08,CM,NSE,STK,8163,INE020801028,SPENCERS,EQ,,,,,SPENCER S RETAIL LIMITED,28.00,28.19,27.02,27.11,27.03,27.87,,27.11,,,28050,768878.14,268,F1,1,,,,,
2026-10-08,2026-10-08,CM,NSE,STK,3252,INE147A01011,SPIC,EQ,,,,,SPIC LTD,63.99,63.99,61.30,61.77,62.13,63.06,,61.77,,,185128,11463116.73,2280,F1,1,,,,,
2026-10-08,2026-10-08,CM,NSE,STK,11935,INE978G01016,SPLIL,EQ,,,,,SPL INDUSTRIES LIMITED,29.04,30.00,27.60,30.00,30.00,29.05,,30.00,,,11378,330884.82,97,F1,1,,,,,
2026-10-08,2026-10-08,CM,NSE,STK,3321,INE937A01023,SPMLINFRA,EQ,,,,,SPML INFRA LIMITED,160.02,160.32,152.51,153.72,153.10,160.02,,153.71,,,140256,21724462.37,2480,F1,1,,,,,
2026-10-08,2026-10-08,CM,NSE,STK,10733,INE885H01029,SPORTKING,EQ,,,,,SPORTKING INDIA LIMITED,202.00,202.51,194.40,196.39,197.25,201.71,,196.39,,,209764,41321890.80,4695,F1,1,,,,,
2026-10-08,2026-10-08,CM,NSE,STK,25306,INE0QR801013,SPPPOLY,SM,,,,,SPP POLYMER LIMITED,11.25,11.25,11.25,11.25,11.25,11.80,,11.25,,,2000,22500.00,1,F1,2000,,,,,
2026-10-08,2026-10-08,CM,NSE,STK,17186,INE526E01018,SHRIPISTON,EQ,,,,,SPR AUTO TECHNOLOGIES LTD,4382.20,4430.50,4260.10,4270.40,4274.90,4411.60,,4270.37,,,90921,390932927.50,21517,F1,1,,,,,
2026-10-08,2026-10-08,CM,NSE,STK,757865,INE19QH01010,SPUNWEB,SM,,,,,SPUNWEB NONWOVEN LIMITED,121.00,127.75,119.00,124.85,124.60,118.55,,124.85,,,84000,10442340.00,59,F1,1200,,,,,
2026-10-08,2026-10-08,CM,NSE,STK,14582,INE917H01012,SRHHYPOLTD,EQ,,,,,SREE RAYALSEEMA HHP LTD.,550.00,558.40,533.15,534.75,533.50,549.15,,534.75,,,16135,8736892.65,1014,F1,1,,,,,
2026-10-08,2026-10-08,CM,NSE,STK,31841,INE099F01013,SREEL,BE,,,,,SREELEATHERS LIMITED,290.00,290.00,273.25,278.20,284.00,287.35,,278.23,,,12733,3562338.20,263,F1,1,,,,,
2026-10-08,2026-10-08,CM,NSE,STK,3273,INE647A01010,SRF,EQ,,,,,SRF LTD,2454.50,2528.00,2435.10,2485.20,2485.20,2460.00,,2485.20,,,303720,758236653.90,29587,F1,1,,,,,
2026-10-08,2026-10-08,CM,NSE,STK,18119,INE559N01010,SRGHFL,EQ,,,,,SRG HOUSING FINANCE L,125.87,126.00,120.28,120.97,120.80,126.61,,120.96,,,12795,1554293.05,280,F1,1,,,,,
2026-10-08,2026-10-08,CM,NSE,STK,7457,INE293B01029,HAVISHA,EQ,,,,,SRI HAVISHA HOSP & INFR L,1.62,1.62,1.38,1.41,1.45,1.52,,1.41,,,75846,112579.01,232,F1,1,,,,,
2026-10-08,2026-10-08,CM,NSE,STK,765168,INE009C01019,SRIKPRIND,BE,,,,,SRI KPR INDUSTRIES LTD.,26.00,26.00,24.70,24.70,24.70,26.00,,25.13,,,3656,90752.76,79,F1,1,,,,,
2026-10-08,2026-10-08,CM,NSE,STK,758147,INE0V9Q01010,LOTUSDEV,BE,,,,,SRI LOTUS DEVLPRS N RTY L,238.60,242.60,231.00,233.73,231.60,242.92,,233.72,,,521433,122402604.72,5529,F1,1,,,,,
2026-10-08,2026-10-08,CM,NSE,STK,761393,INE0TPJ01019,SPCON,SM,,,,,SRINIBAS PRADHAN CONST L,189.00,194.70,187.25,190.00,190.00,180.00,,190.00,,,6000,1141140.00,5,F1,1200,,,,,
2026-10-08,2026-10-08,CM,NSE,STK,766421,INE307K01028,SRIT,BE,,,,,SRIT INDIA LIMITED,139.98,139.98,139.98,139.98,139.98,147.34,,139.98,,,126366,17688712.68,1516,F1,1,,,,,
2026-10-08,2026-10-08,CM,NSE,STK,18059,INE0ON201012,SSFL,ST,,,,,SRIVARI SPICES N FOODS L,289.05,300.00,278.25,298.50,296.00,289.05,,298.50,,,8500,2497075.00,17,F1,500,,,,,
2026-10-08,2026-10-08,CM,NSE,STK,14416,INE0NPI01014,SRIVASAVI,ST,,,,,SRIVASAVI ADHESIVE TAPE L,85.15,89.40,85.05,86.90,86.90,85.15,,86.90,,,37000,3248450.00,34,F1,1000,,,,,
2026-10-08,2026-10-08,CM,NSE,STK,23402,INE0R6Z01013,SRM,EQ,,,,,SRM CONTRACTORS LIMITED,420.00,422.95,403.10,406.30,404.85,421.45,,406.21,,,30631,12567317.45,1330,F1,1,,,,,
2026-10-08,2026-10-08,CM,NSE,STK,766176,INE1EQW01028,SSRETAIL,EQ,,,,,SS RETAIL LIMITED,720.25,721.85,671.20,681.45,676.75,720.30,,681.65,,,2574962,1791234193.10,70262,F1,1,,,,,
2026-10-08,2026-10-08,CM,NSE,STK,29205,INE0RYC01010,STALLION,BE,,,,,STALLION IND FLUOROCHEM L,223.00,228.50,216.42,219.62,221.00,227.81,,219.63,,,505562,111619031.09,2147,F1,1,,,,,
2026-10-08,2026-10-08,CM,NSE,STK,29075,INE0M4D01010,SETL,EQ,,,,,STANDARD ENGNG TCNLGY LTD,426.00,429.45,408.35,408.35,408.35,429.80,,408.35,,,790901,324860051.05,8018,F1,1,,,,,
2026-10-08,2026-10-08,CM,NSE,STK,11297,INE173A01025,SIL,EQ,,,,,STANDARD INDUSTRIES LTD.,16.15,16.65,15.23,15.81,15.80,15.62,,15.81,,,45681,718879.97,394,F1,1,,,,,
2026-10-08,2026-10-08,CM,NSE,STK,24226,INE01A001028,STANLEY,EQ,,,,,STANLEY LIFESTYLES LTD,135.44,135.44,126.10,127.29,128.00,135.00,,127.28,,,102266,13309901.93,2559,F1,1,,,,,
2026-10-08,2026-10-08,CM,NSE,STK,21091,INE460H01021,STARCEMENT,EQ,,,,,STAR CEMENT LIMITED,174.30,175.00,167.62,169.65,170.44,174.88,,169.62,,,222369,37827322.66,5142,F1,1,,,,,
2026-10-08,2026-10-08,CM,NSE,STK,7083,INE575P01011,STARHEALTH,EQ,,,,,STAR HEALTH & AL INS CO L,556.90,568.95,542.65,545.50,543.50,553.85,,545.49,,,407450,225964973.25,25096,F1,1,,,,,
2026-10-08,2026-10-08,CM,NSE,STK,3291,INE733A01018,STARPAPER,EQ,,,,,STAR PAPER MILLS LTD,153.80,153.80,147.70,149.08,149.10,151.50,,148.86,,,7579,1146434.48,196,F1,1,,,,,
2026-10-08,2026-10-08,CM,NSE,STK,9305,INE992I01013,STARTECK,EQ,,,,,STARTECK FINANCE LIMITED,273.70,273.70,262.30,264.25,266.60,273.70,,264.50,,,646,172482.05,42,F1,1,,,,,
2026-10-08,2026-10-08,CM,NSE,STK,3045,INE062A01020,SBIN,EQ,,,,,STATE BANK OF INDIA,953.90,953.90,937.50,940.00,940.00,954.00,,940.17,,,7600646,7176175919.70,178104,F1,1,,,,,
2026-10-08,2026-10-08,CM,NSE,STK,766065,INE0FRO01022,STEAMHOUSE,EQ,,,,,STEAMHOUSE INDIA LIMITED,124.66,125.70,117.20,121.21,120.49,125.17,,121.21,,,6184504,747875145.09,97258,F1,1,,,,,
2026-10-08,2026-10-08,CM,NSE,STK,2963,INE114A01011,SAIL,EQ,,,,,STEEL AUTHORITY OF INDIA,175.65,175.65,165.76,166.25,166.25,174.31,,166.27,,,13744496,2325683563.30,70098,F1,1,,,,,
2026-10-08,2026-10-08,CM,NSE,STK,10406,INE395H01011,STEELCITY,EQ,,,,,STEEL CITY SECURITIES LTD,81.94,82.47,79.50,79.97,79.81,81.54,,79.97,,,2943,237541.66,174,F1,1,,,,,
2026-10-08,2026-10-08,CM,NSE,STK,21339,INE503B01021,STEELXIND,EQ,,,,,STEEL EXCHANGE INDIA LTD,10.68,11.14,10.16,10.32,10.21,10.90,,10.32,,,15980036,170231365.66,14249,F1,1,,,,,
2026-10-08,2026-10-08,CM,NSE,STK,765170,INE205F01016,STLSTRINF,EQ,,,,,STEEL STRIPS INFRA L,22.50,23.85,21.50,22.00,22.00,22.50,,22.00,,,3334,75354.77,33,F1,1,,,,,
2026-10-08,2026-10-08,CM,NSE,STK,11829,INE802C01033,SSWL,EQ,,,,,STEEL STRIPS WHEELS LTD.,425.95,426.10,405.80,410.50,412.90,424.20,,410.45,,,1268927,523933032.95,34010,F1,1,,,,,
2026-10-08,2026-10-08,CM,NSE,STK,6803,INE124E01038,STEELCAS,EQ,,,,,STEELCAST LIMITED,371.40,375.00,356.55,360.25,361.75,373.30,,360.25,,,85086,31109279.70,3949,F1,1,,,,,
2026-10-08,2026-10-08,CM,NSE,STK,21484,INE577L01016,STEL,EQ,,,,,STEL HOLDINGS LIMITED,574.00,583.40,545.15,567.75,568.95,568.60,,565.76,,,3395,1909288.75,422,F1,1,,,,,
2026-10-08,2026-10-08,CM,NSE,STK,4299,INE334A01023,STERTOOLS,EQ,,,,,STERLING TOOLS LIMITED,218.79,235.99,218.79,231.69,232.40,218.79,,231.71,,,129326,29695293.28,2812,F1,1,,,,,
2026-10-08,2026-10-08,CM,NSE,STK,9313,INE089C01029,STLTECH,BE,,,,,STERLITE TECHNOLOGIES LTD,1009.80,1017.90,979.00,1011.55,1005.00,1016.80,,1011.56,,,1604237,1596644236.45,48165,F1,1,,,,,
2026-10-08,2026-10-08,CM,NSE,STK,13367,INE353H01010,SGL,EQ,,,,,STL GLOBAL LIMITED,9.12,9.39,9.12,9.14,9.13,9.09,,9.14,,,19692,181368.58,110,F1,1,,,,,
2026-10-08,2026-10-08,CM,NSE,STK,758958,INE1VXE01018,STLNETWORK,EQ,,,,,STL NETWORKS LIMITED,50.60,50.60,46.96,48.07,48.39,49.43,,48.07,,,9238203,445559144.46,23275,F1,1,,,,,
2026-10-08,2026-10-08,CM,NSE,STK,2107,INE00IN01015,STOVEKRAFT,EQ,,,,,STOVE KRAFT LIMITED,817.35,817.35,795.10,803.10,800.80,817.35,,803.10,,,69116,55416779.45,4815,F1,1,,,,,
2026-10-08,2026-10-08,CM,NSE,STK,761091,INE1XWN01017,STRIDERS,SM,,,,,STRIDERS IMPEX LIMITED,51.70,51.70,50.00,50.00,50.00,50.00,,50.00,,,51200,2562720.00,4,F1,1600,,,,,
2026-10-08,2026-10-08,CM,NSE,STK,7374,INE939A01011,STAR,EQ,,,,,STRIDES PHARMA SCI LTD,1100.60,1106.10,1067.00,1095.30,1080.00,1100.60,,1095.30,,,420852,457482983.70,31126,F1,1,,,,,
2026-10-08,2026-10-08,CM,NSE,STK,12489,INE00M201021,SWSOLAR,EQ,,,,,STRLNG & WIL REN ENE LTD,168.38,168.95,159.10,160.09,159.85,168.11,,160.10,,,1067977,173877787.91,13051,F1,1,,,,,
2026-10-08,2026-10-08,CM,NSE,STK,759587,INE00Q601028,STUDDS,EQ,,,,,STUDDS ACCESSORIES LTD,421.00,428.05,410.20,416.00,418.95,420.45,,416.01,,,92229,38750502.00,4040,F1,1,,,,,
2026-10-08,2026-10-08,CM,NSE,STK,758527,INE17VO01028,STUDIOLSD,SM,,,,,STUDIO LSD LIMITED,8.60,8.60,8.60,8.60,8.60,8.55,,8.60,,,8000,68800.00,4,F1,2000,,,,,
2026-10-08,2026-10-08,CM,NSE,STK,5186,INE239C01020,STYLAMIND,EQ,,,,,STYLAM INDUSTRIES LIMITED,3350.00,3350.00,3220.00,3243.80,3220.30,3351.60,,3243.85,,,26161,85279579.70,6039,F1,1,,,,,
2026-10-08,2026-10-08,CM,NSE,STK,19,INE189B01011,STYRENIX,EQ,,,,,STYRENIX PERFORMANCE LTD,2008.70,2018.70,1970.00,1990.50,1990.00,2001.30,,1990.40,,,20229,40277245.00,3107,F1,1,,,,,
2026-10-08,2026-10-08,CM,NSE,STK,760112,INE0RYR01018,SUBAHOTELS,SM,,,,,SUBA HOTELS LIMITED,90.15,92.85,90.00,90.10,90.10,92.40,,90.10,,,12000,1085880.00,10,F1,1200,,,,,
2026-10-08,2026-10-08,CM,NSE,STK,967,INE754A01055,SUBEXLTD,EQ,,,,,SUBEX LTD,19.15,19.15,18.30,18.41,18.47,19.15,,18.41,,,5288891,98497784.24,13662,F1,1,,,,,
2026-10-08,2026-10-08,CM,NSE,STK,3324,INE287B01021,SUBROS,EQ,,,,,SUBROS LIMITED,675.60,680.30,657.00,664.50,661.50,675.50,,664.61,,,32055,21359763.85,2557,F1,1,,,,,
2026-10-08,2026-10-08,CM,NSE,STK,3327,INE659A01023,SUDARSCHEM,EQ,,,,,SUDARSHAN CHEMICAL INDS L,1233.00,1240.10,1170.00,1176.80,1179.40,1226.60,,1176.70,,,357840,427548159.40,24770,F1,1,,,,,
2026-10-08,2026-10-08,CM,NSE,STK,715,INE492A01029,SUDARCOLOR,EQ,,,,,SUDARSHAN COLORNT IND LTD,362.05,370.90,347.80,351.90,348.00,364.55,,351.60,,,9998,3562893.65,741,F1,1,,,,,
2026-10-08,2026-10-08,CM,NSE,STK,760039,INE0QPI01025,SUDEEPPHRM,EQ,,,,,SUDEEP PHARMA LIMITED,1170.40,1184.90,1095.00,1114.90,1114.00,1170.40,,1114.68,,,208848,233556991.90,27219,F1,1,,,,,
2026-10-08,2026-10-08,CM,NSE,STK,11804,INE450E01029,SUKHJITS,EQ,,,,,SUKHJIT STARCH & CHEM LTD,151.30,151.99,146.51,146.67,146.51,149.56,,146.68,,,5904,873975.77,403,F1,1,,,,,
2026-10-08,2026-10-08,CM,NSE,STK,13218,INE142Q01026,SULA,EQ,,,,,SULA VINEYARDS LIMITED,133.00,133.48,130.05,130.58,130.05,133.41,,130.50,,,159849,21018971.29,3905,F1,1,,,,,
2026-10-08,2026-10-08,CM,NSE,STK,765507,INE11Z001019,SUMAX,SM,,,,,SUMAX ENGINEERING LIMITED,101.05,106.00,96.80,98.85,99.50,105.35,,98.85,,,162000,16085460.00,116,F1,1200,,,,,
2026-10-08,2026-10-08,CM,NSE,STK,765175,INE886B01012,SUMEDHA,EQ,,,,,SUMEDHA FISCAL SERVICES L,43.00,43.00,41.00,41.95,41.95,43.05,,41.58,,,2084,87389.55,67,F1,1,,,,,
2026-10-08,2026-10-08,CM,NSE,STK,20790,INE235C01036,SUMEETINDS,EQ,,,,,SUMEET IND LIMITED,12.00,12.04,11.40,11.40,11.40,12.00,,11.41,,,1404962,16224901.90,1454,F1,1,,,,,
2026-10-08,2026-10-08,CM,NSE,STK,11140,INE748Z01013,SUMIT,EQ,,,,,SUMIT WOODS LIMITED,51.49,51.49,44.15,45.92,45.70,50.48,,45.92,,,51096,2337437.28,600,F1,1,,,,,
2026-10-08,2026-10-08,CM,NSE,STK,17105,INE258G01013,SUMICHEM,EQ,,,,,SUMITOMO CHEM INDIA LTD,421.90,426.40,409.50,411.40,410.90,421.95,,411.41,,,148881,62032722.60,11772,F1,1,,,,,
2026-10-08,2026-10-08,CM,NSE,STK,21275,INE519C01017,SUMMITSEC,EQ,,,,,SUMMIT SECURITIES LTD,1310.00,1330.80,1297.20,1305.00,1305.50,1320.40,,1305.99,,,3943,5181328.60,437,F1,1,,,,,
2026-10-08,2026-10-08,CM,NSE,STK,14788,INE232I01014,SPARC,EQ,,,,,SUN PHARMA ADV.RES.CO.LTD,197.00,201.39,187.19,187.74,188.00,196.79,,187.75,,,1270428,243580683.94,35653,F1,1,,,,,
2026-10-08,2026-10-08,CM,NSE,STK,3351,INE044A01036,SUNPHARMA,EQ,,,,,SUN PHARMACEUTICAL IND L,1788.10,1796.00,1745.00,1759.80,1759.80,1781.00,,1758.33,,,1605236,2828382656.80,95982,F1,1,,,,,
2026-10-08,2026-10-08,CM,NSE,STK,13404,INE424H01027,SUNTV,EQ,,,,,SUN TV NETWORK LIMITED,634.90,639.80,610.50,614.20,614.05,636.50,,614.20,,,1100802,688288427.20,41067,F1,1,,,,,
2026-10-08,2026-10-08,CM,NSE,STK,4179,INE073D01013,SUNDRMBRAK,EQ,,,,,SUNDARAM BRAK LININGS LTD,667.10,678.85,661.00,669.70,661.00,667.05,,670.49,,,237,158461.45,27,F1,1,,,,,
2026-10-08,2026-10-08,CM,NSE,STK,20956,INE0Q3R01026,SUNCLAY,EQ,,,,,SUNDARAM CLAYTON LIMITED,1149.80,1149.80,1096.10,1100.80,1111.90,1131.80,,1100.83,,,4215,4682152.90,650,F1,1,,,,,
2026-10-08,2026-10-08,CM,NSE,STK,3339,INE660A01013,SUNDARMFIN,EQ,,,,,SUNDARAM FINANCE LTD,4290.00,4350.00,4101.00,4110.60,4101.00,4301.20,,4110.66,,,65226,271538451.90,17460,F1,1,,,,,
2026-10-08,2026-10-08,CM,NSE,STK,18931,INE108E01023,SUNDARAM,EQ,,,,,SUNDARAM MULTI PAP LTD,1.09,1.09,1.04,1.05,1.05,1.07,,1.05,,,445554,469512.74,268,F1,1,,,,,
2026-10-08,2026-10-08,CM,NSE,STK,3345,INE387A01021,SUNDRMFAST,EQ,,,,,SUNDRAM FASTENERS LTD,1159.90,1159.90,1095.20,1108.30,1102.10,1127.00,,1108.22,,,103754,116263486.30,12723,F1,1,,,,,
2026-10-08,2026-10-08,CM,NSE,STK,761202,INE0CTB01014,SOCL,SM,,,,,SUNDREX OIL COMPANY LTD,28.50,28.50,27.65,28.20,28.50,28.80,,28.20,,,9600,270960.00,6,F1,1600,,,,,
2026-10-08,2026-10-08,CM,NSE,STK,1663,INE209A01019,SUNDROP,EQ,,,,,SUNDROP BRANDS LIMITED,731.25,752.00,726.40,743.55,745.00,745.90,,743.55,,,39823,29640277.65,997,F1,1,,,,,
2026-10-08,2026-10-08,CM,NSE,STK,3348,INE947A01014,SUNFLAG,EQ,,,,,SUNFLAG IRON AND STEEL CO,477.00,477.00,450.70,450.70,450.70,474.40,,450.70,,,423244,192953069.60,6184,F1,1,,,,,
2026-10-08,2026-10-08,CM,NSE,STK,18264,INE0O3O01017,SEL,SM,,,,,SUNGARNER ENERGIES LTD,320.00,320.00,320.00,320.00,320.00,320.00,,320.00,,,400,128000.00,2,F1,200,,,,,
2026-10-08,2026-10-08,CM,NSE,STK,765180,INE671C01016,SUNLOC,EQ,,,,,SUNIL HEALTHCARE LTD.,71.39,72.50,70.00,72.50,72.50,70.00,,72.50,,,32,2282.79,8,F1,1,,,,,
2026-10-08,2026-10-08,CM,NSE,STK,24868,INE0U2N01013,SUNLITE,SM,,,,,SUNLITE RECYCLING IND LTD,675.00,675.00,634.00,635.50,635.05,671.15,,635.50,,,15000,9725685.00,46,F1,300,,,,,
2026-10-08,2026-10-08,CM,NSE,STK,764925,INE671K01027,SUNRAKSHAK,EQ,,,,,SUNRAKSHAKK INDUS IND L,361.15,362.10,349.60,353.80,353.00,356.90,,353.80,,,5772,2055720.30,243,F1,1,,,,,
2026-10-08,2026-10-08,CM,NSE,STK,20213,INE0PLZ01012,SUNREST,SM,,,,,SUNREST LIFESCIENCE LTD,38.50,38.50,36.75,36.75,36.75,38.50,,36.75,,,4800,179200.00,3,F1,1600,,,,,
2026-10-08,2026-10-08,CM,NSE,STK,764930,INE199E01014,SUNSHIEL,EQ,,,,,SUNSHIELD CHEMICALS LTD.,1090.10,1117.40,1025.00,1048.30,1055.00,1103.50,,1051.03,,,1860,1949427.90,399,F1,1,,,,,
2026-10-08,2026-10-08,CM,NSE,STK,765387,INE1B3O01011,SUNSHINE,EQ,,,,,SUNSHINE PICTURES LIMITED,455.10,455.10,425.00,432.80,431.00,448.90,,432.76,,,470121,205164297.20,7110,F1,1,,,,,
2026-10-08,2026-10-08,CM,NSE,STK,757763,INE0SGZ01016,SUNTECH,SM,,,,,SUNTECH INFRA SOLUTIONS L,36.90,36.90,36.50,36.50,36.50,36.75,,36.50,,,4800,176480.00,3,F1,1600,,,,,
2026-10-08,2026-10-08,CM,NSE,STK,17641,INE805D01034,SUNTECK,EQ,,,,,SUNTECK REALTY LIMITED,278.30,278.30,270.65,271.60,273.00,278.15,,271.60,,,102432,27958420.15,3529,F1,1,,,,,
2026-10-08,2026-10-08,CM,NSE,STK,8931,INE662A01027,SUPERSPIN,BE,,,,,SUPER SPINNING MILLS LTD,7.01,7.29,6.71,6.87,7.19,7.04,,6.87,,,12037,82427.07,32,F1,1,,,,,
2026-10-08,2026-10-08,CM,NSE,STK,764938,INE460D01038,SUPTANERY,BE,,,,,SUPER TANNERY LTD.,8.79,8.89,8.64,8.89,8.89,8.47,,8.90,,,175945,1558690.83,525,F1,1,,,,,
2026-10-08,2026-10-08,CM,NSE,STK,20616,INE712B01010,SUPERHOUSE,EQ,,,,,SUPERHOUSE LIMITED,154.00,155.99,150.00,152.11,154.94,154.93,,152.07,,,1827,279689.03,148,F1,1,,,,,
2026-10-08,2026-10-08,CM,NSE,STK,3147,INE843L01012,SIEL,EQ,,,,,SUPERIOR INDUSTRIAL ENT L,31.50,31.50,29.95,29.95,29.95,31.50,,29.95,,,404,12327.46,11,F1,1,,,,,
2026-10-08,2026-10-08,CM,NSE,STK,11689,INE399C01030,SUPRAJIT,EQ,,,,,SUPRAJIT ENGINEERING LTD,465.00,479.50,455.15,470.85,461.45,465.15,,470.96,,,69105,32222712.30,4615,F1,1,,,,,
2026-10-08,2026-10-08,CM,NSE,STK,758997,INE319Z01021,SUPREMEENG,BZ,,,,,SUPREME ENGINEERING LTD,4.56,4.56,4.56,4.56,4.56,4.48,,4.56,,,198476,905050.56,98,F1,1,,,,,
2026-10-08,2026-10-08,CM,NSE,STK,28069,INE0U6N01014,SFML,SM,,,,,SUPREME FACILITY MGMT LTD,19.05,20.40,18.65,20.40,20.40,20.20,,20.40,,,9600,184080.00,6,F1,1600,,,,,
2026-10-08,2026-10-08,CM,NSE,STK,29439,INE822E01011,SUPREME,EQ,,,,,SUPREME HOLDIN N HOSP I L,29.95,30.48,29.46,29.96,29.56,29.98,,29.98,,,5937,177262.07,224,F1,1,,,,,
2026-10-08,2026-10-08,CM,NSE,STK,3363,INE195A01028,SUPREMEIND,EQ,,,,,SUPREME INDUSTRIES LTD,3567.70,3598.80,3462.00,3462.00,3462.00,3550.00,,3462.00,,,87986,309271119.80,15223,F1,1,,,,,
2026-10-08,2026-10-08,CM,NSE,STK,15002,INE550H01011,SUPREMEINF,EQ,,,,,SUPREME INFRA. LTD.,55.21,55.56,49.21,49.92,50.81,54.67,,49.96,,,456795,23291096.38,2119,F1,1,,,,,
2026-10-08,2026-10-08,CM,NSE,STK,9617,INE663A01033,SPLPETRO,EQ,,,,,SUPREME PETROCHEM LIMITED,807.80,807.85,781.85,783.65,782.00,806.65,,783.64,,,130060,102602121.20,9037,F1,1,,,,,
2026-10-08,2026-10-08,CM,NSE,STK,21067,INE0QHG01026,SUPREMEPWR,SM,,,,,SUPREME POWER EQUIPMENT L,267.50,277.00,250.00,252.60,253.80,260.05,,252.60,,,204000,53819600.00,326,F1,500,,,,,
2026-10-08,2026-10-08,CM,NSE,STK,7390,INE07RO01027,SUPRIYA,EQ,,,,,SUPRIYA LIFESCIENCE LTD,894.35,894.35,850.10,861.35,859.00,889.25,,861.41,,,241403,208404188.25,18119,F1,1,,,,,
2026-10-08,2026-10-08,CM,NSE,STK,20822,INE843S01025,SURAJEST,EQ,,,,,SURAJ ESTATE DEVELOPERS L,208.26,209.26,196.00,196.86,199.00,208.26,,196.86,,,79684,15956712.41,2281,F1,1,,,,,
2026-10-08,2026-10-08,CM,NSE,STK,24966,INE713C01016,SURAJLTD,EQ,,,,,SURAJ LIMITED,181.70,187.99,177.99,184.57,184.00,181.70,,184.47,,,6983,1264041.57,240,F1,1,,,,,
2026-10-08,2026-10-08,CM,NSE,STK,27334,INE877V01027,SURAKSHA,EQ,,,,,SURAKSHA DIAGNOSTIC LTD,324.05,324.05,307.00,309.40,315.00,321.70,,309.42,,,63897,20047057.45,2438,F1,1,,,,,
2026-10-08,2026-10-08,CM,NSE,STK,21077,INE272L01022,SURANASOL,EQ,,,,,SURANA SOLAR LIMITED,24.36,24.36,23.57,23.73,23.82,24.36,,23.72,,,11613,276544.33,309,F1,1,,,,,
2026-10-08,2026-10-08,CM,NSE,STK,10700,INE130B01031,SURANAT&P,EQ,,,,,SURANA TELECOM AND POW LT,16.00,16.00,15.60,15.61,15.80,15.76,,15.61,,,18123,285131.84,200,F1,1,,,,,
2026-10-08,2026-10-08,CM,NSE,STK,8513,INE01ZJ01015,SURANI,SM,,,,,SURANI STEEL TUBES LTD.,172.00,174.25,149.50,161.90,163.00,158.45,,161.90,,,121000,20469480.00,285,F1,200,,,,,
2026-10-08,2026-10-08,CM,NSE,STK,14139,INE05ST01028,SBGLP,EQ,,,,,SURATWWALA BUS GROUP LTD,23.15,23.15,22.00,22.50,22.59,22.72,,22.50,,,32378,729274.17,289,F1,1,,,,,
2026-10-08,2026-10-08,CM,NSE,STK,3375,INE335A01020,SURYAROSNI,EQ,,,,,SURYA ROSHNI LTD,218.30,218.30,212.00,213.00,212.00,218.34,,213.00,,,369129,79191322.75,6255,F1,1,,,,,
2026-10-08,2026-10-08,CM,NSE,STK,11852,INE713B01026,SURYALAXMI,EQ,,,,,SURYALAKSHMI COT MIL LTD,56.92,56.92,55.50,55.60,55.60,56.64,,55.60,,,1795,100795.91,34,F1,1,,,,,
2026-10-08,2026-10-08,CM,NSE,STK,762924,INE132C01027,SURYALA,EQ,,,,,SURYALATA SPINNING MILL L,377.00,383.30,376.25,376.35,379.95,376.25,,376.35,,,670,252285.65,9,F1,1,,,,,
2026-10-08,2026-10-08,CM,NSE,STK,2970,INE428Q01011,SURYODAY,EQ,,,,,SURYODAY SMALL FIN BK LTD,155.80,156.31,148.54,149.05,149.50,155.54,,149.05,,,144228,21793386.68,3431,F1,1,,,,,
2026-10-08,2026-10-08,CM,NSE,STK,21321,INE0R8O23017,SEITINVIT,IV,,,,,SUSTAINABLE ENERGY INFRA,122.00,122.00,122.00,122.00,122.00,122.00,,122.00,,,25000,3050000.00,1,F1,25000,,,,,
2026-10-08,2026-10-08,CM,NSE,STK,13801,INE645H01027,SUTLEJTEX,EQ,,,,,SUTLEJ TEXT & INDUS LTD,36.60,37.28,35.16,35.25,35.17,36.57,,35.37,,,26174,933368.17,197,F1,1,,,,,
2026-10-08,2026-10-08,CM,NSE,STK,11233,INE495B01038,SUVEN,EQ,,,,,SUVEN LIFE SCIENCES LTD,306.50,306.60,287.25,288.90,287.30,305.55,,288.88,,,589929,172890326.65,20198,F1,1,,,,,
2026-10-08,2026-10-08,CM,NSE,STK,2998,INE018401013,SUVIDHAA,EQ,,,,,SUVIDHAA INFOSERVE LTD,2.10,2.18,2.01,2.07,2.07,2.10,,2.08,,,67624,138907.41,173,F1,1,,,,,
2026-10-08,2026-10-08,CM,NSE,STK,24851,INE442P01014,SUYOG,EQ,,,,,SUYOG TELEMATICS LIMITED,665.00,673.65,640.00,643.30,640.00,672.85,,643.24,,,11327,7343863.70,928,F1,1,,,,,
2026-10-08,2026-10-08,CM,NSE,STK,12018,INE040H01021,SUZLON,EQ,,,,,SUZLON ENERGY LIMITED,38.43,38.43,36.31,36.43,36.43,38.34,,36.43,,,85701657,3177925604.11,193563,F1,1,,,,,
2026-10-08,2026-10-08,CM,NSE,STK,5020,INE308E01029,SVPGLOB,EQ,,,,,SVP GLOBAL TEXTILES LTD,3.14,3.30,2.76,3.13,3.15,3.00,,3.13,,,162953,509881.18,273,F1,1,,,,,
2026-10-08,2026-10-08,CM,NSE,STK,27095,INE665A01038,SWANCORP,EQ,,,,,SWAN CORP LIMITED,271.85,271.85,254.40,260.25,261.00,271.85,,260.22,,,1229944,321771744.95,23773,F1,1,,,,,
2026-10-08,2026-10-08,CM,NSE,STK,29164,INE542F01020,SWANDEF,BE,,,,,SWAN DEFENCE N HEVY IND L,2703.10,2814.90,2670.00,2785.10,2670.00,2759.40,,2784.49,,,24580,67736925.10,1061,F1,1,,,,,
2026-10-08,2026-10-08,CM,NSE,STK,3384,INE277A01016,SWARAJENG,EQ,,,,,SWARAJ ENGINES LTD,3546.10,3546.10,3475.00,3491.60,3475.10,3546.10,,3491.65,,,9227,32435427.50,2221,F1,1,,,,,
2026-10-08,2026-10-08,CM,NSE,STK,764496,INE0GMR01016,SWARAJ,BE,,,,,SWARAJ SUITING LIMITED,361.00,366.00,359.85,363.60,365.50,362.00,,364.12,,,102500,37167607.50,195,F1,1,,,,,
2026-10-08,2026-10-08,CM,NSE,STK,765185,INE967A01012,SWARNSAR,EQ,,,,,SWARNSARITA JEWELS IND L,40.79,42.45,37.90,39.10,38.81,40.01,,39.10,,,10678,413319.55,94,F1,1,,,,,
2026-10-08,2026-10-08,CM,NSE,STK,11497,INE0DGC01025,SWASTIK,ST,,,,,SWASTIK PIPE LIMITED,18.30,18.30,17.40,17.40,17.40,18.30,,17.40,,,4800,86100.00,4,F1,1200,,,,,
2026-10-08,2026-10-08,CM,NSE,STK,766301,INE1QJA01015,SWASTIKAIN,BE,,,,,SWASTIKA INFRA LIMITED,220.63,220.63,215.00,220.61,220.63,210.13,,220.61,,,705500,155530958.95,3730,F1,1,,,,,
2026-10-08,2026-10-08,CM,NSE,STK,11909,INE409B01013,SWELECTES,EQ,,,,,SWELECT ENERGY SYS LTD,610.00,610.00,577.45,581.60,580.00,608.80,,581.60,,,11348,6683409.50,963,F1,1,,,,,
2026-10-08,2026-10-08,CM,NSE,STK,27066,INE00H001014,SWIGGY,EQ,,,,,SWIGGY LIMITED,246.00,247.20,234.00,234.95,234.95,246.00,,234.99,,,8382103,2006863784.20,51412,F1,1,,,,,
2026-10-08,2026-10-08,CM,NSE,STK,765193,INE010C01025,SWISSMLTRY,BE,,,,,SWISS MILITARY CON GOOD L,14.50,14.50,13.80,13.92,13.90,14.19,,13.95,,,145254,2028125.43,491,F1,1,,,,,
2026-10-08,2026-10-08,CM,NSE,STK,24267,INE01IH01015,SYLVANPLY,SM,,,,,SYLVAN PLYBOARD (INDIA) L,47.55,48.95,47.50,48.95,48.95,50.00,,48.95,,,8000,383200.00,4,F1,2000,,,,,
2026-10-08,2026-10-08,CM,NSE,STK,765485,INE899I01028,SYMBIOTEC,EQ,,,,,SYMBIOTEC PHARMALAB LTD,1130.00,1143.00,1080.70,1093.80,1095.90,1135.60,,1093.82,,,645045,707011158.90,40007,F1,1,,,,,
2026-10-08,2026-10-08,CM,NSE,STK,24190,INE225D01027,SYMPHONY,EQ,,,,,SYMPHONY LIMITED,560.00,560.00,536.25,538.85,540.00,558.10,,538.77,,,57974,31571996.80,4146,F1,1,,,,,
2026-10-08,2026-10-08,CM,NSE,STK,11992,INE312C01025,SYNCOMF,EQ,,,,,SYNCOM FORMU (I) LTD,25.19,25.19,23.30,23.57,23.59,24.94,,23.57,,,14107513,336697552.15,28840,F1,1,,,,,
2026-10-08,2026-10-08,CM,NSE,STK,5114,INE00QT01015,SGIL,EQ,,,,,SYNERGY GREEN IND. LTD,598.45,616.20,598.45,606.35,605.00,604.55,,606.07,,,8692,5271273.00,607,F1,1,,,,,
2026-10-08,2026-10-08,CM,NSE,STK,10243,INE398R01022,SYNGENE,EQ,,,,,SYNGENE INTERNATIONAL LTD,363.70,363.70,345.20,346.00,346.00,360.30,,345.97,,,333710,116777151.75,15954,F1,1,,,,,
2026-10-08,2026-10-08,CM,NSE,STK,10793,INE0DYJ01015,SYRMA,EQ,,,,,SYRMA SGS TECHNOLOGY LTD,1752.00,1759.50,1657.60,1680.90,1680.80,1746.70,,1680.93,,,904837,1544732173.40,59339,F1,1,,,,,
2026-10-08,2026-10-08,CM,NSE,STK,14506,INE0O7R01011,SYSTANGO,SM,,,,,SYSTANGO TECHNOLOGIES LTD,216.70,217.55,210.00,213.10,213.60,218.65,,213.10,,,35200,7466860.00,71,F1,400,,,,,
2026-10-08,2026-10-08,CM,NSE,STK,759358,INE356B01024,SYSTMTXC,BE,,,,,SYSTEMATIX CORP SERVICE L,73.00,73.00,73.00,73.00,73.00,72.69,,73.00,,,10485,765405.00,22,F1,1,,,,,
2026-10-08,2026-10-08,CM,NSE,STK,764955,INE284B01028,TGVSL,EQ,,,,,T G V SRAAC LTD.,127.25,127.88,118.30,120.82,121.82,126.26,,120.64,,,319936,39251527.11,4831,F1,1,,,,,
2026-10-08,2026-10-08,CM,NSE,STK,14314,INE592B01024,TTL,EQ,,,,,T T LIMITED,7.36,7.36,7.11,7.11,7.14,7.29,,7.11,,,46785,335205.82,141,F1,1,,,,,
2026-10-08,2026-10-08,CM,NSE,STK,762929,INE524T01029,TAALTECH,EQ,,,,,TAAL TECH LTD.,1087.90,1088.60,1033.00,1041.50,1040.00,1087.90,,1041.64,,,59953,63105113.20,5140,F1,1,,,,,
2026-10-08,2026-10-08,CM,NSE,STK,23441,INE0SOY01013,TAC,ST,,,,,TAC INFOSEC LIMITED,413.25,413.25,402.80,402.80,402.80,424.00,,402.80,,,36400,14715380.00,114,F1,200,,,,,
2026-10-08,2026-10-08,CM,NSE,STK,3396,INE123C01018,TAINWALCHM,EQ,,,,,TAINWALA CHEMICAL AND PLA,200.40,204.45,193.10,203.35,204.00,200.40,,203.36,,,4962,974181.66,92,F1,1,,,,,
2026-10-08,2026-10-08,CM,NSE,STK,9354,INE586B01026,TAJGVK,EQ,,,,,TAJ GVK HOTELS & RESORTS,322.80,326.80,315.00,322.40,323.70,320.45,,322.31,,,100851,32374887.15,4426,F1,1,,,,,
2026-10-08,2026-10-08,CM,NSE,STK,14917,INE142I01023,TAKE,EQ,,,,,TAKE LIMITED,12.72,12.72,12.72,12.72,12.72,12.12,,12.72,,,166290,2115208.80,67,F1,1,,,,,
2026-10-08,2026-10-08,CM,NSE,STK,13648,INE187D01029,TALBROAUTO,EQ,,,,,TALBROS AUTO. COMP. LTD,417.00,420.95,402.00,405.35,410.10,417.05,,405.33,,,141783,57716958.40,7026,F1,1,,,,,
2026-10-08,2026-10-08,CM,NSE,STK,762937,INE864J01012,TAMBOLIIN,BE,,,,,TAMBOLI INDUSTRIES LTD.,297.75,304.75,290.20,290.55,290.55,295.00,,297.25,,,4485,1309759.50,42,F1,1,,,,,
2026-10-08,2026-10-08,CM,NSE,STK,10945,INE668A01016,TMB,EQ,,,,,TAMILNAD MERCA BANK LTD,874.50,880.00,850.50,855.45,850.50,877.35,,855.47,,,155002,133757167.10,18582,F1,1,,,,,
2026-10-08,2026-10-08,CM,NSE,STK,3980,INE107A01015,TNPL,EQ,,,,,TAMILNADU NEWSPRT & PAPER,143.30,144.87,137.10,137.95,137.78,143.35,,137.94,,,169808,23833018.03,4095,F1,1,,,,,
2026-10-08,2026-10-08,CM,NSE,STK,3509,INE148A01019,TNPETRO,EQ,,,,,TAMILNADU PETROPRODUCTS L,127.60,127.70,118.00,118.98,119.58,125.78,,118.97,,,853194,103174413.99,11009,F1,1,,,,,
2026-10-08,2026-10-08,CM,NSE,STK,9884,INE141D01018,TNTELE,BE,,,,,TAMILNADU TELECOMMUNICATI,9.44,9.44,9.44,9.44,9.44,9.93,,9.44,,,19169,180955.36,67,F1,1,,,,,
2026-10-08,2026-10-08,CM,NSE,STK,764945,INE692C01020,TANAA,EQ,,,,,TANEJA AEROSPACE & AVIA L,354.00,364.50,324.85,330.35,328.85,349.25,,330.71,,,156930,54528374.40,8616,F1,1,,,,,
2026-10-08,2026-10-08,CM,NSE,STK,13976,INE483C01032,TANLA,EQ,,,,,TANLA PLATFORMS LIMITED,491.00,501.00,488.25,493.35,494.00,494.55,,493.34,,,367977,181807766.00,17831,F1,1,,,,,
2026-10-08,2026-10-08,CM,NSE,STK,23512,INE555Z01020,TARACHAND,EQ,,,,,TARA CHAND INFRA SOLN LTD,46.75,46.96,46.00,46.11,46.50,46.26,,46.11,,,80254,3710372.38,913,F1,1,,,,,
2026-10-08,2026-10-08,CM,NSE,STK,18827,INE747K01017,TARAPUR,EQ,,,,,TARAPUR TRANSFORMERS LTD,13.80,13.82,12.40,13.82,13.82,11.52,,13.91,,,146419,1988557.76,294,F1,1,,,,,
2026-10-08,2026-10-08,CM,NSE,STK,1581,INE0EK901012,TARC,EQ,,,,,TARC LIMITED,122.87,122.88,115.67,117.55,118.20,122.24,,117.54,,,687814,80934744.61,4245,F1,1,,,,,
2026-10-08,2026-10-08,CM,NSE,STK,14771,INE924H01018,TARMAT,EQ,,,,,TARMAT LIMITED,56.79,57.87,54.85,55.15,55.00,56.78,,55.28,,,5724,318428.22,140,F1,1,,,,,
2026-10-08,2026-10-08,CM,NSE,STK,6943,INE144Z01023,TARSONS,EQ,,,,,TARSONS PRODUCTS LIMITED,341.70,341.70,325.35,327.65,326.75,341.70,,327.77,,,110553,36891229.45,4374,F1,1,,,,,
2026-10-08,2026-10-08,CM,NSE,STK,20092,INE488B01017,TASTYBITE,EQ,,,,,TASTY BITE EATABLES LTD,9374.00,9374.00,8960.50,8999.00,8964.00,9373.00,,9000.37,,,1591,14494055.50,711,F1,1,,,,,
2026-10-08,2026-10-08,CM,NSE,STK,759265,INE976I01016,TATACAP,EQ,,,,,TATA CAPITAL LIMITED,318.00,320.20,311.50,314.90,312.00,320.55,,314.91,,,1747230,553579343.95,45997,F1,1,,,,,
2026-10-08,2026-10-08,CM,NSE,STK,3405,INE092A01019,TATACHEM,EQ,,,,,TATA CHEMICALS LTD,612.00,613.90,591.00,592.95,592.80,609.80,,592.93,,,744076,445544403.00,24826,F1,1,,,,,
2026-10-08,2026-10-08,CM,NSE,STK,3721,INE151A01013,TATACOMM,EQ,,,,,TATA COMMUNICATIONS LTD,1655.20,1698.90,1632.30,1677.40,1685.00,1659.60,,1677.75,,,514789,860759637.70,23465,F1,1,,,,,
2026-10-08,2026-10-08,CM,NSE,STK,11536,INE467B01029,TCS,EQ,,,,,TATA CONSULTANCY SERV LT,2104.00,2141.50,2060.00,2076.00,2076.00,2080.30,,2075.98,,,4288031,9021692689.10,161516,F1,1,,,,,
2026-10-08,2026-10-08,CM,NSE,STK,3432,INE192A01025,TATACONSUM,EQ,,,,,TATA CONSUMER PRODUCT LTD,966.40,974.00,947.30,951.90,951.90,968.50,,951.89,,,873932,834941675.45,39546,F1,1,,,,,
2026-10-08,2026-10-08,CM,NSE,STK,3411,INE670A01012,TATAELXSI,EQ,,,,,TATA ELXSI LIMITED,3090.00,3141.40,2996.00,2996.00,2996.00,3082.50,,2996.17,,,244061,745402964.70,32134,F1,1,,,,,
2026-10-08,2026-10-08,CM,NSE,STK,1621,INE672A01026,TATAINVEST,EQ,,,,,TATA INVESTMENT CORP LTD,614.05,617.85,606.40,609.30,607.40,615.30,,609.23,,,525736,320539986.20,22372,F1,1,,,,,
2026-10-08,2026-10-08,CM,NSE,STK,759782,INE1TAE01010,TMCV,EQ,,,,,TATA MOTORS LIMITED,427.10,430.65,409.00,413.20,411.50,427.90,,413.17,,,4430589,1860702427.20,97830,F1,1,,,,,
2026-10-08,2026-10-08,CM,NSE,STK,3456,INE155A01022,TMPV,EQ,,,,,TATA MOTORS PASS VEH LTD,283.45,284.35,273.00,273.00,273.00,283.00,,273.02,,,7215586,2001519168.80,107271,F1,1,,,,,
2026-10-08,2026-10-08,CM,NSE,STK,3426,INE245A01021,TATAPOWER,EQ,,,,,TATA POWER CO LTD,347.00,347.75,334.00,335.65,335.65,345.15,,335.65,,,6295578,2125756861.55,90151,F1,1,,,,,
2026-10-08,2026-10-08,CM,NSE,STK,3499,INE081A01020,TATASTEEL,EQ,,,,,TATA STEEL LIMITED,176.30,176.40,170.54,171.96,171.96,175.64,,171.89,,,30689721,5307678003.02,215651,F1,1,,,,,
2026-10-08,2026-10-08,CM,NSE,STK,20293,INE142M01025,TATATECH,EQ,,,,,TATA TECHNOLOGIES LIMITED,701.80,723.00,686.70,694.65,693.85,697.60,,694.63,,,1754369,1246654060.60,77103,F1,1,,,,,
2026-10-08,2026-10-08,CM,NSE,STK,8954,INE517B01013,TTML,EQ,,,,,TATA TELESERV(MAHARASTRA),34.01,34.14,32.70,32.95,32.83,34.01,,32.95,,,2087316,69548336.13,11259,F1,1,,,,,
2026-10-08,2026-10-08,CM,NSE,STK,7838,INF277K015R5,NETF,EQ,,,,,TATAAML - NETF,245.53,246.11,242.18,242.25,244.39,246.55,,242.25,,,4013,977508.96,190,F1,1,,,,,
2026-10-08,2026-10-08,CM,NSE,STK,12978,INF277K010X4,NPBET,EQ,,,,,TATAAML - NPBET,281.53,281.53,279.11,279.11,279.11,281.53,,279.11,,,494,138294.61,20,F1,1,,,,,
2026-10-08,2026-10-08,CM,NSE,STK,8882,INF277KA1364,TNIDETF,EQ,,,,,TATAAML - TNIDETF,85.00,85.00,82.77,83.24,83.80,84.55,,83.24,,,391527,32767748.69,480,F1,1,,,,,
2026-10-08,2026-10-08,CM,NSE,STK,21401,INF277KA1976,TATAGOLD,EQ,,,,,TATAAML-TATAGOLD,14.25,14.28,14.20,14.21,14.24,14.23,,14.21,,,25730797,366397287.43,53377,F1,1,,,,,
2026-10-08,2026-10-08,CM,NSE,STK,21428,INF277KA1984,TATSILV,EQ,,,,,TATAAML-TATSILV,21.20,21.26,20.85,20.90,20.95,21.21,,20.90,,,37689405,791131579.54,52276,F1,1,,,,,
2026-10-08,2026-10-08,CM,NSE,STK,5162,INE0GK401011,TATVA,EQ,,,,,TATVA CHIN PHARM CHEM LTD,1999.90,2008.70,1841.40,1855.60,1875.80,1991.20,,1855.59,,,140860,268931762.60,18906,F1,1,,,,,
2026-10-08,2026-10-08,CM,NSE,STK,759759,INE0XWS01018,TAURIAN,ST,,,,,TAURIAN MPS LIMITED,640.00,656.95,626.00,655.00,655.00,655.50,,655.00,,,5600,3587160.00,7,F1,800,,,,,
2026-10-08,2026-10-08,CM,NSE,STK,11754,INE053F07835,753IRFC30,NJ,,,,,TAX FREE  7.53% SR. 103 A,1070.92,1070.92,1065.05,1065.05,1065.05,1071.00,,1065.05,,,969,1033986.70,21,F1,1,,,,,
2026-10-08,2026-10-08,CM,NSE,STK,15168,INE053F07900,764IRFC31,NO,,,,,TAX FREE  7.64% SR. 108A,1084.90,1084.90,1072.01,1075.00,1075.00,1075.98,,1079.89,,,1005,1079719.68,7,F1,1,,,,,
2026-10-08,2026-10-08,CM,NSE,STK,14529,INE906B07EP5,769NHAI31,NE,,,,,TAX FREE 7.69% SR. IIB,1087.99,1087.99,1087.99,1087.99,1087.99,1080.00,,1087.99,,,10,10879.90,1,F1,1,,,,,
2026-10-08,2026-10-08,CM,NSE,STK,11954,INE906B07EI0,735NHAI31,N9,,,,,TAX FREE7.35% SR.IIA,1106.00,1106.00,1106.00,1106.00,1106.00,1104.01,,1106.00,,,11,12166.00,1,F1,1,,,,,
2026-10-08,2026-10-08,CM,NSE,STK,11757,INE053F07843,750IRFC35,NK,,,,,TAX FREE7.50% SR.104 A,1158.50,1158.50,1158.50,1158.50,1158.50,1156.00,,1158.50,,,10,11585.00,1,F1,1,,,,,
2026-10-08,2026-10-08,CM,NSE,STK,12003,INE906B07EJ8,76NHAI31,NA,,,,,TAX FREE7.60% SR.IIB,1116.00,1119.88,1112.01,1118.24,1119.88,1114.00,,1117.77,,,1253,1394955.37,11,F1,1,,,,,
2026-10-08,2026-10-08,CM,NSE,STK,24019,INE0N2D01013,TBI,SM,,,,,TBI CORN LIMITED,74.10,76.40,68.30,72.95,72.40,74.00,,72.95,,,39000,2829090.00,55,F1,600,,,,,
2026-10-08,2026-10-08,CM,NSE,STK,23740,INE673O01025,TBOTEK,EQ,,,,,TBO TEK LIMITED,1728.70,1730.00,1653.90,1666.50,1674.90,1704.50,,1666.46,,,146903,247156326.60,18072,F1,1,,,,,
2026-10-08,2026-10-08,CM,NSE,STK,761814,INE887D01024,TCC,EQ,,,,,TCC CONCEPT LIMITED,46.01,46.85,44.11,44.84,45.30,46.10,,44.88,,,286728,12911340.97,2387,F1,1,,,,,
2026-10-08,2026-10-08,CM,NSE,STK,19223,INE586V01016,TCIEXP,EQ,,,,,TCI EXPRESS LIMITED,499.75,499.75,475.00,477.20,478.95,499.75,,477.34,,,52641,25409977.90,2704,F1,1,,,,,
2026-10-08,2026-10-08,CM,NSE,STK,4771,INE911B01018,TCIFINANCE,EQ,,,,,TCI FINANCE LTD,13.94,14.90,13.91,14.11,14.90,14.21,,14.09,,,18972,267961.55,125,F1,1,,,,,
2026-10-08,2026-10-08,CM,NSE,STK,184,INE822C01015,TCPLPACK,EQ,,,,,TCPL PACKAGING LIMITED,4057.10,4265.00,3905.50,3994.40,3990.00,4031.50,,3994.77,,,37264,153535925.60,8614,F1,1,,,,,
2026-10-08,2026-10-08,CM,NSE,STK,25178,INE419M01035,TDPOWERSYS,EQ,,,,,TD POWER SYSTEMS LTD.,835.00,836.00,790.50,793.50,796.30,821.10,,793.48,,,2548022,2057427728.15,95812,F1,1,,,,,
2026-10-08,2026-10-08,CM,NSE,STK,10717,INE289C01025,TEAMGTY,EQ,,,,,TEAM INDIA GUARANTY LTD,241.45,241.49,232.00,235.75,235.00,238.95,,235.75,,,884,207064.40,80,F1,1,,,,,
2026-10-08,2026-10-08,CM,NSE,STK,12716,INE985S01024,TEAMLEASE,EQ,,,,,TEAMLEASE SERVICES LTD.,1109.00,1109.00,1072.50,1076.90,1074.10,1101.00,,1076.91,,,14287,15455242.80,2061,F1,1,,,,,
2026-10-08,2026-10-08,CM,NSE,STK,17000,INE065J01024,TPHQ,BE,,,,,TEAMO PRODUCTIONS HQ LTD,0.47,0.48,0.45,0.45,0.47,0.47,,0.45,,,884207,411018.54,351,F1,1,,,,,
2026-10-08,2026-10-08,CM,NSE,STK,763571,INE2OL601013,TEAMTECH,ST,,,,,TEAMTECH FORMWORK SOL LTD,146.30,146.30,140.00,142.10,142.10,146.30,,142.10,,,22000,3161600.00,11,F1,2000,,,,,
2026-10-08,2026-10-08,CM,NSE,STK,13538,INE669C01036,TECHM,EQ,,,,,TECH MAHINDRA LIMITED,1495.00,1525.00,1490.00,1496.20,1496.20,1491.10,,1496.20,,,1633921,2459480255.30,79689,F1,1,,,,,
2026-10-08,2026-10-08,CM,NSE,STK,759138,INE0Y5H01014,TECHD,SM,,,,,TECHD CYBERSECURITY LTD,525.95,529.00,520.25,523.55,525.00,525.95,,523.55,,,12600,6605115.00,39,F1,300,,,,,
2026-10-08,2026-10-08,CM,NSE,STK,25652,INE0JQS01019,TECHERA,SM,,,,,TECHERA ENGINEER (IND) L,155.50,158.00,151.65,152.65,153.80,155.50,,152.65,,,70400,10804080.00,84,F1,800,,,,,
2026-10-08,2026-10-08,CM,NSE,STK,6445,INE285K01026,TECHNOE,EQ,,,,,TECHNO ELEC & ENG CO. LTD,991.10,994.90,940.10,942.70,942.90,988.30,,942.69,,,191306,182594012.30,21947,F1,1,,,,,
2026-10-08,2026-10-08,CM,NSE,STK,14223,INE545H01011,TIIL,EQ,,,,,TECHNOCRAFT IND LTD,2715.40,2720.00,2574.00,2581.90,2599.90,2715.40,,2581.90,,,38826,101656039.40,5740,F1,1,,,,,
2026-10-08,2026-10-08,CM,NSE,STK,764532,INE1D0W01018,TECHNOCRAF,EQ,,,,,TECHNOCRAFT VENTURES LTD,488.00,489.00,466.10,472.50,472.00,486.40,,472.50,,,936890,442901127.55,16894,F1,1,,,,,
2026-10-08,2026-10-08,CM,NSE,STK,762939,INE314H01012,TECHNVISN,EQ,,,,,TECHNVISION VENTURES LTD.,4210.10,4421.00,4210.10,4384.50,4410.00,4213.50,,4375.25,,,559,2435272.50,173,F1,1,,,,,
2026-10-08,2026-10-08,CM,NSE,STK,3453,INE014B01011,TECILCHEM,EQ,,,,,TECIL CHEMICALS,9.59,9.85,9.35,9.47,9.75,9.40,,9.47,,,4173,39742.51,36,F1,1,,,,,
2026-10-08,2026-10-08,CM,NSE,STK,23530,INE0K6601012,TGL,ST,,,,,TEERTH GOPICON LIMITED,12.70,12.70,12.70,12.70,12.70,12.95,,12.70,,,2200,27940.00,10,F1,200,,,,,
2026-10-08,2026-10-08,CM,NSE,STK,7105,INE011K01018,TEGA,EQ,,,,,TEGA INDUSTRIES LIMITED,2121.00,2125.40,1952.00,1958.10,1958.20,2123.60,,1958.14,,,654228,1307376029.30,47936,F1,1,,,,,
2026-10-08,2026-10-08,CM,NSE,STK,763825,INE0R1301019,TEJA,SM,,,,,TEJA ENGINEERING IND L,218.00,218.00,205.00,206.00,205.20,218.00,,206.00,,,13800,2892810.00,22,F1,600,,,,,
2026-10-08,2026-10-08,CM,NSE,STK,21131,INE010J01012,TEJASNET,EQ,,,,,TEJAS NETWORKS LIMITED,467.95,467.95,447.25,451.15,452.70,466.70,,451.15,,,1481274,673689062.25,41953,F1,1,,,,,
2026-10-08,2026-10-08,CM,NSE,STK,3275,INE869Y01028,TEMBO,EQ,,,,,TEMBO GLOBAL IND LTD,56.40,57.19,54.95,55.91,56.00,56.42,,55.91,,,980291,55006447.11,5767,F1,1,,,,,
2026-10-08,2026-10-08,CM,NSE,STK,765426,INE1KZI01025,TEMPSENS,EQ,,,,,TEMPSENS INST (INDIA) LTD,573.90,583.35,555.15,561.00,557.10,578.00,,560.99,,,2135205,1215989952.20,54215,F1,1,,,,,
2026-10-08,2026-10-08,CM,NSE,STK,759880,INE19RI01016,TENNIND,EQ,,,,,TENNECO CLEAN AIR INDIA L,481.00,481.00,465.45,468.80,468.65,480.40,,469.52,,,723263,340635968.60,58414,F1,1,,,,,
2026-10-08,2026-10-08,CM,NSE,STK,19292,INE482B01010,TERASOFT,EQ,,,,,TERA SOFTWARE LIMITED,223.00,226.90,215.41,217.16,220.00,226.04,,217.16,,,22803,5045819.19,1324,F1,1,,,,,
2026-10-08,2026-10-08,CM,NSE,STK,764950,INE390D01011,TERAI,EQ,,,,,TERAI TEA CO. LTD.,110.41,119.00,110.20,116.68,118.50,113.50,,116.68,,,1267,143663.55,56,F1,1,,,,,
2026-10-08,2026-10-08,CM,NSE,STK,11549,INE435C01024,TEXINFRA,EQ,,,,,TEXMACO INFRA & HOLDG LTD,121.25,122.34,119.90,120.04,120.00,121.24,,120.04,,,113845,13742735.69,1798,F1,1,,,,,
2026-10-08,2026-10-08,CM,NSE,STK,21828,INE621L01012,TEXRAIL,EQ,,,,,TEXMACO RAIL & ENG. LTD.,115.00,115.00,106.61,107.08,107.49,114.74,,107.08,,,3429622,374540661.90,33365,F1,1,,,,,
2026-10-08,2026-10-08,CM,NSE,STK,18214,INE141K01013,TEXMOPIPES,EQ,,,,,TEXMO PIPE & PRODUCTS LTD,52.75,54.00,51.08,51.42,52.40,52.58,,51.42,,,94341,4967229.80,1377,F1,1,,,,,
2026-10-08,2026-10-08,CM,NSE,STK,10751,INE733E07JW2,762NTPC35F,ND,,,,,TFB 7.62% 2035 SR. 3B,1175.00,1179.00,1175.00,1179.00,1179.00,1155.10,,1179.00,,,110,129290.00,5,F1,1,,,,,
2026-10-08,2026-10-08,CM,NSE,STK,14607,INE797H01018,TGBHOTELS,EQ,,,,,TGB BANQUETS&HOTELS LTD,9.59,9.59,8.76,8.99,8.87,9.40,,8.99,,,59376,547531.18,146,F1,1,,,,,
2026-10-08,2026-10-08,CM,NSE,STK,22777,INE0QJL01014,TCL,SM,,,,,THAAI CASTING LIMITED,136.00,136.00,122.50,131.00,131.00,133.95,,131.00,,,98400,12643560.00,50,F1,800,,,,,
2026-10-08,2026-10-08,CM,NSE,STK,762944,INE077P01034,THACKER,EQ,,,,,THACKER & CO. LTD.,972.00,972.00,931.00,938.75,935.00,980.00,,938.38,,,65,60831.20,16,F1,1,,,,,
2026-10-08,2026-10-08,CM,NSE,STK,762949,INE403F01017,THAKDEV,EQ,,,,,THAKKERS DEVELOPERS LTD.,133.00,133.00,133.00,133.00,133.00,134.39,,133.00,,,2,266.00,2,F1,1,,,,,
2026-10-08,2026-10-08,CM,NSE,STK,18118,INE085J01014,THANGAMAYL,EQ,,,,,THANGAMAYIL JEWELLERY LTD,4840.00,4903.50,4786.00,4810.50,4797.00,4803.00,,4810.57,,,65435,317594798.50,19467,F1,1,,,,,
2026-10-08,2026-10-08,CM,NSE,STK,9014,INE294Z01018,ANUP,EQ,,,,,THE ANUP ENGINEERING LTD,1545.00,1555.90,1490.00,1498.20,1496.10,1547.00,,1497.89,,,19281,29136782.00,3661,F1,1,,,,,
2026-10-08,2026-10-08,CM,NSE,STK,7919,INE319B01014,BYKE,EQ,,,,,THE BYKE HOSPITALITY LTD,30.01,30.01,29.50,29.50,29.50,30.01,,29.50,,,17459,518448.37,116,F1,1,,,,,
2026-10-08,2026-10-08,CM,NSE,STK,13776,INE017A01032,GESHIP,EQ,,,,,THE GE SHPG.LTD,1567.90,1577.00,1528.00,1529.70,1528.50,1567.90,,1529.67,,,808062,1247734846.40,48081,F1,1,,,,,
2026-10-08,2026-10-08,CM,NSE,STK,17770,INE646C01018,GROBTEA,EQ,,,,,THE GROB TEA COMPANY LTD,897.15,897.15,880.00,890.70,880.00,899.50,,890.70,,,17,15206.50,3,F1,1,,,,,
2026-10-08,2026-10-08,CM,NSE,STK,8568,INE127B01011,HITECHGEAR,BE,,,,,THE HI-TECH GEARS LIMITED,565.50,581.30,561.00,562.05,562.05,565.00,,562.05,,,3009,1712760.20,69,F1,1,,,,,
2026-10-08,2026-10-08,CM,NSE,STK,1515,INE383A01012,INDIACEM,EQ,,,,,THE INDIA CEMENTS LIMITED,302.30,302.30,291.00,294.60,293.50,303.05,,296.40,,,1138184,337220604.80,15488,F1,1,,,,,
2026-10-08,2026-10-08,CM,NSE,STK,1512,INE053A01029,INDHOTEL,EQ,,,,,THE INDIAN HOTELS CO. LTD,731.00,732.25,710.30,711.65,711.65,731.30,,711.65,,,2320806,1664695101.30,68392,F1,1,,,,,
2026-10-08,2026-10-08,CM,NSE,STK,21427,INE924D01017,THEINVEST,EQ,,,,,THE INVEST TRUST OF IND L,92.40,92.79,89.00,90.72,92.79,90.20,,91.01,,,5391,487324.69,97,F1,1,,,,,
2026-10-08,2026-10-08,CM,NSE,STK,399,INE470Y01017,NIACL,EQ,,,,,THE NEW INDIA ASSU CO LTD,161.35,167.26,155.55,158.14,156.80,159.29,,158.15,,,6834159,1109032783.52,79010,F1,1,,,,,
2026-10-08,2026-10-08,CM,NSE,STK,10318,INE431F01018,PKTEA,BE,,,,,THE P K TEA PROD CO LTD,899.00,935.00,897.20,899.90,899.50,944.40,,899.90,,,806,738134.80,73,F1,1,,,,,
2026-10-08,2026-10-08,CM,NSE,STK,14552,INE211B01039,PHOENIXLTD,EQ,,,,,THE PHOENIX MILLS LTD,1850.90,1850.90,1771.20,1771.20,1771.20,1845.50,,1771.22,,,842456,1514004725.90,75338,F1,1,,,,,
2026-10-08,2026-10-08,CM,NSE,STK,2043,INE331A01037,RAMCOCEM,EQ,,,,,THE RAMCO CEMENTS LIMITED,844.55,844.60,811.60,817.90,820.45,845.00,,817.88,,,68677,56561039.00,4852,F1,1,,,,,
2026-10-08,2026-10-08,CM,NSE,STK,2939,INE301D01026,RUBYMILLS,EQ,,,,,THE RUBY MILLS LTD,513.45,513.45,480.50,485.05,488.00,509.80,,485.26,,,10015,4952986.10,710,F1,1,,,,,
2026-10-08,2026-10-08,CM,NSE,STK,5948,INE683A01023,SOUTHBANK,EQ,,,,,THE SOUTH INDIAN BANK LTD,47.75,47.75,46.15,46.39,46.45,47.47,,46.39,,,14721642,685312283.14,36034,F1,1,,,,,
2026-10-08,2026-10-08,CM,NSE,STK,10948,INE655A01013,STCINDIA,EQ,,,,,THE STATE TRADING CORPN,104.50,105.45,101.11,102.08,101.39,104.50,,102.08,,,12608,1303350.85,540,F1,1,,,,,
2026-10-08,2026-10-08,CM,NSE,STK,19582,INE071E01023,UGARSUGAR,BE,,,,,THE UGAR SUGAR WORKS LTD,58.40,58.95,55.53,55.53,55.53,58.45,,55.53,,,193091,10815995.79,765,F1,1,,,,,
2026-10-08,2026-10-08,CM,NSE,STK,20481,INE215F01023,WIPL,EQ,,,,,THE WESTERN INDIA PLY LTD,166.40,166.40,160.61,160.69,160.61,163.27,,160.69,,,32,5168.83,10,F1,1,,,,,
2026-10-08,2026-10-08,CM,NSE,STK,19279,INE121N01019,THEJO,EQ,,,,,THEJO ENGINEERING LIMITED,2100.40,2114.00,2055.00,2073.80,2055.00,2100.40,,2073.80,,,11248,23503069.70,767,F1,1,,,,,
2026-10-08,2026-10-08,CM,NSE,STK,14485,INE083B01024,THEMISMED,EQ,,,,,THEMIS MEDICARE LTD.,116.56,116.56,108.35,108.71,109.50,115.47,,108.72,,,57030,6321133.77,1410,F1,1,,,,,
2026-10-08,2026-10-08,CM,NSE,STK,3475,INE152A01029,THERMAX,EQ,,,,,THERMAX LTD,3230.40,3230.40,3125.10,3138.10,3134.00,3230.40,,3138.11,,,75486,238868920.20,21107,F1,1,,,,,
2026-10-08,2026-10-08,CM,NSE,STK,25651,INE0SHE01019,THESL,ST,,,,,THINKING HATS ENTER SOL L,14.75,14.75,14.75,14.75,14.75,15.50,,14.75,,,3000,44250.00,1,F1,3000,,,,,
2026-10-08,2026-10-08,CM,NSE,STK,3496,INE338A01024,TIRUMALCHM,EQ,,,,,THIRUMALAI CHEMICALS LTD,147.90,148.00,141.00,142.84,142.70,147.91,,142.85,,,247640,35529141.28,4672,F1,1,,,,,
2026-10-08,2026-10-08,CM,NSE,STK,3481,INE332A01027,THOMASCOOK,EQ,,,,,THOMAS COOK (INDIA) LTD,100.50,101.45,98.00,98.53,98.75,100.54,,98.53,,,328736,32596839.25,5410,F1,1,,,,,
2026-10-08,2026-10-08,CM,NSE,STK,31017,INE480M01011,THOMASCOTT,EQ,,,,,THOMAS SCOTT (INDIA) LTD,284.85,284.85,264.90,266.40,264.90,278.85,,266.14,,,24790,6720848.80,868,F1,1,,,,,
2026-10-08,2026-10-08,CM,NSE,STK,17032,INE594H01019,THYROCARE,EQ,,,,,THYROCARE TECH LTD,515.50,515.50,498.00,501.00,500.00,513.05,,501.00,,,869553,439984105.45,65406,F1,1,,,,,
2026-10-08,2026-10-08,CM,NSE,STK,759176,INE906O01029,TIGERLOGS,EQ,,,,,TIGER LOGISTICS (INDIA) L,26.35,26.42,24.74,24.88,25.00,26.17,,24.88,,,152277,3836965.12,1303,F1,1,,,,,
2026-10-08,2026-10-08,CM,NSE,STK,25486,INE440L01017,TIJARIA,BE,,,,,TIJARIA POLYPIPES LTD,6.45,6.70,6.16,6.37,6.54,6.47,,6.37,,,67013,422754.90,325,F1,1,,,,,
2026-10-08,2026-10-08,CM,NSE,STK,9802,INE806C01018,TIL,BE,,,,,TIL LTD,236.00,237.50,228.10,229.45,230.90,239.90,,229.42,,,83596,19274955.65,559,F1,1,,,,,
2026-10-08,2026-10-08,CM,NSE,STK,19196,INE133E01013,TI,EQ,,,,,TILAKNAGAR INDUSTRIES LTD,552.85,553.10,538.30,548.05,549.90,551.55,,548.03,,,792792,432001418.00,22832,F1,1,,,,,
2026-10-08,2026-10-08,CM,NSE,STK,14707,INE508G01029,TIMETECHNO,EQ,,,,,TIME TECHNOPLAST LTD.,183.90,184.95,178.20,179.68,181.75,183.62,,179.67,,,2316985,423034661.50,20718,F1,1,,,,,
2026-10-08,2026-10-08,CM,NSE,STK,7800,INE0IJY01014,TIMESCAN,SM,,,,,TIMESCAN LOGISTICS IND L,44.10,44.10,44.10,44.10,44.10,42.00,,44.10,,,2000,88200.00,1,F1,2000,,,,,
2026-10-08,2026-10-08,CM,NSE,STK,762954,INE064A01026,TIMEX,EQ,,,,,TIMEX GROUP INDIA LTD.,726.00,728.00,704.20,709.25,712.00,724.45,,709.28,,,273241,194815640.50,15871,F1,1,,,,,
2026-10-08,2026-10-08,CM,NSE,STK,14198,INE325A01013,TIMKEN,EQ,,,,,TIMKEN INDIA LTD.,3144.60,3144.70,3005.20,3015.60,3017.90,3132.00,,3015.80,,,19814,60590394.40,6883,F1,1,,,,,
2026-10-08,2026-10-08,CM,NSE,STK,756020,INE015C01016,TINNARUBR,EQ,,,,,TINNA RUBBER AND INFR LTD,935.00,948.70,876.00,879.60,884.10,930.55,,879.60,,,51054,45420633.75,5564,F1,1,,,,,
2026-10-08,2026-10-08,CM,NSE,STK,11374,INE0LQS01015,TIPSFILMS,EQ,,,,,TIPS FILMS LIMITED,330.10,330.10,311.00,318.20,317.90,328.75,,318.24,,,14166,4506817.60,595,F1,1,,,,,
2026-10-08,2026-10-08,CM,NSE,STK,9117,INE716B01029,TIPSMUSIC,EQ,,,,,TIPS MUSIC LIMITED,642.80,643.00,616.05,618.15,619.00,639.90,,618.15,,,326790,204998449.25,19833,F1,1,,,,,
2026-10-08,2026-10-08,CM,NSE,STK,22284,INE319Y01024,TIRUPATIFL,BE,,,,,TIRUPATI FORGE LIMITED,70.00,70.02,69.39,69.39,69.39,70.80,,69.39,,,147853,10319069.22,290,F1,1,,,,,
2026-10-08,2026-10-08,CM,NSE,STK,15414,INE615H01020,TITAGARH,EQ,,,,,TITAGARH RAIL SYSTEMS LTD,799.65,799.65,772.10,778.00,778.70,799.75,,778.00,,,314209,247260140.15,28989,F1,1,,,,,
2026-10-08,2026-10-08,CM,NSE,STK,3506,INE280A01028,TITAN,EQ,,,,,TITAN COMPANY LIMITED,4380.00,4467.00,4359.50,4359.50,4359.50,4377.00,,4360.35,,,1490894,6573990425.60,127289,F1,1,,,,,
2026-10-08,2026-10-08,CM,NSE,STK,3837,INE932C01012,TOKYOPLAST,EQ,,,,,TOKYO PLAST INTL LTD,72.49,72.49,69.10,69.89,70.00,70.87,,69.89,,,265,18675.69,24,F1,1,,,,,
2026-10-08,2026-10-08,CM,NSE,STK,25262,INE0RWQ01014,TOLINS,EQ,,,,,TOLINS TYRES LIMITED,91.00,91.00,85.50,86.56,87.00,90.08,,86.47,,,39432,3443352.42,1041,F1,1,,,,,
2026-10-08,2026-10-08,CM,NSE,STK,3518,INE685A01028,TORNTPHARM,EQ,,,,,TORRENT PHARMACEUTICALS L,4713.00,4738.00,4592.30,4617.10,4617.10,4716.20,,4617.13,,,253761,1178975816.10,34299,F1,1,,,,,
2026-10-08,2026-10-08,CM,NSE,STK,13786,INE813H01021,TORNTPOWER,EQ,,,,,TORRENT POWER LTD,1231.40,1232.70,1195.00,1214.60,1212.00,1236.50,,1214.58,,,386016,467380735.30,26949,F1,1,,,,,
2026-10-08,2026-10-08,CM,NSE,STK,22425,INE336X01012,TOTAL,BE,,,,,TOTAL TRANSPORT SYS LTD,71.25,73.00,69.81,70.01,70.01,69.81,,70.01,,,6831,491174.78,41,F1,1,,,,,
2026-10-08,2026-10-08,CM,NSE,STK,16908,INE486Y01013,TOUCHWOOD,EQ,,,,,TOUCHWOOD ENTERTAIN LTD.,59.01,59.01,58.41,58.54,58.41,59.61,,58.54,,,288,16955.54,23,F1,1,,,,,
2026-10-08,2026-10-08,CM,NSE,STK,3466,INE305A01023,TFCILTD,EQ,,,,,TOURISM FINANCE CORP. OF,153.10,154.19,145.65,146.65,147.00,152.24,,146.65,,,8707702,1290065327.31,44938,F1,1,,,,,
2026-10-08,2026-10-08,CM,NSE,STK,765195,INE457P01020,TOYAMSL,EQ,,,,,TOYAM SPORTS LTD.,0.73,0.74,0.71,0.73,0.74,0.71,,0.73,,,727162,532427.28,205,F1,1,,,,,
2026-10-08,2026-10-08,CM,NSE,STK,9219,INE413G01022,TPLPLASTEH,EQ,,,,,TPL PLASTECH LIMITED,69.00,71.00,67.50,67.69,67.50,68.60,,67.69,,,139751,9610215.74,1656,F1,1,,,,,
2026-10-08,2026-10-08,CM,NSE,STK,11582,INE0HMF01019,TRACXN,EQ,,,,,TRACXN TECHNOLOGIES LTD,33.20,34.64,32.61,33.06,32.63,33.89,,33.06,,,245101,8171542.77,3907,F1,1,,,,,
2026-10-08,2026-10-08,CM,NSE,STK,15174,INE763I01026,TARIL,EQ,,,,,TRANS & RECTI. LTD,289.00,289.00,279.25,282.75,283.80,289.15,,282.77,,,1397291,395417880.30,24716,F1,1,,,,,
2026-10-08,2026-10-08,CM,NSE,STK,765200,INE330E01023,TRANSCOR,EQ,,,,,TRANSCORP INTERNATIONAL L,25.38,25.38,23.75,23.98,24.00,25.38,,23.98,,,2824,68113.82,75,F1,1,,,,,
2026-10-08,2026-10-08,CM,NSE,STK,17795,INE0O3901029,TREL,EQ,,,,,TRANSINDIA REAL ESTATE L,27.15,27.45,25.70,25.75,25.70,26.71,,25.74,,,74657,1944211.75,1050,F1,1,,,,,
2026-10-08,2026-10-08,CM,NSE,STK,7669,INE687A01016,TRANSPEK,BE,,,,,TRANSPEK INDUSTRIES LTD,1405.00,1405.00,1343.00,1379.30,1379.90,1398.10,,1379.69,,,711,988718.40,38,F1,1,,,,,
2026-10-08,2026-10-08,CM,NSE,STK,10580,INE688A01022,TCI,EQ,,,,,TRANSPORT CORPN OF INDIA,888.10,889.00,870.55,877.05,874.15,885.60,,877.05,,,93239,81906485.40,5541,F1,1,,,,,
2026-10-08,2026-10-08,CM,NSE,STK,28714,INE454P01035,TRANSRAILL,EQ,,,,,TRANSRAIL LIGHTING LTD,484.00,486.50,469.00,472.15,471.60,479.30,,472.13,,,858748,410937821.30,30543,F1,1,,,,,
2026-10-08,2026-10-08,CM,NSE,STK,19801,INE0NVI01020,TRANSTEEL,SM,,,,,TRANSTEEL SEATING TECH L,84.90,85.60,81.40,82.00,82.00,82.45,,82.00,,,58000,4781100.00,34,F1,1000,,,,,
2026-10-08,2026-10-08,CM,NSE,STK,14319,INE804H01012,TFL,EQ,,,,,TRANSWARRANTY FIN. LTD.,12.20,12.20,11.70,11.88,11.98,12.16,,11.88,,,3302,39422.82,35,F1,1,,,,,
2026-10-08,2026-10-08,CM,NSE,STK,8619,INE757B01015,TRANSWORLD,BE,,,,,TRANSWORLD SHIP LINES LTD,155.00,157.89,152.01,152.68,152.01,155.05,,152.77,,,3622,559463.01,39,F1,1,,,,,
2026-10-08,2026-10-08,CM,NSE,STK,757545,INE103V01028,TRAVELFOOD,EQ,,,,,TRAVEL FOOD SERVICES LTD,1189.00,1192.00,1161.50,1186.20,1180.10,1189.60,,1186.20,,,58790,69137591.00,11406,F1,1,,,,,
2026-10-08,2026-10-08,CM,NSE,STK,25082,INE040M01013,TREEHOUSE,EQ,,,,,TREE HOUSE EDU LTD,5.67,5.88,5.65,5.65,5.65,5.78,,5.62,,,17035,97023.58,101,F1,1,,,,,
2026-10-08,2026-10-08,CM,NSE,STK,7518,INE00CA01015,TREJHARA,EQ,,,,,TREJHARA SOLUTIONS LTD,127.47,132.50,121.21,124.43,123.25,127.48,,124.06,,,22269,2769986.97,718,F1,1,,,,,
2026-10-08,2026-10-08,CM,NSE,STK,1964,INE849A01020,TRENT,EQ,,,,,TRENT LTD,2873.60,2936.00,2868.20,2876.30,2876.30,2890.30,,2876.73,,,1348808,3918949474.00,84736,F1,1,,,,,
2026-10-08,2026-10-08,CM,NSE,STK,17987,INE391D01019,TRF,EQ,,,,,TRF LIMITED,199.50,199.50,191.00,191.78,191.00,198.02,,191.93,,,13862,2705390.49,426,F1,1,,,,,
2026-10-08,2026-10-08,CM,NSE,STK,27041,INE760L01018,TBZ,BE,,,,,TRIB BHIMJI ZAVERI LTD,594.90,595.00,564.55,566.65,570.00,594.25,,566.70,,,190584,109035921.20,3025,F1,1,,,,,
2026-10-08,2026-10-08,CM,NSE,STK,9685,INE064C01022,TRIDENT,EQ,,,,,TRIDENT LIMITED,22.16,22.32,21.80,21.83,21.90,22.31,,21.83,,,3000810,66001765.39,13961,F1,1,,,,,
2026-10-08,2026-10-08,CM,NSE,STK,21078,INE0QD201012,TECHLABS,SM,,,,,TRIDENT TECHLABS LIMITED,115.85,116.00,109.50,111.20,111.00,111.85,,111.20,,,17625,1984437.50,89,F1,125,,,,,
2026-10-08,2026-10-08,CM,NSE,STK,5428,INE948A01012,TRIGYN,EQ,,,,,TRIGYN TECHNOLOGIES LTD,51.10,52.80,51.00,51.59,52.39,51.63,,51.45,,,19594,1012482.53,287,F1,1,,,,,
2026-10-08,2026-10-08,CM,NSE,STK,764960,INE440G01017,TRITONV,EQ,,,,,TRITON VALVES LTD.,1050.20,1067.00,1025.00,1029.90,1035.00,1050.20,,1030.16,,,1621,1683459.70,185,F1,1,,,,,
2026-10-08,2026-10-08,CM,NSE,STK,13081,INE256C01024,TRIVENI,EQ,,,,,TRIVENI ENGG. & INDS. LTD,245.00,253.86,236.17,237.86,238.75,245.13,,237.85,,,1140719,275714441.58,27966,F1,1,,,,,
2026-10-08,2026-10-08,CM,NSE,STK,25584,INE152M01016,TRITURBINE,EQ,,,,,TRIVENI TURBINE LIMITED,527.05,529.95,512.20,516.45,517.00,531.45,,516.44,,,371191,192117187.40,26694,F1,1,,,,,
2026-10-08,2026-10-08,CM,NSE,STK,24642,INE0SYV01018,TROM,SM,,,,,TROM INDUSTRIES LIMITED,53.50,54.75,53.50,54.75,54.75,56.05,,54.75,,,3600,194640.00,6,F1,600,,,,,
2026-10-08,2026-10-08,CM,NSE,STK,759210,INE0MWH01014,TRUALT,EQ,,,,,TRUALT BIOENERGY LIMITED,448.85,449.85,421.30,424.05,424.80,448.85,,424.07,,,240421,103627360.65,5902,F1,1,,,,,
2026-10-08,2026-10-08,CM,NSE,STK,9378,INE615R01029,TRU,EQ,,,,,TRUCAP FINANCE LIMITED,4.34,4.99,4.21,4.36,4.40,4.25,,4.32,,,56618,244603.28,134,F1,1,,,,,
2026-10-08,2026-10-08,CM,NSE,STK,23417,INE0SWN01019,TRUST,SM,,,,,TRUST FINTECH LIMITED,25.50,25.70,24.95,25.65,25.60,24.70,,25.65,,,5400,136590.00,9,F1,600,,,,,
2026-10-08,2026-10-08,CM,NSE,STK,757861,INE16VK01010,TSC,ST,,,,,TSC INDIA LIMITED,46.50,46.50,46.50,46.50,46.50,48.00,,46.50,,,2000,93000.00,1,F1,2000,,,,,
2026-10-08,2026-10-08,CM,NSE,STK,2183,INE202Z01029,TSFINV,EQ,,,,,TSF INVESTMENTS LIMITED,409.60,409.60,396.30,397.55,400.00,409.60,,397.55,,,86481,34763323.40,4360,F1,1,,,,,
2026-10-08,2026-10-08,CM,NSE,STK,27448,INE1C3207065,935TSI30,N0,,,,,TSI 9.35% 30 SR I-D,104712.65,104712.65,102560.21,102560.21,102560.21,104784.93,,102560.21,,,53,5547618.01,2,F1,1,,,,,
2026-10-08,2026-10-08,CM,NSE,STK,11369,INE910C01018,TTKHLTCARE,EQ,,,,,TTK HEALTHCARE LIMITED,1038.90,1041.70,1000.00,1007.00,1006.50,1046.60,,1007.12,,,12569,12811922.00,1461,F1,1,,,,,
2026-10-08,2026-10-08,CM,NSE,STK,3546,INE690A01028,TTKPRESTIG,EQ,,,,,TTK PRESTIGE LTD,520.00,520.00,511.30,513.00,514.00,517.85,,512.98,,,21480,11036669.20,2138,F1,1,,,,,
2026-10-08,2026-10-08,CM,NSE,STK,312,INE974X01010,TIINDIA,EQ,,,,,TUBE INVEST OF INDIA LTD,2388.00,2400.00,2241.00,2241.00,2241.00,2388.00,,2241.12,,,772851,1775652779.50,55291,F1,1,,,,,
2026-10-08,2026-10-08,CM,NSE,STK,24520,INE0OXV01027,TUNWAL,SM,,,,,TUNWAL E-MOTORS LIMITED,25.75,25.95,25.20,25.25,25.20,25.75,,25.25,,,38000,968900.00,18,F1,2000,,,,,
2026-10-08,2026-10-08,CM,NSE,STK,756090,INE0OC301013,TURTLEMINT,EQ,,,,,TURTLEMINT FINTECH SOLS L,73.64,73.80,68.67,69.53,69.31,72.28,,69.56,,,2028151,142014972.88,14046,F1,1,,,,,
2026-10-08,2026-10-08,CM,NSE,STK,765205,INE400A01014,TUTIALKA,EQ,,,,,TUTICORIN ALKAL CH & FE L,54.70,55.35,51.08,52.41,53.80,54.70,,51.99,,,5395,283248.35,86,F1,1,,,,,
2026-10-08,2026-10-08,CM,NSE,STK,11275,INE038F01029,TVTODAY,EQ,,,,,TV TODAY NETWORK LTD,101.05,110.00,100.06,103.30,104.24,101.30,,103.30,,,58342,6107962.19,1213,F1,1,,,,,
2026-10-08,2026-10-08,CM,NSE,STK,18508,INE871L01013,TVVISION,BE,,,,,TV VISION LIMITED,2.70,2.70,2.49,2.61,2.62,2.59,,2.61,,,48237,123824.97,56,F1,1,,,,,
2026-10-08,2026-10-08,CM,NSE,STK,11265,INE236G01019,TVSELECT,EQ,,,,,TVS ELECTRONICS LTD,400.00,400.00,385.00,386.70,385.00,397.00,,386.70,,,36839,14371146.85,2501,F1,1,,,,,
2026-10-08,2026-10-08,CM,NSE,STK,29008,INE105A01035,TVSHLTD,EQ,,,,,TVS HOLDINGS LIMITED,11799.00,11799.00,11475.00,11529.00,11489.00,11735.00,,11528.60,,,10643,123330269.00,2514,F1,1,,,,,
2026-10-08,2026-10-08,CM,NSE,STK,8479,INE494B01023,TVSMOTOR,EQ,,,,,TVS MOTOR COMPANY  LTD,3921.40,3964.00,3839.40,3839.40,3839.40,3926.00,,3839.42,,,1018799,3984335115.80,66892,F1,1,,,,,
2026-10-08,2026-10-08,CM,NSE,STK,14245,INE421C01016,TVSSRICHAK,EQ,,,,,TVS SRICHAKRA LIMITED,4366.70,4399.00,4195.70,4255.20,4226.00,4354.10,,4255.20,,,5741,24443771.70,1614,F1,1,,,,,
2026-10-08,2026-10-08,CM,NSE,STK,18151,INE395N01027,TVSSCS,EQ,,,,,TVS SUPPLY CHAIN SOL L,130.40,130.40,124.85,125.92,126.45,130.40,,125.92,,,648346,82208302.06,13171,F1,1,,,,,
2026-10-08,2026-10-08,CM,NSE,STK,19503,INE388G01026,TICL,BE,,,,,TWAMEV CONS AND INFRA LTD,9.43,9.43,8.55,8.66,9.00,8.99,,8.78,,,599782,5384015.31,493,F1,1,,,,,
2026-10-08,2026-10-08,CM,NSE,STK,764970,INE726E01014,UPHOT,EQ,,,,,U P HOTELS LTD.,1530.00,1597.00,1465.10,1597.00,1597.00,1530.00,,1573.50,,,44,67378.40,11,F1,1,,,,,
2026-10-08,2026-10-08,CM,NSE,STK,25629,INE152C01025,UYFINCORP,BE,,,,,U. Y. FINCORP LIMITED,22.99,23.93,22.11,23.71,23.69,22.93,,23.71,,,284258,6584553.84,553,F1,1,,,,,
2026-10-08,2026-10-08,CM,NSE,STK,7739,INE139B01016,UCAL,BE,,,,,UCAL LIMITED,141.57,141.57,139.00,139.39,139.00,141.57,,139.41,,,7148,998492.80,63,F1,1,,,,,
2026-10-08,2026-10-08,CM,NSE,STK,755996,INE583D07562,10UCL26,ND,,,,,UCL 10.00% SR I,1002.83,1002.83,1001.01,1001.01,1001.01,1001.01,,1001.01,,,84,84230.44,2,F1,1,,,,,
2026-10-08,2026-10-08,CM,NSE,STK,11223,INE691A01018,UCOBANK,EQ,,,,,UCO BANK,23.40,23.49,22.90,22.96,22.97,23.40,,22.96,,,3559272,82695285.50,14289,F1,1,,,,,
2026-10-08,2026-10-08,CM,NSE,STK,764965,INE551B01012,UDAYJEW,EQ,,,,,UDAY JEWELLERY INDS. LTD.,162.01,172.00,161.21,168.73,167.02,161.13,,168.74,,,163207,27606010.62,3355,F1,1,,,,,
2026-10-08,2026-10-08,CM,NSE,STK,14871,INE0N0Y01013,USK,EQ,,,,,UDAYSHIVAKUMAR INFRA LTD,18.77,20.00,18.50,18.72,18.65,18.40,,18.72,,,22205,426599.74,267,F1,1,,,,,
2026-10-08,2026-10-08,CM,NSE,STK,1053,INE516A01017,UFLEX,EQ,,,,,UFLEX LIMITED,644.25,644.25,613.70,617.05,622.00,643.15,,617.13,,,102526,63931660.00,3714,F1,1,,,,,
2026-10-08,2026-10-08,CM,NSE,STK,9039,INE527H01019,UFO,EQ,,,,,UFO MOVIEZ INDIA LTD.,56.35,58.00,54.20,54.90,55.30,56.88,,54.91,,,46462,2596502.54,1177,F1,1,,,,,
2026-10-08,2026-10-08,CM,NSE,STK,5313,INE583D01011,UGROCAP,EQ,,,,,UGRO CAPITAL LIMITED,81.29,81.29,79.00,79.72,79.50,81.28,,79.72,,,114480,9168523.40,1873,F1,1,,,,,
2026-10-08,2026-10-08,CM,NSE,STK,23507,INE899L01030,UEL,EQ,,,,,UJAAS ENERGY LIMITED,179.22,195.40,175.01,195.40,195.40,177.64,,195.40,,,31963,6146304.19,905,F1,1,,,,,
2026-10-08,2026-10-08,CM,NSE,STK,15228,INE551W01018,UJJIVANSFB,EQ,,,,,UJJIVAN SMALL FINANC BANK,64.93,64.93,61.65,62.30,62.30,64.94,,62.30,,,24673897,1539501263.34,59115,F1,1,,,,,
2026-10-08,2026-10-08,CM,NSE,STK,762961,INE405A01021,ULTRAMAR,EQ,,,,,ULTRAMARINE & PIGMENTS L,413.00,413.00,400.15,400.80,401.25,409.60,,400.79,,,81846,32915069.55,1423,F1,1,,,,,
2026-10-08,2026-10-08,CM,NSE,STK,11532,INE481G01011,ULTRACEMCO,EQ,,,,,ULTRATECH CEMENT LIMITED,10660.00,10670.00,10426.00,10426.00,10426.00,10658.00,,10433.12,,,227189,2392597767.00,36720,F1,1,,,,,
2026-10-08,2026-10-08,CM,NSE,STK,13349,INE067901012,UMA,SM,,,,,UMA CONVERTER LIMITED,17.10,17.10,17.10,17.10,17.10,18.40,,17.10,,,4000,68400.00,1,F1,4000,,,,,
2026-10-08,2026-10-08,CM,NSE,STK,8845,INE0GIU01018,UMAEXPORTS,BE,,,,,UMA EXPORTS LIMITED,19.56,20.20,19.56,19.88,20.07,20.07,,19.91,,,26935,535496.40,144,F1,1,,,,,
2026-10-08,2026-10-08,CM,NSE,STK,8998,INE398B01018,UMIYA-MRO,EQ,,,,,UMIYA BUILDCON LIMITED,93.80,94.50,91.00,92.71,93.49,92.22,,92.71,,,5649,525285.51,96,F1,1,,,,,
2026-10-08,2026-10-08,CM,NSE,STK,16894,INE033L08270,TCHF30,NB,,,,,UN SE RE NCD 8.55% SR.VI,1100.00,1100.00,1100.00,1100.00,1100.00,1145.00,,1100.00,,,30,33000.00,2,F1,1,,,,,
2026-10-08,2026-10-08,CM,NSE,STK,3579,INE351A01035,UNICHEMLAB,EQ,,,,,UNICHEM LABORATORIES LTD,548.00,568.95,526.10,530.90,529.00,546.20,,530.82,,,164167,90159426.50,8298,F1,1,,,,,
2026-10-08,2026-10-08,CM,NSE,STK,24809,INE00U401027,UNIECOM,EQ,,,,,UNICOMMERCE ESOLUTIONS L,83.00,83.00,78.72,79.90,80.84,82.61,,79.90,,,322152,25826552.15,3538,F1,1,,,,,
2026-10-08,2026-10-08,CM,NSE,STK,18582,INE0PRF01011,UNIHEALTH,SM,,,,,UNIHEALTH HOSPITALS LTD,550.00,550.00,535.00,550.00,550.00,554.35,,550.00,,,10000,5458575.00,18,F1,500,,,,,
2026-10-08,2026-10-08,CM,NSE,STK,7791,INE481Z01011,UNIINFO,EQ,,,,,UNIINFO TELECOM SERVI LTD,12.34,12.34,10.64,11.16,10.65,11.45,,11.16,,,4350,49136.70,69,F1,1,,,,,
2026-10-08,2026-10-08,CM,NSE,STK,25633,INE0B2801011,UNILEX,SM,,,,,UNILEX COLOURS AND CHEM L,30.00,30.00,30.00,30.00,30.00,30.75,,30.00,,,3200,96000.00,2,F1,1600,,,,,
2026-10-08,2026-10-08,CM,NSE,STK,28960,INE0U3I01011,UNIMECH,EQ,,,,,UNIMECH AEROSPACE N MFG L,1854.00,1854.00,1721.70,1751.90,1765.00,1854.50,,1751.87,,,293889,517859406.60,30605,F1,1,,,,,
2026-10-08,2026-10-08,CM,NSE,STK,10753,INE692A01016,UNIONBANK,EQ,,,,,UNION BANK OF INDIA,172.05,174.57,171.20,171.51,171.51,173.15,,171.52,,,6780803,1170553984.81,60469,F1,1,,,,,
2026-10-08,2026-10-08,CM,NSE,STK,29687,INF582M01KS4,UNIONGOLD,EQ,,,,,UNIONAMC - UNIONGOLD,143.50,144.20,142.85,143.35,143.65,143.50,,143.35,,,9605,1377188.85,634,F1,1,,,,,
2026-10-08,2026-10-08,CM,NSE,STK,13057,INE244O01017,UNIPARTS,EQ,,,,,UNIPARTS INDIA LIMITED,806.60,822.00,771.00,776.60,778.00,812.30,,776.57,,,153849,121126909.80,13401,F1,1,,,,,
2026-10-08,2026-10-08,CM,NSE,STK,11293,INE037A01022,UNIENTER,EQ,,,,,UNIPHOS ENTERPRISES LTD,86.72,88.00,86.35,86.39,87.00,86.72,,86.39,,,952,82731.06,37,F1,1,,,,,
2026-10-08,2026-10-08,CM,NSE,STK,3594,INE694A01020,UNITECH,EQ,,,,,UNITECH LTD,4.16,4.16,3.99,4.01,4.04,4.10,,4.01,,,3426526,13948390.83,14760,F1,1,,,,,
2026-10-08,2026-10-08,CM,NSE,STK,16713,INE686F01025,UBL,EQ,,,,,UNITED BREWERIES LTD,1188.60,1211.50,1160.00,1162.70,1163.70,1185.70,,1162.67,,,93742,110570161.20,13084,F1,1,,,,,
2026-10-08,2026-10-08,CM,NSE,STK,201,INE961D01019,UNIDT,EQ,,,,,UNITED DRILLING TOOLS LTD,231.50,231.50,220.64,226.24,223.04,227.34,,226.03,,,19874,4450152.16,821,F1,1,,,,,
2026-10-08,2026-10-08,CM,NSE,STK,3133,INE382M01027,UFBL,BE,,,,,UNITED FOODBRANDS LIMITED,694.90,694.90,661.45,665.25,664.00,687.65,,665.35,,,9406,6376194.15,442,F1,1,,,,,
2026-10-08,2026-10-08,CM,NSE,STK,25938,INE0SMR01011,UHTL,ST,,,,,UNITED HEAT TRANSFER LTD,207.80,207.80,207.80,207.80,207.80,203.75,,207.80,,,14000,2909200.00,3,F1,2000,,,,,
2026-10-08,2026-10-08,CM,NSE,STK,17999,INE458F01011,UNITEDTEA,EQ,,,,,UNITED NILGIRI TEA LTD,424.00,424.00,403.00,403.00,403.00,408.85,,403.00,,,2956,1204286.80,106,F1,1,,,,,
2026-10-08,2026-10-08,CM,NSE,STK,7560,INE368U01029,UNITEDPOLY,EQ,,,,,UNITED POLYFAB GUJ. LTD.,47.14,49.13,46.60,47.56,47.00,48.10,,47.59,,,215130,10224795.37,1236,F1,1,,,,,
2026-10-08,2026-10-08,CM,NSE,STK,10447,INE854D01024,UNITDSPR,EQ,,,,,UNITED SPIRITS LIMITED,1344.90,1350.00,1308.10,1318.20,1318.20,1344.00,,1318.16,,,882097,1168504056.70,53278,F1,1,,,,,
2026-10-08,2026-10-08,CM,NSE,STK,18979,INE562X01013,UNIVASTU,BE,,,,,UNIVASTU INDIA LIMITED,129.90,132.89,127.05,129.79,130.00,129.81,,129.79,,,32794,4269447.15,235,F1,1,,,,,
2026-10-08,2026-10-08,CM,NSE,STK,3607,INE279A01012,UNIVCABLES,EQ,,,,,UNIVERSAL CABLES LTD,1626.70,1626.70,1546.60,1549.90,1556.00,1633.10,,1549.89,,,103063,161093820.50,12895,F1,1,,,,,
2026-10-08,2026-10-08,CM,NSE,STK,17661,INE03V001013,UNIVPHOTO,BE,,,,,UNIVERSUS IMAGINGS LTD,499.85,499.85,456.00,456.20,475.00,479.95,,456.20,,,920,433886.10,40,F1,1,,,,,
2026-10-08,2026-10-08,CM,NSE,STK,14154,INE405E01023,UNOMINDA,EQ,,,,,UNO MINDA LIMITED,1100.00,1105.80,1085.00,1085.00,1085.00,1104.80,,1085.00,,,479061,524391197.00,23523,F1,1,,,,,
2026-10-08,2026-10-08,CM,NSE,STK,2883,INE530B08110,IIFLZC28,NG,,,,,UNSE RE NCD 0% SR.III,1669.80,1670.00,1661.50,1670.00,1670.00,1671.00,,1670.00,,,801,1337641.50,13,F1,1,,,,,
2026-10-08,2026-10-08,CM,NSE,STK,2871,INE530B08094,10IIFL28A,NE,,,,,UNSE RE NCD 10% SR.I,1053.00,1053.00,1048.41,1048.41,1048.41,1055.00,,1048.41,,,271,284990.30,9,F1,1,,,,,
2026-10-08,2026-10-08,CM,NSE,STK,2877,INE530B08102,96IIFL28A,NF,,,,,UNSE RE NCD 9.6% SR.II,1002.00,1002.48,1000.01,1000.75,1000.21,1001.77,,1000.77,,,1891,1892880.72,30,F1,1,,,,,
2026-10-08,2026-10-08,CM,NSE,STK,5217,INE477L08162,IIFLZC28C,N6,,,,,UNSEC RE NCD 0% SR.III,1620.99,1620.99,1600.25,1600.82,1600.25,1600.20,,1600.82,,,70,112077.24,6,F1,1,,,,,
2026-10-08,2026-10-08,CM,NSE,STK,5212,INE477L08147,10IIFL28,N4,,,,,UNSEC RE NCD 10% SR.I,1005.02,1012.00,1005.02,1008.13,1008.00,1011.00,,1008.13,,,673,678873.28,13,F1,1,,,,,
2026-10-08,2026-10-08,CM,NSE,STK,5214,INE477L08154,96IIFL28,N5,,,,,UNSEC RE NCD 9.60% SR.II,1001.00,1002.00,1000.07,1000.63,1002.00,1000.44,,1000.60,,,1406,1406964.44,11,F1,1,,,,,
2026-10-08,2026-10-08,CM,NSE,STK,19045,INE866I08279,10IIFL29,N6,,,,,UNSEC RED NCD 10.0% SR. V,1025.00,1025.00,1025.00,1025.00,1025.00,1026.00,,1025.00,,,1,1025.00,1,F1,1,,,,,
2026-10-08,2026-10-08,CM,NSE,STK,21229,INE306N08342,885TCAPS29,NC,,,,,UNSERENCD8.85%SRIVCIII&IV,1030.00,1030.00,1030.00,1030.00,1030.00,1059.99,,1180.15,,,69,71070.00,5,F1,1,,,,,
2026-10-08,2026-10-08,CM,NSE,STK,21225,INE306N08292,910TCAP28,NA,,,,,UNSERENCD9.1%SRIIICIII&IV,1026.10,1055.00,1026.10,1030.50,1030.50,1034.00,,1036.77,,,1057,1091035.72,21,F1,1,,,,,
2026-10-08,2026-10-08,CM,NSE,STK,19113,INE851I01011,UDS,EQ,,,,,UPDATER SERVICES LIMITED,218.11,221.05,207.35,210.09,208.90,218.11,,210.09,,,257354,55474120.07,8141,F1,1,,,,,
2026-10-08,2026-10-08,CM,NSE,STK,11287,INE628A01036,UPL,EQ,,,,,UPL LIMITED,497.75,497.75,476.45,481.05,481.05,495.00,,481.07,,,2055106,994523468.00,53675,F1,1,,,,,
2026-10-08,2026-10-08,CM,NSE,STK,17081,INE568Z01015,URAVIDEF,BE,,,,,URAVI DEFENCE &TECH LTD,102.00,102.00,101.00,101.99,101.99,102.00,,102.25,,,488,49659.00,13,F1,1,,,,,
2026-10-08,2026-10-08,CM,NSE,STK,759084,INE0CAZ01013,URBANCO,EQ,,,,,URBAN COMPANY LIMITED,167.80,167.98,159.82,160.25,161.45,168.23,,160.25,,,3360124,546610989.31,31409,F1,1,,,,,
2026-10-08,2026-10-08,CM,NSE,STK,16888,INE0O0201019,URBAN,SM,,,,,URBAN ENVIRO WASTE MGMT L,119.95,120.05,117.00,118.50,118.50,121.75,,118.50,,,11200,1325280.00,14,F1,800,,,,,
2026-10-08,2026-10-08,CM,NSE,STK,20203,INE550C01020,URJA,EQ,,,,,URJA GLOBAL LIMITED,8.46,8.50,8.30,8.36,8.45,8.51,,8.36,,,590341,4952022.67,2493,F1,1,,,,,
2026-10-08,2026-10-08,CM,NSE,STK,25955,INE0LS001014,USHAFIN,ST,,,,,USHA FINANCIAL SERVICES L,51.50,52.00,50.50,52.00,52.00,49.55,,52.00,,,28800,1486560.00,17,F1,1600,,,,,
2026-10-08,2026-10-08,CM,NSE,STK,19142,INE240C01028,UMESLTD,EQ,,,,,USHA MARTIN EDU & SOL LTD,4.68,4.68,4.43,4.57,4.50,4.51,,4.57,,,17815,81006.93,90,F1,1,,,,,
2026-10-08,2026-10-08,CM,NSE,STK,8840,INE228A01035,USHAMART,EQ,,,,,USHA MARTIN LTD.,519.00,519.00,499.80,503.95,503.60,520.25,,503.95,,,510088,258804266.40,22907,F1,1,,,,,
2026-10-08,2026-10-08,CM,NSE,STK,527,INE094J01016,UTIAMC,EQ,,,,,UTI ASSET MNGMT CO LTD,896.90,897.00,875.45,877.20,875.45,892.30,,877.22,,,71495,63256525.50,11152,F1,1,,,,,
2026-10-08,2026-10-08,CM,NSE,STK,764180,INF789F1AG68,LIQUIDBETA,EQ,,,,,UTIAMC - LIQUIDBETA,1011.11,1011.11,1011.11,1011.11,1011.11,1010.85,,1011.11,,,6,6066.66,3,F1,1,,,,,
2026-10-08,2026-10-08,CM,NSE,STK,765431,INF789F1AG76,NIF500BETA,EQ,,,,,UTIAMC - NIF500BETA,34.91,36.27,34.55,34.68,34.55,35.36,,34.75,,,3621,126937.29,39,F1,1,,,,,
2026-10-08,2026-10-08,CM,NSE,STK,766104,INF789F1AH42,SECLEDBETA,EQ,,,,,UTIAMC - SECLEDBETA,13.89,14.28,13.60,14.12,14.28,13.89,,14.13,,,19813,271923.77,52,F1,1,,,,,
2026-10-08,2026-10-08,CM,NSE,STK,22440,INF789F1AUV1,BANKBETA,EQ,,,,,UTIAMC-BANKBETA,56.79,57.24,56.29,56.37,56.63,57.03,,56.39,,,214568,12134859.42,1980,F1,1,,,,,
2026-10-08,2026-10-08,CM,NSE,STK,22524,INF789F1AZF3,GILT10BETA,EQ,,,,,UTIAMC-GILT10BETA,26.28,26.43,25.92,26.21,26.36,26.15,,26.30,,,403,10560.04,13,F1,1,,,,,
2026-10-08,2026-10-08,CM,NSE,STK,22521,INF789F1AZE6,GILT5BETA,EQ,,,,,UTIAMC-GILT5BETA,66.38,66.38,65.45,66.34,66.34,66.25,,66.34,,,1092,72152.33,20,F1,1,,,,,
2026-10-08,2026-10-08,CM,NSE,STK,22488,INF789F1AZD8,ITBETA,EQ,,,,,UTIAMC-ITBETA,297.15,298.00,290.86,291.60,290.86,291.72,,291.60,,,73,21632.02,12,F1,1,,,,,
2026-10-08,2026-10-08,CM,NSE,STK,18347,INF789F1AYX9,MIDCAPBETA,EQ,,,,,UTIAMC-MIDCAPBETA,219.66,222.39,215.35,219.23,222.24,223.50,,219.23,,,1902,413431.62,79,F1,1,,,,,
2026-10-08,2026-10-08,CM,NSE,STK,21478,INF789F1AUW9,NEXT50BETA,EQ,,,,,UTIAMC-NEXT50BETA,75.08,75.08,73.00,73.27,73.69,75.08,,73.27,,,93420,6889607.78,1131,F1,1,,,,,
2026-10-08,2026-10-08,CM,NSE,STK,10511,INF789F1AZC0,NIFTYBETA,EQ,,,,,UTIAMC-NIFTYBETA,250.97,251.89,246.66,247.32,249.00,250.97,,247.34,,,89062,22081930.30,874,F1,1,,,,,
2026-10-08,2026-10-08,CM,NSE,STK,10515,INF789FB1X58,SENSEXBETA,EQ,,,,,UTIAMC-SENSEXBETA,808.80,808.80,793.00,793.67,803.20,804.11,,793.67,,,1798,1434131.73,168,F1,1,,,,,
2026-10-08,2026-10-08,CM,NSE,STK,15085,INF789F1AYK6,SILVERBETA,EQ,,,,,UTIAMC-SILVERBETA,210.89,211.19,207.14,207.81,208.00,210.93,,207.81,,,219458,45826423.24,4043,F1,1,,,,,
2026-10-08,2026-10-08,CM,NSE,STK,9168,INF789F1AUU3,SNXT50BETA,EQ,,,,,UTIAMC-SNXT50BETA,89.00,90.00,86.81,87.67,87.93,89.63,,87.69,,,5147,453328.68,133,F1,1,,,,,
2026-10-08,2026-10-08,CM,NSE,STK,14535,INF789F1AUX7,GOLDBETA,EQ,,,,,UTIAMC-UTIGOLDBETA,123.70,123.70,122.85,123.15,123.30,123.25,,123.15,,,584349,72015201.10,2028,F1,1,,,,,
2026-10-08,2026-10-08,CM,NSE,STK,751587,INE1V1R01014,UTKAL,ST,,,,,UTKAL SPEC INDUS INDIA L,47.00,47.00,46.20,47.00,47.00,48.60,,47.00,,,14000,652900.00,7,F1,2000,,,,,
2026-10-08,2026-10-08,CM,NSE,STK,17358,INE735W01017,UTKARSHBNK,EQ,,,,,UTKARSH SMALL FIN BANK L,13.98,13.98,13.50,13.64,13.52,13.98,,13.64,,,5461414,74370028.99,6996,F1,1,,,,,
2026-10-08,2026-10-08,CM,NSE,STK,24726,INE06IJ01010,UTSSAV,SM,,,,,UTSSAV CZ GOLD JEWELS LTD,858.00,858.00,840.00,841.05,840.00,855.00,,841.05,,,31800,26881260.00,46,F1,600,,,,,
2026-10-08,2026-10-08,CM,NSE,STK,13376,INE786F01031,UTTAMSUGAR,EQ,,,,,UTTAM SUGAR MILLS LTD.,310.00,316.55,287.25,291.55,295.25,308.30,,291.53,,,340072,102564821.50,9191,F1,1,,,,,
2026-10-08,2026-10-08,CM,NSE,STK,3188,INE0GXK01018,VMARCIND,SM,,,,,V MARC INDIA LIMITED,328.00,334.00,319.00,320.25,320.00,326.95,,320.25,,,111000,36185550.00,72,F1,1500,,,,,
2026-10-08,2026-10-08,CM,NSE,STK,765220,INE222F01029,VTMLTD,EQ,,,,,V T M LTD.,33.69,34.40,30.30,31.58,31.50,34.11,,31.58,,,204882,6598904.20,2518,F1,1,,,,,
2026-10-08,2026-10-08,CM,NSE,STK,15362,INE951I01027,VGUARD,EQ,,,,,V-GUARD IND LTD.,301.95,302.15,291.00,291.85,291.50,302.15,,291.87,,,274637,81255153.50,18254,F1,1,,,,,
2026-10-08,2026-10-08,CM,NSE,STK,14766,INE945H01021,V2RETAIL,EQ,,,,,V2 RETAIL LIMITED,162.00,163.91,153.50,154.87,155.10,163.95,,154.86,,,4585965,720419038.75,45355,F1,1,,,,,
2026-10-08,2026-10-08,CM,NSE,STK,20188,INE956G01038,WABAG,EQ,,,,,VA TECH WABAG LTD,2012.40,2019.90,1925.10,1934.10,1935.60,1998.30,,1934.02,,,459305,898873163.30,43410,F1,1,,,,,
2026-10-08,2026-10-08,CM,NSE,STK,764975,INE693D01018,VADILENT,EQ,,,,,VADILAL ENTERPRISES LTD.,9875.00,9875.00,9822.00,9822.00,9822.00,9910.00,,9811.00,,,4,39402.00,4,F1,1,,,,,
2026-10-08,2026-10-08,CM,NSE,STK,24196,INE694D01016,VADILALIND,EQ,,,,,VADILAL INDUSTRIES LTD,7287.00,7287.00,7041.00,7167.50,7220.00,7247.00,,7167.56,,,6377,45545701.00,2291,F1,1,,,,,
2026-10-08,2026-10-08,CM,NSE,STK,20973,INE551Q01028,VSCL,SM,,,,,VADIVARHE SPCLTY CHEM LTD,19.65,19.65,19.65,19.65,19.65,20.40,,19.65,,,3000,58950.00,1,F1,3000,,,,,
2026-10-08,2026-10-08,CM,NSE,STK,11364,INE884A01027,VAIBHAVGBL,EQ,,,,,VAIBHAV GLOBAL LIMITED,200.75,209.98,197.33,199.55,203.00,200.75,,199.50,,,1132315,229942306.63,16240,F1,1,,,,,
2026-10-08,2026-10-08,CM,NSE,STK,8262,INE0JR301013,MADHAVBAUG,ST,,,,,VAIDYA SANE AYUR LAB LTD,168.95,176.00,168.95,169.70,169.70,168.95,,169.70,,,2000,341300.00,5,F1,400,,,,,
2026-10-08,2026-10-08,CM,NSE,STK,16589,INE972X01022,VAISHALI,EQ,,,,,VAISHALI PHARMA LIMITED,8.48,8.48,7.90,7.99,8.15,8.10,,7.99,,,112532,913956.58,283,F1,1,,,,,
2026-10-08,2026-10-08,CM,NSE,STK,13342,INE051B01021,VAKRANGEE,EQ,,,,,VAKRANGEE LIMITED,5.19,5.20,4.91,5.04,5.08,5.19,,5.04,,,1445866,7335173.18,2213,F1,1,,,,,
2026-10-08,2026-10-08,CM,NSE,STK,19220,INE0JWS01017,VALIANTLAB,BE,,,,,VALIANT LABORATORIES LTD,124.79,125.00,117.05,117.34,117.05,123.21,,117.34,,,67041,8018379.52,383,F1,1,,,,,
2026-10-08,2026-10-08,CM,NSE,STK,330,INE565V01010,VALIANTORG,EQ,,,,,VALIANT ORGANICS LIMITED,483.00,483.05,445.50,450.60,445.50,479.85,,450.61,,,128189,58575784.75,4598,F1,1,,,,,
2026-10-08,2026-10-08,CM,NSE,STK,18124,INE879I01012,DBREALTY,EQ,,,,,VALOR ESTATE LIMITED,89.00,89.20,84.36,84.72,84.50,88.79,,84.74,,,1953440,167691786.79,16271,F1,1,,,,,
2026-10-08,2026-10-08,CM,NSE,STK,763304,INE1E7Y01018,VALUE360,SM,,,,,VALUE 360 COMMUNICATION L,86.40,86.40,79.00,82.05,80.00,73.85,,82.05,,,211200,17431560.00,148,F1,1200,,,,,
2026-10-08,2026-10-08,CM,NSE,STK,11220,INE116G01013,VARDHACRLC,EQ,,,,,VARDHAMAN ACRYLICS LTD,43.70,43.70,42.50,42.70,42.65,43.72,,42.70,,,10409,445974.04,163,F1,1,,,,,
2026-10-08,2026-10-08,CM,NSE,STK,11892,INE701A01023,VHL,EQ,,,,,VARDHMAN HOLDINGS LIMITED,3543.20,3625.00,3464.00,3578.80,3575.00,3598.80,,3579.02,,,2435,8697927.30,349,F1,1,,,,,
2026-10-08,2026-10-08,CM,NSE,STK,3646,INE835A01029,VARDMNPOLY,EQ,,,,,VARDHMAN POLYTEX LTD.,5.40,5.50,5.13,5.25,5.32,5.40,,5.25,,,192967,1032239.18,436,F1,1,,,,,
2026-10-08,2026-10-08,CM,NSE,STK,27067,INE050M01012,VSSL,EQ,,,,,VARDHMAN SPC STEEL LTD,398.00,398.00,375.10,376.15,376.30,393.75,,376.18,,,64435,24547051.75,3252,F1,1,,,,,
2026-10-08,2026-10-08,CM,NSE,STK,2073,INE825A01020,VTL,EQ,,,,,VARDHMAN TEXTILES LIMITED,535.05,540.30,525.50,527.35,526.55,536.40,,527.34,,,133897,71099616.75,12699,F1,1,,,,,
2026-10-08,2026-10-08,CM,NSE,STK,766255,INE0M5301040,VARMORA,EQ,,,,,VARMORA GRANITO LIMITED,137.97,139.14,131.51,134.16,134.00,136.31,,134.15,,,979661,131325076.97,12959,F1,1,,,,,
2026-10-08,2026-10-08,CM,NSE,STK,3857,INE665L01035,VARROC,EQ,,,,,VARROC ENGINEERING LTD.,824.75,824.75,797.00,802.90,798.00,823.75,,802.90,,,201786,162735332.95,17054,F1,1,,,,,
2026-10-08,2026-10-08,CM,NSE,STK,18921,INE200M01039,VBL,EQ,,,,,VARUN BEVERAGES LIMITED,442.00,442.00,428.95,432.00,432.00,440.75,,431.99,,,4361263,1889984195.70,73265,F1,1,,,,,
2026-10-08,2026-10-08,CM,NSE,STK,13771,INE273D01027,VGL,EQ,,,,,VARVEE GLOBAL LIMITED,63.00,64.89,62.01,62.41,63.00,62.92,,62.43,,,72892,4569077.36,613,F1,1,,,,,
2026-10-08,2026-10-08,CM,NSE,STK,16454,INE0N5801013,DENTALKART,SM,,,,,VASA DENTICITY LIMITED,475.20,475.20,451.50,458.00,458.00,475.25,,458.00,,,2750,1275375.00,11,F1,250,,,,,
2026-10-08,2026-10-08,CM,NSE,STK,18110,INE893I01013,VASCONEQ,EQ,,,,,VASCON ENGINEERS LTD,32.09,32.24,30.00,30.34,30.39,32.33,,30.34,,,731367,22504799.15,3662,F1,1,,,,,
2026-10-08,2026-10-08,CM,NSE,STK,25340,INE590L01019,VASWANI,EQ,,,,,VASWANI IND LTD,44.29,45.10,43.26,43.37,43.99,43.80,,43.45,,,9732,429267.27,125,F1,1,,,,,
2026-10-08,2026-10-08,CM,NSE,STK,9027,INE098201036,VCL,BE,,,,,VAXTEX COTFAB LIMITED,1.58,1.62,1.51,1.56,1.58,1.55,,1.56,,,581467,926249.01,273,F1,1,,,,,
2026-10-08,2026-10-08,CM,NSE,STK,757413,INE04HY07294,1025VCCL28,N0,,,,,VCCL 10.25% 2028,98440.00,98480.26,98440.00,98480.26,98480.26,98137.95,,98480.26,,,5,492361.04,2,F1,1,,,,,
2026-10-08,2026-10-08,CM,NSE,STK,757721,INE04HY07278,12VCCL29C,N0,,,,,VCCL 12% 2029 SR I,99000.00,99000.00,99000.00,99000.00,99000.00,98999.00,,99000.00,,,1,99000.00,1,F1,1,,,,,
2026-10-08,2026-10-08,CM,NSE,STK,760558,INE04HY08011,125VCCL31,N0,,,,,VCCL 12.5% 2031,97600.00,97600.00,97600.00,97600.00,97600.00,98500.00,,97600.00,,,2,195200.00,2,F1,1,,,,,
2026-10-08,2026-10-08,CM,NSE,STK,29274,INE04HY07203,12VCCL29A,N0,,,,,VCCL12% 2029,99002.01,99002.01,99002.01,99002.01,99002.01,99400.00,,99002.01,,,1,99002.01,1,F1,1,,,,,
2026-10-08,2026-10-08,CM,NSE,STK,763380,INE04HY07401,115VCCL31A,N0,,,,,VCCL31A 11.5% 2031,9899.00,9899.00,9899.00,9899.00,9899.00,9999.00,,9899.00,,,10,98990.00,1,F1,1,,,,,
2026-10-08,2026-10-08,CM,NSE,STK,25054,INE0U2M01015,VDEAL,SM,,,,,VDEAL SYSTEM LIMITED,112.00,112.00,112.00,112.00,112.00,108.95,,112.00,,,600,67200.00,1,F1,600,,,,,
2026-10-08,2026-10-08,CM,NSE,STK,8167,INE825V01034,MANYAVAR,EQ,,,,,VEDANT FASHIONS LIMITED,500.95,510.70,486.15,489.90,490.00,500.20,,489.91,,,135776,66917117.50,12126,F1,1,,,,,
2026-10-08,2026-10-08,CM,NSE,STK,750174,INE1CDF01017,VAML,EQ,,,,,VEDANTA ALUMINIUM METAL L,394.00,394.80,372.00,374.45,373.65,394.00,,374.43,,,6597010,2505527598.15,122061,F1,1,,,,,
2026-10-08,2026-10-08,CM,NSE,STK,750290,INE1CLE01013,VISL,EQ,,,,,VEDANTA IRON AND STEEL L,29.56,29.60,28.32,28.46,28.60,29.44,,28.46,,,17950507,515743593.94,43811,F1,1,,,,,
2026-10-08,2026-10-08,CM,NSE,STK,3063,INE205A01025,VEDL,EQ,,,,,VEDANTA LIMITED,262.00,262.35,253.10,253.10,253.10,261.40,,253.10,,,13299826,3409111080.45,109397,F1,1,,,,,
2026-10-08,2026-10-08,CM,NSE,STK,750368,INE704J01044,VOGL,EQ,,,,,VEDANTA OIL AND GAS LTD,31.10,31.21,29.56,29.87,29.80,31.11,,29.87,,,27930239,841776320.94,69921,F1,1,,,,,
2026-10-08,2026-10-08,CM,NSE,STK,750518,INE694L01019,VEDPOWER,EQ,,,,,VEDANTA POWER LIMITED,32.79,32.79,31.23,31.89,31.94,32.42,,31.89,,,9960019,317503004.44,38997,F1,1,,,,,
2026-10-08,2026-10-08,CM,NSE,STK,764980,INE359B01010,VEDAVAAG,EQ,,,,,VEDAVAAG SYSTEMS LTD.,23.00,23.79,22.13,22.22,22.14,22.84,,22.23,,,86178,1991843.25,823,F1,1,,,,,
2026-10-08,2026-10-08,CM,NSE,STK,14019,INE484C01030,VEEDOL,EQ,,,,,VEEDOL CORPORATION LTD,1383.00,1384.40,1352.00,1357.80,1355.00,1383.00,,1357.77,,,9366,12833880.20,966,F1,1,,,,,
2026-10-08,2026-10-08,CM,NSE,STK,766097,INE1JTV01015,VEEGALAND,EQ,,,,,VEEGALAND DEVELOPERS LTD,143.50,143.50,134.21,136.90,137.00,143.63,,136.91,,,781582,107034544.34,11980,F1,1,,,,,
2026-10-08,2026-10-08,CM,NSE,STK,10710,INE0KTW01013,VEEKAYEM,SM,,,,,VEEKAYEM FASH & APP LTD,108.50,113.85,108.50,112.60,113.85,103.50,,112.60,,,13000,1463600.00,26,F1,500,,,,,
2026-10-08,2026-10-08,CM,NSE,STK,762969,INE232E01013,VELJAN,BE,,,,,VELJAN DENISON LTD.,2730.00,2790.70,2700.00,2762.90,2790.70,2657.90,,2760.68,,,6250,17403701.10,519,F1,1,,,,,
2026-10-08,2026-10-08,CM,NSE,STK,3757,INE398A01010,VENKEYS,EQ,,,,,VENKY S (INDIA) LIMITED,1655.60,1660.00,1602.50,1608.20,1613.00,1655.60,,1608.24,,,21560,34991246.20,2813,F1,1,,,,,
2026-10-08,2026-10-08,CM,NSE,STK,28847,INE781S01027,VENTIVE,EQ,,,,,VENTIVE HOSPITALITY LTD,587.00,587.00,560.05,563.55,562.00,582.40,,563.59,,,11108,6294836.25,1486,F1,1,,,,,
2026-10-08,2026-10-08,CM,NSE,STK,9592,INE0JA001018,VENUSPIPES,EQ,,,,,VENUS PIPES & TUBES LTD,2271.70,2347.00,2081.50,2119.80,2115.00,2238.50,,2120.41,,,525166,1173262606.40,44505,F1,1,,,,,
2026-10-08,2026-10-08,CM,NSE,STK,13856,INE411B01019,VENUSREM,BE,,,,,VENUS REMEDIES LIMITED,1765.00,1765.00,1681.00,1681.00,1681.00,1769.40,,1678.05,,,22311,37888915.30,1051,F1,1,,,,,
2026-10-08,2026-10-08,CM,NSE,STK,8904,INE0IQ001011,VERANDA,BE,,,,,VERANDA LEARNING SOL LTD,32.20,32.76,31.90,32.76,32.76,31.20,,32.76,,,86084,2799323.25,274,F1,1,,,,,
2026-10-08,2026-10-08,CM,NSE,STK,10757,INE0KXY23015,VERTIS,IV,,,,,VERTIS INFRASTRUCTURE TST,115.50,115.50,114.05,114.50,114.50,115.75,,114.50,,,375000,42866500.00,10,F1,25000,,,,,
2026-10-08,2026-10-08,CM,NSE,STK,18863,INE188Y01031,VERTOZ,EQ,,,,,VERTOZ LIMITED,33.33,34.00,30.12,32.43,32.24,33.06,,32.43,,,127557,3981756.90,1155,F1,1,,,,,
2026-10-08,2026-10-08,CM,NSE,STK,3676,INE386A01023,VESUVIUS,EQ,,,,,VESUVIUS INDIA LTD,408.40,410.45,402.75,406.65,408.80,409.70,,406.62,,,108080,43877587.10,6359,F1,1,,,,,
2026-10-08,2026-10-08,CM,NSE,STK,8652,INE918N01018,VETO,EQ,,,,,VETO SWITCHGEAR CABLE LTD,138.49,140.24,134.00,135.63,134.05,138.49,,135.62,,,57281,7842197.14,1098,F1,1,,,,,
2026-10-08,2026-10-08,CM,NSE,STK,14316,INE0MO401019,VIAZ,SM,,,,,VIAZ TYRES LIMITED,85.00,88.90,85.00,87.65,88.90,84.90,,87.65,,,54000,4705000.00,18,F1,2000,,,,,
2026-10-08,2026-10-08,CM,NSE,STK,22730,INE0QTF01015,VSTL,EQ,,,,,VIBHOR STEEL TUBES LTD,106.84,107.90,103.60,104.78,104.70,106.84,,104.77,,,11836,1246161.54,352,F1,1,,,,,
2026-10-08,2026-10-08,CM,NSE,STK,765252,INE761Q01015,VGCL,EQ,,,,,VIBRANT GLOBAL CAPITAL L,54.90,54.97,48.03,48.08,48.03,49.98,,48.05,,,29574,1490848.26,267,F1,1,,,,,
2026-10-08,2026-10-08,CM,NSE,STK,23386,INE048C01025,VHLTD,BE,,,,,VICEROY HOTELS LIMITED,131.00,136.10,131.00,136.10,136.10,129.62,,136.10,,,159535,21624840.79,446,F1,1,,,,,
2026-10-08,2026-10-08,CM,NSE,STK,760691,INE0F8901022,VICTORYEV,SM,,,,,VICTORY ELEC VEHICL INT L,13.45,13.45,13.40,13.40,13.40,13.75,,13.40,,,6000,80550.00,2,F1,3000,,,,,
2026-10-08,2026-10-08,CM,NSE,STK,13536,INE632C01026,VIDHIING,EQ,,,,,VIDHI SPCLTY F INGRDNTS L,348.70,353.00,328.50,331.00,330.10,348.20,,330.87,,,29672,9884246.30,1320,F1,1,,,,,
2026-10-08,2026-10-08,CM,NSE,STK,760224,INE14UN01029,VIDYAWIRES,EQ,,,,,VIDYA WIRES LIMITED,103.50,104.80,97.50,98.03,98.40,100.62,,98.02,,,4901890,494619337.76,46107,F1,1,,,,,
2026-10-08,2026-10-08,CM,NSE,STK,758898,INE1DM601016,VIGOR,SM,,,,,VIGOR PLAST INDIA LIMITED,68.00,72.85,66.85,72.15,72.85,70.35,,72.15,,,49600,3373760.00,28,F1,1600,,,,,
2026-10-08,2026-10-08,CM,NSE,STK,764985,INE362D01010,VIJSOLX,EQ,,,,,VIJAY SOLVEX LTD.,617.05,677.00,600.00,661.00,673.35,615.85,,656.24,,,841,530188.10,61,F1,1,,,,,
2026-10-08,2026-10-08,CM,NSE,STK,5585,INE043W01024,VIJAYA,EQ,,,,,VIJAYA DIAGNOSTIC CEN LTD,1464.50,1472.70,1416.50,1431.10,1438.00,1462.40,,1430.96,,,87062,125774316.40,13729,F1,1,,,,,
2026-10-08,2026-10-08,CM,NSE,STK,760121,INE0WL901019,VIJAYPD,SM,,,,,VIJAYPD CEUTICAL LIMITED,99.95,100.05,88.20,88.90,89.50,96.10,,88.90,,,70000,6720200.00,34,F1,2000,,,,,
2026-10-08,2026-10-08,CM,NSE,STK,17695,INE159N01027,VIJIFIN,BE,,,,,VIJI FINANCE LIMITED,12.36,13.66,12.36,12.84,12.98,13.01,,12.81,,,2011322,25666277.30,1301,F1,1,,,,,
2026-10-08,2026-10-08,CM,NSE,STK,25756,INE806A01020,VIKASECO,EQ,,,,,VIKAS ECOTECH LIMITED,1.02,1.03,1.01,1.01,1.02,1.02,,1.01,,,1113238,1130203.57,999,F1,1,,,,,
2026-10-08,2026-10-08,CM,NSE,STK,9931,INE161L01027,VIKASLIFE,EQ,,,,,VIKAS LIFECARE LIMITED,1.19,1.20,1.18,1.18,1.19,1.19,,1.18,,,1810479,2154858.01,7211,F1,1,,,,,
2026-10-08,2026-10-08,CM,NSE,STK,759453,INE078V01014,VIKRAMSOLR,EQ,,,,,VIKRAM SOLAR LIMITED,148.90,148.90,143.00,143.31,143.50,148.94,,143.31,,,2341088,339198042.33,26899,F1,1,,,,,
2026-10-08,2026-10-08,CM,NSE,STK,758973,INE01R501028,VIKRAN,EQ,,,,,VIKRAN ENGINEERING LTD,57.80,57.99,55.51,56.76,57.15,57.85,,56.79,,,619447,35318110.75,4534,F1,1,,,,,
2026-10-08,2026-10-08,CM,NSE,STK,23909,INE0AZY01017,VILAS,SM,,,,,VILAS TRANSCORE LIMITED,384.00,404.00,372.00,393.15,394.00,386.65,,393.15,,,44250,17116800.00,143,F1,250,,,,,
2026-10-08,2026-10-08,CM,NSE,STK,16960,INE0L4V01013,VILINBIO,ST,,,,,VILIN BIO MED LIMITED,53.75,53.75,53.65,53.65,53.65,51.25,,53.65,,,8000,429600.00,2,F1,4000,,,,,
2026-10-08,2026-10-08,CM,NSE,STK,13101,INE579C01029,VIMTALABS,EQ,,,,,VIMTA LABS LIMITED,567.00,567.00,550.80,553.00,554.00,567.20,,552.96,,,113339,63171995.75,10032,F1,1,,,,,
2026-10-08,2026-10-08,CM,NSE,STK,17364,INE410B01037,VINATIORGA,EQ,,,,,VINATI ORGANICS LTD,1143.00,1149.90,1117.30,1120.80,1118.00,1142.30,,1120.85,,,47711,54060158.80,6369,F1,1,,,,,
2026-10-08,2026-10-08,CM,NSE,STK,3694,INE707A01012,VINDHYATEL,EQ,,,,,VINDHYA TELELINKS LTD,2787.00,2845.90,2773.00,2776.70,2773.00,2810.10,,2776.71,,,72244,201882758.20,6594,F1,1,,,,,
2026-10-08,2026-10-08,CM,NSE,STK,3807,INE505Y01010,VINEETLAB,EQ,,,,,VINEET LABORATORIES LTD,37.20,38.00,36.01,36.50,37.11,36.65,,36.49,,,66511,2428825.91,444,F1,1,,,,,
2026-10-08,2026-10-08,CM,NSE,STK,763821,INE27V201011,VMOBILE,SM,,,,,VINIT MOBILE LIMITED,54.00,54.00,51.10,51.80,51.80,55.80,,51.80,,,13600,709200.00,16,F1,800,,,,,
2026-10-08,2026-10-08,CM,NSE,STK,12490,INE01KI01027,VINNY,EQ,,,,,VINNY OVERSEAS LIMITED,0.90,0.91,0.89,0.89,0.89,0.89,,0.89,,,188304,168833.81,141,F1,1,,,,,
2026-10-08,2026-10-08,CM,NSE,STK,766061,INE1A5U01014,VINOD,SM,,,,,VINOD TEXWORLD LIMITED,37.25,37.25,37.25,37.25,37.25,39.20,,37.25,,,4800,178800.00,4,F1,1200,,,,,
2026-10-08,2026-10-08,CM,NSE,STK,17905,INE0OSJ01014,VINSYS,ST,,,,,VINSYS IT SERVICES IND LT,577.00,581.00,573.00,573.00,573.00,572.00,,573.00,,,2250,1301250.00,9,F1,250,,,,,
2026-10-08,2026-10-08,CM,NSE,STK,25835,INE498Q01014,VINCOFE,EQ,,,,,VINTAGE COFFEE N BVRGS L,185.00,185.00,174.36,175.79,175.50,184.19,,175.80,,,1055945,187676500.68,15147,F1,1,,,,,
2026-10-08,2026-10-08,CM,NSE,STK,19206,INE0OLS01010,VINYAS,SM,,,,,VINYAS INNOVATIVE TECH L,1440.00,1484.00,1420.00,1444.70,1445.00,1440.00,,1444.70,,,12600,18428235.00,87,F1,100,,,,,
2026-10-08,2026-10-08,CM,NSE,STK,16821,INE250B01029,VINYLINDIA,EQ,,,,,VINYL CHEMICALS (I) LTD.,216.60,216.60,207.62,209.80,209.59,215.53,,209.89,,,6717,1414669.96,300,F1,1,,,,,
2026-10-08,2026-10-08,CM,NSE,STK,14843,INE450G01024,VIPCLOTHNG,EQ,,,,,VIP CLOTHING LIMITED,20.02,20.60,19.56,19.97,19.85,20.02,,19.97,,,36517,733976.75,263,F1,1,,,,,
2026-10-08,2026-10-08,CM,NSE,STK,3703,INE054A01027,VIPIND,EQ,,,,,VIP INDUSTRIES LTD,281.90,282.40,273.80,275.20,274.00,281.10,,275.21,,,177297,49241933.00,5492,F1,1,,,,,
2026-10-08,2026-10-08,CM,NSE,STK,8437,INE946H01037,VIPULLTD,BE,,,,,VIPUL LIMITED,9.85,9.85,9.36,9.36,9.36,9.85,,9.36,,,195240,1844446.44,298,F1,1,,,,,
2026-10-08,2026-10-08,CM,NSE,STK,764990,INE467D01017,VIRAT,EQ,,,,,VIRAT INDUSTRIES LTD.,420.65,420.65,385.00,406.25,405.15,382.45,,406.99,,,33561,13968889.95,1183,F1,1,,,,,
2026-10-08,2026-10-08,CM,NSE,STK,15295,INE539B01017,VIRINCHI,EQ,,,,,VIRINCHI LIMITED,12.91,13.15,12.73,12.76,12.87,12.97,,12.78,,,46640,598691.12,213,F1,1,,,,,
2026-10-08,2026-10-08,CM,NSE,STK,757060,INE0VRH01015,VGINFOTECH,SM,,,,,VIRTUAL GALAXY INFOTECH L,142.75,142.75,137.00,137.05,137.00,136.60,,137.05,,,23000,3173800.00,21,F1,1000,,,,,
2026-10-08,2026-10-08,CM,NSE,STK,765218,INE247C01023,VIRTUALG,BE,,,,,VIRTUAL GLOBAL EDU LTD,0.45,0.45,0.43,0.43,0.45,0.44,,0.43,,,120069,52974.34,178,F1,1,,,,,
2026-10-08,2026-10-08,CM,NSE,STK,761916,INE0I0T01010,VOEPL,EQ,,,,,VIRTUOSO OPTOELECTRONIC L,526.90,540.00,505.20,532.60,533.05,526.90,,532.59,,,178943,94900947.00,8854,F1,1,,,,,
2026-10-08,2026-10-08,CM,NSE,STK,13295,INE286H01012,VISACHROME,EQ,,,,,VISA CHROME LIMITED,36.20,36.20,32.00,33.31,33.69,35.22,,33.31,,,42270,1431987.53,478,F1,1,,,,,
2026-10-08,2026-10-08,CM,NSE,STK,29877,INE370E01029,VIVIDHA,EQ,,,,,VISAGAR POLYTEX LTD,0.50,0.52,0.50,0.50,0.51,0.50,,0.50,,,216615,109907.57,124,F1,1,,,,,
2026-10-08,2026-10-08,CM,NSE,STK,8150,INE392A01021,VISAKAIND,BE,,,,,VISAKA INDUSTRIES LTD,83.83,83.83,79.70,80.55,81.49,83.83,,80.53,,,111651,9036124.28,1044,F1,1,,,,,
2026-10-08,2026-10-08,CM,NSE,STK,24274,INE0BHK01012,VISAMAN,SM,,,,,VISAMAN GLOBAL SALES LTD,26.90,26.95,24.45,24.45,24.45,25.70,,24.45,,,69000,1770900.00,58,F1,1000,,,,,
2026-10-08,2026-10-08,CM,NSE,STK,18708,INE0OWX01025,VISDEM,SM,,,,,VISDEM TECHNOSYS LIMITED,90.30,99.90,90.30,92.65,92.65,95.10,,92.65,,,40800,3848340.00,13,F1,1200,,,,,
2026-10-08,2026-10-08,CM,NSE,STK,11773,INE755Q01025,VISHAL,EQ,,,,,VISHAL FABRICS LTD.,17.13,17.50,16.02,16.48,16.70,17.13,,16.48,,,67233,1127291.50,971,F1,1,,,,,
2026-10-08,2026-10-08,CM,NSE,STK,27969,INE01EA01019,VMM,EQ,,,,,VISHAL MEGA MART LIMITED,100.10,100.15,96.80,97.00,97.00,100.50,,97.00,,,17757126,1736322513.16,74938,F1,1,,,,,
2026-10-08,2026-10-08,CM,NSE,STK,766474,INE1O5L01025,VNL,BE,,,,,VISHAL NIRMITI LIMITED,215.00,215.00,204.25,204.25,204.25,220.00,,204.25,,,647931,138415043.65,4372,F1,1,,,,,
2026-10-08,2026-10-08,CM,NSE,STK,6908,INE270I01022,VISHNU,EQ,,,,,VISHNU CHEMICALS LIMITED,686.50,687.80,660.10,665.65,668.50,683.40,,665.64,,,63015,42030837.90,3180,F1,1,,,,,
2026-10-08,2026-10-08,CM,NSE,STK,18341,INE0AE001013,VPRPL,EQ,,,,,VISHNU PRAKASH R PUNGLI L,28.95,28.95,26.83,27.40,27.00,28.32,,27.40,,,385217,10578575.16,2601,F1,1,,,,,
2026-10-08,2026-10-08,CM,NSE,STK,19300,INE0PQ001012,VISHNUINFR,SM,,,,,VISHNUSURYA PROJ N INFR L,140.70,141.35,138.00,141.35,141.35,141.35,,141.35,,,15500,2185325.00,9,F1,500,,,,,
2026-10-08,2026-10-08,CM,NSE,STK,13702,INE430N01022,VISHWARAJ,EQ,,,,,VISHWARAJ SUGAR IND LTD,5.45,5.69,5.30,5.35,5.36,5.51,,5.36,,,228071,1241111.22,499,F1,1,,,,,
2026-10-08,2026-10-08,CM,NSE,STK,23370,INE0S2E01016,VISHWAS,SM,,,,,VISHWAS AGRI SEEDS LTD,42.15,42.15,42.15,42.15,42.15,44.35,,42.15,,,1600,67440.00,1,F1,1600,,,,,
2026-10-08,2026-10-08,CM,NSE,STK,25231,INE0TR001017,VIESL,SM,,,,,VISION INFRA EQUIP SOL L,355.00,356.95,350.00,354.90,354.90,364.95,,354.90,,,12000,4241200.00,15,F1,800,,,,,
2026-10-08,2026-10-08,CM,NSE,STK,761148,INE0L4K01016,VITAL,EQ,,,,,VITAL CHEMTECH LIMITED,52.90,52.90,52.50,52.50,52.50,52.87,,52.50,,,49,2588.88,11,F1,1,,,,,
2026-10-08,2026-10-08,CM,NSE,STK,763636,INE0MEG01014,VIVIANA,EQ,,,,,VIVIANA POWER TECH LTD,825.00,893.95,823.00,844.35,850.00,817.85,,844.35,,,152795,132181199.90,13057,F1,1,,,,,
2026-10-08,2026-10-08,CM,NSE,STK,761768,INE24H301028,VIVIDEL,SM,,,,,VIVID ELECTROMECH LIMITED,1750.00,1900.00,1702.15,1885.80,1885.00,1750.00,,1885.80,,,31200,56631672.00,122,F1,240,,,,,
2026-10-08,2026-10-08,CM,NSE,STK,11968,INE526G01021,VIVIMEDLAB,BE,,,,,VIVIMED LABS LIMITED,6.91,6.91,6.91,6.91,6.91,6.59,,6.91,,,156192,1079286.72,81,F1,1,,,,,
2026-10-08,2026-10-08,CM,NSE,STK,764995,INE380K01017,VIVOBIOT,EQ,,,,,VIVO BIO TECH LTD.,15.10,15.79,14.00,14.51,14.40,15.10,,14.51,,,74240,1085178.05,255,F1,1,,,,,
2026-10-08,2026-10-08,CM,NSE,STK,7620,INE0IA701014,VIVO,ST,,,,,VIVO COLLAB SOLUTIONS LTD,150.00,150.00,150.00,150.00,150.00,146.00,,150.00,,,1600,240000.00,1,F1,1600,,,,,
2026-10-08,2026-10-08,CM,NSE,STK,14296,INE807F01027,VIYASH,EQ,,,,,VIYASH SCIENTIFIC LIMITED,241.90,250.90,235.01,235.86,235.80,240.77,,235.86,,,3818274,926129611.94,45595,F1,1,,,,,
2026-10-08,2026-10-08,CM,NSE,STK,18012,INE03HW01020,VLEGOV,EQ,,,,,VL E GOV AND IT SOL LTD,9.49,9.70,9.25,9.44,9.45,9.37,,9.43,,,66306,623392.02,438,F1,1,,,,,
2026-10-08,2026-10-08,CM,NSE,STK,3715,INE709A01018,VLSFINANCE,EQ,,,,,VLS FINANCE LTD,228.60,234.50,227.10,228.67,230.55,229.97,,228.38,,,2802,645024.05,137,F1,1,,,,,
2026-10-08,2026-10-08,CM,NSE,STK,29284,INE665J01013,VMART,EQ,,,,,VMART RETAIL LTD,805.00,825.00,786.05,811.15,822.85,806.20,,811.33,,,85252,68557735.00,10209,F1,1,,,,,
2026-10-08,2026-10-08,CM,NSE,STK,759152,INE0SJA01013,VMSTMT,EQ,,,,,VMS TMT LIMITED,45.81,47.05,44.36,44.66,44.80,45.76,,44.64,,,36929,1681518.16,703,F1,1,,,,,
2026-10-08,2026-10-08,CM,NSE,STK,14366,INE669E01016,IDEA,EQ,,,,,VODAFONE IDEA LIMITED,13.17,13.29,12.80,12.80,12.80,13.18,,12.80,,,296467874,3846798877.45,522112,F1,1,,,,,
2026-10-08,2026-10-08,CM,NSE,STK,765000,INE285C01015,VOITHPAPR,EQ,,,,,VOITH PAPER FABRICS IND L,1437.90,1437.90,1395.00,1398.70,1395.00,1410.80,,1398.70,,,320,448796.10,39,F1,1,,,,,
2026-10-08,2026-10-08,CM,NSE,STK,29658,INE241X01014,VOLERCAR,SM,,,,,VOLER CAR LIMITED,220.00,220.05,215.00,217.75,220.00,219.00,,217.75,,,38400,8420160.00,22,F1,800,,,,,
2026-10-08,2026-10-08,CM,NSE,STK,13577,INE540H01012,VOLTAMP,EQ,,,,,VOLTAMP TRANSFORMERS LTD,10620.00,10653.00,10304.00,10399.00,10455.00,10512.00,,10398.77,,,21128,220007171.00,7347,F1,1,,,,,
2026-10-08,2026-10-08,CM,NSE,STK,3718,INE226A01021,VOLTAS,EQ,,,,,VOLTAS LTD,1053.00,1058.20,1024.10,1032.00,1032.00,1056.80,,1032.00,,,491244,509579351.10,31306,F1,1,,,,,
2026-10-08,2026-10-08,CM,NSE,STK,24321,INE0S2V01010,VRAJ,EQ,,,,,VRAJ IRON AND STEEL LTD,121.58,122.39,118.00,119.85,120.40,121.86,,119.84,,,8515,1019372.24,454,F1,1,,,,,
2026-10-08,2026-10-08,CM,NSE,STK,8696,INE366I01010,VRLLOG,EQ,,,,,VRL LOGISTICS LIMITED,284.70,289.50,283.20,284.10,283.80,285.10,,284.10,,,148377,42363745.90,3663,F1,1,,,,,
2026-10-08,2026-10-08,CM,NSE,STK,3724,INE710A01016,VSTIND,EQ,,,,,VST INDUSTRIES LTD,201.34,203.10,200.00,200.86,201.00,201.33,,200.85,,,108251,21788383.80,2746,F1,1,,,,,
2026-10-08,2026-10-08,CM,NSE,STK,24292,INE764D01017,VSTTILLERS,EQ,,,,,VST TILLERS TRACTORS LTD,4375.60,4375.70,4180.00,4211.50,4260.00,4375.60,,4211.50,,,7052,29849606.90,2193,F1,1,,,,,
2026-10-08,2026-10-08,CM,NSE,STK,765005,INE855A01019,WHBRADY,EQ,,,,,W H BRADY & CO. LTD.,477.15,478.75,470.00,471.75,470.00,467.80,,471.75,,,17,8065.45,5,F1,1,,,,,
2026-10-08,2026-10-08,CM,NSE,STK,762978,INE765D01022,WPIL,EQ,,,,,W P I L LTD.,435.55,435.55,418.20,421.00,421.05,435.50,,421.08,,,35923,15308525.70,1848,F1,1,,,,,
2026-10-08,2026-10-08,CM,NSE,STK,14828,INE100D01014,WSI,EQ,,,,,W.S.INDUSTRIES (I) LTD.,51.00,53.71,51.00,52.89,53.50,52.10,,52.91,,,34724,1833413.25,423,F1,1,,,,,
2026-10-08,2026-10-08,CM,NSE,STK,25907,INE377N01017,WAAREEENER,EQ,,,,,WAAREE ENERGIES LIMITED,2401.00,2404.50,2312.00,2317.00,2317.00,2401.00,,2317.40,,,611473,1428232072.90,45812,F1,1,,,,,
2026-10-08,2026-10-08,CM,NSE,STK,756038,INE299N01021,WAAREERTL,EQ,,,,,WAAREE RENEWABLE TECH LTD,815.00,817.95,790.55,795.95,797.80,812.45,,795.97,,,133592,106793003.45,12817,F1,1,,,,,
2026-10-08,2026-10-08,CM,NSE,STK,760259,INE0E7301029,WAKEFIT,EQ,,,,,WAKEFIT INNOVATIONS LTD,134.01,134.24,126.36,130.51,130.00,134.42,,130.51,,,1006613,130246796.59,14047,F1,1,,,,,
2026-10-08,2026-10-08,CM,NSE,STK,3736,INE711A01022,WALCHANNAG,EQ,,,,,WALCHANDNAGAR INDUSTRIES,226.80,227.80,205.00,208.01,207.11,223.99,,208.02,,,1058874,227524460.17,19176,F1,1,,,,,
2026-10-08,2026-10-08,CM,NSE,STK,14063,INE107F01022,WANBURY,EQ,,,,,WANBURY LIMITED,198.70,201.44,193.00,194.20,194.99,198.70,,194.19,,,362463,71474226.73,8025,F1,1,,,,,
2026-10-08,2026-10-08,CM,NSE,STK,766360,INE945P01024,WARDINMOBI,BZ,,,,,WARDWIZARD INNO & MOB L,5.15,5.15,4.90,4.95,5.00,5.15,,4.95,,,314844,1575330.80,807,F1,1,,,,,
2026-10-08,2026-10-08,CM,NSE,STK,3745,INE054C01015,WATERBASE,EQ,,,,,WATERBASE LTD.,45.80,45.80,43.21,44.12,44.03,45.07,,44.12,,,9752,432653.39,207,F1,1,,,,,
2026-10-08,2026-10-08,CM,NSE,STK,762163,INE0LZF01039,CORDELIA,EQ,,,,,WATERWAYS LEISURE TOUR L,112.76,113.70,102.00,102.90,103.00,109.52,,102.90,,,1634458,173434068.64,15689,F1,1,,,,,
2026-10-08,2026-10-08,CM,NSE,STK,9862,INE082W01014,WEWIN,EQ,,,,,WE WIN LIMITED,54.00,58.00,50.66,51.36,51.36,52.85,,51.37,,,8402,457348.90,174,F1,1,,,,,
2026-10-08,2026-10-08,CM,NSE,STK,760482,INF2F0001370,TWCGOLDETF,EQ,,,,,WEALTH - TWCGOLDETF,146.43,153.20,145.41,146.00,145.41,145.99,,146.01,,,23866,3483663.28,192,F1,1,,,,,
2026-10-08,2026-10-08,CM,NSE,STK,1923,INE658T01017,WEALTH,EQ,,,,,WEALTH FRST PORT. MG. LTD,848.00,848.00,829.00,836.70,839.40,833.45,,836.70,,,1105,925345.00,110,F1,1,,,,,
2026-10-08,2026-10-08,CM,NSE,STK,14602,INE855C01023,WEBELSOLAR,EQ,,,,,WEBSOL ENERGY SYSTEM LTD,69.40,69.40,65.80,66.40,66.30,69.13,,66.41,,,2046719,137237662.65,13963,F1,1,,,,,
2026-10-08,2026-10-08,CM,NSE,STK,3748,INE080A01014,WEIZMANIND,EQ,,,,,WEIZMANN LTD,73.55,73.80,71.05,71.07,71.07,73.52,,71.07,,,421,30297.66,39,F1,1,,,,,
2026-10-08,2026-10-08,CM,NSE,STK,11821,INE191B01025,WELCORP,EQ,,,,,WELSPUN CORP LIMITED,2699.40,2709.40,2593.00,2651.30,2650.00,2704.60,,2651.29,,,1394511,3678234244.30,73896,F1,1,,,,,
2026-10-08,2026-10-08,CM,NSE,STK,11626,INE625G01013,WELENT,EQ,,,,,WELSPUN ENTERPRISES LTD.,742.25,748.00,713.50,732.35,740.00,740.75,,732.43,,,436424,317045598.00,20934,F1,1,,,,,
2026-10-08,2026-10-08,CM,NSE,STK,19804,INE389K01018,WELINV,BE,,,,,WELSPUN INV & COMM LTD,2352.00,2352.00,2352.00,2352.00,2352.00,2400.00,,2312.00,,,4,9408.00,4,F1,1,,,,,
2026-10-08,2026-10-08,CM,NSE,STK,11253,INE192B01031,WELSPUNLIV,EQ,,,,,WELSPUN LIVING LIMITED,236.21,236.94,223.15,225.07,226.00,235.86,,225.07,,,2311267,527140347.93,30574,F1,1,,,,,
2026-10-08,2026-10-08,CM,NSE,STK,762971,INE731F01037,WELSPLSOL,EQ,,,,,WELSPUN SPECIALTY SOL L,51.60,51.60,48.61,48.92,48.90,51.31,,48.93,,,726399,36144363.54,3332,F1,1,,,,,
2026-10-08,2026-10-08,CM,NSE,STK,4235,INE274C01019,WENDT,EQ,,,,,WENDT (INDIA) LIMITED,7991.00,7995.50,7671.00,7712.00,7719.00,7991.00,,7711.86,,,10076,78389252.50,3096,F1,1,,,,,
2026-10-08,2026-10-08,CM,NSE,STK,3799,INE976A01021,WSTCSTPAPR,EQ,,,,,WEST COAST PAPER MILLS LT,734.95,734.95,708.60,713.10,715.00,732.30,,713.43,,,118388,84916431.60,6421,F1,1,,,,,
2026-10-08,2026-10-08,CM,NSE,STK,25403,INE0CJF01024,WCIL,EQ,,,,,WESTERN CARRIERS (IND) L,92.10,93.74,91.32,93.30,93.74,92.54,,93.29,,,204979,18963797.31,2730,F1,1,,,,,
2026-10-08,2026-10-08,CM,NSE,STK,11580,INE274F01020,WESTLIFE,EQ,,,,,WESTLIFE FOODWORLD LTD,586.40,592.60,570.35,577.20,570.60,586.40,,577.26,,,93935,54627955.85,7158,F1,1,,,,,
2026-10-08,2026-10-08,CM,NSE,STK,759434,INE085001019,WEWORK,EQ,,,,,WEWORK INDIA MANAGEMENT L,665.00,678.80,653.20,664.10,671.15,673.15,,664.07,,,188645,124563296.05,18705,F1,1,,,,,
2026-10-08,2026-10-08,CM,NSE,STK,3766,INE715A01015,WHEELS,EQ,,,,,WHEELS INDIA LTD,2318.10,2345.90,2162.10,2208.20,2180.00,2283.90,,2208.07,,,246531,552354360.90,23224,F1,1,,,,,
2026-10-08,2026-10-08,CM,NSE,STK,18011,INE716A01013,WHIRLPOOL,EQ,,,,,WHIRLPOOL OF INDIA LTD,842.00,847.30,806.20,823.15,823.05,845.50,,823.15,,,426408,351332970.85,25285,F1,1,,,,,
2026-10-08,2026-10-08,CM,NSE,STK,3772,INE210A01017,WILLAMAGOR,EQ,,,,,WILLIAMSON MAGOR,21.74,22.07,19.60,19.91,19.60,21.63,,19.90,,,10148,203850.50,162,F1,1,,,,,
2026-10-08,2026-10-08,CM,NSE,STK,5366,INE0H5O01029,WINDLAS,EQ,,,,,WINDLAS BIOTECH LIMITED,1018.40,1024.50,979.60,991.60,999.20,1022.00,,991.61,,,122795,121825694.10,8653,F1,1,,,,,
2026-10-08,2026-10-08,CM,NSE,STK,24969,INE052A01021,WINDMACHIN,EQ,,,,,WINDSOR MACHINES LIMITED,303.00,303.00,286.10,288.10,289.80,303.05,,288.18,,,60638,17783535.90,2310,F1,1,,,,,
2026-10-08,2026-10-08,CM,NSE,STK,3787,INE075A01022,WIPRO,EQ,,,,,WIPRO LTD,159.55,162.21,158.38,158.38,158.38,159.60,,158.38,,,19938747,3199044811.95,95509,F1,1,,,,,
2026-10-08,2026-10-08,CM,NSE,STK,22725,INE623Y01011,WTICAB,SM,,,,,WISE TRAVEL INDIA LIMITED,98.00,98.00,95.20,96.65,95.25,96.50,,96.65,,,10500,1014025.00,18,F1,500,,,,,
2026-10-08,2026-10-08,CM,NSE,STK,7506,INE049B01025,WOCKPHARMA,EQ,,,,,WOCKHARDT LIMITED,2150.40,2159.80,2019.00,2029.60,2024.00,2150.40,,2029.63,,,769434,1588137015.00,55105,F1,1,,,,,
2026-10-08,2026-10-08,CM,NSE,STK,25602,INE0OO201011,WOL3D,SM,,,,,WOL 3D INDIA LIMITED,137.00,137.00,137.00,137.00,137.00,140.00,,137.00,,,2000,274000.00,2,F1,1000,,,,,
2026-10-08,2026-10-08,CM,NSE,STK,19632,INE0Q9601016,WOMANCART,ST,,,,,WOMANCART LIMITED,91.90,91.90,87.35,88.10,87.35,91.10,,88.10,,,10800,968480.00,24,F1,400,,,,,
2026-10-08,2026-10-08,CM,NSE,STK,7835,INE02WG01024,WEL,EQ,,,,,WONDER ELECTRICALS LTD,74.96,77.15,74.51,75.25,75.60,74.96,,75.25,,,516439,39225389.75,2611,F1,1,,,,,
2026-10-08,2026-10-08,CM,NSE,STK,3002,INE066O01014,WONDERLA,EQ,,,,,WONDERLA HOLIDAYS LTD.,524.70,526.95,508.10,509.45,508.10,519.60,,509.46,,,91227,47169945.20,6058,F1,1,,,,,
2026-10-08,2026-10-08,CM,NSE,STK,22277,INE196Y01018,WORTHPERI,EQ,,,,,WORTH PERIPHERALS LIMITED,140.02,141.99,134.20,137.18,137.10,143.26,,137.18,,,17832,2477684.16,340,F1,1,,,,,
2026-10-08,2026-10-08,CM,NSE,STK,11705,INE692G01013,XCHANGING,EQ,,,,,XCHANGING SOLUTIONS LTD,61.04,61.55,58.85,58.96,59.45,61.04,,58.97,,,59015,3520810.51,1206,F1,1,,,,,
2026-10-08,2026-10-08,CM,NSE,STK,8477,INE01P501012,XELPMOC,EQ,,,,,XELPMOC DESIGN & TECH LTD,91.32,94.20,87.51,90.39,90.50,91.32,,90.39,,,12486,1133780.66,447,F1,1,,,,,
2026-10-08,2026-10-08,CM,NSE,STK,11407,INE445C01015,XPROINDIA,EQ,,,,,XPRO INDIA LIMITED,1131.20,1131.20,1076.80,1088.10,1100.00,1130.00,,1088.25,,,38489,42338413.10,4324,F1,1,,,,,
2026-10-08,2026-10-08,CM,NSE,STK,25235,INE547B01028,XTGLOBAL,EQ,,,,,XTGLOBAL INFOTECH LIMITED,27.27,27.55,26.75,26.85,26.80,27.20,,26.83,,,23916,650449.61,203,F1,1,,,,,
2026-10-08,2026-10-08,CM,NSE,STK,764312,INE0NG701011,XTRANET,EQ,,,,,XTRANET TECHNOLOGIES LTD,307.70,307.70,287.55,287.60,287.55,302.65,,287.68,,,428654,125480193.70,7363,F1,1,,,,,
2026-10-08,2026-10-08,CM,NSE,STK,760870,INE0U0J01015,YAAP,SM,,,,,YAAP DIGITAL LIMITED,119.00,121.00,119.00,120.00,120.00,122.90,,120.00,,,8000,957000.00,7,F1,1000,,,,,
2026-10-08,2026-10-08,CM,NSE,STK,23451,INE0TO601017,YASHOPTICS,SM,,,,,YASH OPTICS & LENS LTD,126.20,126.20,125.00,125.00,125.00,130.00,,125.00,,,6400,804280.00,8,F1,800,,,,,
2026-10-08,2026-10-08,CM,NSE,STK,18131,INE616Z01012,YASHO,EQ,,,,,YASHO INDUSTRIES LIMITED,4350.00,4350.00,4094.70,4114.70,4125.00,4337.60,,4114.24,,,25520,106347726.80,6540,F1,1,,,,,
2026-10-08,2026-10-08,CM,NSE,STK,17627,INE08S201019,YCCL,SM,,,,,YASONS CHEMEX CARE LTD,8.15,8.15,8.15,8.15,8.15,8.15,,8.15,,,3000,24450.00,1,F1,3000,,,,,
2026-10-08,2026-10-08,CM,NSE,STK,17738,INE0JO301016,YATHARTH,EQ,,,,,YATHARTH HOSP & TRA C S L,1030.10,1034.40,1004.00,1014.20,1020.00,1032.70,,1014.24,,,210051,213840601.10,21387,F1,1,,,,,
2026-10-08,2026-10-08,CM,NSE,STK,18760,INE0JR601024,YATRA,EQ,,,,,YATRA ONLINE LIMITED,101.37,101.99,94.55,96.10,95.00,101.59,,96.11,,,930142,91127099.07,9372,F1,1,,,,,
2026-10-08,2026-10-08,CM,NSE,STK,11915,INE528G01035,YESBANK,EQ,,,,,YES BANK LIMITED,20.76,20.79,20.35,20.45,20.45,20.79,,20.45,,,62706430,1286929366.71,77171,F1,1,,,,,
2026-10-08,2026-10-08,CM,NSE,STK,765010,INE290E01011,YOGI,EQ,,,,,YOGI LTD.,162.00,162.00,156.00,156.35,159.99,161.86,,156.38,,,549,86040.99,13,F1,1,,,,,
2026-10-08,2026-10-08,CM,NSE,STK,18040,INE09FA01019,YUDIZ,SM,,,,,YUDIZ SOLUTIONS LIMITED,22.95,22.95,21.75,21.75,21.75,22.85,,21.75,,,2400,53160.00,3,F1,800,,,,,
2026-10-08,2026-10-08,CM,NSE,STK,5501,INE384C01016,YUKEN,EQ,,,,,YUKEN INDIA LIMITED,1218.50,1222.80,1122.90,1135.30,1130.00,1216.50,,1135.30,,,35706,41588947.90,3351,F1,1,,,,,
2026-10-08,2026-10-08,CM,NSE,STK,4229,INE116C01012,ZFSTEERING,EQ,,,,,Z F STEERING GEAR (I) LTD,690.00,701.60,674.00,683.10,684.00,691.70,,683.10,,,2385,1625071.75,232,F1,1,,,,,
2026-10-08,2026-10-08,CM,NSE,STK,23976,INE0ISZ01012,ZTECH,SM,,,,,Z-TECH (INDIA) LIMITED,471.00,478.50,460.00,466.00,466.00,471.50,,466.00,,,6600,3100950.00,22,F1,300,,,,,
2026-10-08,2026-10-08,CM,NSE,STK,18608,INE07K301024,ZAGGLE,EQ,,,,,ZAGGLE PREPA OCEAN SER L,172.00,172.88,165.92,166.43,166.02,172.22,,166.43,,,856733,144281967.30,13473,F1,1,,,,,
2026-10-08,2026-10-08,CM,NSE,STK,17766,INE0PPS01018,ZEAL,SM,,,,,ZEAL GLOBAL SERVICES LTD,68.50,72.65,68.50,71.20,71.20,70.70,,71.20,,,11400,789270.00,7,F1,600,,,,,
2026-10-08,2026-10-08,CM,NSE,STK,3812,INE256A01028,ZEEL,EQ,,,,,ZEE ENTERTAINMENT ENT LTD,70.70,71.93,68.10,68.37,68.48,70.12,,68.37,,,15515933,1085991700.10,59391,F1,1,,,,,
2026-10-08,2026-10-08,CM,NSE,STK,20852,INE565L01011,ZEELEARN,EQ,,,,,ZEE LEARN LIMITED,6.20,6.38,5.83,6.20,6.24,6.29,,6.23,,,368411,2244475.93,842,F1,1,,,,,
2026-10-08,2026-10-08,CM,NSE,STK,14003,INE966H01019,ZEEMEDIA,EQ,,,,,ZEE MEDIA CORPORATION LTD,7.33,7.38,7.03,7.05,7.07,7.21,,7.05,,,2171245,15657944.58,2040,F1,1,,,,,
2026-10-08,2026-10-08,CM,NSE,STK,7508,INE251B01027,ZENTEC,EQ,,,,,ZEN TECHNOLOGIES LIMITED,1581.00,1619.00,1479.20,1514.20,1515.60,1580.20,,1514.11,,,587778,888609861.30,49187,F1,1,,,,,
2026-10-08,2026-10-08,CM,NSE,STK,22803,INE0QWN01013,ZENITHDRUG,SM,,,,,ZENITH DRUGS LIMITED,42.25,43.50,40.80,41.40,40.80,42.15,,41.40,,,8000,335000.00,9,F1,800,,,,,
2026-10-08,2026-10-08,CM,NSE,STK,4176,INE058B01018,ZENITHEXPO,EQ,,,,,ZENITH EXPORTS LTD,188.00,188.00,177.50,180.05,182.00,186.63,,180.05,,,62,11573.50,9,F1,1,,,,,
2026-10-08,2026-10-08,CM,NSE,STK,14562,INE318D01020,ZENITHSTL,EQ,,,,,ZENITH STEEL PIP IND LTD,5.32,5.32,5.10,5.11,5.14,5.28,,5.11,,,29243,151770.32,125,F1,1,,,,,
2026-10-08,2026-10-08,CM,NSE,STK,1076,INE520A01027,ZENSARTECH,EQ,,,,,ZENSAR TECHNOLOGIES  LTD,444.50,456.80,439.90,441.80,440.00,439.30,,441.80,,,2373992,1067394948.85,65687,F1,1,,,,,
2026-10-08,2026-10-08,CM,NSE,STK,22901,INF0R8F01042,GOLDCASE,EQ,,,,,ZERODHAAMC - GOLDCASE,23.15,23.15,22.98,23.01,23.04,23.05,,23.01,,,14046361,323805013.04,10145,F1,1,,,,,
2026-10-08,2026-10-08,CM,NSE,STK,21750,INF0R8F01034,LIQUIDCASE,EQ,,,,,ZERODHAAMC - LIQUIDCASE,116.26,116.28,116.26,116.27,116.28,116.25,,116.27,,,17621757,2048897612.71,12150,F1,1,,,,,
2026-10-08,2026-10-08,CM,NSE,STK,758705,INF0R8F01133,LTGILTCASE,EQ,,,,,ZERODHAAMC - LTGILTCASE,30.66,30.66,29.97,30.01,30.04,30.06,,30.01,,,426767,12818374.34,373,F1,1,,,,,
2026-10-08,2026-10-08,CM,NSE,STK,24077,INF0R8F01059,MID150CASE,EQ,,,,,ZERODHAAMC - MID150CASE,11.07,11.07,10.73,10.75,10.80,11.02,,10.75,,,1581075,17126871.17,4718,F1,1,,,,,
2026-10-08,2026-10-08,CM,NSE,STK,759302,INF0R8F01166,NIFTYCASE,EQ,,,,,ZERODHAAMC - NIFTYCASE,9.16,9.16,8.93,8.96,8.98,9.09,,8.96,,,2153640,19343861.32,3785,F1,1,,,,,
2026-10-08,2026-10-08,CM,NSE,STK,30274,INF0R8F01091,SILVERCASE,EQ,,,,,ZERODHAAMC - SILVERCASE,22.12,22.17,21.77,21.81,21.84,22.14,,21.81,,,5342528,117126223.36,7655,F1,1,,,,,
2026-10-08,2026-10-08,CM,NSE,STK,758955,INF0R8F01141,SML100CASE,EQ,,,,,ZERODHAAMC - SML100CASE,11.07,11.11,10.79,10.81,10.84,11.06,,10.81,,,1624872,17670012.03,2418,F1,1,,,,,
2026-10-08,2026-10-08,CM,NSE,STK,24081,INF0R8F01067,TOP100CASE,EQ,,,,,ZERODHAAMC - TOP100CASE,10.02,10.02,9.75,9.80,9.84,9.97,,9.80,,,1069570,10526863.13,2069,F1,1,,,,,
2026-10-08,2026-10-08,CM,NSE,STK,16915,INE342J01019,ZFCVINDIA,EQ,,,,,ZF COM VE CTR SYS IND LTD,2172.00,2172.00,2081.00,2116.20,2081.00,2172.20,,2116.15,,,87649,186730355.70,15827,F1,1,,,,,
2026-10-08,2026-10-08,CM,NSE,STK,12384,INE518E01015,ZIMLAB,EQ,,,,,ZIM LABORATORIES LIMITED,149.69,149.69,140.10,140.53,141.00,146.61,,140.54,,,105008,15020030.38,2462,F1,1,,,,,
2026-10-08,2026-10-08,CM,NSE,STK,3821,INE206B01013,ZODIACLOTH,EQ,,,,,ZODIAC CLOTHING CO. LTD.,67.71,67.71,65.81,66.19,66.13,67.71,,66.19,,,8042,532384.63,246,F1,1,,,,,
2026-10-08,2026-10-08,CM,NSE,STK,7129,INE761Y01019,ZODIAC,EQ,,,,,ZODIAC ENERGY LIMITED,223.00,223.00,205.00,207.20,205.00,214.34,,207.21,,,12285,2587706.91,852,F1,1,,,,,
2026-10-08,2026-10-08,CM,NSE,STK,11394,INE358U01012,ZOTA,EQ,,,,,ZOTA HEALTH CARE LIMITED,1336.00,1356.10,1303.70,1322.40,1324.60,1342.10,,1322.40,,,71414,94913300.60,6194,F1,1,,,,,
2026-10-08,2026-10-08,CM,NSE,STK,29050,INE840M01016,ZUARI,EQ,,,,,ZUARI AGRO CHEMICALS LTD,216.10,216.11,206.05,208.18,211.00,216.19,,208.17,,,92293,19358763.99,2603,F1,1,,,,,
2026-10-08,2026-10-08,CM,NSE,STK,3827,INE217A01012,ZUARIIND,EQ,,,,,ZUARI INDUSTRIES LIMITED,283.55,283.55,267.10,268.70,267.10,281.45,,268.79,,,60511,16474659.60,2683,F1,1,,,,,
2026-10-08,2026-10-08,CM,NSE,STK,7929,INE010B01027,ZYDUSLIFE,EQ,,,,,ZYDUS LIFESCIENCES LTD,1165.00,1166.90,1109.10,1112.00,1112.00,1153.00,,1112.06,,,1746342,1961519326.60,55036,F1,1,,,,,
2026-10-08,2026-10-08,CM,NSE,STK,17635,INE768C01028,ZYDUSWELL,EQ,,,,,ZYDUS WELLNESS LIMITED,503.65,507.55,492.50,495.80,497.70,507.55,,495.78,,,91265,45452921.70,11766,F1,1,,,,,
