TradDt,BizDt,Sgmt,Src,FinInstrmTp,FinInstrmId,ISIN,TckrSymb,SctySrs,XpryDt,FininstrmActlXpryDt,StrkPric,OptnTp,FinInstrmNm,OpnPric,HghPric,LwPric,ClsPric,LastPric,PrvsClsgPric,UndrlygPric,SttlmPric,OpnIntrst,ChngInOpnIntrst,TtlTradgVol,TtlTrfVal,TtlNbOfTxsExctd,SsnId,NewBrdLotQty,Rmks,Rsvd1,Rsvd2,Rsvd3,Rsvd4
2026-10-05,2026-10-05,CM,NSE,STK,19078,IN0020200104,SGBJUN28,GB,,,,,2.5%GOLDBONDS2028SR-III,14739.50,14740.00,14610.01,14737.03,14740.00,14739.50,,14737.03,,,155,2279973.61,14,F1,1,,,,,
2026-10-05,2026-10-05,CM,NSE,STK,1342,IN0020200286,SGBN28VIII,GB,,,,,2.5%GOLDBONDS2028SR-VIII,14735.00,14755.00,14686.00,14710.01,14710.01,14735.00,,14725.00,,,186,2736450.16,35,F1,1,,,,,
2026-10-05,2026-10-05,CM,NSE,STK,3742,IN0020210053,SGBMAY29I,GB,,,,,2.5%GOLDBONDS2029SR-I,14756.89,14800.01,14700.00,14742.14,14735.05,14756.89,,14742.14,,,947,13974303.74,143,F1,1,,,,,
2026-10-05,2026-10-05,CM,NSE,STK,3743,IN0020210061,SGBJUN29II,GB,,,,,2.5%GOLDBONDS2029SR-II,14631.51,14740.00,14631.51,14725.66,14725.00,14740.00,,14725.66,,,72,1060483.51,22,F1,1,,,,,
2026-10-05,2026-10-05,CM,NSE,STK,3800,IN0020210087,SGBJU29III,GB,,,,,2.5%GOLDBONDS2029SR-III,14750.00,14760.00,14750.00,14750.10,14750.10,14756.35,,14750.10,,,160,2360079.10,26,F1,1,,,,,
2026-10-05,2026-10-05,CM,NSE,STK,5575,IN0020210145,SGBSEP29VI,GB,,,,,2.5%GOLDBONDS2029SR-VI,14656.00,14800.00,14655.01,14690.83,14660.02,14782.06,,14690.75,,,735,10809807.63,119,F1,1,,,,,
2026-10-05,2026-10-05,CM,NSE,STK,6518,IN0020210178,SGBNV29VII,GB,,,,,2.5%GOLDBONDS2029SR-VII,14701.00,14795.00,14701.00,14733.11,14725.01,14762.00,,14733.11,,,328,4832132.01,57,F1,1,,,,,
2026-10-05,2026-10-05,CM,NSE,STK,5960,IN0020180249,SGBOCT26,GB,,,,,2.50%GOLDBONDS2026SR-II,14650.00,14780.00,14650.00,14780.00,14780.00,14830.00,,14780.00,,,35,516105.30,5,F1,1,,,,,
2026-10-05,2026-10-05,CM,NSE,STK,7654,IN0020180389,SGBDEC26,GB,,,,,2.50%GOLDBONDS2026SR-IV,14660.00,14660.00,14660.00,14660.00,14660.00,14702.00,,14660.00,,,1,14660.00,1,F1,1,,,,,
2026-10-05,2026-10-05,CM,NSE,STK,10261,IN0020190073,SGBJUN27,GB,,,,,2.50%GOLDBONDS2027SR-I,14625.00,14625.00,14625.00,14625.00,14625.00,14789.98,,14625.00,,,5,73125.00,1,F1,1,,,,,
2026-10-05,2026-10-05,CM,NSE,STK,11154,IN0020190081,SGBJUL27,GB,,,,,2.50%GOLDBONDS2027SR-II,14702.74,14702.74,14702.74,14702.74,14702.74,14702.74,,14708.87,,,1,14702.74,1,F1,1,,,,,
2026-10-05,2026-10-05,CM,NSE,STK,12904,IN0020190107,SGBAUG27,GB,,,,,2.50%GOLDBONDS2027SR-III,14863.97,14863.97,14650.21,14695.25,14715.00,14716.81,,14704.00,,,48,706759.29,20,F1,1,,,,,
2026-10-05,2026-10-05,CM,NSE,STK,13209,IN0020190115,SGBSEP27,GB,,,,,2.50%GOLDBONDS2027SR-IV,14700.00,14700.00,14560.00,14700.00,14700.00,14699.00,,14700.00,,,17,249479.97,5,F1,1,,,,,
2026-10-05,2026-10-05,CM,NSE,STK,8766,IN0020180561,SGBFEB27,GB,,,,,2.50%GOLDBONDS2027SR-VI,14515.00,14699.00,14511.00,14635.00,14649.00,14897.39,,14635.00,,,11,160805.00,7,F1,1,,,,,
2026-10-05,2026-10-05,CM,NSE,STK,14252,IN0020190388,SGBOCT27VI,GB,,,,,2.50%GOLDBONDS2027SR-VI,14700.00,14775.01,14700.00,14760.00,14760.00,14700.00,,14760.00,,,18,265470.04,8,F1,1,,,,,
2026-10-05,2026-10-05,CM,NSE,STK,15432,IN0020190461,SGBDC27VII,GB,,,,,2.50%GOLDBONDS2027SR-VII,14750.00,14750.00,14700.00,14710.00,14710.00,14758.33,,14745.00,,,4,58910.00,3,F1,1,,,,,
2026-10-05,2026-10-05,CM,NSE,STK,18862,IN0020200062,SGBAPR28I,GB,,,,,2.50%GOLDBONDS2028SR-I,14702.00,14799.99,14699.99,14782.34,14799.99,14772.39,,14790.40,,,110,1622790.67,35,F1,1,,,,,
2026-10-05,2026-10-05,CM,NSE,STK,18972,IN0020200088,SGBMAY28,GB,,,,,2.50%GOLDBONDS2028SR-II,14769.99,14769.99,14690.00,14714.73,14700.07,14769.99,,14714.73,,,89,1309050.62,24,F1,1,,,,,
2026-10-05,2026-10-05,CM,NSE,STK,22242,IN0020200146,SGBJUL28IV,GB,,,,,2.50%GOLDBONDS2028SR-IV,14700.00,14749.99,14612.00,14681.90,14690.00,14677.68,,14681.90,,,148,2172217.38,40,F1,1,,,,,
2026-10-05,2026-10-05,CM,NSE,STK,17664,IN0020190545,SGBFEB28IX,GB,,,,,2.50%GOLDBONDS2028SR-IX,14719.00,14719.00,14719.00,14719.00,14719.00,14718.90,,14743.74,,,1,14719.00,1,F1,1,,,,,
2026-10-05,2026-10-05,CM,NSE,STK,22385,IN0020200161,SGBAUG28V,GB,,,,,2.50%GOLDBONDS2028SR-V,14760.00,14818.99,14660.00,14701.90,14700.00,14759.75,,14702.01,,,615,9035576.33,179,F1,1,,,,,
2026-10-05,2026-10-05,CM,NSE,STK,149,IN0020200195,SGBSEP28VI,GB,,,,,2.50%GOLDBONDS2028SR-VI,14610.01,14975.00,14599.03,14667.31,14670.02,14672.39,,14667.31,,,123,1806183.60,53,F1,1,,,,,
2026-10-05,2026-10-05,CM,NSE,STK,834,IN0020200203,SGBOC28VII,GB,,,,,2.50%GOLDBONDS2028SR-VII,14750.00,14849.99,14700.00,14735.01,14735.01,14740.00,,14735.01,,,171,2519792.00,22,F1,1,,,,,
2026-10-05,2026-10-05,CM,NSE,STK,18451,IN0020190552,SGBMAR28X,GB,,,,,2.50%GOLDBONDS2028SR-X,14676.00,14700.90,14676.00,14700.90,14700.90,14676.00,,14700.90,,,70,1027369.80,8,F1,1,,,,,
2026-10-05,2026-10-05,CM,NSE,STK,5113,IN0020210111,SGBJUL29IV,GB,,,,,2.50%GOLDBONDS2029SR-IV,14729.44,14800.00,14666.00,14786.30,14800.00,14729.44,,14786.30,,,83,1221889.31,38,F1,1,,,,,
2026-10-05,2026-10-05,CM,NSE,STK,1920,IN0020200377,SGBJAN29IX,GB,,,,,2.50%GOLDBONDS2029SR-IX,14610.01,14799.00,14610.01,14697.89,14690.00,14742.54,,14697.89,,,263,3866674.61,45,F1,1,,,,,
2026-10-05,2026-10-05,CM,NSE,STK,5455,IN0020210129,SGBAUG29V,GB,,,,,2.50%GOLDBONDS2029SR-V,14850.00,14850.00,14661.00,14729.12,14730.00,14730.55,,14719.56,,,251,3698148.70,110,F1,1,,,,,
2026-10-05,2026-10-05,CM,NSE,STK,7098,IN0020210228,SGBD29VIII,GB,,,,,2.50%GOLDBONDS2029SR-VIII,14999.00,14999.00,14730.00,14757.87,14730.00,14772.60,,14762.44,,,252,3724436.86,84,F1,1,,,,,
2026-10-05,2026-10-05,CM,NSE,STK,2003,IN0020200385,SGBJAN29X,GB,,,,,2.50%GOLDBONDS2029SR-X,14750.00,14750.00,14612.00,14681.20,14700.00,14750.00,,14657.62,,,109,1599284.02,27,F1,1,,,,,
2026-10-05,2026-10-05,CM,NSE,STK,2200,IN0020200393,SGBFEB29XI,GB,,,,,2.50%GOLDBONDS2029SR-XI,14610.01,14729.90,14610.01,14728.43,14728.43,14866.00,,14728.43,,,47,690679.05,20,F1,1,,,,,
2026-10-05,2026-10-05,CM,NSE,STK,2810,IN0020200427,SGBMR29XII,GB,,,,,2.50%GOLDBONDS2029SR-XII,14850.00,14860.00,14645.01,14673.92,14662.00,14780.96,,14692.95,,,46,678867.45,23,F1,1,,,,,
2026-10-05,2026-10-05,CM,NSE,STK,10232,IN0020220045,SGBJUN30,GB,,,,,2.50%GOLDBONDS2030SR-I,14810.01,14999.00,14807.87,14839.99,14939.00,14807.87,,14840.49,,,62,922941.06,24,F1,1,,,,,
2026-10-05,2026-10-05,CM,NSE,STK,11192,IN0020220078,SGBAUG30,GB,,,,,2.50%GOLDBONDS2030SR-II,15149.00,15179.50,14810.01,14846.59,14815.00,14881.82,,14844.68,,,167,2495655.17,64,F1,1,,,,,
2026-10-05,2026-10-05,CM,NSE,STK,13642,IN0020220110,SGBDE30III,GB,,,,,2.50%GOLDBONDS2030SR-III,14934.90,15098.97,14811.01,14947.81,14925.01,15009.95,,14953.28,,,124,1856071.51,48,F1,1,,,,,
2026-10-05,2026-10-05,CM,NSE,STK,7879,IN0020210236,SGBJAN30IX,GB,,,,,2.50%GOLDBONDS2030SR-IX,14950.00,14950.00,14711.11,14829.34,14800.00,14950.00,,14832.18,,,107,1582629.66,45,F1,1,,,,,
2026-10-05,2026-10-05,CM,NSE,STK,8401,IN0020210319,SGBMAR30X,GB,,,,,2.50%GOLDBONDS2030SR-X,14981.00,14981.00,14736.00,14839.80,14835.00,14981.00,,14839.80,,,69,1025593.10,16,F1,1,,,,,
2026-10-05,2026-10-05,CM,NSE,STK,17202,IN0020230069,SGBJUN31I,GB,,,,,2.50%GOLDBONDS2031SR-I,14973.59,15048.83,14930.00,15021.35,15039.00,15048.83,,15021.35,,,800,11994845.59,197,F1,1,,,,,
2026-10-05,2026-10-05,CM,NSE,STK,19456,IN0020230093,SGBSEP31II,GB,,,,,2.50%GOLDBONDS2031SR-II,15029.30,15275.00,14901.00,14979.66,15000.00,15029.30,,14979.66,,,1910,28542754.94,400,F1,1,,,,,
2026-10-05,2026-10-05,CM,NSE,STK,22476,IN0020230168,SGBDE31III,GB,,,,,2.50%GOLDBONDS2031SR-III,15061.66,15643.20,15030.00,15136.04,15150.00,15261.66,,15136.04,,,2452,37090106.64,431,F1,1,,,,,
2026-10-05,2026-10-05,CM,NSE,STK,14598,IN0020220169,SGBMAR31IV,GB,,,,,2.50%GOLDBONDS2031SR-IV,14928.97,15188.26,14838.00,14975.07,14925.00,15003.99,,14974.83,,,291,4348828.31,96,F1,1,,,,,
2026-10-05,2026-10-05,CM,NSE,STK,22886,IN0020230184,SGBFEB32IV,GB,,,,,2.50%GOLDBONDS2032SR-IV,15523.00,15747.70,15456.00,15508.46,15485.01,15576.52,,15503.54,,,1891,29382683.24,419,F1,1,,,,,
2026-10-05,2026-10-05,CM,NSE,STK,16921,INE144J01027,20MICRONS,EQ,,,,,20 MICRONS LTD,206.00,212.24,202.01,204.61,204.35,207.26,,204.63,,,80913,16697744.97,2881,F1,1,,,,,
2026-10-05,2026-10-05,CM,NSE,STK,4,INE253B01015,21STCENMGM,EQ,,,,,21ST CENTURY MGMT SERVICE,38.49,38.50,37.24,37.61,37.24,38.00,,37.61,,,5247,199218.02,39,F1,1,,,,,
2026-10-05,2026-10-05,CM,NSE,STK,13061,INE466L01038,360ONE,EQ,,,,,360 ONE WAM LIMITED,1033.60,1059.60,1033.30,1050.00,1050.00,1040.00,,1050.01,,,564932,592811216.30,67190,F1,1,,,,,
2026-10-05,2026-10-05,CM,NSE,STK,30105,INF579M01BB5,GOLD360,EQ,,,,,360ONEAMC - GOLD360,143.75,143.80,142.05,143.45,143.80,143.35,,143.76,,,9856,1408964.15,240,F1,1,,,,,
2026-10-05,2026-10-05,CM,NSE,STK,763602,INF579M01BP5,MSCI360,EQ,,,,,360ONEAMC - MSCI360,9.57,9.57,9.47,9.56,9.52,9.47,,9.67,,,2316,22098.19,30,F1,1,,,,,
2026-10-05,2026-10-05,CM,NSE,STK,756150,INF579M01BC3,SILVER360,EQ,,,,,360ONEAMC - SILVER360,216.97,218.57,215.05,217.71,218.05,214.83,,217.83,,,11578,2516365.14,365,F1,1,,,,,
2026-10-05,2026-10-05,CM,NSE,STK,762518,INE994E01018,3BBLACKBIO,EQ,,,,,3B BLACKBIO DX LTD.,1646.90,1734.00,1609.60,1624.70,1609.60,1646.80,,1625.30,,,14040,23495326.20,2297,F1,1,,,,,
2026-10-05,2026-10-05,CM,NSE,STK,6240,INE748C01038,3IINFOLTD,BE,,,,,3I INFOTECH LIMITED,22.40,22.90,22.16,22.62,22.75,22.45,,22.61,,,297520,6668862.30,582,F1,1,,,,,
2026-10-05,2026-10-05,CM,NSE,STK,474,INE470A01017,3MINDIA,EQ,,,,,3M INDIA LIMITED,30825.00,31170.00,30220.00,30400.00,30410.00,30795.00,,30399.83,,,2411,73784595.00,1555,F1,1,,,,,
2026-10-05,2026-10-05,CM,NSE,STK,2595,INE105C01023,3PLAND,EQ,,,,,3P LAND HOLDINGS LIMITED,30.51,31.72,30.11,30.48,30.50,31.12,,30.48,,,2359,72100.43,83,F1,1,,,,,
2026-10-05,2026-10-05,CM,NSE,STK,445,INE618L01018,5PAISA,EQ,,,,,5PAISA CAPITAL LIMITED,321.85,379.60,320.90,360.90,358.25,316.35,,360.89,,,2189848,794730257.65,59297,F1,1,,,,,
2026-10-05,2026-10-05,CM,NSE,STK,11868,INE111B01023,63MOONS,EQ,,,,,63 MOONS TECHNOLOGIES LTD,805.35,821.00,785.00,789.75,785.10,802.25,,789.82,,,141052,112926152.30,7429,F1,1,,,,,
2026-10-05,2026-10-05,CM,NSE,STK,29323,INE053F07579,734IRFC28,N4,,,,,7.34 NCD 19FEB28 TR1 SR2,1020.25,1020.25,1020.25,1020.25,1020.25,1039.65,,1020.25,,,108,110187.00,1,F1,1,,,,,
2026-10-05,2026-10-05,CM,NSE,STK,19974,INE134E07349,736PFCL28,N2,,,,,7.36% TAX FREE NCD,1075.00,1075.00,1074.95,1074.97,1074.95,1084.90,,1074.97,,,201,216069.95,3,F1,1,,,,,
2026-10-05,2026-10-05,CM,NSE,STK,19976,INE134E07588,760PFCL35,N3,,,,,7.60% TAX FREE NCD,1181.90,1181.99,1152.06,1152.06,1152.06,1205.74,,1152.06,,,350,409202.50,3,F1,1,,,,,
2026-10-05,2026-10-05,CM,NSE,STK,19928,INE031A07AO5,764HUDCO31,N8,,,,,7.64% TAX FREETRI SR2B,1129.00,1129.00,1129.00,1129.00,1129.00,1130.00,,1129.00,,,2,2258.00,1,F1,1,,,,,
2026-10-05,2026-10-05,CM,NSE,STK,19930,INE031A07AT4,769HUDCO31,N9,,,,,7.69% TAX FREETRII SR2B,1138.10,1138.95,1138.10,1138.90,1138.90,1139.00,,1138.90,,,85,96807.30,5,F1,1,,,,,
2026-10-05,2026-10-05,CM,NSE,STK,19924,INE020B07GH7,812REC27,NI,,,,,8.12/8.32% TAX FREE NCD,1034.70,1034.70,1026.04,1026.05,1026.05,1026.78,,1020.53,,,550,564820.85,9,F1,1,,,,,
2026-10-05,2026-10-05,CM,NSE,STK,31240,INE031A07840,82HUDCO27,N2,,,,,8.20 NCD05MAR27 FV 1000,1053.05,1060.00,1053.05,1055.00,1055.00,1054.00,,1057.50,,,3303,3482642.30,24,F1,1,,,,,
2026-10-05,2026-10-05,CM,NSE,STK,20022,INE134E07208,830PFCL27,N5,,,,,8.30% TAX FREE NCD,1004.00,1004.99,1003.74,1004.77,1004.79,1003.20,,1004.77,,,2166,2175741.48,56,F1,1,,,,,
2026-10-05,2026-10-05,CM,NSE,STK,186,INE906B07DE1,850NHAI29,N5,,,,,8.50% TAX FREE TR I S IIA,1111.00,1111.00,1111.00,1111.00,1111.00,1105.00,,1111.00,,,1,1111.00,1,F1,1,,,,,
2026-10-05,2026-10-05,CM,NSE,STK,19964,INE031A07915,851HUDCO28,NB,,,,,8.51% TAX FREETRI SR2A,1133.00,1133.00,1133.00,1133.00,1133.00,1133.00,,1133.00,,,100,113300.00,1,F1,1,,,,,
2026-10-05,2026-10-05,CM,NSE,STK,192,INE906B07DF8,875NHAI29,N6,,,,,8.75% TAX FREE TR I S IIB,1116.02,1126.80,1114.10,1118.26,1119.98,1115.13,,1118.38,,,2786,3110088.62,77,F1,1,,,,,
2026-10-05,2026-10-05,CM,NSE,STK,19968,INE031A07949,876HUDCO28,ND,,,,,8.76% TAX FREETRI SR2B,1059.99,1099.00,1057.00,1061.00,1061.00,1051.37,,1061.00,,,2941,3122062.55,38,F1,1,,,,,
2026-10-05,2026-10-05,CM,NSE,STK,31486,INE848E07559,879NHPC28,N5,,,,,8.79% SEC RED BOND S2B,1101.14,1102.27,1101.14,1102.27,1102.27,1098.04,,1103.14,,,511,563123.24,2,F1,1,,,,,
2026-10-05,2026-10-05,CM,NSE,STK,20058,INE787H07370,891IIFCL34,N4,,,,,8.91% TAX FREE NCD,1261.00,1261.00,1261.00,1261.00,1261.00,1259.18,,1261.00,,,155,195455.00,4,F1,1,,,,,
2026-10-05,2026-10-05,CM,NSE,STK,31768,INE733E07JJ9,891NTPC33,N6,,,,,8.91%S-R-NCD SERIES 3B,1282.05,1300.00,1282.05,1286.76,1286.00,1281.13,,1290.63,,,1047,1343210.20,16,F1,1,,,,,
2026-10-05,2026-10-05,CM,NSE,STK,31487,INE848E07567,892NHPC33,N6,,,,,8.92% SEC RED BOND S3B,1272.00,1294.00,1266.00,1266.00,1266.00,1253.55,,1267.44,,,171,217114.00,3,F1,1,,,,,
2026-10-05,2026-10-05,CM,NSE,STK,20028,INE134E07463,892PFCL33,N8,,,,,8.92% TAX FREE NCD,1293.00,1295.00,1287.00,1287.00,1287.00,1284.30,,1287.00,,,166,214762.00,3,F1,1,,,,,
2026-10-05,2026-10-05,CM,NSE,STK,19970,INE031A07AB2,901HUDCO34,NE,,,,,9.01% TAX FREETRII SR3B,1282.00,1288.00,1282.00,1285.00,1285.00,1275.75,,1288.99,,,2498,3209744.34,28,F1,1,,,,,
2026-10-05,2026-10-05,CM,NSE,STK,759130,INE08PH01015,ABCOTS,EQ,,,,,A B COTSPIN INDIA LIMITED,198.00,198.00,192.14,195.98,196.55,189.91,,195.98,,,2569,504119.31,121,F1,1,,,,,
2026-10-05,2026-10-05,CM,NSE,STK,27016,INE00YB01025,ABINFRA,BE,,,,,A B INFRABUILD LIMITED,12.56,12.75,12.25,12.35,12.36,12.56,,12.35,,,68896,852461.34,204,F1,1,,,,,
2026-10-05,2026-10-05,CM,NSE,STK,762528,INE850B01026,ABMKNO,EQ,,,,,A B M KNOWLEDGEWARE LTD.,176.00,176.00,165.20,165.85,165.25,168.07,,165.85,,,461,77262.04,32,F1,1,,,,,
2026-10-05,2026-10-05,CM,NSE,STK,762536,INE366C01021,ACSTECH,BE,,,,,A C S TECHNOLOGIES LTD.,77.60,77.60,76.30,76.30,76.30,77.85,,76.48,,,266469,20523220.30,314,F1,1,,,,,
2026-10-05,2026-10-05,CM,NSE,STK,15147,INE0O6N01012,AGUL,SM,,,,,A G UNIVERSAL LIMITED,43.50,43.50,43.50,43.50,43.50,45.75,,43.50,,,2000,87000.00,1,F1,2000,,,,,
2026-10-05,2026-10-05,CM,NSE,STK,762538,INE701G01012,AKCAPIT,EQ,,,,,A K CAPITAL SERVICES LTD.,1700.00,1748.60,1700.00,1746.70,1748.00,1714.10,,1746.70,,,598,1037919.20,52,F1,1,,,,,
2026-10-05,2026-10-05,CM,NSE,STK,766314,INE0OTC01025,AONESTEELS,EQ,,,,,A-ONE STEELS INDIA LTD,413.50,413.60,386.10,389.40,386.10,416.55,,389.30,,,831655,330347075.30,20575,F1,1,,,,,
2026-10-05,2026-10-05,CM,NSE,STK,20906,INE619I01012,A2ZINFRA,EQ,,,,,A2Z INFRA ENGINEERING LTD,14.40,14.88,13.67,13.76,13.67,14.38,,13.77,,,295238,4183800.89,1945,F1,1,,,,,
2026-10-05,2026-10-05,CM,NSE,STK,12533,INE0D0U01013,AAATECH,EQ,,,,,AAA TECHNOLOGIES LIMITED,96.00,103.80,93.20,95.44,95.20,92.74,,95.44,,,196936,19593087.94,4169,F1,1,,,,,
2026-10-05,2026-10-05,CM,NSE,STK,23729,INE883F01010,AADHARHFC,EQ,,,,,AADHAR HOUSING FINANCE L,450.95,455.70,449.05,453.70,453.60,448.40,,453.66,,,255416,115369433.45,16741,F1,1,,,,,
2026-10-05,2026-10-05,CM,NSE,STK,235,INE087Z01024,AAKASH,EQ,,,,,AAKASH EXPLORATION SER L,8.40,8.80,8.25,8.44,8.50,8.34,,8.44,,,73690,627851.47,404,F1,1,,,,,
2026-10-05,2026-10-05,CM,NSE,STK,758216,INE124401014,AARADHYA,ST,,,,,AARADHYA DISPOSAL INDUS L,121.00,128.65,121.00,128.65,128.65,123.05,,128.65,,,3600,444780.00,3,F1,1200,,,,,
2026-10-05,2026-10-05,CM,NSE,STK,5245,INE198H01019,AAREYDRUGS,EQ,,,,,AAREY DRUGS & PHARM LTD,104.02,106.51,100.50,104.07,104.03,103.85,,104.04,,,234591,24277050.82,2070,F1,1,,,,,
2026-10-05,2026-10-05,CM,NSE,STK,761824,INE750R01016,AARNAV,BE,,,,,AARNAV FASHIONS LIMITED,35.50,37.00,34.50,36.49,36.50,35.50,,36.47,,,36944,1341339.58,80,F1,1,,,,,
2026-10-05,2026-10-05,CM,NSE,STK,1030,INE721Z01010,AARON,EQ,,,,,AARON INDUSTRIES LIMITED,122.50,125.00,120.85,122.25,122.98,123.11,,122.25,,,4568,559184.88,203,F1,1,,,,,
2026-10-05,2026-10-05,CM,NSE,STK,17164,INE01C001026,AARTECH,BE,,,,,AARTECH SOLONICS LIMITED,48.13,48.13,47.10,47.30,47.15,47.92,,47.34,,,30889,1466791.28,183,F1,1,,,,,
2026-10-05,2026-10-05,CM,NSE,STK,4481,INE767A01016,AARTIDRUGS,EQ,,,,,AARTI DRUGS LTD.,424.90,425.35,413.60,415.00,414.50,421.00,,415.01,,,123549,51720552.25,4911,F1,1,,,,,
2026-10-05,2026-10-05,CM,NSE,STK,7,INE769A01020,AARTIIND,EQ,,,,,AARTI INDUSTRIES LTD,469.00,475.80,459.55,470.85,472.65,465.10,,470.84,,,561260,261962970.85,24069,F1,1,,,,,
2026-10-05,2026-10-05,CM,NSE,STK,13868,INE0LRU01027,AARTIPHARM,EQ,,,,,AARTI PHARMALABS LIMITED,981.00,991.80,940.55,946.60,946.70,968.50,,946.61,,,629798,602941084.85,38027,F1,1,,,,,
2026-10-05,2026-10-05,CM,NSE,STK,19263,INE09EO01013,AARTISURF,BE,,,,,AARTI SURFACTANTS LIMITED,499.95,505.00,492.00,493.00,492.00,498.50,,493.00,,,4398,2182871.20,180,F1,1,,,,,
2026-10-05,2026-10-05,CM,NSE,STK,19073,INE754X01016,AARVI,EQ,,,,,AARVI ENCON LIMITED,136.51,138.00,133.52,135.18,135.05,137.12,,135.16,,,8409,1136467.70,177,F1,1,,,,,
2026-10-05,2026-10-05,CM,NSE,STK,763800,INE2FMX01012,AASTHA,EQ,,,,,AASTHA SPINTEX LIMITED,31.70,32.53,30.83,30.83,30.83,32.45,,30.84,,,563310,17516265.36,3037,F1,1,,,,,
2026-10-05,2026-10-05,CM,NSE,STK,16961,INE0OB201016,AATMAJ,SM,,,,,AATMAJ HEALTHCARE LIMITED,20.25,23.05,20.25,21.95,21.95,20.00,,21.95,,,34000,760200.00,15,F1,2000,,,,,
2026-10-05,2026-10-05,CM,NSE,STK,5385,INE216P01012,AAVAS,EQ,,,,,AAVAS FINANCIERS LIMITED,1195.50,1234.70,1192.60,1219.50,1212.00,1190.90,,1219.27,,,229879,282491299.40,11565,F1,1,,,,,
2026-10-05,2026-10-05,CM,NSE,STK,7759,INE421A01028,ABAN,BE,,,,,ABAN OFFSHORE LTD.,16.12,16.12,16.12,16.12,16.12,15.36,,16.12,,,18844,303765.28,86,F1,1,,,,,
2026-10-05,2026-10-05,CM,NSE,STK,762523,INE365O01028,ABANSENT,EQ,,,,,ABANS ENTERPRISES LTD.,27.78,28.28,26.60,27.11,27.88,27.60,,27.22,,,3718,102312.88,118,F1,1,,,,,
2026-10-05,2026-10-05,CM,NSE,STK,13288,INE00ZE01026,AFSL,EQ,,,,,ABANS FINANCIAL SRVCS LTD,201.00,201.95,201.00,201.00,201.00,201.00,,201.00,,,6118,1229995.70,49,F1,1,,,,,
2026-10-05,2026-10-05,CM,NSE,STK,13,INE117A01022,ABB,EQ,,,,,ABB INDIA LIMITED,6950.00,6981.00,6846.50,6895.00,6895.00,6900.00,,6894.98,,,157334,1086841049.50,28656,F1,1,,,,,
2026-10-05,2026-10-05,CM,NSE,STK,17903,INE358A01014,ABBOTINDIA,EQ,,,,,ABBOTT INDIA LIMITED,26705.00,26840.00,26030.00,26240.00,26345.00,26840.00,,26247.96,,,5773,151795795.00,3386,F1,1,,,,,
2026-10-05,2026-10-05,CM,NSE,STK,755944,INE860H07IT4,805ABCL28,N5,,,,,ABCL 8.05% SR III,1009.70,1009.70,1007.50,1007.99,1007.99,1007.99,,1007.99,,,153,154210.20,6,F1,1,,,,,
2026-10-05,2026-10-05,CM,NSE,STK,765463,INE1R2M01019,ABH,SM,,,,,ABH HEALTHCARE LIMITED,42.00,43.50,42.00,43.50,43.50,41.45,,43.50,,,28800,1249800.00,23,F1,1200,,,,,
2026-10-05,2026-10-05,CM,NSE,STK,27284,INE0UYG01015,ABHAPOWER,SM,,,,,ABHA POWER N STEEL LTD,24.00,24.00,22.90,23.05,23.05,23.85,,23.05,,,4800,111920.00,3,F1,1600,,,,,
2026-10-05,2026-10-05,CM,NSE,STK,5551,INE251C01025,ABMINTLLTD,BE,,,,,ABM INTERNATIONAL LTD,44.07,45.00,44.07,45.00,45.00,45.20,,45.00,,,278,12487.16,15,F1,1,,,,,
2026-10-05,2026-10-05,CM,NSE,STK,23783,INE0QRV01016,ABSMARINE,SM,,,,,ABS MARINE SERVICES LTD,330.00,342.00,320.00,327.05,325.00,330.70,,327.05,,,48000,15748675.00,93,F1,500,,,,,
2026-10-05,2026-10-05,CM,NSE,STK,22,INE012A01025,ACC,EQ,,,,,ACC LIMITED,1189.00,1199.40,1174.60,1184.40,1183.00,1182.80,,1184.38,,,85873,101806142.90,10484,F1,1,,,,,
2026-10-05,2026-10-05,CM,NSE,STK,7053,INE793A01012,ACCELYA,EQ,,,,,ACCELYA SOLN INDIA LTD,1110.00,1130.00,1096.40,1105.30,1105.00,1094.20,,1105.27,,,45159,50255093.80,3618,F1,1,,,,,
2026-10-05,2026-10-05,CM,NSE,STK,20488,INE0Q5D01013,ACCENTMIC,SM,,,,,ACCENT MICROCELL LIMITED,660.00,675.00,657.50,662.90,659.50,669.90,,662.90,,,20500,13618400.00,37,F1,500,,,,,
2026-10-05,2026-10-05,CM,NSE,STK,757024,INE0T8T01010,ACCPL,ST,,,,,ACCRETION PHARMA LIMITED,195.05,195.05,193.15,194.05,193.15,203.30,,194.05,,,34800,6731400.00,21,F1,1200,,,,,
2026-10-05,2026-10-05,CM,NSE,STK,1465,INE648Z01023,ACCURACY,EQ,,,,,ACCURACY SHIPPING LIMITED,4.19,4.23,4.06,4.15,4.15,4.13,,4.15,,,106900,447002.77,254,F1,1,,,,,
2026-10-05,2026-10-05,CM,NSE,STK,11779,INE543V01017,ACEINTEG,EQ,,,,,ACE INTEGRATED SOLU. LTD.,17.14,17.14,16.20,16.53,16.70,17.14,,16.53,,,1669,27370.80,74,F1,1,,,,,
2026-10-05,2026-10-05,CM,NSE,STK,761112,INE1J6M01010,ACETEC,SM,,,,,ACETECH E-COMMERCE LTD,140.00,140.00,140.00,140.00,140.00,140.00,,140.00,,,2400,336000.00,2,F1,1200,,,,,
2026-10-05,2026-10-05,CM,NSE,STK,766382,INE580P01029,ACEVECTOR,EQ,,,,,ACEVECTOR LIMITED,28.32,28.75,23.37,26.08,25.81,32.00,,26.08,,,114297844,2987565901.31,152137,F1,1,,,,,
2026-10-05,2026-10-05,CM,NSE,STK,27061,INE622W01025,ACMESOLAR,EQ,,,,,ACME SOLAR HOLDINGS LTD,434.75,440.00,423.50,427.65,427.90,432.55,,427.65,,,809545,348620933.80,37603,F1,1,,,,,
2026-10-05,2026-10-05,CM,NSE,STK,13587,INE731H01025,ACE,EQ,,,,,ACTION CONST EQUIP LTD,1210.00,1243.40,1203.00,1227.50,1227.20,1212.30,,1227.49,,,287382,353086478.50,29702,F1,1,,,,,
2026-10-05,2026-10-05,CM,NSE,STK,30464,INE0KLO01025,ACTIVEINFR,SM,,,,,ACTIVE INFRASTRUCTURES L,172.50,172.50,172.50,172.50,172.50,181.25,,172.50,,,600,103500.00,1,F1,600,,,,,
2026-10-05,2026-10-05,CM,NSE,STK,5578,INE00FF01025,ACUTAAS,EQ,,,,,ACUTAAS CHEMICALS LIMITED,3204.10,3228.10,3100.20,3122.20,3134.00,3196.50,,3122.11,,,274682,862510433.70,45529,F1,1,,,,,
2026-10-05,2026-10-05,CM,NSE,STK,10217,INE931S01010,ADANIENSOL,EQ,,,,,ADANI ENERGY SOLUTION LTD,1336.10,1377.80,1336.10,1353.40,1353.40,1326.40,,1353.37,,,2095376,2833548362.10,52835,F1,1,,,,,
2026-10-05,2026-10-05,CM,NSE,STK,25,INE423A01024,ADANIENT,EQ,,,,,ADANI ENTERPRISES LIMITED,2843.90,2890.90,2823.00,2864.00,2864.00,2816.80,,2863.76,,,1782260,5080720841.50,59017,F1,1,,,,,
2026-10-05,2026-10-05,CM,NSE,STK,3563,INE364U01010,ADANIGREEN,EQ,,,,,ADANI GREEN ENERGY LTD,1287.40,1303.50,1266.60,1284.00,1284.00,1276.10,,1283.37,,,1014292,1300993486.10,31039,F1,1,,,,,
2026-10-05,2026-10-05,CM,NSE,STK,15083,INE742F01042,ADANIPORTS,EQ,,,,,ADANI PORT & SEZ LTD,1769.90,1779.00,1737.80,1774.00,1774.00,1737.80,,1774.01,,,2792824,4911566462.80,60101,F1,1,,,,,
2026-10-05,2026-10-05,CM,NSE,STK,17388,INE814H01029,ADANIPOWER,EQ,,,,,ADANI POWER LTD,197.17,201.68,197.10,201.00,201.00,196.21,,201.00,,,19752263,3937677428.19,131298,F1,1,,,,,
2026-10-05,2026-10-05,CM,NSE,STK,6066,INE399L01023,ATGL,EQ,,,,,ADANI TOTAL GAS LIMITED,587.00,593.00,578.65,583.25,585.20,583.05,,583.15,,,509708,297957287.05,21633,F1,1,,,,,
2026-10-05,2026-10-05,CM,NSE,STK,764563,INE757C01021,ADDIND,EQ,,,,,ADDI INDUSTRIES LTD.,76.40,81.95,70.00,79.49,79.00,76.40,,79.15,,,901,66636.26,34,F1,1,,,,,
2026-10-05,2026-10-05,CM,NSE,STK,22471,INE0RDH01021,ADDICTIVE,ST,,,,,ADDICTIVE LEARNING TECH L,40.00,40.65,38.95,40.10,39.30,41.00,,40.10,,,19000,743475.00,15,F1,500,,,,,
2026-10-05,2026-10-05,CM,NSE,STK,19761,INE982B01027,ADFFOODS,EQ,,,,,ADF FOODS LIMITED,281.35,285.00,276.70,282.15,284.00,281.40,,282.16,,,145718,40966450.75,5097,F1,1,,,,,
2026-10-05,2026-10-05,CM,NSE,STK,763156,INE20PL01012,ADISOFT,SM,,,,,ADISOFT TECHNOLOGIES LTD,255.00,266.00,255.00,263.65,264.85,248.65,,263.65,,,155200,40108840.00,162,F1,800,,,,,
2026-10-05,2026-10-05,CM,NSE,STK,6018,INE404A01024,ABSLAMC,EQ,,,,,ADIT BIRL SUN LIF AMC LTD,985.00,1043.60,971.10,1028.55,1026.00,991.70,,1028.51,,,300672,307259781.90,32218,F1,1,,,,,
2026-10-05,2026-10-05,CM,NSE,STK,21614,INE674K01013,ABCAPITAL,EQ,,,,,ADITYA BIRLA CAPITAL LTD.,375.95,381.30,373.85,377.40,377.40,375.05,,377.40,,,1609846,606408751.55,29888,F1,1,,,,,
2026-10-05,2026-10-05,CM,NSE,STK,30108,INE647O01011,ABFRL,EQ,,,,,ADITYA BIRLA FASHION & RT,44.60,45.37,44.25,44.34,44.47,44.53,,44.34,,,3728699,166610456.57,16542,F1,1,,,,,
2026-10-05,2026-10-05,CM,NSE,STK,756843,INE14LE01019,ABLBL,EQ,,,,,ADITYA BIRLA LIFES BRAN L,75.50,75.50,72.20,73.37,73.50,74.44,,73.37,,,1522029,112197210.77,18004,F1,1,,,,,
2026-10-05,2026-10-05,CM,NSE,STK,15239,INE865C01022,BIRLAMONEY,EQ,,,,,ADITYA BIRLA MONEY LTD,112.23,115.86,110.71,112.15,112.81,112.82,,112.15,,,19921,2241370.05,939,F1,1,,,,,
2026-10-05,2026-10-05,CM,NSE,STK,625,INE055A01016,ABREL,EQ,,,,,ADITYA BIRLA REAL EST LTD,1110.40,1131.10,1079.00,1082.60,1079.00,1100.50,,1082.62,,,310042,339197019.10,25433,F1,1,,,,,
2026-10-05,2026-10-05,CM,NSE,STK,758858,INE819V01029,CPPLUS,EQ,,,,,ADITYA INFOTECH LIMITED,3858.20,3989.50,3833.50,3989.50,3989.50,3799.60,,3989.50,,,255914,1010325391.10,19621,F1,1,,,,,
2026-10-05,2026-10-05,CM,NSE,STK,25984,INE679V01027,AVL,EQ,,,,,ADITYA VISION LIMITED,572.30,606.00,566.35,601.05,604.30,572.30,,601.04,,,400252,238399513.80,25837,F1,1,,,,,
2026-10-05,2026-10-05,CM,NSE,STK,23804,INF209KB18D3,BSLGOLDETF,EQ,,,,,ADITYBIRLA SL GOLD ETF-GR,129.59,129.61,128.44,129.43,129.48,129.24,,129.43,,,329349,42570697.94,2960,F1,1,,,,,
2026-10-05,2026-10-05,CM,NSE,STK,24781,INF209KB19D1,BSLNIFTY,EQ,,,,,ADITYBIRLA SL NIF ETF-GR,26.88,26.88,26.25,26.52,26.60,26.43,,26.52,,,4012582,106422591.77,9992,F1,1,,,,,
2026-10-05,2026-10-05,CM,NSE,STK,34,INE045A01017,ADOR,EQ,,,,,ADOR WELDING LTD,1570.40,1588.30,1500.00,1512.00,1511.00,1570.40,,1512.26,,,59027,90141194.50,7423,F1,1,,,,,
2026-10-05,2026-10-05,CM,NSE,STK,766274,INE505M01015,ADROITIND,BE,,,,,ADROIT INDUSTRIES (I) LTD,224.19,224.19,224.19,224.19,224.19,235.98,,224.19,,,55903,12532893.57,1045,F1,1,,,,,
2026-10-05,2026-10-05,CM,NSE,STK,8644,INE737B01033,ADROITINFO,BE,,,,,ADROIT INFOTECH LIMITED,13.25,13.25,13.25,13.25,13.25,13.94,,13.25,,,95710,1268157.50,92,F1,1,,,,,
2026-10-05,2026-10-05,CM,NSE,STK,760657,INE0ALI01010,ADVAIT,EQ,,,,,ADVAIT ENRGY TRANSITION L,1869.10,1903.90,1821.60,1832.10,1830.00,1863.00,,1831.98,,,31536,58692856.00,5509,F1,1,,,,,
2026-10-05,2026-10-05,CM,NSE,STK,759402,INE1B0W01010,ADVANCE,EQ,,,,,ADVANCE AGROLIFE LIMITED,118.50,118.50,114.39,115.85,116.11,116.75,,115.85,,,69861,8124585.63,1113,F1,1,,,,,
2026-10-05,2026-10-05,CM,NSE,STK,18039,INE837H01020,ADVENZYMES,EQ,,,,,ADVANCED ENZYME TECH LTD,274.45,276.25,270.45,272.40,273.55,274.25,,272.41,,,145809,39851482.65,4971,F1,1,,,,,
2026-10-05,2026-10-05,CM,NSE,STK,14745,INE199C01026,ADVANIHOTR,EQ,,,,,ADVANI HOT.& RES.(I) LTD,47.00,47.73,47.00,47.26,47.24,46.98,,47.25,,,14687,692641.19,361,F1,1,,,,,
2026-10-05,2026-10-05,CM,NSE,STK,759769,INE28GN01010,ADVENTHTL,EQ,,,,,ADVENT HOTELS INTERNATI L,125.20,126.72,121.25,123.12,125.24,123.77,,123.13,,,118617,14646519.94,2131,F1,1,,,,,
2026-10-05,2026-10-05,CM,NSE,STK,765015,INE178T01024,ADVIKCA,EQ,,,,,ADVIK CAPITAL LTD.,1.00,1.04,0.98,0.99,1.02,1.00,,1.03,,,157535,156398.37,231,F1,1,,,,,
2026-10-05,2026-10-05,CM,NSE,STK,762227,INE1SJO01012,RAMBHAJO,EQ,,,,,ADVIT JEWELS LIMITED,297.20,317.50,294.00,305.10,306.05,288.75,,305.12,,,1851970,571355456.95,38267,F1,1,,,,,
2026-10-05,2026-10-05,CM,NSE,STK,40,INE208C01025,AEGISLOG,EQ,,,,,AEGIS LOGISTICS LIMITED,1400.20,1410.00,1355.00,1359.50,1357.80,1401.10,,1359.48,,,873548,1207990277.10,61050,F1,1,,,,,
2026-10-05,2026-10-05,CM,NSE,STK,757336,INE0INX01018,AEGISVOPAK,EQ,,,,,AEGIS VOPAK TERMINALS LTD,298.00,299.35,286.45,297.55,296.65,290.75,,297.51,,,781630,230144851.55,20299,F1,1,,,,,
2026-10-05,2026-10-05,CM,NSE,STK,761341,INE423A07500,AEL12126,NI,,,,,AEL 0% 2028 SR II,1032.21,1032.21,1032.21,1032.21,1032.21,1035.00,,1032.61,,,1,1032.21,1,F1,1,,,,,
2026-10-05,2026-10-05,CM,NSE,STK,757873,INE423A07419,AEL170725,ND,,,,,AEL 0% 2028 SR V,1109.00,1109.00,1108.50,1108.50,1108.50,1112.49,,1104.25,,,150,166300.00,2,F1,1,,,,,
2026-10-05,2026-10-05,CM,NSE,STK,761347,INE423A07542,AEL1212026,NO,,,,,AEL 0% 2031 SR VIII,1018.50,1038.80,1015.00,1030.00,1030.00,1018.50,,1030.00,,,454,463216.40,8,F1,1,,,,,
2026-10-05,2026-10-05,CM,NSE,STK,761342,INE423A07492,848AEL29,NJ,,,,,AEL 8.48% 2029 SR III,1000.00,1000.00,1000.00,1000.00,1000.00,1010.25,,1000.00,,,50,50000.00,1,F1,1,,,,,
2026-10-05,2026-10-05,CM,NSE,STK,757871,INE423A07427,885AEL28,NB,,,,,AEL 8.85% 2028 SR III,1005.00,1005.00,1000.51,1003.00,1003.00,1000.17,,1003.00,,,320,320950.93,15,F1,1,,,,,
2026-10-05,2026-10-05,CM,NSE,STK,761346,INE423A07526,890AEL31,NN,,,,,AEL 8.90% 2031 SR VII,1060.10,1064.99,1060.10,1061.38,1061.00,1065.00,,1061.47,,,361,383100.77,12,F1,1,,,,,
2026-10-05,2026-10-05,CM,NSE,STK,757874,INE423A07443,9AEL30,NE,,,,,AEL 9% 2030 SR VI,1025.00,1025.10,1025.00,1025.10,1025.10,1025.00,,1025.10,,,20,20501.00,2,F1,1,,,,,
2026-10-05,2026-10-05,CM,NSE,STK,757872,INE423A07435,915AEL28,NC,,,,,AEL 9.15% 2028 SR IV,1031.00,1031.00,1030.00,1030.00,1030.00,1018.00,,1030.50,,,2,2061.00,2,F1,1,,,,,
2026-10-05,2026-10-05,CM,NSE,STK,757875,INE423A07393,930AEL30,NF,,,,,AEL 9.3% 2030 SR VII,1037.00,1037.00,1037.00,1037.00,1037.00,1040.00,,1037.00,,,41,42517.00,1,F1,1,,,,,
2026-10-05,2026-10-05,CM,NSE,STK,760234,INE947N01017,AEQUS,EQ,,,,,AEQUS LIMITED,279.25,287.70,274.10,284.50,286.40,275.05,,284.53,,,3706824,1038144097.65,59949,F1,1,,,,,
2026-10-05,2026-10-05,CM,NSE,STK,12015,INE065D01027,AEROENTER,EQ,,,,,AEROFLEX ENTERPRISES LTD,122.54,130.00,122.54,126.69,126.70,121.93,,126.70,,,761790,96901198.26,9529,F1,1,,,,,
2026-10-05,2026-10-05,CM,NSE,STK,18268,INE024001021,AEROFLEX,EQ,,,,,AEROFLEX INDUSTRIES LTD,524.00,551.40,524.00,544.35,543.00,521.35,,544.37,,,2372211,1282517494.40,61108,F1,1,,,,,
2026-10-05,2026-10-05,CM,NSE,STK,13689,INE035801013,AERONEU,EQ,,,,,AEROFLEX NEU LIMITED,70.03,70.99,69.11,69.70,70.00,70.56,,69.70,,,29604,2067697.75,442,F1,1,,,,,
2026-10-05,2026-10-05,CM,NSE,STK,25065,INE0WL801011,AERON,SM,,,,,AERON COMPOSITE LIMITED,85.40,87.90,84.10,86.00,86.00,82.40,,86.00,,,6000,516750.00,6,F1,1000,,,,,
2026-10-05,2026-10-05,CM,NSE,STK,24830,INE0TSF01011,AESTHETIK,SM,,,,,AESTHETIK ENGINEERS LTD,65.20,65.20,65.20,65.20,65.20,65.10,,65.20,,,2000,130400.00,2,F1,1000,,,,,
2026-10-05,2026-10-05,CM,NSE,STK,9810,INE0BWX01014,AETHER,EQ,,,,,AETHER INDUSTRIES LIMITED,1670.00,1685.00,1639.10,1661.00,1665.70,1670.00,,1660.70,,,196127,325597465.10,24077,F1,1,,,,,
2026-10-05,2026-10-05,CM,NSE,STK,25977,INE101I01011,AFCONS,EQ,,,,,AFCONS INFRASTRUCTURE LTD,244.04,246.79,239.00,241.50,240.10,242.39,,241.66,,,481694,116128847.25,10393,F1,1,,,,,
2026-10-05,2026-10-05,CM,NSE,STK,11343,INE00WC01027,AFFLE,EQ,,,,,AFFLE 3I LIMITED,1460.40,1475.40,1439.40,1443.80,1442.00,1449.60,,1443.80,,,155743,226395009.40,22946,F1,1,,,,,
2026-10-05,2026-10-05,CM,NSE,STK,25855,INE692Z01013,AFFORDABLE,EQ,,,,,AFFORD ROBO & AUTO LTD,163.50,172.40,160.00,163.65,163.99,168.11,,163.73,,,18790,3127915.96,596,F1,1,,,,,
2026-10-05,2026-10-05,CM,NSE,STK,763044,INE916Y07081,1125AFIL29,N0,,,,,AFIL 11.25% 2029,9851.00,9855.00,9745.00,9745.00,9745.00,9881.00,,9745.00,,,24,234960.00,4,F1,1,,,,,
2026-10-05,2026-10-05,CM,NSE,STK,764159,INE916Y07099,115AFIL28A,N0,,,,,AFIL 11.50% 2028,9920.00,9926.00,9920.00,9926.00,9926.00,9920.00,,9926.00,,,16,158760.00,4,F1,1,,,,,
2026-10-05,2026-10-05,CM,NSE,STK,759098,INE916Y07040,12AFIL27A,N0,,,,,AFIL 12% 2027,9987.00,9993.00,9987.00,9993.00,9993.00,10116.99,,9993.00,,,10,99893.00,4,F1,1,,,,,
2026-10-05,2026-10-05,CM,NSE,STK,759446,INE916Y07032,12AFIL27,N0,,,,,AFIL 12% 2027 SR 1,10075.51,10075.51,10075.51,10075.51,10075.51,9995.29,,10075.51,,,1,10075.51,1,F1,1,,,,,
2026-10-05,2026-10-05,CM,NSE,STK,759283,INE916Y07057,12AFIL28,N0,,,,,AFIL 12% 2028,9955.00,9955.00,9955.00,9955.00,9955.00,9970.00,,9955.00,,,3,29865.00,1,F1,1,,,,,
2026-10-05,2026-10-05,CM,NSE,STK,14263,INE0MLA01012,AGARWALFT,SM,,,,,AGARWAL FLOAT GLASS I LTD,25.60,25.60,25.60,25.60,25.60,26.90,,25.60,,,3000,76800.00,2,F1,1500,,,,,
2026-10-05,2026-10-05,CM,NSE,STK,3389,INE204E01012,AGARIND,EQ,,,,,AGARWAL INDS CORP LTD.,384.35,391.60,379.00,382.95,380.80,386.00,,382.96,,,24340,9319286.05,1671,F1,1,,,,,
2026-10-05,2026-10-05,CM,NSE,STK,27309,INE0P8X01016,AGARWALTUF,SM,,,,,AGARWAL TOUGH GLASS IND L,172.00,177.00,166.70,173.50,175.00,171.45,,173.50,,,158400,27194520.00,109,F1,1200,,,,,
2026-10-05,2026-10-05,CM,NSE,STK,11033,INE753W01010,AGASTYAEN,BE,,,,,AGASTYA ENE AND INFRA LTD,69.49,69.49,68.16,68.16,68.16,69.55,,68.16,,,68044,4681574.38,175,F1,1,,,,,
2026-10-05,2026-10-05,CM,NSE,STK,1412,INE415A01038,AGI,EQ,,,,,AGI GREENPAC LIMITED,800.90,803.65,776.55,781.70,782.00,790.80,,781.70,,,62423,49009191.05,6596,F1,1,,,,,
2026-10-05,2026-10-05,CM,NSE,STK,24445,INE976R01033,AGIIL,EQ,,,,,AGI INFRA LIMITED,263.80,263.80,258.00,261.25,260.55,260.00,,261.25,,,212796,55515789.95,4363,F1,1,,,,,
2026-10-05,2026-10-05,CM,NSE,STK,10491,INE0LF301013,AGNI,SM,,,,,AGNI GREEN POWER LTD,15.25,15.25,14.40,14.55,14.60,14.55,,14.55,,,27500,405625.00,10,F1,2500,,,,,
2026-10-05,2026-10-05,CM,NSE,STK,11072,INE449G01018,AGRITECH,EQ,,,,,AGRI-TECH (INDIA) LIMITED,93.90,93.90,86.10,88.47,87.00,89.96,,88.47,,,3243,290890.75,178,F1,1,,,,,
2026-10-05,2026-10-05,CM,NSE,STK,9046,INE740V01019,AGROPHOS,EQ,,,,,AGRO PHOS INDIA LIMITED,23.99,23.99,22.00,22.31,22.60,23.00,,22.31,,,26169,588860.58,213,F1,1,,,,,
2026-10-05,2026-10-05,CM,NSE,STK,759202,INE583L01014,AGSTRA,BZ,,,,,AGS TRANSACT TECH LTD,2.49,2.49,2.49,2.49,2.49,2.54,,2.49,,,26784,66692.16,120,F1,1,,,,,
2026-10-05,2026-10-05,CM,NSE,STK,2004,INE00PV01013,AHLADA,EQ,,,,,AHLADA ENGINEERS LIMITED,37.06,39.00,37.05,37.91,37.51,37.06,,37.91,,,12512,468880.92,91,F1,1,,,,,
2026-10-05,2026-10-05,CM,NSE,STK,17833,INE758C01029,AHLUCONT,EQ,,,,,AHLUWALIA CONT IND LTD,560.00,579.00,550.70,569.80,570.65,555.90,,569.78,,,135950,77396168.40,7352,F1,1,,,,,
2026-10-05,2026-10-05,CM,NSE,STK,13086,INE212H01026,AIAENG,EQ,,,,,AIA ENGINEERING LIMITED,3827.00,3894.90,3802.50,3863.20,3862.10,3824.40,,3863.19,,,27893,107519075.30,12564,F1,1,,,,,
2026-10-05,2026-10-05,CM,NSE,STK,23984,INE0RUV01018,AIMTRON,SM,,,,,AIMTRON ELECTRONICS LTD,1920.00,1950.00,1850.00,1873.55,1870.00,1898.85,,1873.55,,,30600,57915750.00,140,F1,200,,,,,
2026-10-05,2026-10-05,CM,NSE,STK,9878,INE805A01014,GOLDTECH,BE,,,,,AION-TECH SOLUTIONS LTD,42.92,42.92,42.92,42.92,42.92,43.79,,43.02,,,6661,285890.12,23,F1,1,,,,,
2026-10-05,2026-10-05,CM,NSE,STK,9897,INE645W01026,AIRAN,EQ,,,,,AIRAN LIMITED,15.30,15.88,15.28,15.43,15.43,15.60,,15.44,,,44277,687006.42,379,F1,1,,,,,
2026-10-05,2026-10-05,CM,NSE,STK,6068,INE801L01010,AIROLAM,EQ,,,,,AIRO LAM LIMITED,93.90,93.90,87.21,89.54,90.00,89.58,,89.54,,,2158,191779.18,60,F1,1,,,,,
2026-10-05,2026-10-05,CM,NSE,STK,8124,INE031B01049,AJANTPHARM,EQ,,,,,AJANTA PHARMA LIMITED,3581.40,3588.60,3459.00,3486.00,3499.70,3581.00,,3486.08,,,104722,367174760.20,22710,F1,1,,,,,
2026-10-05,2026-10-05,CM,NSE,STK,29624,INE274Y01021,AJAXENGG,EQ,,,,,AJAX ENGINEERING LIMITED,582.05,600.50,582.05,594.25,589.05,586.40,,594.20,,,104544,62019279.20,7501,F1,1,,,,,
2026-10-05,2026-10-05,CM,NSE,STK,17307,INE298G01035,AJMERA,EQ,,,,,AJMERA REALTY & INF I LTD,119.60,120.69,113.63,116.70,116.11,119.60,,116.70,,,559485,64876812.30,5879,F1,1,,,,,
2026-10-05,2026-10-05,CM,NSE,STK,3403,INE820Y01021,AJOONI,EQ,,,,,AJOONI BIOTECH LIMITED,3.10,3.12,3.00,3.02,3.09,3.10,,3.02,,,277384,850077.52,531,F1,1,,,,,
2026-10-05,2026-10-05,CM,NSE,STK,21121,INE0PCY01014,AKANKSHA,SM,,,,,AKANKSHA POWER N INFRA L,173.00,177.80,170.00,177.80,177.80,169.35,,177.80,,,76000,13249650.00,63,F1,1000,,,,,
2026-10-05,2026-10-05,CM,NSE,STK,13510,INE737W01013,AKASH,EQ,,,,,AKASH INFRA-PROJECTS LTD,25.69,25.69,24.50,24.64,24.64,24.95,,24.64,,,1766,43737.37,27,F1,1,,,,,
2026-10-05,2026-10-05,CM,NSE,STK,2176,INE00Y801016,AKG,EQ,,,,,AKG EXIM LIMITED,9.71,9.71,9.32,9.35,9.34,9.71,,9.35,,,66518,627157.20,162,F1,1,,,,,
2026-10-05,2026-10-05,CM,NSE,STK,14895,INE642Z01026,AKI,BE,,,,,AKI INDIA LIMITED,6.37,6.37,5.91,6.01,6.00,6.16,,6.01,,,69890,421141.08,214,F1,1,,,,,
2026-10-05,2026-10-05,CM,NSE,STK,24304,INE0PMR01017,AKIKO,SM,,,,,AKIKO GLOBAL SERVICES L,416.05,441.00,416.05,431.40,441.00,415.50,,431.40,,,13600,5752680.00,15,F1,800,,,,,
2026-10-05,2026-10-05,CM,NSE,STK,24159,INE916Y01027,AFIL,EQ,,,,,AKME FINTRADE (INDIA) LTD,7.80,7.95,7.75,7.77,7.75,7.86,,7.77,,,669504,5214964.73,449,F1,1,,,,,
2026-10-05,2026-10-05,CM,NSE,STK,8595,INE523B01011,AKSHOPTFBR,BE,,,,,AKSH OPTIFIBRE  LTD,7.07,7.14,6.99,7.02,7.04,7.07,,7.04,,,191950,1351406.77,309,F1,1,,,,,
2026-10-05,2026-10-05,CM,NSE,STK,9558,INE256Z01025,AKSHAR,EQ,,,,,AKSHAR SPINTEX LIMITED,0.42,0.43,0.41,0.42,0.43,0.41,,0.42,,,1171427,488816.97,270,F1,1,,,,,
2026-10-05,2026-10-05,CM,NSE,STK,20194,INE542B01011,AKSHARCHEM,BE,,,,,AKSHARCHEM INDIA LIMITED,379.00,380.00,360.50,365.30,368.95,379.10,,365.33,,,6461,2407792.15,118,F1,1,,,,,
2026-10-05,2026-10-05,CM,NSE,STK,24715,INE09XN01023,AKUMS,EQ,,,,,AKUMS DRUGS AND PHARMA L,819.00,825.00,796.35,801.35,798.20,813.10,,801.32,,,117017,94453573.80,9967,F1,1,,,,,
2026-10-05,2026-10-05,CM,NSE,STK,9921,INE914E01040,ALANKIT,EQ,,,,,ALANKIT LIMITED,7.67,7.85,7.50,7.61,7.55,7.65,,7.61,,,96028,736031.63,532,F1,1,,,,,
2026-10-05,2026-10-05,CM,NSE,STK,17256,INE155C01010,ALBERTDAVD,EQ,,,,,ALBERT DAVID LIMITED,856.00,868.40,831.60,836.45,838.00,856.70,,836.45,,,2685,2270710.45,431,F1,1,,,,,
2026-10-05,2026-10-05,CM,NSE,STK,79,INE426A01027,ALEMBICLTD,EQ,,,,,ALEMBIC LIMITED,105.90,106.00,103.38,104.44,104.10,104.11,,104.44,,,540160,56489455.19,6733,F1,1,,,,,
2026-10-05,2026-10-05,CM,NSE,STK,25328,INE901L01018,APLLTD,EQ,,,,,ALEMBIC PHARMA LTD,815.25,836.80,812.20,831.25,832.00,815.25,,831.25,,,282527,233970469.80,38104,F1,1,,,,,
2026-10-05,2026-10-05,CM,NSE,STK,764573,INE782D01027,ALFREDHE,EQ,,,,,ALFRED HERBERT INDIA L,2820.00,2820.00,2748.00,2748.00,2748.00,2823.00,,2749.16,,,22,60900.50,11,F1,1,,,,,
2026-10-05,2026-10-05,CM,NSE,STK,761270,INE598D01035,ALGOQUANT,EQ,,,,,ALGOQUANT FINTECH LIMITED,67.07,69.77,67.05,68.25,68.28,67.51,,68.25,,,1133101,77656406.88,5818,F1,1,,,,,
2026-10-05,2026-10-05,CM,NSE,STK,13656,INE062D01024,ALICON,EQ,,,,,ALICON CASTALLOY LIMITED,889.80,889.90,832.05,848.95,854.00,871.95,,849.02,,,99365,85418154.70,8522,F1,1,,,,,
2026-10-05,2026-10-05,CM,NSE,STK,5265,INE03Q201024,ALIVUS,EQ,,,,,ALIVUS LIFE SCIENCES LTD,1376.00,1398.00,1349.20,1373.70,1373.80,1374.20,,1373.67,,,97234,133164870.60,18167,F1,1,,,,,
2026-10-05,2026-10-05,CM,NSE,STK,16963,INE773I01017,ALKALI,BE,,,,,ALKALI METALS LTD,85.00,89.00,85.00,87.29,87.00,87.10,,87.30,,,7911,687554.93,106,F1,1,,,,,
2026-10-05,2026-10-05,CM,NSE,STK,11703,INE540L01014,ALKEM,EQ,,,,,ALKEM LABORATORIES LTD.,5210.00,5235.00,5136.00,5192.50,5192.50,5220.00,,5192.50,,,102619,529951718.50,16919,F1,1,,,,,
2026-10-05,2026-10-05,CM,NSE,STK,4487,INE150B01039,ALKYLAMINE,EQ,,,,,ALKYL AMINES CHEM. LTD,1741.40,1770.00,1715.00,1730.40,1746.00,1741.40,,1730.35,,,35207,61104061.80,9541,F1,1,,,,,
2026-10-05,2026-10-05,CM,NSE,STK,13203,INE0M2X01012,ALLETEC,SM,,,,,ALL E TECHNOLOGIES LTD,122.70,126.00,121.00,124.65,124.65,122.70,,124.65,,,12400,1528300.00,30,F1,400,,,,,
2026-10-05,2026-10-05,CM,NSE,STK,758448,INE0GV601021,ALLTIME,EQ,,,,,ALL TIME PLASTICS LIMITED,189.99,191.50,182.00,183.80,185.00,188.04,,183.79,,,73063,13567705.20,2294,F1,1,,,,,
2026-10-05,2026-10-05,CM,NSE,STK,763784,INE1YPB01014,AGL,EQ,,,,,ALLCARGO GLOBAL LIMITED,12.59,12.85,12.41,12.50,12.41,12.59,,12.50,,,1299528,16403978.55,2576,F1,1,,,,,
2026-10-05,2026-10-05,CM,NSE,STK,13501,INE418H01029,ALLCARGO,EQ,,,,,ALLCARGO LOGISTICS LTD,10.12,10.32,10.00,10.03,10.05,10.12,,10.03,,,3374008,34109976.35,5552,F1,1,,,,,
2026-10-05,2026-10-05,CM,NSE,STK,17778,INE0NN701020,ATL,EQ,,,,,ALLCARGO TERMINALS LTD,24.45,24.79,23.72,24.49,24.23,23.59,,24.49,,,160953,3908907.63,1178,F1,1,,,,,
2026-10-05,2026-10-05,CM,NSE,STK,11798,INE835G01018,ALLDIGI,EQ,,,,,ALLDIGI TECH LIMITED,756.35,766.45,741.30,750.90,741.30,756.35,,750.90,,,2786,2104374.40,495,F1,1,,,,,
2026-10-05,2026-10-05,CM,NSE,STK,24308,INE552Z01027,ABDL,EQ,,,,,ALLIED BLEND N DISTILS L,682.00,701.00,680.25,696.75,695.90,679.45,,696.74,,,337569,232710262.20,18879,F1,1,,,,,
2026-10-05,2026-10-05,CM,NSE,STK,14813,INE102I01027,ADSL,EQ,,,,,ALLIED DIGITAL SERV. LTD,108.89,109.48,103.11,105.51,105.45,106.38,,105.51,,,165539,17496684.66,3268,F1,1,,,,,
2026-10-05,2026-10-05,CM,NSE,STK,16723,INE326B01035,ALMONDZ,BE,,,,,ALMONDZ GLOBAL SEC LTD,19.20,19.49,18.35,19.01,19.18,19.11,,19.01,,,93445,1759473.31,185,F1,1,,,,,
2026-10-05,2026-10-05,CM,NSE,STK,17675,INE270A01029,ALOKINDS,EQ,,,,,ALOK INDUSTRIES LIMITED,7.06,7.24,7.04,7.12,7.15,7.06,,7.12,,,9915737,70779166.32,8661,F1,1,,,,,
2026-10-05,2026-10-05,CM,NSE,STK,14848,INE385I01010,ALPA,EQ,,,,,ALPA LABORATORIES LTD,59.25,60.25,58.25,59.00,58.78,59.26,,59.00,,,5432,320374.08,116,F1,1,,,,,
2026-10-05,2026-10-05,CM,NSE,STK,22688,INE0R4701017,ALPEXSOLAR,SM,,,,,ALPEX SOLAR LIMITED,828.60,852.00,805.30,810.80,810.00,823.20,,810.80,,,28800,23552505.00,229,F1,100,,,,,
2026-10-05,2026-10-05,CM,NSE,STK,14601,INE137C01018,ALPHAGEO,BE,,,,,ALPHAGEO (INDIA) LIMITED,260.00,260.00,247.15,254.75,255.75,258.20,,253.81,,,4073,1033619.75,134,F1,1,,,,,
2026-10-05,2026-10-05,CM,NSE,STK,764186,INE1JCQ01037,ALPINETEX,EQ,,,,,ALPINE TEXWORLD LIMITED,46.61,48.00,45.52,45.82,46.00,46.63,,45.77,,,92407,4281284.27,1776,F1,1,,,,,
2026-10-05,2026-10-05,CM,NSE,STK,764578,INE058F01019,ALUFLUOR,EQ,,,,,ALUFLUORIDE LTD.,643.95,643.95,612.90,616.80,616.10,633.80,,616.48,,,14660,9085244.00,822,F1,1,,,,,
2026-10-05,2026-10-05,CM,NSE,STK,23474,INE0STM01017,ALUWIND,SM,,,,,ALUWIND INFRA-TECH LTD,48.00,49.40,48.00,48.50,48.50,48.00,,48.50,,,9000,435600.00,6,F1,1500,,,,,
2026-10-05,2026-10-05,CM,NSE,STK,760740,INE121R01077,AMAGI,EQ,,,,,AMAGI MEDIA LABS LIMITED,551.35,577.00,551.35,569.70,569.90,554.05,,569.70,,,449516,255958656.15,31829,F1,1,,,,,
2026-10-05,2026-10-05,CM,NSE,STK,764583,INE841D01013,AMAL,EQ,,,,,AMAL LTD.,710.00,715.00,692.10,699.50,697.00,702.40,,699.53,,,4382,3084829.10,421,F1,1,,,,,
2026-10-05,2026-10-05,CM,NSE,STK,758910,INE084K01015,AMANTA,BE,,,,,AMANTA HEALTHCARE LIMITED,196.00,199.92,195.00,199.92,199.92,190.40,,201.41,,,74113,14799206.35,266,F1,1,,,,,
2026-10-05,2026-10-05,CM,NSE,STK,100,INE885A01032,ARE&M,EQ,,,,,AMARA RAJA ENERGY MOB LTD,751.00,757.00,739.25,741.60,741.20,747.40,,741.56,,,338967,252753946.10,26002,F1,1,,,,,
2026-10-05,2026-10-05,CM,NSE,STK,764588,INE484D01012,AMARJOTHI,EQ,,,,,AMARJOTHI SPINNING MILL L,151.00,151.50,146.50,146.50,146.50,150.00,,146.50,,,510,75657.17,42,F1,1,,,,,
2026-10-05,2026-10-05,CM,NSE,STK,763256,INE293601014,AMBAAUTO,SM,,,,,AMBA AUTO SALES AND SER L,112.75,112.75,110.00,112.00,112.00,108.50,,112.00,,,16000,1787600.00,16,F1,1000,,,,,
2026-10-05,2026-10-05,CM,NSE,STK,762546,INE432A01017,AMBALALSA,BE,,,,,AMBALAL SARABHAI ENT L,38.49,38.88,36.70,37.97,38.00,37.89,,37.96,,,60118,2259017.85,236,F1,1,,,,,
2026-10-05,2026-10-05,CM,NSE,STK,1185,INE371P01015,AMBER,EQ,,,,,AMBER ENTERPRISES (I) LTD,6535.00,6652.50,6492.00,6585.00,6585.00,6500.00,,6584.79,,,114789,753827215.00,22611,F1,1,,,,,
2026-10-05,2026-10-05,CM,NSE,STK,11496,INE792B01012,AMBICAAGAR,EQ,,,,,AMBICA AGAR & AROMAINDLTD,23.55,24.98,23.55,23.83,24.00,23.89,,23.68,,,5501,132141.39,121,F1,1,,,,,
2026-10-05,2026-10-05,CM,NSE,STK,15234,INE540G01014,AMBIKCO,EQ,,,,,AMBIKA COTTON MILL LTD.,1537.00,1545.00,1523.20,1534.00,1530.00,1505.80,,1534.11,,,5905,9055240.10,949,F1,1,,,,,
2026-10-05,2026-10-05,CM,NSE,STK,1270,INE079A01024,AMBUJACEM,EQ,,,,,AMBUJA CEMENTS LTD,363.20,368.90,361.05,366.50,366.50,362.25,,366.52,,,1848613,673554200.35,23261,F1,1,,,,,
2026-10-05,2026-10-05,CM,NSE,STK,14402,INE005I01014,AMDIND,BE,,,,,AMD INDUSTRIES LIMITED,52.50,53.40,51.11,51.31,51.48,52.09,,50.92,,,11704,608524.68,181,F1,1,,,,,
2026-10-05,2026-10-05,CM,NSE,STK,10898,INE0KT901015,AMEYA,SM,,,,,AMEYA PRECISION ENG LTD,147.00,147.00,143.00,143.00,143.00,150.50,,143.00,,,4000,578500.00,4,F1,1000,,,,,
2026-10-05,2026-10-05,CM,NSE,STK,19867,INE275D01022,AMNPLST,EQ,,,,,AMINES & PLASTICIZERS LTD,169.75,169.75,157.85,160.29,160.00,165.43,,160.08,,,4095,662992.85,220,F1,1,,,,,
2026-10-05,2026-10-05,CM,NSE,STK,761670,INE05TO01019,AEROPLANE,EQ,,,,,AMIR CHAND JAG KUM (E) L,207.90,216.90,207.46,211.24,210.90,208.14,,211.24,,,2097713,444789785.00,19182,F1,1,,,,,
2026-10-05,2026-10-05,CM,NSE,STK,2598,INE606A01024,AMJLAND,EQ,,,,,AMJ LAND HOLDINGS LIMITED,37.75,38.50,36.75,37.14,36.79,37.02,,37.14,,,9244,347273.28,127,F1,1,,,,,
2026-10-05,2026-10-05,CM,NSE,STK,17547,INE098F01031,AMRUTANJAN,EQ,,,,,AMRUTAJAN HEALTH LTD,513.20,524.00,511.00,518.10,519.00,513.20,,517.98,,,36616,18975021.90,1653,F1,1,,,,,
2026-10-05,2026-10-05,CM,NSE,STK,759956,INE549H01021,ARSSBL,EQ,,,,,ANAND RATHI SH N STK BR L,525.45,539.00,515.10,535.00,534.00,521.05,,534.98,,,361312,190987072.30,7780,F1,1,,,,,
2026-10-05,2026-10-05,CM,NSE,STK,7145,INE463V01026,ANANDRATHI,EQ,,,,,ANAND RATHI WEALTH LTD,2117.50,2135.00,2101.20,2132.00,2132.00,2117.50,,2132.00,,,404648,857573474.30,26216,F1,1,,,,,
2026-10-05,2026-10-05,CM,NSE,STK,13620,INE242C01024,ANANTRAJ,EQ,,,,,ANANT RAJ LIMITED,580.00,592.85,575.00,587.40,588.00,577.85,,587.42,,,1053429,616852682.70,34550,F1,1,,,,,
2026-10-05,2026-10-05,CM,NSE,STK,759363,INE1UA823019,ANANTAM,IV,,,,,ANANTAM HIGHWAYS TRUST,104.90,104.90,103.95,103.97,104.00,103.98,,103.97,,,13400,1393502.09,128,F1,1,,,,,
2026-10-05,2026-10-05,CM,NSE,STK,764446,INE1J5V01013,ANAWIL,SM,,,,,ANAWIL WIRE AND ENGIN LTD,417.05,421.00,387.00,393.30,398.00,425.75,,393.30,,,359600,144211460.00,809,F1,400,,,,,
2026-10-05,2026-10-05,CM,NSE,STK,758427,INE0VG001016,AMCL,SM,,,,,ANB METAL CAST LIMITED,348.00,383.30,348.00,370.60,375.00,341.05,,370.60,,,89200,32627580.00,66,F1,400,,,,,
2026-10-05,2026-10-05,CM,NSE,STK,15420,INE666E01020,ACL,EQ,,,,,ANDHRA CEMENTS LIMITED,39.85,39.99,39.01,39.80,39.75,39.33,,39.75,,,11611,461732.72,217,F1,1,,,,,
2026-10-05,2026-10-05,CM,NSE,STK,166,INE435A01051,ANDHRAPAP,EQ,,,,,ANDHRA PAPER LIMITED,71.36,73.55,69.55,69.94,69.81,71.36,,69.94,,,849036,60272313.23,3516,F1,1,,,,,
2026-10-05,2026-10-05,CM,NSE,STK,136,INE715B01021,ANDHRSUGAR,EQ,,,,,ANDHRA SUGARS LTD,92.58,94.16,91.00,91.95,92.15,91.06,,91.95,,,300289,27706273.69,5000,F1,1,,,,,
2026-10-05,2026-10-05,CM,NSE,STK,5206,INE449C01025,ANDREWYU,EQ,,,,,ANDREW YULE & CO. LTD.,25.00,25.90,24.11,25.34,25.38,24.98,,25.33,,,97343,2431054.70,699,F1,1,,,,,
2026-10-05,2026-10-05,CM,NSE,STK,324,INE732I01021,ANGELONE,EQ,,,,,ANGEL ONE LIMITED,276.80,286.30,273.50,285.20,285.20,276.80,,285.17,,,4255848,1200612133.50,36784,F1,1,,,,,
2026-10-05,2026-10-05,CM,NSE,STK,482,INE635Y01015,AISL,SM,,,,,ANI INTEGRATED SERV LTD.,70.00,70.15,66.10,70.15,70.15,66.85,,70.15,,,16200,1104240.00,14,F1,600,,,,,
2026-10-05,2026-10-05,CM,NSE,STK,16657,INE087B01017,ANIKINDS,EQ,,,,,ANIK INDUSTRIES LTD,44.00,45.99,42.55,44.56,44.60,44.00,,44.56,,,6250,278017.22,88,F1,1,,,,,
2026-10-05,2026-10-05,CM,NSE,STK,20453,INE071F01012,APCL,EQ,,,,,ANJANI PORTLAND CEM LTD,96.99,96.99,91.50,94.00,93.30,94.76,,94.00,,,3410,320265.12,184,F1,1,,,,,
2026-10-05,2026-10-05,CM,NSE,STK,25878,INE106I01010,ANKITMETAL,BZ,,,,,ANKIT MET & POW LTD,2.16,2.16,2.16,2.16,2.16,2.06,,2.20,,,21388,46198.08,27,F1,1,,,,,
2026-10-05,2026-10-05,CM,NSE,STK,758968,INE0Y8W01025,AHCL,EQ,,,,,ANLON HEALTHCARE LIMITED,31.22,31.22,31.22,31.22,31.22,32.86,,31.24,,,996049,31096649.78,3473,F1,1,,,,,
2026-10-05,2026-10-05,CM,NSE,STK,13657,INE0LR101013,ANLON,SM,,,,,ANLON TECHNOLOGY SOL LTD,755.00,769.00,745.00,758.20,769.00,758.55,,758.20,,,7200,5446580.00,17,F1,400,,,,,
2026-10-05,2026-10-05,CM,NSE,STK,3732,INE02AR01019,ANMOL,BE,,,,,ANMOL INDIA LIMITED,13.85,13.85,12.86,13.07,13.31,13.50,,13.08,,,25815,340928.58,133,F1,1,,,,,
2026-10-05,2026-10-05,CM,NSE,STK,764471,INE0MGM01017,ANNAPURNA,EQ,,,,,ANNAPURNA SWADISHT LTD,128.60,135.00,127.00,130.44,130.97,128.60,,130.44,,,46616,6109825.38,1595,F1,1,,,,,
2026-10-05,2026-10-05,CM,NSE,STK,765502,INE103001017,ANNU,EQ,,,,,ANNU PROJECTS LIMITED,48.00,48.00,45.00,45.12,45.38,47.09,,45.12,,,361049,16571760.77,4829,F1,1,,,,,
2026-10-05,2026-10-05,CM,NSE,STK,758740,INE0VTV01012,ANONDITA,SM,,,,,ANONDITA MEDICARE LIMITED,1054.05,1081.60,1005.05,1031.00,1030.00,1078.70,,1031.00,,,94400,97961930.00,359,F1,200,,,,,
2026-10-05,2026-10-05,CM,NSE,STK,765020,INE030C01015,ANSALBU,EQ,,,,,ANSAL BUILDWELL LTD.,84.28,101.00,83.00,85.60,85.57,85.13,,85.83,,,2620,243981.69,106,F1,1,,,,,
2026-10-05,2026-10-05,CM,NSE,STK,19677,INE436A01026,ANSALAPI,BZ,,,,,ANSAL PROP & INFRA LTD,4.00,4.15,4.00,4.00,4.00,4.08,,4.00,,,37961,152270.85,59,F1,1,,,,,
2026-10-05,2026-10-05,CM,NSE,STK,5194,INE414B01021,ANTGRAPHIC,EQ,,,,,ANTARCTICA LTD,0.70,0.71,0.68,0.69,0.69,0.69,,0.69,,,216722,151877.02,212,F1,1,,,,,
2026-10-05,2026-10-05,CM,NSE,STK,13598,INE818A01017,ANTELOPUS,EQ,,,,,ANTELOPUS SELAN ENRGY LTD,1113.90,1143.80,1092.00,1103.40,1103.70,1106.50,,1103.33,,,299917,334591514.50,21089,F1,1,,,,,
2026-10-05,2026-10-05,CM,NSE,STK,757885,INE0CZ201020,ANTHEM,EQ,,,,,ANTHEM BIOSCIENCES LTD,855.95,858.85,840.60,851.90,850.50,855.75,,851.90,,,292397,248729303.05,21858,F1,1,,,,,
2026-10-05,2026-10-05,CM,NSE,STK,1797,INE01BK01022,AWHCL,EQ,,,,,ANTONY WASTE HDG CELL LTD,355.80,359.00,346.60,350.40,351.80,355.40,,350.39,,,62596,22016710.20,4121,F1,1,,,,,
2026-10-05,2026-10-05,CM,NSE,STK,28314,INE489G01022,ANUHPHR,EQ,,,,,ANUH PHARMA LIMITED,85.99,88.49,83.70,84.15,84.70,85.85,,84.15,,,86676,7401439.69,1923,F1,1,,,,,
2026-10-05,2026-10-05,CM,NSE,STK,2829,INE930P01018,ANURAS,EQ,,,,,ANUPAM RASAYAN INDIA LTD,1165.00,1175.90,1158.20,1164.40,1166.00,1163.70,,1164.37,,,216772,252647016.30,8597,F1,1,,,,,
2026-10-05,2026-10-05,CM,NSE,STK,28983,INE0SI601032,ANYA,SM,,,,,ANYA POLYTECH & FERTI LTD,17.70,18.50,17.70,18.00,18.00,17.30,,18.00,,,40000,725750.00,7,F1,5000,,,,,
2026-10-05,2026-10-05,CM,NSE,STK,11945,INE0MIZ23019,ANZEN,IV,,,,,ANZEN IND ENE YLD PLU TRU,130.50,131.50,130.50,131.00,131.00,128.90,,131.00,,,125000,16362500.00,5,F1,25000,,,,,
2026-10-05,2026-10-05,CM,NSE,STK,758904,INF1J2R01114,AONEGOLD,EQ,,,,,AONEAMC - AONEGOLD,13.80,13.81,13.48,13.74,13.76,13.68,,13.74,,,629525,8632127.56,2861,F1,1,,,,,
2026-10-05,2026-10-05,CM,NSE,STK,30472,INF1J2R01056,AONELIQUID,EQ,,,,,AONEAMC - AONELIQUID,1079.73,1079.73,1079.71,1079.71,1079.73,1079.57,,1079.71,,,13665,14754385.79,119,F1,1,,,,,
2026-10-05,2026-10-05,CM,NSE,STK,757096,INF1J2R01064,AONENIFTY,EQ,,,,,AONEAMC - AONENIFTY,9.31,9.55,9.17,9.31,9.36,9.36,,9.31,,,279668,2608482.95,2038,F1,1,,,,,
2026-10-05,2026-10-05,CM,NSE,STK,760193,INF1J2R01171,AONESILVER,EQ,,,,,AONEAMC - AONESILVER,8.53,8.53,8.35,8.48,8.48,8.35,,8.48,,,333941,2823198.76,1409,F1,1,,,,,
2026-10-05,2026-10-05,CM,NSE,STK,759992,INF1J2R01148,AONETMMQ50,EQ,,,,,AONEAMC - AONETMMQ50,9.64,10.20,9.64,9.89,9.93,9.84,,9.89,,,330352,3263268.33,337,F1,1,,,,,
2026-10-05,2026-10-05,CM,NSE,STK,29975,INF1J2R01015,AONETOTAL,EQ,,,,,AONEAMC - AONETOTAL,11.00,11.67,11.00,11.21,11.27,11.22,,11.21,,,334585,3763170.80,1694,F1,1,,,,,
2026-10-05,2026-10-05,CM,NSE,STK,11491,INE372A01015,APARINDS,EQ,,,,,APAR INDUSTRIES LTD.,17844.00,18379.00,17750.00,18102.00,18150.00,17648.00,,18102.12,,,102559,1856448911.00,34835,F1,1,,,,,
2026-10-05,2026-10-05,CM,NSE,STK,154,INE116A01032,APCOTEXIND,EQ,,,,,APCOTEX INDUSTRIES LIMITE,599.00,599.00,577.00,587.25,584.00,593.25,,587.27,,,48855,28693553.95,3913,F1,1,,,,,
2026-10-05,2026-10-05,CM,NSE,STK,27291,INE0T4V01015,APEXECO,ST,,,,,APEX ECOTECH LIMITED,256.00,258.00,250.00,251.00,251.00,255.95,,251.00,,,16000,4052040.00,20,F1,800,,,,,
2026-10-05,2026-10-05,CM,NSE,STK,21623,INE346W01013,APEX,EQ,,,,,APEX FROZEN FOODS LIMITED,334.65,334.65,323.50,328.40,327.90,326.30,,328.42,,,78909,25873383.85,3647,F1,1,,,,,
2026-10-05,2026-10-05,CM,NSE,STK,25780,INE702C01027,APLAPOLLO,EQ,,,,,APL APOLLO TUBES LTD,2124.60,2147.40,2061.40,2099.80,2099.80,2115.70,,2099.80,,,678442,1419791081.80,35607,F1,1,,,,,
2026-10-05,2026-10-05,CM,NSE,STK,757178,INE0TLC07085,930APMD27,N0,,,,,APMD 9.30% 2027 STRPP A,79000.00,79000.00,79000.00,79000.00,79000.00,77500.00,,79000.00,,,1,79000.00,1,F1,1,,,,,
2026-10-05,2026-10-05,CM,NSE,STK,757176,INE0TLC07036,930APMD35,N0,,,,,APMD 9.30% 2035 STRPP I,109428.77,109428.77,109428.77,109428.77,109428.77,109606.35,,109428.77,,,10,1094287.70,1,F1,1,,,,,
2026-10-05,2026-10-05,CM,NSE,STK,157,INE437A01024,APOLLOHOSP,EQ,,,,,APOLLO HOSPITALS ENTER. L,7880.50,8076.00,7880.50,7985.00,7985.00,8133.50,,7985.02,,,895216,7165413309.00,87976,F1,1,,,,,
2026-10-05,2026-10-05,CM,NSE,STK,1134,INE713T01028,APOLLO,EQ,,,,,APOLLO MICRO SYSTEMS LTD,395.50,405.50,395.00,401.70,402.40,394.00,,401.69,,,4584428,1837587917.00,52256,F1,1,,,,,
2026-10-05,2026-10-05,CM,NSE,STK,14361,INE126J01016,APOLLOPIPE,EQ,,,,,APOLLO PIPES LIMITED,517.85,535.00,510.00,530.75,535.00,512.60,,530.72,,,142798,75222703.60,5375,F1,1,,,,,
2026-10-05,2026-10-05,CM,NSE,STK,6302,INE451F01024,APOLSINHOT,EQ,,,,,APOLLO SINDOORI HOTEL LTD,1208.00,1208.00,1155.00,1174.90,1175.00,1155.90,,1174.90,,,1328,1563667.50,196,F1,1,,,,,
2026-10-05,2026-10-05,CM,NSE,STK,163,INE438A01022,APOLLOTYRE,EQ,,,,,APOLLO TYRES LTD,404.95,406.25,399.50,401.60,400.15,404.75,,401.60,,,213763,85934490.55,12586,F1,1,,,,,
2026-10-05,2026-10-05,CM,NSE,STK,764596,INE217S01014,APOORVA,BE,,,,,APOORVA LEAS F & INV C L,33.65,34.00,33.65,33.65,33.65,33.00,,33.78,,,115,3889.26,8,F1,1,,,,,
2026-10-05,2026-10-05,CM,NSE,STK,24638,INE0LQG01010,APRAMEYA,SM,,,,,APRAMEYA ENGINEERING LTD,106.00,109.00,99.00,102.00,102.00,102.00,,102.00,,,11000,1145325.00,22,F1,500,,,,,
2026-10-05,2026-10-05,CM,NSE,STK,760366,INE0M2307370,915APSBC28,N0,,,,,APSBC 9.15% 2028 STRPP C,101098.01,101098.01,101098.01,101098.01,101098.01,101900.00,,101098.01,,,2,202196.02,2,F1,1,,,,,
2026-10-05,2026-10-05,CM,NSE,STK,760376,INE0M2307404,915APSBC33,N0,,,,,APSBC 9.15% 2033 STRPP H,103547.11,103547.11,103547.11,103547.11,103547.11,105740.55,,103547.11,,,2,207094.22,1,F1,1,,,,,
2026-10-05,2026-10-05,CM,NSE,STK,760378,INE0M2307412,915APSBC34,N0,,,,,APSBC 9.15% 2034 STRPP I,106500.00,106500.00,106500.00,106500.00,106500.00,106500.00,,106500.00,,,3,319500.00,1,F1,1,,,,,
2026-10-05,2026-10-05,CM,NSE,STK,761435,INE1OOJ01011,APSISAERO,ST,,,,,APSIS AEROCOM LIMITED,581.95,581.95,527.25,528.00,528.00,555.00,,528.00,,,46800,24850680.00,38,F1,1200,,,,,
2026-10-05,2026-10-05,CM,NSE,STK,10755,INE266F01018,APTECHT,EQ,,,,,APTECH LIMITED,88.00,88.45,86.00,86.88,86.75,87.03,,86.88,,,44839,3897222.29,996,F1,1,,,,,
2026-10-05,2026-10-05,CM,NSE,STK,5435,INE852O01025,APTUS,EQ,,,,,APTUS VALUE HSG FIN I LTD,227.95,228.51,222.34,223.65,223.18,226.40,,223.65,,,934997,209744973.10,36176,F1,1,,,,,
2026-10-05,2026-10-05,CM,NSE,STK,23365,INE416A01051,AQYLON,EQ,,,,,AQYLON NEXUS LIMITED,15.46,16.23,14.69,15.58,16.06,15.46,,15.59,,,1157106,17683842.55,1814,F1,1,,,,,
2026-10-05,2026-10-05,CM,NSE,STK,19253,INE08NJ01024,ARABIAN,SM,,,,,ARABIAN PETROLEUM LIMITED,90.00,97.00,90.00,96.75,97.00,88.00,,96.75,,,72000,6718600.00,29,F1,2000,,,,,
2026-10-05,2026-10-05,CM,NSE,STK,758670,INE0YDV01010,ARCIIL,SM,,,,,ARC INSULATION & INSU LTD,32.40,33.00,31.00,32.50,32.50,30.70,,32.50,,,25000,804450.00,25,F1,1000,,,,,
2026-10-05,2026-10-05,CM,NSE,STK,12024,INE128X01021,ACI,EQ,,,,,ARCHEAN CHEMICAL IND LTD,479.00,481.20,460.50,463.20,465.00,475.05,,463.21,,,659603,311811344.40,22203,F1,1,,,,,
2026-10-05,2026-10-05,CM,NSE,STK,245,INE0CHO01012,ADL,EQ,,,,,ARCHIDPLY DECOR LIMITED,77.00,80.00,72.50,75.90,76.36,72.52,,75.90,,,2780,210837.10,68,F1,1,,,,,
2026-10-05,2026-10-05,CM,NSE,STK,16795,INE877I01016,ARCHIDPLY,EQ,,,,,ARCHIDPLY IND. LTD,101.79,103.71,100.37,101.80,102.70,101.79,,101.91,,,30544,3112837.63,226,F1,1,,,,,
2026-10-05,2026-10-05,CM,NSE,STK,5688,INE731A01020,ARCHIES,EQ,,,,,ARCHIES LTD,12.40,12.70,12.35,12.35,12.35,12.37,,12.35,,,9399,116942.12,78,F1,1,,,,,
2026-10-05,2026-10-05,CM,NSE,STK,764598,INE372M01010,ARCL,EQ,,,,,ARCL ORGANICS LTD.,233.00,238.90,227.27,235.00,235.00,229.81,,229.13,,,276,65147.77,21,F1,1,,,,,
2026-10-05,2026-10-05,CM,NSE,STK,764480,INE0XNF01022,ARDEE,EQ,,,,,ARDEE INDUSTRIES LIMITED,49.03,49.44,48.11,48.51,48.36,48.81,,48.50,,,1868950,91158516.26,13281,F1,1,,,,,
2026-10-05,2026-10-05,CM,NSE,STK,758700,INE784R01023,ARFIN,EQ,,,,,ARFIN INDIA LIMITED,87.95,89.18,86.42,87.51,87.50,87.25,,87.51,,,713062,62358154.68,3251,F1,1,,,,,
2026-10-05,2026-10-05,CM,NSE,STK,13092,INE0L2Y01011,ARHAM,SM,,,,,ARHAM TECHNOLOGIES LTD,204.30,210.00,190.00,208.90,209.00,206.30,,208.90,,,147000,29597600.00,120,F1,1000,,,,,
2026-10-05,2026-10-05,CM,NSE,STK,15208,INE298I01015,ARIES,BE,,,,,ARIES AGRO LTD.,463.10,501.25,463.10,501.25,501.25,477.40,,501.25,,,38244,19106094.50,496,F1,1,,,,,
2026-10-05,2026-10-05,CM,NSE,STK,3813,INE420B01036,ARIHANTCAP,EQ,,,,,ARIHANT CAPITAL MKTS LTD,90.00,95.05,90.00,91.01,90.77,88.59,,91.01,,,523540,48492877.92,6282,F1,1,,,,,
2026-10-05,2026-10-05,CM,NSE,STK,13885,INE413D01011,ARIHANT,EQ,,,,,ARIHANT FOUN & HOU LTD,940.00,948.00,873.25,891.35,883.00,894.10,,891.53,,,2824,2528653.95,169,F1,1,,,,,
2026-10-05,2026-10-05,CM,NSE,STK,20159,INE643K01018,ARIHANTSUP,EQ,,,,,ARIHANT SUPERSTRUCT LTD,222.00,222.00,218.00,218.78,218.00,216.63,,218.78,,,3008,658717.98,73,F1,1,,,,,
2026-10-05,2026-10-05,CM,NSE,STK,757614,INE0H9P01028,ARIS,EQ,,,,,ARISINFRA SOLUTIONS LTD,139.49,143.00,137.51,140.24,140.87,138.66,,140.23,,,1432618,201573799.08,13253,F1,1,,,,,
2026-10-05,2026-10-05,CM,NSE,STK,13926,INE082101010,ARISTO,SM,,,,,ARISTO BIO T AND LIFESC L,87.40,87.40,87.40,87.40,87.40,92.00,,87.40,,,1600,139840.00,2,F1,800,,,,,
2026-10-05,2026-10-05,CM,NSE,STK,25398,INE0QRL01017,ARKADE,EQ,,,,,ARKADE DEVELOPERS LIMITED,120.64,125.00,118.23,120.03,120.85,118.69,,120.03,,,158603,19154622.20,2346,F1,1,,,,,
2026-10-05,2026-10-05,CM,NSE,STK,17263,INE109C01017,ARMANFIN,EQ,,,,,ARMAN FIN SERV LTD,1770.00,1817.00,1714.00,1754.90,1755.00,1764.40,,1754.94,,,53075,93358591.80,6674,F1,1,,,,,
2026-10-05,2026-10-05,CM,NSE,STK,766295,INE0TWE01016,ARMEE,EQ,,,,,ARMEE INFOTECH LIMITED,270.70,272.75,251.05,254.25,252.90,273.35,,254.22,,,1290880,339457430.05,23632,F1,1,,,,,
2026-10-05,2026-10-05,CM,NSE,STK,760749,INE0TZX01019,ARMOUR,SM,,,,,ARMOUR SECURITY (INDIA) L,20.10,21.10,20.00,21.10,21.10,20.10,,21.10,,,8000,164600.00,3,F1,2000,,,,,
2026-10-05,2026-10-05,CM,NSE,STK,14557,INE210C01013,AROGRANITE,EQ,,,,,ARO GRANITE IND. LTD.,22.56,23.89,22.10,22.19,22.10,22.35,,22.19,,,6732,152766.64,59,F1,1,,,,,
2026-10-05,2026-10-05,CM,NSE,STK,9260,INE570D01018,ARROWGREEN,EQ,,,,,ARROW GREENTECH LIMITED,873.80,891.75,835.90,858.55,856.00,865.20,,858.56,,,26652,22722996.50,3085,F1,1,,,,,
2026-10-05,2026-10-05,CM,NSE,STK,29015,INE968D01022,ARSHIYA,BZ,,,,,ARSHIYA LIMITED,0.84,0.84,0.82,0.83,0.82,0.81,,0.83,,,23658,19788.23,50,F1,1,,,,,
2026-10-05,2026-10-05,CM,NSE,STK,6156,INE738V01013,ARTNIRMAN,EQ,,,,,ART NIRMAN LIMITED,38.16,39.88,38.16,38.49,39.79,40.00,,38.49,,,754,29127.41,21,F1,1,,,,,
2026-10-05,2026-10-05,CM,NSE,STK,761330,INE757T01025,AEPL,EQ,,,,,ARTEMIS ELECTRICALS & P L,15.95,15.95,14.87,15.01,14.87,15.34,,15.01,,,9208,140927.31,158,F1,1,,,,,
2026-10-05,2026-10-05,CM,NSE,STK,16913,INE025R01021,ARTEMISMED,EQ,,,,,ARTEMIS MED SERVICE LTD,339.20,341.85,322.35,324.10,324.95,336.40,,324.08,,,374630,122469895.05,19757,F1,1,,,,,
2026-10-05,2026-10-05,CM,NSE,STK,756896,INE0TTG01017,ARUNAYA,SM,,,,,ARUNAYA ORGANICS LIMITED,14.00,14.00,13.95,14.00,14.00,13.95,,14.00,,,10000,139900.00,4,F1,2000,,,,,
2026-10-05,2026-10-05,CM,NSE,STK,2814,INE006Z01016,ARVEE,EQ,,,,,ARVEE LABORATORIES I LTD,217.00,229.79,206.35,209.39,209.00,215.32,,209.39,,,9280,1995629.85,408,F1,1,,,,,
2026-10-05,2026-10-05,CM,NSE,STK,9111,INE955V01021,ARVINDFASN,EQ,,,,,ARVIND FASHIONS LIMITED,383.45,389.00,376.10,384.25,385.00,379.70,,384.22,,,225104,86467719.25,25322,F1,1,,,,,
2026-10-05,2026-10-05,CM,NSE,STK,193,INE034A01011,ARVIND,EQ,,,,,ARVIND LIMITED,538.40,539.65,525.15,530.40,531.25,534.05,,530.38,,,565857,299986870.35,42832,F1,1,,,,,
2026-10-05,2026-10-05,CM,NSE,STK,10457,INE034S01021,ARVSMART,EQ,,,,,ARVIND SMARTSPACES LTD,592.50,598.15,573.00,580.25,576.15,592.50,,580.25,,,88014,51180321.55,3897,F1,1,,,,,
2026-10-05,2026-10-05,CM,NSE,STK,5378,INE439A01020,ASAHIINDIA,EQ,,,,,ASAHI INDIA GLASS LIMITED,950.00,952.90,938.00,945.75,951.00,944.25,,945.63,,,45021,42569178.15,6886,F1,1,,,,,
2026-10-05,2026-10-05,CM,NSE,STK,25092,INE228I01012,ASAHISONG,BE,,,,,ASAHI SONGWON COLOR LTD,376.95,380.30,363.10,366.20,363.10,371.25,,366.12,,,7116,2646173.45,134,F1,1,,,,,
2026-10-05,2026-10-05,CM,NSE,STK,24711,INE0LAA01017,ASHALOG,SM,,,,,ASHAPURA LOGISTICS LTD,60.00,60.50,60.00,60.00,60.00,61.00,,60.00,,,20000,1203100.00,16,F1,1000,,,,,
2026-10-05,2026-10-05,CM,NSE,STK,203,INE348A01023,ASHAPURMIN,EQ,,,,,ASHAPURA MINECHEM LTD,493.95,501.95,487.00,490.85,488.05,489.95,,490.89,,,223978,110109061.75,10989,F1,1,,,,,
2026-10-05,2026-10-05,CM,NSE,STK,24403,INE365D01021,ASHIANA,EQ,,,,,ASHIANA HOUSING LTD,381.80,390.00,381.40,383.60,385.00,383.95,,383.59,,,22654,8724235.20,1447,F1,1,,,,,
2026-10-05,2026-10-05,CM,NSE,STK,762551,INE094B01013,ASHIKAG,BE,,,,,ASHIKA GLOBAL SEC LTD,392.05,393.00,385.25,389.80,393.00,392.05,,389.76,,,6038,2338718.10,97,F1,1,,,,,
2026-10-05,2026-10-05,CM,NSE,STK,206,INE440A01010,ASHIMASYN,EQ,,,,,ASHIMA LTD,15.30,15.69,14.77,15.00,15.00,15.31,,14.99,,,108237,1636048.81,484,F1,1,,,,,
2026-10-05,2026-10-05,CM,NSE,STK,212,INE208A01029,ASHOKLEY,EQ,,,,,ASHOK LEYLAND LTD,151.40,153.65,151.23,152.60,152.60,150.48,,152.61,,,9914723,1511123220.23,75424,F1,1,,,,,
2026-10-05,2026-10-05,CM,NSE,STK,20182,INE442H01029,ASHOKA,EQ,,,,,ASHOKA BUILDCON LTD,105.35,106.65,104.36,105.90,106.49,105.31,,105.90,,,538732,56891780.77,7556,F1,1,,,,,
2026-10-05,2026-10-05,CM,NSE,STK,16943,INE760Y01011,ASHOKAMET,EQ,,,,,ASHOKA METCAST LIMITED,14.42,15.15,14.42,14.71,14.61,14.53,,14.71,,,19468,288807.21,264,F1,1,,,,,
2026-10-05,2026-10-05,CM,NSE,STK,765573,INE19FR01012,ASHUTOSH,SM,,,,,ASHUTOSH FIBRE LIMITED,153.00,153.70,134.10,138.20,137.00,148.60,,138.20,,,247200,34810800.00,199,F1,1200,,,,,
2026-10-05,2026-10-05,CM,NSE,STK,760418,INE1A6Q01010,ASHWINI,SM,,,,,ASHWINI CONTAINER MOVER L,162.05,162.05,160.00,160.00,160.00,162.50,,160.00,,,2000,322050.00,2,F1,1000,,,,,
2026-10-05,2026-10-05,CM,NSE,STK,7030,INE276G01015,ASIANENE,EQ,,,,,ASIAN ENERGY SERVICES LTD,470.70,479.90,453.00,458.65,455.35,466.75,,458.64,,,189656,88166711.35,8653,F1,1,,,,,
2026-10-05,2026-10-05,CM,NSE,STK,14889,INE022I01019,ASIANTILES,EQ,,,,,ASIAN GRANITO IND. LTD.,48.16,48.28,46.10,46.65,46.75,47.95,,46.66,,,1062886,50052096.63,4227,F1,1,,,,,
2026-10-05,2026-10-05,CM,NSE,STK,19438,INE926K01017,AHLEAST,EQ,,,,,ASIAN HOTELS (EAST) LTD,134.05,136.90,134.00,135.31,136.69,136.00,,135.39,,,1013,137989.39,40,F1,1,,,,,
2026-10-05,2026-10-05,CM,NSE,STK,18422,INE363A01022,ASIANHOTNR,EQ,,,,,ASIAN HOTELS (NORTH) LTD,356.05,356.05,329.25,334.10,336.50,348.10,,333.41,,,7191,2430725.45,469,F1,1,,,,,
2026-10-05,2026-10-05,CM,NSE,STK,19370,INE915K01010,AHLWEST,BE,,,,,ASIAN HOTELS (WEST) LTD,510.05,545.00,510.05,545.00,545.00,535.05,,545.35,,,730,394052.50,25,F1,1,,,,,
2026-10-05,2026-10-05,CM,NSE,STK,236,INE021A01026,ASIANPAINT,EQ,,,,,ASIAN PAINTS LIMITED,2400.00,2409.00,2336.70,2366.00,2366.00,2407.00,,2366.01,,,916254,2159482779.30,71315,F1,1,,,,,
2026-10-05,2026-10-05,CM,NSE,STK,762553,INE194D01017,ASTAR,EQ,,,,,ASIAN STAR CO. LTD.,714.00,714.00,630.00,644.05,632.00,664.50,,653.13,,,254,163898.40,77,F1,1,,,,,
2026-10-05,2026-10-05,CM,NSE,STK,765025,INE822B01017,ASIANTNE,EQ,,,,,ASIAN TEA & EXPORTS LTD.,8.77,9.13,8.60,9.00,9.13,8.95,,8.99,,,15593,135803.42,51,F1,1,,,,,
2026-10-05,2026-10-05,CM,NSE,STK,20152,INE491J01022,ASKAUTOLTD,EQ,,,,,ASK AUTOMOTIVE LIMITED,621.00,624.90,603.60,608.20,607.00,618.15,,608.20,,,221181,134627460.25,17555,F1,1,,,,,
2026-10-05,2026-10-05,CM,NSE,STK,17270,INE991I01015,ASPINWALL,EQ,,,,,ASPINWALL & CO LTD,242.10,248.40,237.01,238.35,238.00,240.10,,238.35,,,1086,258886.40,50,F1,1,,,,,
2026-10-05,2026-10-05,CM,NSE,STK,766072,INE148G01016,ARCIL,EQ,,,,,ASSET RECONSTRUC CO (I) L,141.09,145.24,140.56,142.24,142.51,139.92,,142.24,,,1314700,187676375.12,26166,F1,1,,,,,
2026-10-05,2026-10-05,CM,NSE,STK,17598,INE073G01016,ASALCBR,EQ,,,,,ASSO ALCOHOLS & BREW LTD,611.10,622.10,590.00,595.65,590.00,611.10,,596.18,,,51910,31143809.25,4868,F1,1,,,,,
2026-10-05,2026-10-05,CM,NSE,STK,17728,INE563J01010,ASTEC,EQ,,,,,ASTEC LIFESCIENCES LTD,708.60,721.75,700.00,712.70,712.80,708.60,,712.70,,,30766,21881688.60,2250,F1,1,,,,,
2026-10-05,2026-10-05,CM,NSE,STK,1508,INE914M01019,ASTERDM,EQ,,,,,ASTER DM QUALITY CARE LTD,708.00,708.00,687.00,691.50,691.15,708.90,,691.48,,,1401950,969728151.15,57848,F1,1,,,,,
2026-10-05,2026-10-05,CM,NSE,STK,11618,INE386C01029,ASTRAMICRO,EQ,,,,,ASTRA MICROWAVE LTD,1634.20,1673.90,1628.10,1651.70,1647.00,1624.50,,1651.70,,,327119,541607698.60,26859,F1,1,,,,,
2026-10-05,2026-10-05,CM,NSE,STK,14418,INE006I01046,ASTRAL,EQ,,,,,ASTRAL LIMITED,1349.00,1367.20,1339.40,1362.10,1362.10,1344.00,,1362.03,,,325806,441756098.40,32212,F1,1,,,,,
2026-10-05,2026-10-05,CM,NSE,STK,5610,INE203A01020,ASTRAZEN,EQ,,,,,ASTRAZENECA PHARMA IND LT,6049.00,6087.50,5882.00,5909.00,5899.00,6031.00,,5909.16,,,6412,38297889.00,2578,F1,1,,,,,
2026-10-05,2026-10-05,CM,NSE,STK,764445,INE646X01014,ASTRON,BZ,,,,,ASTRON PAPER BORD MIL LTD,2.81,2.86,2.81,2.81,2.81,2.81,,2.81,,,10573,29882.80,64,F1,1,,,,,
2026-10-05,2026-10-05,CM,NSE,STK,15649,INE0ALR01029,ATALREAL,EQ,,,,,ATAL REALTECH LIMITED,12.76,12.92,12.51,12.81,12.87,12.78,,12.81,,,902386,11484326.58,1065,F1,1,,,,,
2026-10-05,2026-10-05,CM,NSE,STK,15404,INE09KD01013,ATAM,EQ,,,,,ATAM VALVES LIMITED,54.81,56.40,53.53,54.04,53.75,55.35,,54.04,,,5713,313187.62,117,F1,1,,,,,
2026-10-05,2026-10-05,CM,NSE,STK,756402,INE0V0Q01019,ATCENERGY,SM,,,,,ATC ENERGIES SYSTEM LTD,20.20,21.40,20.20,21.30,21.30,20.60,,21.30,,,19200,399900.00,12,F1,1200,,,,,
2026-10-05,2026-10-05,CM,NSE,STK,757645,INE0LEZ01016,ATHERENERG,EQ,,,,,ATHER ENERGY LIMITED,1411.10,1423.80,1388.50,1409.90,1409.90,1406.10,,1409.99,,,3319066,4670252563.00,106084,F1,1,,,,,
2026-10-05,2026-10-05,CM,NSE,STK,760953,IN90NN701011,ATLPP,E1,,,,,ATL RE.0.50 PPD UP,8.93,9.89,8.85,9.17,9.17,8.85,,9.17,,,1510,13716.25,17,F1,1,,,,,
2026-10-05,2026-10-05,CM,NSE,STK,759007,INE0Z4F01028,ATLANTAELE,EQ,,,,,ATLANTA ELECTRICALS LTD,1745.50,1888.10,1725.00,1882.90,1887.00,1716.50,,1883.33,,,379316,695632127.90,31221,F1,1,,,,,
2026-10-05,2026-10-05,CM,NSE,STK,13585,INE285H01022,ATLANTAA,EQ,,,,,ATLANTAA LIMITED,35.79,37.44,34.20,34.97,35.20,35.71,,35.03,,,69328,2436048.41,574,F1,1,,,,,
2026-10-05,2026-10-05,CM,NSE,STK,4568,INE446A01025,ATLASCYCLE,EQ,,,,,ATLAS CYCLE (HARYANA) LTD,91.74,93.00,90.50,91.30,92.40,91.74,,91.30,,,2877,264830.91,112,F1,1,,,,,
2026-10-05,2026-10-05,CM,NSE,STK,22785,INE05DH01017,ATMASTCO,SM,,,,,ATMASTCO LIMITED,112.20,119.40,112.00,114.65,114.00,115.50,,114.65,,,15600,1803040.00,36,F1,400,,,,,
2026-10-05,2026-10-05,CM,NSE,STK,30023,INE951D01028,ATULAUTO,EQ,,,,,ATUL AUTO LIMITED,422.70,431.70,422.65,424.50,424.00,424.80,,424.51,,,65738,28005559.40,3722,F1,1,,,,,
2026-10-05,2026-10-05,CM,NSE,STK,263,INE100A01010,ATUL,EQ,,,,,ATUL LTD,5899.00,5930.00,5827.50,5856.00,5837.00,5861.00,,5855.84,,,41593,243834731.50,5852,F1,1,,,,,
2026-10-05,2026-10-05,CM,NSE,STK,21238,INE949L01017,AUBANK,EQ,,,,,AU SMALL FINANCE BANK LTD,1000.00,1035.70,999.10,1029.20,1029.20,987.00,,1029.20,,,3358977,3433805457.20,81950,F1,1,,,,,
2026-10-05,2026-10-05,CM,NSE,STK,765451,INE16W401027,AUGMONT,EQ,,,,,AUGMONT ENTERPRISES LTD,1224.00,1254.90,1177.00,1223.30,1217.90,1195.20,,1223.23,,,1400524,1719466101.30,36013,F1,1,,,,,
2026-10-05,2026-10-05,CM,NSE,STK,12022,INE132H01018,AURIONPRO,EQ,,,,,AURIONPRO SOLN LTD,607.80,640.00,595.00,598.50,595.50,607.80,,598.55,,,353216,217083215.30,23581,F1,1,,,,,
2026-10-05,2026-10-05,CM,NSE,STK,15918,INE0NUL01018,AUROIMPEX,ST,,,,,AURO IMPEX & CHEMICALS L,36.95,38.20,36.95,38.20,38.20,38.85,,38.20,,,30400,1134000.00,19,F1,1600,,,,,
2026-10-05,2026-10-05,CM,NSE,STK,275,INE406A01037,AUROPHARMA,EQ,,,,,AUROBINDO PHARMA LTD,1693.70,1696.00,1663.10,1674.90,1674.90,1676.80,,1674.90,,,958714,1605569421.20,39133,F1,1,,,,,
2026-10-05,2026-10-05,CM,NSE,STK,10310,INE898S01029,AURUM,EQ,,,,,AURUM PROPTECH LIMITED,223.50,227.00,220.38,223.61,223.50,223.41,,223.59,,,48055,10742804.46,1725,F1,1,,,,,
2026-10-05,2026-10-05,CM,NSE,STK,31468,INE142K01011,AURUS,EQ,,,,,AURUS GEM CORP LIMITED,4.54,4.54,4.06,4.23,4.29,4.40,,4.25,,,92879,397827.63,508,F1,1,,,,,
2026-10-05,2026-10-05,CM,NSE,STK,4037,INE218C01016,AUSOMENT,EQ,,,,,AUSOM ENTERPRISE LIMITED,139.00,144.88,134.05,137.81,139.50,139.00,,137.81,,,1244,173127.77,104,F1,1,,,,,
2026-10-05,2026-10-05,CM,NSE,STK,764608,INE759F01012,AUSTENG,EQ,,,,,AUSTIN ENGINEERING CO. L,177.90,177.90,153.70,161.95,162.75,167.72,,162.20,,,5623,929368.91,271,F1,1,,,,,
2026-10-05,2026-10-05,CM,NSE,STK,21451,INE0P0001010,APS,SM,,,,,AUSTRALIAN PREM SOLAR I L,226.70,227.50,223.00,223.45,223.20,226.70,,223.45,,,6750,1518900.00,27,F1,250,,,,,
2026-10-05,2026-10-05,CM,NSE,STK,23553,INE206F01022,AIIL,EQ,,,,,AUTHUM INVEST & INFRA LTD,540.60,553.90,539.00,551.60,551.35,539.30,,551.63,,,146383,80169112.85,8087,F1,1,,,,,
2026-10-05,2026-10-05,CM,NSE,STK,14106,INE718H01014,AUTOIND,EQ,,,,,AUTOLINE INDUSTRIES LTD,84.00,84.98,82.00,83.17,83.10,81.40,,83.17,,,84050,7014120.94,1359,F1,1,,,,,
2026-10-05,2026-10-05,CM,NSE,STK,764558,INE451C01013,ACGL,EQ,,,,,AUTOMOBILE CORPN OF GOA L,1674.40,1689.60,1636.60,1683.00,1675.00,1622.70,,1681.22,,,1051,1749937.00,176,F1,1,,,,,
2026-10-05,2026-10-05,CM,NSE,STK,278,INE449A01011,AUTOAXLES,EQ,,,,,AUTOMOTIVE AXLES LIMITED,1683.00,1693.80,1617.00,1624.90,1620.00,1683.00,,1625.03,,,10044,16493465.50,1076,F1,1,,,,,
2026-10-05,2026-10-05,CM,NSE,STK,10634,INE900C01027,ASAL,EQ,,,,,AUTOMOTIVE STAMPINGS & AS,421.05,439.80,420.05,423.10,421.05,426.90,,423.22,,,5966,2534787.45,594,F1,1,,,,,
2026-10-05,2026-10-05,CM,NSE,STK,21406,INE349W01017,AVADHSUGAR,EQ,,,,,AVADH SUG & ENERGY LTD,776.05,841.05,776.05,840.35,841.05,764.60,,840.90,,,292584,240126841.80,14769,F1,1,,,,,
2026-10-05,2026-10-05,CM,NSE,STK,15058,INE0LCL01028,AVALON,EQ,,,,,AVALON TECHNOLOGIES LTD,2280.20,2339.00,2242.00,2256.30,2280.00,2280.20,,2256.21,,,310553,706991273.60,31715,F1,1,,,,,
2026-10-05,2026-10-05,CM,NSE,STK,760733,INE1KU201016,AVANA,SM,,,,,AVANA ELECTROSYSTEMS LTD,124.05,139.25,124.00,139.25,139.25,126.60,,139.25,,,72000,9699600.00,36,F1,2000,,,,,
2026-10-05,2026-10-05,CM,NSE,STK,765030,INE758A01072,AVANCE,EQ,,,,,AVANCE TECHNOLOGIES LTD.,0.80,0.83,0.78,0.79,0.80,0.80,,0.79,,,4823476,3857856.47,1804,F1,1,,,,,
2026-10-05,2026-10-05,CM,NSE,STK,24610,INE005B01027,AVANTEL,EQ,,,,,AVANTEL LIMITED,152.00,152.59,147.00,147.59,147.20,150.28,,147.59,,,892887,132931109.77,10679,F1,1,,,,,
2026-10-05,2026-10-05,CM,NSE,STK,7936,INE871C01038,AVANTIFEED,EQ,,,,,AVANTI FEEDS LIMITED,713.10,717.95,705.15,711.10,711.00,711.55,,711.18,,,187707,133365832.35,15058,F1,1,,,,,
2026-10-05,2026-10-05,CM,NSE,STK,20502,INE617I01024,AVATAR,SM,,,,,AVATAR INDUSTRIES LIMITED,145.15,159.95,145.15,159.00,159.00,152.75,,159.00,,,16000,2409300.00,8,F1,2000,,,,,
2026-10-05,2026-10-05,CM,NSE,STK,19913,INE192R01011,DMART,EQ,,,,,AVENUE SUPERMARTS LIMITED,3808.60,3808.60,3545.30,3567.00,3567.00,3813.00,,3567.08,,,2550875,9241191931.30,142224,F1,1,,,,,
2026-10-05,2026-10-05,CM,NSE,STK,16249,INE483S01020,CCAVENUE,EQ,,,,,AVENUESAI LIMITED,15.25,15.45,14.95,14.99,15.00,15.28,,14.99,,,11659060,176377192.28,13497,F1,1,,,,,
2026-10-05,2026-10-05,CM,NSE,STK,15589,INE680Z01018,AVG,EQ,,,,,AVG LOGISTICS LIMITED,169.97,184.80,165.00,168.15,168.20,166.00,,167.98,,,10536,1799710.71,234,F1,1,,,,,
2026-10-05,2026-10-05,CM,NSE,STK,25520,INE0TFB01017,AVIANSH,SM,,,,,AVI ANSH TEXTILE LIMITED,100.75,100.75,100.75,100.75,100.75,100.50,,100.75,,,1000,100750.00,1,F1,1000,,,,,
2026-10-05,2026-10-05,CM,NSE,STK,755092,INE0V9I01017,AVIENCE,SM,,,,,AVIENCE BIOMEDICALS LTD,316.20,316.20,291.40,294.35,296.00,323.75,,294.35,,,168600,50618460.00,259,F1,600,,,,,
2026-10-05,2026-10-05,CM,NSE,STK,14064,INE855F01042,ASMS,EQ,,,,,AVIO SMART MRKT STACK LTD,5.84,6.04,5.76,5.84,5.89,5.92,,5.84,,,149950,880280.12,654,F1,1,,,,,
2026-10-05,2026-10-05,CM,NSE,STK,13557,INE323B01024,AVONMORE,EQ,,,,,AVONMORE CAP&MGT SERV LTD,12.85,12.99,12.37,12.49,12.73,12.79,,12.50,,,56219,706781.82,402,F1,1,,,,,
2026-10-05,2026-10-05,CM,NSE,STK,23159,INE0R9401019,AVPINFRA,SM,,,,,AVP INFRACON LIMITED,57.00,57.00,54.50,55.90,55.70,56.75,,55.90,,,28800,1596640.00,36,F1,800,,,,,
2026-10-05,2026-10-05,CM,NSE,STK,8827,INE652Z01025,AVROIND,EQ,,,,,AVRO INDIA LIMITED,6.68,7.34,6.28,6.97,6.95,6.68,,6.99,,,577078,3994509.49,1175,F1,1,,,,,
2026-10-05,2026-10-05,CM,NSE,STK,14008,INE488D01021,AVTNPL,EQ,,,,,AVT NATURAL PRODUCTS LTD,87.85,93.17,86.55,88.84,89.72,87.85,,88.84,,,631535,56922825.06,8317,F1,1,,,,,
2026-10-05,2026-10-05,CM,NSE,STK,23864,INE108V01019,AWFIS,EQ,,,,,AWFIS SPACE SOLUTIONS LTD,235.00,244.00,234.50,235.59,234.56,235.26,,235.60,,,348755,82987031.79,15784,F1,1,,,,,
2026-10-05,2026-10-05,CM,NSE,STK,8110,INE699H01024,AWL,EQ,,,,,AWL AGRI BUSINESS LIMITED,176.47,178.90,174.06,176.15,176.55,175.43,,176.15,,,831209,146039643.95,28691,F1,1,,,,,
2026-10-05,2026-10-05,CM,NSE,STK,766238,INE16J201028,AXIOMGAS,ST,,,,,AXIOM GAS ENGINEERING LTD,41.90,41.90,41.90,41.90,41.90,44.10,,41.90,,,20000,838000.00,10,F1,2000,,,,,
2026-10-05,2026-10-05,CM,NSE,STK,5900,INE238A01034,AXISBANK,EQ,,,,,AXIS BANK LIMITED,1229.00,1237.40,1216.40,1222.20,1222.20,1217.10,,1222.20,,,7472163,9178789346.20,222415,F1,1,,,,,
2026-10-05,2026-10-05,CM,NSE,STK,765499,INF846KA1598,ENERGYAXIS,EQ,,,,,AXISAMC - ENERGYAXIS,18.02,18.75,18.02,18.36,18.25,18.27,,18.36,,,18948,348901.91,123,F1,1,,,,,
2026-10-05,2026-10-05,CM,NSE,STK,1044,INF846K01X63,BNKETFAXIS,EQ,,,,,AXISAMC-BNKETFAXIS,568.21,569.22,562.80,563.05,562.80,571.22,,563.05,,,3141,1778812.70,71,F1,1,,,,,
2026-10-05,2026-10-05,CM,NSE,STK,5732,INF846K016C7,CONSUMAXIS,EQ,,,,,AXISAMC-CONSUMAXIS,112.00,112.90,111.65,112.77,111.65,111.99,,112.77,,,2963,333615.24,38,F1,1,,,,,
2026-10-05,2026-10-05,CM,NSE,STK,20532,INF846K01W80,GOLDAXIS,EQ,,,,,AXISAMC-GOLDAXIS,121.85,122.64,120.50,122.40,122.49,122.36,,122.40,,,1330492,162459451.03,5785,F1,1,,,,,
2026-10-05,2026-10-05,CM,NSE,STK,3608,INF846K01Z12,HEALTHAXIS,EQ,,,,,AXISAMC-HEALTHAXIS,162.55,165.48,162.00,162.33,162.83,163.58,,162.50,,,3124,508559.78,151,F1,1,,,,,
2026-10-05,2026-10-05,CM,NSE,STK,3010,INF846K01Y96,ITAXIS,EQ,,,,,AXISAMC-ITAXIS,312.91,315.90,310.50,312.02,310.50,309.81,,312.02,,,3352,1051373.73,54,F1,1,,,,,
2026-10-05,2026-10-05,CM,NSE,STK,21252,INF846K01W98,NIFTYAXIS,EQ,,,,,AXISAMC-NIFTYAXIS,243.19,256.90,243.19,250.63,250.49,249.43,,250.63,,,24479,6104156.19,398,F1,1,,,,,
2026-10-05,2026-10-05,CM,NSE,STK,14742,INF846K010Q0,SENSEXAXIS,EQ,,,,,AXISAMC-SENSEXAXIS,74.75,75.82,74.75,75.22,75.07,74.75,,75.22,,,8928,671339.21,87,F1,1,,,,,
2026-10-05,2026-10-05,CM,NSE,STK,11193,INF846K011K1,SILVERAXIS,EQ,,,,,AXISAMC-SILVERAXIS,219.21,220.81,218.01,220.26,220.55,217.05,,220.26,,,294606,64523837.34,2370,F1,1,,,,,
2026-10-05,2026-10-05,CM,NSE,STK,30155,INF846KA1119,VALUEAXIS,EQ,,,,,AXISAMC-VALUEAXIS,31.97,31.97,30.82,31.02,31.38,30.91,,31.03,,,145987,4543726.38,573,F1,1,,,,,
2026-10-05,2026-10-05,CM,NSE,STK,9436,INE555B01013,AXISCADES,EQ,,,,,AXISCADES TECH LTD,2324.00,2360.00,2252.00,2282.30,2280.00,2307.30,,2282.30,,,255708,588379936.40,31115,F1,1,,,,,
2026-10-05,2026-10-05,CM,NSE,STK,9902,INE02EZ01022,AXITA,EQ,,,,,AXITA COTTON LIMITED,7.69,7.69,7.56,7.59,7.64,7.58,,7.59,,,901703,6855596.31,683,F1,1,,,,,
2026-10-05,2026-10-05,CM,NSE,STK,764613,INE767C01012,AXTEL,EQ,,,,,AXTEL INDUSTRIES LTD.,439.75,445.40,425.05,430.40,425.90,435.45,,430.40,,,1797,777481.55,160,F1,1,,,,,
2026-10-05,2026-10-05,CM,NSE,STK,760981,INE501X01029,AYE,EQ,,,,,AYE FINANCE LIMITED,164.41,167.50,159.00,162.75,162.91,163.29,,162.75,,,898907,147652958.32,25351,F1,1,,,,,
2026-10-05,2026-10-05,CM,NSE,STK,10285,INE193B01039,AYMSYNTEX,EQ,,,,,AYM SYNTEX LIMITED,280.20,288.70,279.80,283.15,282.00,279.95,,283.15,,,33782,9546701.80,756,F1,1,,,,,
2026-10-05,2026-10-05,CM,NSE,STK,20905,INE02IJ01035,AZAD,EQ,,,,,AZAD ENGINEERING LIMITED,2875.00,2937.20,2843.50,2927.20,2920.30,2860.90,,2927.24,,,800736,2317105204.50,56004,F1,1,,,,,
2026-10-05,2026-10-05,CM,NSE,STK,765035,INE566M01017,AZADIND,EQ,,,,,AZAD INDIA MOBILITY LTD.,86.50,88.87,80.00,83.05,80.00,85.95,,83.08,,,143982,12217051.88,1884,F1,1,,,,,
2026-10-05,2026-10-05,CM,NSE,STK,12153,INE01EE01011,BBTCL,EQ,,,,,B&B TRIPLEWALL CONT LTD,228.00,237.73,225.30,234.94,235.00,229.49,,234.96,,,5929,1368625.59,161,F1,1,,,,,
2026-10-05,2026-10-05,CM,NSE,STK,11226,INE116D01028,BAGFILMS,EQ,,,,,B.A.G FILMS AND MEDIA LTD,4.07,4.18,4.02,4.10,4.14,4.07,,4.10,,,29972,123301.81,140,F1,1,,,,,
2026-10-05,2026-10-05,CM,NSE,STK,759420,INE17CQ01015,BAGDIGITAL,SM,,,,,B.A.G.CONVERGENCE LIMITED,109.50,109.50,105.00,107.05,107.70,106.70,,107.05,,,48000,5123840.00,20,F1,1600,,,,,
2026-10-05,2026-10-05,CM,NSE,STK,13290,INE350H01032,BLKASHYAP,EQ,,,,,B.L.KASHYAP & SON LTD,50.23,54.00,49.93,53.22,53.00,50.23,,53.22,,,1836473,97025807.87,10837,F1,1,,,,,
2026-10-05,2026-10-05,CM,NSE,STK,25114,INE01FR01028,STYLEBAAZA,EQ,,,,,BAAZAR STYLE RETAIL LTD,365.10,374.90,354.05,359.90,361.00,368.35,,359.88,,,640771,232802367.15,10259,F1,1,,,,,
2026-10-05,2026-10-05,CM,NSE,STK,17735,INE878I01022,BAFNAPH,BE,,,,,BAFNA PHARMACEUTICALS LTD,386.30,386.30,386.30,386.30,386.30,378.75,,389.50,,,1169,451584.70,14,F1,1,,,,,
2026-10-05,2026-10-05,CM,NSE,STK,763363,INE2OVN25015,BAGMANE,RR,,,,,BAGMANE PRIME OFFICE REIT,106.76,107.80,106.00,106.50,106.30,106.73,,106.50,,,308300,32849903.51,6098,F1,1,,,,,
2026-10-05,2026-10-05,CM,NSE,STK,12989,INE029Q01017,BAHETI,SM,,,,,BAHETI RECYCLING IND LTD,733.00,747.00,725.00,735.00,735.00,733.10,,735.00,,,19875,14603231.25,39,F1,375,,,,,
2026-10-05,2026-10-05,CM,NSE,STK,13794,INE020D01022,BAIDFIN,EQ,,,,,BAID FINSERV LIMITED,10.22,10.57,10.22,10.33,10.25,10.31,,10.33,,,25931,271081.03,148,F1,1,,,,,
2026-10-05,2026-10-05,CM,NSE,STK,16669,INE917I01010,BAJAJ-AUTO,EQ,,,,,BAJAJ AUTO LIMITED,10036.00,10089.00,9920.00,10024.00,10024.00,10045.00,,10024.09,,,354238,3544202686.00,56369,F1,1,,,,,
2026-10-05,2026-10-05,CM,NSE,STK,19531,INE933K01021,BAJAJCON,EQ,,,,,BAJAJ CONSUMER CARE LTD,497.00,499.40,477.95,480.35,480.00,497.05,,480.36,,,365485,178044336.40,17813,F1,1,,,,,
2026-10-05,2026-10-05,CM,NSE,STK,15034,INE193E01025,BAJAJELEC,EQ,,,,,BAJAJ ELECT.LTD,302.00,305.20,297.40,299.25,300.40,299.80,,299.25,,,92225,27789756.35,4931,F1,1,,,,,
2026-10-05,2026-10-05,CM,NSE,STK,317,INE296A01032,BAJFINANCE,EQ,,,,,BAJAJ FINANCE LIMITED,962.55,995.80,962.55,970.00,970.00,948.30,,970.00,,,12682669,12426233433.70,186471,F1,1,,,,,
2026-10-05,2026-10-05,CM,NSE,STK,16675,INE918I01026,BAJAJFINSV,EQ,,,,,BAJAJ FINSERV LTD.,1744.80,1760.90,1732.60,1751.40,1751.40,1732.60,,1751.28,,,1075845,1878276235.40,58324,F1,1,,,,,
2026-10-05,2026-10-05,CM,NSE,STK,6863,INE411U01027,BAJAJHCARE,EQ,,,,,BAJAJ HEALTHCARE LIMITED,320.10,329.00,317.10,319.10,318.60,322.95,,319.09,,,121713,39050067.80,4833,F1,1,,,,,
2026-10-05,2026-10-05,CM,NSE,STK,308,INE306A01021,BAJAJHIND,EQ,,,,,BAJAJ HINDUSTHAN SUGAR LT,19.50,20.23,19.50,19.96,19.98,19.19,,19.96,,,15512797,309449555.96,21254,F1,1,,,,,
2026-10-05,2026-10-05,CM,NSE,STK,305,INE118A01012,BAJAJHLDNG,EQ,,,,,BAJAJ HOLDINGS & INVS LTD,10580.00,10892.00,10554.00,10732.00,10732.00,10666.00,,10732.00,,,50104,537134154.00,16830,F1,1,,,,,
2026-10-05,2026-10-05,CM,NSE,STK,25270,INE377Y01014,BAJAJHFL,EQ,,,,,BAJAJ HOUSING FINANCE LTD,83.99,84.05,81.61,82.79,82.92,82.91,,82.79,,,3691800,304869803.12,32207,F1,1,,,,,
2026-10-05,2026-10-05,CM,NSE,STK,762563,INE704G01024,BAJAJST,EQ,,,,,BAJAJ STEEL INDS. LTD.,335.00,339.00,322.00,328.75,328.45,335.70,,328.46,,,16237,5333689.75,724,F1,1,,,,,
2026-10-05,2026-10-05,CM,NSE,STK,20531,INE0KQN01018,BAJEL,EQ,,,,,BAJEL PROJECTS LIMITED,163.80,165.99,162.12,164.05,164.80,163.63,,164.04,,,79333,12999757.02,1689,F1,1,,,,,
2026-10-05,2026-10-05,CM,NSE,STK,13441,INE083D01012,BALPHARMA,EQ,,,,,BAL PHARMA LTD.,106.95,109.79,105.11,106.79,107.47,105.74,,106.79,,,25522,2734957.74,773,F1,1,,,,,
2026-10-05,2026-10-05,CM,NSE,STK,14501,INE050E01027,BALAMINES,EQ,,,,,BALAJI AMINES LIMITED,2052.00,2075.00,1936.00,1957.80,1961.00,2052.20,,1957.79,,,289399,571089891.30,33407,F1,1,,,,,
2026-10-05,2026-10-05,CM,NSE,STK,9158,INE794B01026,BALAJITELE,EQ,,,,,BALAJI TELEFILMS LIMITED.,90.10,91.88,88.50,90.61,90.80,90.04,,90.61,,,54523,4927320.50,1218,F1,1,,,,,
2026-10-05,2026-10-05,CM,NSE,STK,11309,INE618N01022,BALAXI,EQ,,,,,BALAXI PHARMA LTD,22.06,23.05,22.06,22.77,22.85,22.34,,22.77,,,22927,520975.59,185,F1,1,,,,,
2026-10-05,2026-10-05,CM,NSE,STK,335,INE787D01026,BALKRISIND,EQ,,,,,BALKRISHNA IND. LTD,2083.50,2097.90,2059.00,2066.50,2059.20,2083.50,,2066.52,,,95715,198632095.00,16355,F1,1,,,,,
2026-10-05,2026-10-05,CM,NSE,STK,10181,INE875R01011,BALKRISHNA,EQ,,,,,BALKRISHNA PAPER MILLS L,15.95,16.10,15.95,16.00,16.00,15.94,,16.00,,,2251,36012.16,24,F1,1,,,,,
2026-10-05,2026-10-05,CM,NSE,STK,338,INE164A01016,BALMLAWRIE,EQ,,,,,BALMER LAWRIE & CO LTD,161.75,162.00,157.50,158.59,158.50,159.30,,158.59,,,112768,17886160.82,2132,F1,1,,,,,
2026-10-05,2026-10-05,CM,NSE,STK,762603,INE525F01025,BLIL,EQ,,,,,BALMER LAWRIE INVSTS. L,65.49,65.49,64.29,64.50,64.45,65.01,,64.57,,,80170,5174219.52,2018,F1,1,,,,,
2026-10-05,2026-10-05,CM,NSE,STK,341,INE119A01028,BALRAMCHIN,EQ,,,,,BALRAMPUR CHINI MILLS LTD,652.55,679.50,652.55,671.50,671.00,649.05,,671.49,,,1055611,706749934.85,31734,F1,1,,,,,
2026-10-05,2026-10-05,CM,NSE,STK,23607,INE011E01029,BALUFORGE,EQ,,,,,BALU FORGE INDUSTRIES LTD,494.15,512.50,491.70,502.80,503.70,488.95,,502.80,,,468122,236012201.25,15449,F1,1,,,,,
2026-10-05,2026-10-05,CM,NSE,STK,347,INE655B01011,BANARBEADS,EQ,,,,,BANARAS BEADS LTD,116.25,119.98,115.01,115.04,115.05,116.00,,115.04,,,776,89903.00,42,F1,1,,,,,
2026-10-05,2026-10-05,CM,NSE,STK,13880,INE213C01025,BANCOINDIA,EQ,,,,,BANCO PRODUCTS (I) LTD,590.35,597.80,579.70,589.80,591.25,589.85,,589.84,,,79775,46909909.65,6960,F1,1,,,,,
2026-10-05,2026-10-05,CM,NSE,STK,2263,INE545U01014,BANDHANBNK,EQ,,,,,BANDHAN BANK LIMITED,176.00,176.73,168.05,168.27,168.27,176.00,,168.29,,,18154959,3092454790.87,95100,F1,1,,,,,
2026-10-05,2026-10-05,CM,NSE,STK,760325,INF194KB1KJ7,GOLDBND,EQ,,,,,BANDHANAMC - GOLDBND,146.80,147.28,145.60,147.06,146.89,146.75,,147.04,,,33091,4864506.56,286,F1,1,,,,,
2026-10-05,2026-10-05,CM,NSE,STK,18783,INF194KA1U07,IDFNIFTYET,EQ,,,,,BANDHANAMC - IDFNIFTYET,247.02,252.00,244.13,249.70,250.00,247.02,,249.70,,,798,198713.33,84,F1,1,,,,,
2026-10-05,2026-10-05,CM,NSE,STK,760328,INF194KB1KI9,SILVERBND,EQ,,,,,BANDHANAMC - SILVERBND,221.98,222.96,219.70,222.53,222.93,219.19,,222.53,,,19676,4374810.22,142,F1,1,,,,,
2026-10-05,2026-10-05,CM,NSE,STK,15303,INE863I01016,BANG,EQ,,,,,BANG OVERSEAS LTD.,32.00,33.90,31.45,33.28,33.00,31.44,,33.28,,,48172,1583943.35,192,F1,1,,,,,
2026-10-05,2026-10-05,CM,NSE,STK,4668,INE028A01039,BANKBARODA,EQ,,,,,BANK OF BARODA,233.11,237.32,231.93,232.80,232.80,230.82,,232.79,,,10802904,2528034665.37,60531,F1,1,,,,,
2026-10-05,2026-10-05,CM,NSE,STK,4745,INE084A01016,BANKINDIA,EQ,,,,,BANK OF INDIA,132.09,136.27,132.00,133.50,133.50,129.48,,133.50,,,15657633,2098784935.82,67218,F1,1,,,,,
2026-10-05,2026-10-05,CM,NSE,STK,11377,INE457A01014,MAHABANK,EQ,,,,,BANK OF MAHARASHTRA,81.01,82.40,79.85,80.90,80.90,80.50,,80.90,,,13114830,1063529269.64,44761,F1,1,,,,,
2026-10-05,2026-10-05,CM,NSE,STK,822,INE862Y01015,BANKA,EQ,,,,,BANKA BIOLOO LIMITED,69.99,70.80,68.00,69.84,70.50,68.51,,69.84,,,2444,168979.33,48,F1,1,,,,,
2026-10-05,2026-10-05,CM,NSE,STK,12034,INE186H01022,BASML,EQ,,,,,BANNARI AM SPIN MILL LTD.,23.19,24.50,22.45,22.54,22.75,22.66,,22.54,,,84637,1932188.77,217,F1,1,,,,,
2026-10-05,2026-10-05,CM,NSE,STK,350,INE459A01010,BANARISUG,EQ,,,,,BANNARI AMMAN SUGARS LTD,3327.50,3342.00,3272.20,3296.80,3278.60,3300.50,,3296.80,,,558,1844686.50,150,F1,1,,,,,
2026-10-05,2026-10-05,CM,NSE,STK,24386,INE0B9K01025,BANSALWIRE,EQ,,,,,BANSAL WIRE INDUSTRIES L,323.00,327.70,321.00,323.05,322.05,323.05,,323.05,,,40679,13161492.50,2621,F1,1,,,,,
2026-10-05,2026-10-05,CM,NSE,STK,14511,INE629D01020,BANSWRAS,EQ,,,,,BANSWARA SYNTEX LIMITED,105.08,106.79,102.10,102.93,102.66,105.10,,102.93,,,19481,2020212.76,599,F1,1,,,,,
2026-10-05,2026-10-05,CM,NSE,STK,15073,INE139I01011,BVCL,EQ,,,,,BARAK VALLEY CEM. LTD.,42.60,43.49,40.55,41.21,41.80,41.39,,41.22,,,13402,565258.37,209,F1,1,,,,,
2026-10-05,2026-10-05,CM,NSE,STK,29176,INE0QX401014,BARFLEX,SM,,,,,BARFLEX POLYFILMS LIMITED,52.00,52.00,49.25,51.65,52.00,50.50,,51.65,,,70000,3517300.00,26,F1,2000,,,,,
2026-10-05,2026-10-05,CM,NSE,STK,24117,INF251K01TL6,BBNPNBETF,EQ,,,,,BARODABNP - BBNPNBETF,55.27,55.91,54.90,55.40,55.40,55.00,,55.40,,,801,44269.12,46,F1,1,,,,,
2026-10-05,2026-10-05,CM,NSE,STK,20547,INF251K01SU9,BBNPPGOLD,EQ,,,,,BARODABNP - BBNPPGOLD,142.60,144.80,141.05,142.25,142.55,141.90,,142.25,,,4979,708273.35,111,F1,1,,,,,
2026-10-05,2026-10-05,CM,NSE,STK,368,INE373A01013,BASF,EQ,,,,,BASF INDIA LTD,3440.00,3480.00,3390.00,3406.00,3414.60,3417.10,,3405.97,,,9380,32066904.40,2620,F1,1,,,,,
2026-10-05,2026-10-05,CM,NSE,STK,18442,INE0OCC01013,BASILIC,SM,,,,,BASILIC FLY STUDIO LTD,179.50,185.00,176.55,182.95,185.00,178.45,,182.95,,,20400,3680805.00,50,F1,300,,,,,
2026-10-05,2026-10-05,CM,NSE,STK,371,INE176A01028,BATAINDIA,EQ,,,,,BATA INDIA LTD,613.00,617.90,608.00,611.05,611.00,613.00,,611.01,,,76879,47151780.45,6569,F1,1,,,,,
2026-10-05,2026-10-05,CM,NSE,STK,762568,INE177C01022,BATLIBOI,EQ,,,,,BATLIBOI LTD.,84.00,90.61,81.50,89.78,88.88,82.35,,89.78,,,106409,9382298.58,1695,F1,1,,,,,
2026-10-05,2026-10-05,CM,NSE,STK,22571,INE0JFJ01011,BAWEJA,SM,,,,,BAWEJA STUDIOS LIMITED,26.95,27.00,26.10,26.10,26.10,26.50,,26.10,,,4000,107160.00,5,F1,800,,,,,
2026-10-05,2026-10-05,CM,NSE,STK,17927,INE462A01022,BAYERCROP,EQ,,,,,BAYER CROPSCIENCE LTD,3573.00,3585.00,3502.00,3508.90,3505.10,3554.20,,3508.97,,,17648,62297031.00,4988,F1,1,,,,,
2026-10-05,2026-10-05,CM,NSE,STK,2513,INE412G01024,BCLIND,EQ,,,,,BCL INDUSTRIES LIMITED,31.31,32.14,31.05,31.29,31.50,31.24,,31.29,,,523094,16419126.65,4050,F1,1,,,,,
2026-10-05,2026-10-05,CM,NSE,STK,761494,INE00SW01015,BCPL,EQ,,,,,BCPL RAILWAY INFRA LTD,68.80,68.80,66.10,67.00,67.40,67.25,,66.73,,,7536,501823.51,268,F1,1,,,,,
2026-10-05,2026-10-05,CM,NSE,STK,23922,INE639X01027,BEACON,SM,,,,,BEACON TRUSTEESHIP LTD,85.00,85.15,85.00,85.15,85.15,85.00,,85.15,,,6000,510250.00,4,F1,1000,,,,,
2026-10-05,2026-10-05,CM,NSE,STK,17933,INE520H01022,BEARDSELL,EQ,,,,,BEARDSELL LIMITED,22.30,23.15,22.17,22.76,22.60,22.13,,22.76,,,23832,541133.17,180,F1,1,,,,,
2026-10-05,2026-10-05,CM,NSE,STK,20196,INE844K01012,BEDMUTHA,EQ,,,,,BEDMUTHA INDUST LTD,108.00,108.99,105.10,107.25,107.25,110.33,,107.12,,,2006,215316.07,48,F1,1,,,,,
2026-10-05,2026-10-05,CM,NSE,STK,762573,INE213D01015,BEEKAY,EQ,,,,,BEEKAY STEEL INDS. LTD.,435.05,443.55,424.00,426.90,424.00,435.40,,428.53,,,1073,464508.35,79,F1,1,,,,,
2026-10-05,2026-10-05,CM,NSE,STK,765291,INE1EEM01017,BLEL,EQ,,,,,BEHARI LAL ENGINEERING L,471.50,499.70,471.00,490.05,489.50,467.95,,490.06,,,1679279,824868446.65,36977,F1,1,,,,,
2026-10-05,2026-10-05,CM,NSE,STK,757938,INE344T01014,BELLACASA,EQ,,,,,BELLA CASA FASH AND RET L,241.22,252.68,237.00,238.26,237.10,241.22,,238.27,,,5875,1415651.29,686,F1,1,,,,,
2026-10-05,2026-10-05,CM,NSE,STK,757102,INE894V01022,BELRISE,EQ,,,,,BELRISE INDUSTRIES LTD,238.81,239.99,230.50,231.12,230.76,237.50,,231.11,,,2025207,471900844.89,51256,F1,1,,,,,
2026-10-05,2026-10-05,CM,NSE,STK,15067,INE0N7W01012,BLAL,EQ,,,,,BEML LAND ASSETS LIMITED,160.90,160.90,153.50,156.84,157.01,157.83,,156.88,,,8394,1323426.45,313,F1,1,,,,,
2026-10-05,2026-10-05,CM,NSE,STK,395,INE258A01024,BEML,EQ,,,,,BEML LIMITED,1966.70,1993.90,1942.00,1970.40,1965.00,1962.30,,1970.13,,,144626,284526122.40,19670,F1,1,,,,,
2026-10-05,2026-10-05,CM,NSE,STK,764618,INE664D01019,BENARAS,EQ,,,,,BENARES HOTELS LTD.,10201.00,10250.00,10063.00,10166.00,10200.00,10249.00,,10183.00,,,109,1107961.00,39,F1,1,,,,,
2026-10-05,2026-10-05,CM,NSE,STK,766390,INE2OKU01014,BMISL,ST,,,,,BENCH MARK INFOTECH SER L,110.00,115.50,104.50,115.50,115.50,110.00,,115.50,,,1846800,206952660.00,812,F1,1200,,,,,
2026-10-05,2026-10-05,CM,NSE,STK,762578,INE083K01017,BENGALASM,EQ,,,,,BENGAL & ASSAM CO. LTD.,6085.00,6150.00,5421.00,5772.00,6150.00,6088.00,,5754.81,,,2863,16422902.00,477,F1,1,,,,,
2026-10-05,2026-10-05,CM,NSE,STK,404,INE463A01038,BERGEPAINT,EQ,,,,,BERGER PAINTS (I) LTD,455.30,460.80,452.45,458.40,459.40,452.40,,458.40,,,514017,235920959.40,42929,F1,1,,,,,
2026-10-05,2026-10-05,CM,NSE,STK,2306,INE052T01021,BESTAGRO,EQ,,,,,BEST AGROLIFE LIMITED,18.17,18.17,17.41,17.73,17.69,17.47,,17.72,,,490937,8733141.07,1952,F1,1,,,,,
2026-10-05,2026-10-05,CM,NSE,STK,759842,INE351Y01019,BETA,EQ,,,,,BETA DRUGS LIMITED,2064.50,2173.80,1986.70,2004.00,2020.00,2073.30,,2004.00,,,19642,40673132.00,3088,F1,1,,,,,
2026-10-05,2026-10-05,CM,NSE,STK,5662,INE0HQI01014,BEWLTD,SM,,,,,BEW ENGINEERING LIMITED,61.00,61.20,57.50,59.60,60.30,58.50,,59.60,,,34000,2027750.00,58,F1,500,,,,,
2026-10-05,2026-10-05,CM,NSE,STK,21113,INE878K01010,BFINVEST,EQ,,,,,BF INVESTMENT LIMITED,434.20,443.90,434.05,436.85,438.85,428.70,,436.80,,,13712,6014320.25,1504,F1,1,,,,,
2026-10-05,2026-10-05,CM,NSE,STK,14567,INE243D01012,BFUTILITIE,EQ,,,,,BF UTILITIES LIMITED,504.75,512.95,495.00,495.90,495.05,504.75,,495.93,,,35313,17676754.70,1984,F1,1,,,,,
2026-10-05,2026-10-05,CM,NSE,STK,764183,INF0QA701CI0,BANK10BETF,EQ,,,,,BFAM - BANK10BETF,20.30,20.80,19.46,19.62,19.50,19.76,,19.65,,,102007,2051036.84,2291,F1,1,,,,,
2026-10-05,2026-10-05,CM,NSE,STK,21986,INF0QA701714,BANKBETF,EQ,,,,,BFAM - BANKBETF,55.00,56.24,54.02,55.75,55.81,55.45,,55.75,,,2966639,166124815.05,545,F1,1,,,,,
2026-10-05,2026-10-05,CM,NSE,STK,23915,INF0QA701854,LIQUIDBETF,EQ,,,,,BFAM - LIQUIDBETF,1098.15,1101.89,1097.89,1101.63,1101.62,1101.46,,1101.63,,,309760,341224055.07,133,F1,1,,,,,
2026-10-05,2026-10-05,CM,NSE,STK,21959,INF0QA701722,NIFTYBETF,EQ,,,,,BFAM - NIFTYBETF,231.07,234.16,230.95,232.63,231.75,231.07,,232.63,,,7173,1664155.47,221,F1,1,,,,,
2026-10-05,2026-10-05,CM,NSE,STK,15193,INE661I01014,BGRENERGY,BE,,,,,BGR ENERGY SYSTEMS LTD,238.98,246.00,230.00,232.95,235.90,239.71,,232.45,,,51792,12268220.34,662,F1,1,,,,,
2026-10-05,2026-10-05,CM,NSE,STK,758228,INE0ZRC01017,BHADORA,ST,,,,,BHADORA INDUSTRIES LTD,151.80,154.60,147.25,153.50,152.10,147.25,,153.50,,,142800,21977040.00,82,F1,1200,,,,,
2026-10-05,2026-10-05,CM,NSE,STK,13400,INE354C01027,BHAGERIA,EQ,,,,,BHAGERIA INDUSTRIES LTD,391.00,395.85,358.00,364.65,360.00,382.05,,364.59,,,197915,73499077.35,7319,F1,1,,,,,
2026-10-05,2026-10-05,CM,NSE,STK,6164,INE414D01027,BHAGCHEM,EQ,,,,,BHAGIRADHA CHEM & INDS L,233.56,239.04,228.00,229.14,229.50,236.15,,229.14,,,98290,22714548.50,1785,F1,1,,,,,
2026-10-05,2026-10-05,CM,NSE,STK,20776,INE458B01036,BHAGYANGR,EQ,,,,,BHAGYANAGAR INDIA LIMITED,401.00,418.00,396.00,412.35,415.30,402.65,,412.32,,,173594,70815500.80,6942,F1,1,,,,,
2026-10-05,2026-10-05,CM,NSE,STK,19556,INE474E01029,BHANDARI,EQ,,,,,BHANDARI HOSIERY EXP LTD,2.88,2.89,2.73,2.76,2.77,2.82,,2.76,,,152409,426963.13,343,F1,1,,,,,
2026-10-05,2026-10-05,CM,NSE,STK,419,INE922A01025,BEPL,EQ,,,,,BHANSALI ENG. POLYMERS LT,124.00,126.40,122.62,124.77,124.51,123.76,,124.77,,,695197,86635456.11,9176,F1,1,,,,,
2026-10-05,2026-10-05,CM,NSE,STK,13761,INE464A01036,BBL,EQ,,,,,BHARAT BIJLEE LTD,2105.90,2108.90,2051.00,2058.80,2070.00,2069.60,,2058.75,,,15489,32061792.60,3079,F1,1,,,,,
2026-10-05,2026-10-05,CM,NSE,STK,760726,INE05XR01022,BHARATCOAL,EQ,,,,,BHARAT COKING COAL LTD,31.80,32.30,31.37,31.88,31.94,31.75,,31.88,,,5387913,171138517.08,20749,F1,1,,,,,
2026-10-05,2026-10-05,CM,NSE,STK,2144,INE171Z01026,BDL,EQ,,,,,BHARAT DYNAMICS LIMITED,1087.90,1102.80,1082.10,1096.20,1096.20,1087.90,,1096.09,,,660761,721144875.90,32923,F1,1,,,,,
2026-10-05,2026-10-05,CM,NSE,STK,383,INE263A01024,BEL,EQ,,,,,BHARAT ELECTRONICS LTD,383.10,384.85,377.00,384.85,384.85,383.10,,384.83,,,10909395,4154294807.70,101506,F1,1,,,,,
2026-10-05,2026-10-05,CM,NSE,STK,422,INE465A01025,BHARATFORG,EQ,,,,,BHARAT FORGE LTD,1868.00,1873.70,1816.70,1833.00,1833.00,1875.00,,1833.00,,,1029681,1887939187.60,58442,F1,1,,,,,
2026-10-05,2026-10-05,CM,NSE,STK,9397,INE561C01019,BHARATGEAR,BE,,,,,BHARAT GEARS LTD,100.01,101.00,99.10,99.67,99.94,99.64,,99.67,,,7422,740299.96,96,F1,1,,,,,
2026-10-05,2026-10-05,CM,NSE,STK,764623,INE365Y01019,BPLPHARMA,EQ,,,,,BHARAT PARENTERALS LTD.,1769.20,1790.00,1670.00,1726.90,1772.00,1720.40,,1726.95,,,12145,20893815.60,935,F1,1,,,,,
2026-10-05,2026-10-05,CM,NSE,STK,526,INE029A01011,BPCL,EQ,,,,,BHARAT PETROLEUM CORP  LT,301.50,306.55,294.30,296.95,296.95,300.60,,296.94,,,7903107,2363785095.40,55603,F1,1,,,,,
2026-10-05,2026-10-05,CM,NSE,STK,3834,INE838B01021,BHARATRAS,EQ,,,,,BHARAT RASAYAN LTD,1011.90,1011.90,970.00,983.20,980.40,998.60,,983.52,,,11663,11549209.00,1784,F1,1,,,,,
2026-10-05,2026-10-05,CM,NSE,STK,21683,INE727S01012,BRNL,EQ,,,,,BHARAT ROAD NETWORK LTD,15.62,16.87,15.61,16.13,16.31,16.03,,16.13,,,21855,358934.92,251,F1,1,,,,,
2026-10-05,2026-10-05,CM,NSE,STK,30244,INE415D01024,BHARATSE,EQ,,,,,BHARAT SEATS LIMITED,205.00,211.00,201.49,202.86,201.49,204.65,,202.86,,,123062,25218219.07,3023,F1,1,,,,,
2026-10-05,2026-10-05,CM,NSE,STK,16123,INE316L01019,BHARATWIRE,EQ,,,,,BHARAT WIRE ROPES LTD.,160.10,164.60,160.10,162.25,162.00,160.12,,162.24,,,118991,19338531.70,2953,F1,1,,,,,
2026-10-05,2026-10-05,CM,NSE,STK,11371,INE224M01013,BGLOBAL,BZ,,,,,BHARATIYA GLOBAL INFO LTD,3.43,3.43,3.40,3.42,3.42,3.27,,3.42,,,47281,161772.49,63,F1,1,,,,,
2026-10-05,2026-10-05,CM,NSE,STK,10604,INE397D01024,BHARTIARTL,EQ,,,,,BHARTI AIRTEL LIMITED,1742.30,1779.90,1742.30,1779.90,1779.90,1741.10,,1779.90,,,7310041,12913255788.40,182824,F1,1,,,,,
2026-10-05,2026-10-05,CM,NSE,STK,23489,INE343G01021,BHARTIHEXA,EQ,,,,,BHARTI HEXACOM LIMITED,1389.90,1396.10,1371.40,1383.10,1383.00,1379.20,,1383.10,,,528019,729064675.30,12410,F1,1,,,,,
2026-10-05,2026-10-05,CM,NSE,STK,7848,INE828A01016,BIL,EQ,,,,,BHARTIYA INTERNATIONAL,1018.55,1098.00,995.00,1071.15,1077.00,987.55,,1071.11,,,61770,65283560.50,2576,F1,1,,,,,
2026-10-05,2026-10-05,CM,NSE,STK,438,INE257A01026,BHEL,EQ,,,,,BHEL,424.95,433.45,423.10,429.00,429.00,421.00,,428.96,,,8225965,3528399633.00,85230,F1,1,,,,,
2026-10-05,2026-10-05,CM,NSE,STK,762621,INE274K01012,BTTL,BE,,,,,BHILWARA TECHNICAL TEXT L,39.49,41.33,38.20,38.72,41.33,39.50,,38.72,,,2137,83394.44,25,F1,1,,,,,
2026-10-05,2026-10-05,CM,NSE,STK,18431,INE412U01025,BIGBLOC,EQ,,,,,BIGBLOC CONSTRUCTION LTD,39.20,39.20,37.11,37.57,37.40,38.78,,37.64,,,42913,1625138.30,645,F1,1,,,,,
2026-10-05,2026-10-05,CM,NSE,STK,11966,INE00E101023,BIKAJI,EQ,,,,,BIKAJI FOODS INTERN LTD,507.00,514.00,484.50,487.00,485.00,504.05,,487.01,,,387790,191939701.55,23634,F1,1,,,,,
2026-10-05,2026-10-05,CM,NSE,STK,25527,INE0SQH01013,BIKEWO,ST,,,,,BIKEWO GREEN TECH LIMITED,122.00,124.40,119.60,124.40,124.40,122.00,,124.40,,,68000,8264600.00,24,F1,2000,,,,,
2026-10-05,2026-10-05,CM,NSE,STK,13622,INE071A01013,BILVYAPAR,BE,,,,,BIL VYAPAR LIMITED,4.35,4.35,4.06,4.19,4.08,4.21,,4.19,,,1657,6988.92,21,F1,1,,,,,
2026-10-05,2026-10-05,CM,NSE,STK,762586,INE986A01012,BI,BE,,,,,BILCARE LTD.,98.60,98.60,94.77,94.77,94.77,96.70,,94.77,,,8260,801590.48,38,F1,1,,,,,
2026-10-05,2026-10-05,CM,NSE,STK,759806,INE0HOQ01053,GROWW,EQ,,,,,BILLIONBRAINS GARAGE VN L,181.34,187.94,180.16,187.05,187.37,180.11,,187.05,,,38074910,7008023359.47,191019,F1,1,,,,,
2026-10-05,2026-10-05,CM,NSE,STK,762588,INE469A01019,BIMETAL,EQ,,,,,BIMETAL BEARINGS LTD.,640.00,641.00,640.00,640.00,640.00,640.00,,640.00,,,69,44161.00,7,F1,1,,,,,
2026-10-05,2026-10-05,CM,NSE,STK,763598,INE1BKA01015,BMLL,SM,,,,,BIO MEDICA LABORATORIES L,159.00,159.00,159.00,159.00,159.00,159.50,,159.00,,,1000,159000.00,1,F1,1000,,,,,
2026-10-05,2026-10-05,CM,NSE,STK,11373,INE376G01013,BIOCON,EQ,,,,,BIOCON LIMITED.,371.35,373.05,365.10,369.80,369.80,370.70,,369.80,,,2121058,783554011.20,32679,F1,1,,,,,
2026-10-05,2026-10-05,CM,NSE,STK,4136,INE829A01014,BIOFILCHEM,EQ,,,,,BIOFIL CHEM & PHARMA LTD,29.31,30.94,29.17,29.64,30.05,29.31,,29.63,,,14099,421633.71,156,F1,1,,,,,
2026-10-05,2026-10-05,CM,NSE,STK,760942,INE0XW001014,BIOPOL,SM,,,,,BIOPOL CHEMICALS LIMITED,51.75,52.00,48.80,49.30,48.80,51.30,,49.30,,,18000,905640.00,14,F1,1200,,,,,
2026-10-05,2026-10-05,CM,NSE,STK,477,INE800A01015,BIRLACABLE,EQ,,,,,BIRLA CABLE LIMITED,389.70,391.00,372.10,376.65,376.80,383.00,,376.64,,,249466,94654318.90,7823,F1,1,,,,,
2026-10-05,2026-10-05,CM,NSE,STK,480,INE340A01012,BIRLACORPN,EQ,,,,,BIRLA CORPORATION LTD,828.10,835.45,812.00,812.80,814.00,828.95,,812.83,,,36748,30080056.70,4305,F1,1,,,,,
2026-10-05,2026-10-05,CM,NSE,STK,762596,INE372E01025,BIRLAPREC,BE,,,,,BIRLA PRECISION TECH L,56.44,58.75,54.00,57.78,58.75,55.96,,57.61,,,112592,6322731.27,535,F1,1,,,,,
2026-10-05,2026-10-05,CM,NSE,STK,1455,INE557A01011,BIRLANU,EQ,,,,,BIRLANU LIMITED,1425.00,1425.00,1361.10,1379.50,1381.00,1391.20,,1379.48,,,3263,4525398.30,469,F1,1,,,,,
2026-10-05,2026-10-05,CM,NSE,STK,24404,INF209KC1134,ABGSEC,EQ,,,,,BIRLASLAMC - ABGSEC,112.44,113.53,112.44,113.53,113.53,113.58,,113.31,,,55,6227.76,10,F1,1,,,,,
2026-10-05,2026-10-05,CM,NSE,STK,760247,INF209KC1670,ABSL10BANK,EQ,,,,,BIRLASLAMC - ABSL10BANK,163.01,163.01,161.28,162.01,162.44,162.30,,162.01,,,392,63718.79,17,F1,1,,,,,
2026-10-05,2026-10-05,CM,NSE,STK,13987,INF209KB17D5,ABSLBANETF,EQ,,,,,BIRLASLAMC - ABSLBANETF,55.99,56.57,55.91,56.03,55.94,55.97,,56.03,,,17447,980027.49,380,F1,1,,,,,
2026-10-05,2026-10-05,CM,NSE,STK,14518,INF209KB18T9,ABSLLIQUID,EQ,,,,,BIRLASLAMC - ABSLLIQUID,999.99,1000.01,999.99,999.99,1000.01,1000.00,,1000.00,,,29146,29145989.36,49,F1,1,,,,,
2026-10-05,2026-10-05,CM,NSE,STK,761066,INF209KC1662,ABSLMSCIN,EQ,,,,,BIRLASLAMC - ABSLMSCIN,28.33,28.33,27.55,27.72,27.72,27.68,,27.72,,,1353,37359.68,13,F1,1,,,,,
2026-10-05,2026-10-05,CM,NSE,STK,7339,INF209KB16D7,ABSLNN50ET,EQ,,,,,BIRLASLAMC - ABSLNN50ET,74.55,74.55,72.30,72.69,73.15,73.05,,72.69,,,18937,1381986.74,422,F1,1,,,,,
2026-10-05,2026-10-05,CM,NSE,STK,5957,INF209KB10E8,BSLSENETFG,EQ,,,,,BIRLASLAMC - BSLSENETFG,72.08,74.16,71.95,73.49,73.03,72.82,,73.49,,,3221,234677.72,156,F1,1,,,,,
2026-10-05,2026-10-05,CM,NSE,STK,24847,INF209KC1142,GSEC10ABSL,EQ,,,,,BIRLASLAMC - GSEC10ABSL,111.61,111.61,111.29,111.29,111.29,111.79,,111.29,,,698,77708.90,6,F1,1,,,,,
2026-10-05,2026-10-05,CM,NSE,STK,6297,INF209KB10C2,HEALTHY,EQ,,,,,BIRLASLAMC - HEALTHY,16.76,16.76,16.26,16.41,16.55,16.47,,16.41,,,424617,6982467.59,1664,F1,1,,,,,
2026-10-05,2026-10-05,CM,NSE,STK,10693,INF209KB14K7,MOMENTUM,EQ,,,,,BIRLASLAMC - MOMENTUM,29.82,30.09,29.65,29.73,29.65,29.76,,29.73,,,51454,1533374.05,323,F1,1,,,,,
2026-10-05,2026-10-05,CM,NSE,STK,10690,INF209KB15K4,NIFTYQLITY,EQ,,,,,BIRLASLAMC - NIFTYQLITY,20.26,20.26,19.70,19.84,19.88,19.77,,19.84,,,161488,3199825.38,249,F1,1,,,,,
2026-10-05,2026-10-05,CM,NSE,STK,8003,INF209KB19F6,SILVER,EQ,,,,,BIRLASLAMC - SILVER,218.51,221.60,218.51,221.22,220.94,217.94,,221.22,,,557713,122841613.30,9436,F1,1,,,,,
2026-10-05,2026-10-05,CM,NSE,STK,6462,INF209KB11D8,TECH,EQ,,,,,BIRLASLAMC - TECH,31.54,31.54,30.77,30.88,30.86,30.92,,30.88,,,7383,229292.84,213,F1,1,,,,,
2026-10-05,2026-10-05,CM,NSE,STK,23806,INF209KB19Z4,ABSLPSE,EQ,,,,,BIRLASLAMC-ABSLPSE,9.82,9.82,9.62,9.70,9.70,9.73,,9.72,,,102705,995121.60,552,F1,1,,,,,
2026-10-05,2026-10-05,CM,NSE,STK,6994,INE836A01035,BSOFT,EQ,,,,,BIRLASOFT LIMITED,277.15,280.80,274.25,276.00,275.85,269.75,,276.00,,,1555308,431258508.25,39178,F1,1,,,,,
2026-10-05,2026-10-05,CM,NSE,STK,3435,INE676A01027,BBOX,EQ,,,,,BLACK BOX LIMITED,800.00,823.65,794.20,812.50,814.00,795.85,,812.48,,,542405,438852830.00,30804,F1,1,,,,,
2026-10-05,2026-10-05,CM,NSE,STK,762598,INE761G01016,BLACKROSE,EQ,,,,,BLACK ROSE INDS. LTD.,115.00,115.00,109.00,110.31,111.17,110.45,,110.38,,,13885,1540397.44,459,F1,1,,,,,
2026-10-05,2026-10-05,CM,NSE,STK,27144,INE0UIZ01018,BLACKBUCK,EQ,,,,,BLACKBUCK LIMITED,612.15,619.00,597.10,599.40,598.80,606.15,,599.37,,,362727,220741567.00,22738,F1,1,,,,,
2026-10-05,2026-10-05,CM,NSE,STK,8132,INE791A01024,BLBLIMITED,EQ,,,,,BLB LIMITED,16.64,16.93,15.80,15.98,15.91,16.64,,15.99,,,155815,2511731.96,1071,F1,1,,,,,
2026-10-05,2026-10-05,CM,NSE,STK,19269,INE416D01022,BLISSGVS,BE,,,,,BLISS GVS PHARMA LTD,671.50,697.90,660.00,664.80,665.00,683.60,,664.16,,,198924,133536671.85,2103,F1,1,,,,,
2026-10-05,2026-10-05,CM,NSE,STK,22566,INE0NLT01010,BLSE,EQ,,,,,BLS E-SERVICES LIMITED,324.95,327.80,316.00,319.15,320.45,322.05,,319.12,,,438825,140469618.30,7687,F1,1,,,,,
2026-10-05,2026-10-05,CM,NSE,STK,17279,INE153T01027,BLS,EQ,,,,,BLS INTL SERVS LTD,217.05,219.91,214.79,215.75,216.90,216.51,,215.74,,,570077,123573649.73,22213,F1,1,,,,,
2026-10-05,2026-10-05,CM,NSE,STK,8650,INE657B01025,BLUECHIP,BE,,,,,BLUE CHIP INDIA LIMITED,1.95,1.95,1.95,1.95,1.95,1.98,,1.95,,,1020,1989.00,13,F1,1,,,,,
2026-10-05,2026-10-05,CM,NSE,STK,765040,INE373T01047,BLUECLOUDS,EQ,,,,,BLUE CLOUD SOFTECH SOLU L,20.25,20.75,19.40,19.61,19.60,19.88,,19.61,,,2034648,40466258.97,4770,F1,1,,,,,
2026-10-05,2026-10-05,CM,NSE,STK,7480,INE472B01011,BLUECOAST,EQ,,,,,BLUE COAST HOTELS LIMITED,22.00,22.00,20.90,21.06,21.93,22.00,,21.06,,,1903,40304.35,32,F1,1,,,,,
2026-10-05,2026-10-05,CM,NSE,STK,495,INE233B01017,BLUEDART,EQ,,,,,BLUE DART EXPRESS LTD,4546.30,4549.80,4458.10,4514.40,4505.10,4496.80,,4514.32,,,6452,29075342.40,2794,F1,1,,,,,
2026-10-05,2026-10-05,CM,NSE,STK,19686,INE0KBH01020,BLUEJET,EQ,,,,,BLUE JET HEALTHCARE LTD,546.80,546.80,528.80,531.50,532.50,541.80,,531.47,,,300308,160807647.90,19281,F1,1,,,,,
2026-10-05,2026-10-05,CM,NSE,STK,8311,INE472A01039,BLUESTARCO,EQ,,,,,BLUE STAR LIMITED,1476.00,1517.00,1460.40,1510.00,1510.00,1459.60,,1509.59,,,367830,551238614.50,25694,F1,1,,,,,
2026-10-05,2026-10-05,CM,NSE,STK,758185,INE0X3M01010,BLUEWATER,ST,,,,,BLUE WATER LOGISTICS LTD,578.95,579.50,550.70,567.05,578.00,579.50,,567.05,,,14000,7980350.00,14,F1,1000,,,,,
2026-10-05,2026-10-05,CM,NSE,STK,759291,INE304W01038,BLUESTONE,EQ,,,,,BLUESTONE JEWEL LFSTL LTD,780.50,797.65,778.20,790.65,792.00,787.95,,790.65,,,509584,402625733.55,22243,F1,1,,,,,
2026-10-05,2026-10-05,CM,NSE,STK,757520,INE0U4101014,BLUSPRING,EQ,,,,,BLUSPRING ENTERPRISES LTD,150.00,151.54,142.95,143.92,145.00,147.82,,143.95,,,223038,32722925.51,3690,F1,1,,,,,
2026-10-05,2026-10-05,CM,NSE,STK,759256,INE965W01036,BMWVENTLTD,EQ,,,,,BMW VENTURES LIMITED,50.80,51.89,49.55,50.02,50.45,50.83,,50.03,,,80304,4044477.49,1029,F1,1,,,,,
2026-10-05,2026-10-05,CM,NSE,STK,762608,INE00HZ01011,BNAGROCHEM,EQ,,,,,BN AGROCHEM LTD.,232.50,239.22,219.00,238.45,233.56,227.83,,238.39,,,159454,37380190.46,904,F1,1,,,,,
2026-10-05,2026-10-05,CM,NSE,STK,25021,INE338D01028,BODALCHEM,BE,,,,,BODAL CHEMICALS LTD,189.98,195.00,180.27,180.30,180.27,189.75,,180.32,,,513672,94157639.29,2911,F1,1,,,,,
2026-10-05,2026-10-05,CM,NSE,STK,14150,INE0EEJ01023,BTML,EQ,,,,,BODHI TREE MULTIMEDIA LTD,7.39,7.39,6.97,7.15,7.06,7.09,,7.15,,,65521,464995.15,156,F1,1,,,,,
2026-10-05,2026-10-05,CM,NSE,STK,11640,INE802W01023,BOHRAIND,EQ,,,,,BOHRA INDUSTRIES LIMITED,15.13,15.13,14.01,14.01,14.01,14.74,,14.01,,,4635,65710.55,38,F1,1,,,,,
2026-10-05,2026-10-05,CM,NSE,STK,380,INE050A01025,BBTC,EQ,,,,,BOMBAY BURMAH TRADING COR,1335.20,1350.00,1301.30,1304.50,1304.90,1334.20,,1304.55,,,78011,102207271.40,8818,F1,1,,,,,
2026-10-05,2026-10-05,CM,NSE,STK,513,INE032A01023,BOMDYEING,EQ,,,,,BOMBAY DYEING & MFG. CO L,103.40,104.30,101.02,101.54,101.80,102.63,,101.54,,,384695,39337567.74,4620,F1,1,,,,,
2026-10-05,2026-10-05,CM,NSE,STK,6052,INE0I3Y01014,BMETRICS,SM,,,,,BOMBAY METRICS S C LTD,39.90,39.90,39.65,39.65,39.65,36.60,,39.65,,,3200,127240.00,4,F1,800,,,,,
2026-10-05,2026-10-05,CM,NSE,STK,809,INE032Z01020,BSHSL,EQ,,,,,BOMBAY SUPER HYBRID SEEDS,84.78,84.80,81.00,83.07,83.00,83.95,,83.12,,,4676,387483.51,144,F1,1,,,,,
2026-10-05,2026-10-05,CM,NSE,STK,29607,INE053F07595,704IRFC28,N6,,,,,BOND 7.04% PA TAX FREE S2,1077.00,1077.00,1077.00,1077.00,1077.00,1077.00,,1077.00,,,1,1077.00,1,F1,1,,,,,
2026-10-05,2026-10-05,CM,NSE,STK,31128,INE053F07538,810IRFC27,N2,,,,,BOND 8.10% PA TAX FREE S2,1004.01,1004.90,1002.00,1003.50,1003.50,1003.87,,1006.75,,,3282,3291760.87,24,F1,1,,,,,
2026-10-05,2026-10-05,CM,NSE,STK,31040,INE906B07CB9,830NHAI27,N2,,,,,BOND 8.30% PA TAX FREE S2,980.57,1007.00,980.57,1005.20,1005.20,1005.72,,1005.50,,,1176,1183354.97,17,F1,1,,,,,
2026-10-05,2026-10-05,CM,NSE,STK,30984,INE020B07HP8,846REC28,N6,,,,,BOND 8.46% TAX FREE S2A,1122.35,1135.00,1122.35,1135.00,1135.00,1135.00,,1135.00,,,291,329020.00,4,F1,1,,,,,
2026-10-05,2026-10-05,CM,NSE,STK,31966,INE557F07090,863NHB29,N2,,,,,BOND 8.63%PA TF TR-I S 2A,5630.63,5630.63,5630.63,5630.63,5630.63,5661.00,,5630.63,,,18,101351.34,1,F1,1,,,,,
2026-10-05,2026-10-05,CM,NSE,STK,603,INE053F07686,865IRFC29,NA,,,,,BOND 8.65% PA TF TI-SIIB,1101.83,1111.00,1101.83,1104.25,1104.25,1101.83,,1104.16,,,5378,5939913.35,44,F1,1,,,,,
2026-10-05,2026-10-05,CM,NSE,STK,30990,INE020B07HS2,871REC28,N9,,,,,BOND 8.71% TAX FREE S2B,1127.05,1135.00,1126.65,1126.65,1126.65,1126.65,,1127.30,,,139,157194.90,8,F1,1,,,,,
2026-10-05,2026-10-05,CM,NSE,STK,1999,INE053F07744,888IRFC29,NE,,,,,BOND 8.88% PA TF TII-SIIB,1140.00,1146.50,1120.00,1129.21,1130.00,1140.00,,1129.21,,,2662,2994718.70,35,F1,1,,,,,
2026-10-05,2026-10-05,CM,NSE,STK,31969,INE557F07124,888NHB29,N5,,,,,BOND 8.88%PA TF TR-I S 2B,5635.01,5635.01,5635.01,5635.01,5635.01,5626.01,,5635.01,,,195,1098826.95,1,F1,1,,,,,
2026-10-05,2026-10-05,CM,NSE,STK,31970,INE557F07132,901NHB34,N6,,,,,BOND 9.01%PA TF TR-I S 3B,6391.00,6425.00,6391.00,6424.60,6425.00,6410.00,,6424.60,,,178,1139265.00,13,F1,1,,,,,
2026-10-05,2026-10-05,CM,NSE,STK,2953,INE020B07IH3,886REC34,NG,,,,,BOND8.86% PA TF TR II S3B,1259.05,1299.80,1259.05,1299.80,1299.80,1265.13,,1299.80,,,2,2558.85,2,F1,1,,,,,
2026-10-05,2026-10-05,CM,NSE,STK,761056,INE0B9A01018,BONLON,EQ,,,,,BONLON INDUSTRIES LIMITED,41.00,41.00,39.59,39.76,39.60,39.97,,39.76,,,6716,268706.84,70,F1,1,,,,,
2026-10-05,2026-10-05,CM,NSE,STK,757919,INE16SF01016,BORANA,EQ,,,,,BORANA WEAVES LIMITED,272.00,277.80,268.60,270.40,269.30,272.95,,270.33,,,11307,3068535.00,594,F1,1,,,,,
2026-10-05,2026-10-05,CM,NSE,STK,19401,INE02PY01013,BOROLTD,EQ,,,,,BOROSIL LIMITED,287.00,294.40,277.05,278.35,278.60,280.20,,278.35,,,257448,72748160.40,6174,F1,1,,,,,
2026-10-05,2026-10-05,CM,NSE,STK,3149,INE666D01022,BORORENEW,EQ,,,,,BOROSIL RENEWABLES LTD,455.90,458.90,440.50,442.70,444.80,449.60,,442.69,,,241002,107318554.35,18424,F1,1,,,,,
2026-10-05,2026-10-05,CM,NSE,STK,24014,INE02L001032,BOROSCI,EQ,,,,,BOROSIL SCIENTIFIC LTD,112.80,115.00,111.75,112.15,112.00,112.72,,112.15,,,146287,16576795.61,1373,F1,1,,,,,
2026-10-05,2026-10-05,CM,NSE,STK,4491,INE782A01015,BOSCH-HCIL,EQ,,,,,BOSCH HOME COMFRT IND LTD,1999.00,2036.90,1973.00,1998.20,1991.20,1967.20,,1998.16,,,115592,231334037.50,18486,F1,1,,,,,
2026-10-05,2026-10-05,CM,NSE,STK,2181,INE323A01026,BOSCHLTD,EQ,,,,,BOSCH LIMITED,45550.00,46000.00,44610.00,44960.00,44960.00,45480.00,,44959.39,,,41822,1884063260.00,18131,F1,1,,,,,
2026-10-05,2026-10-05,CM,NSE,STK,25122,INE0QNI01012,BOSS,ST,,,,,BOSS PACKAGING SOLU LTD,60.00,60.00,60.00,60.00,60.00,59.70,,60.00,,,2000,120000.00,1,F1,2000,,,,,
2026-10-05,2026-10-05,CM,NSE,STK,530,INE110A01019,BPL,EQ,,,,,BPL LTD,45.00,45.80,44.00,44.39,44.49,45.29,,44.40,,,20796,929016.20,554,F1,1,,,,,
2026-10-05,2026-10-05,CM,NSE,STK,24905,INE0R4Z01018,BRACEPORT,SM,,,,,BRACE PORT LOGISTICS LTD,65.40,75.00,65.00,66.50,66.50,65.40,,66.50,,,33600,2359280.00,19,F1,1600,,,,,
2026-10-05,2026-10-05,CM,NSE,STK,764628,INE320I01017,BRAHMINFRA,EQ,,,,,BRAHMAPUTRA INFRA L,157.65,157.65,140.44,143.02,143.88,148.85,,142.99,,,13100,1889780.98,404,F1,1,,,,,
2026-10-05,2026-10-05,CM,NSE,STK,24814,INE02RE01045,FIRSTCRY,EQ,,,,,BRAINBEES SOLUTIONS LTD,175.64,177.39,171.32,172.00,172.50,174.75,,172.01,,,1030621,179374639.20,15111,F1,1,,,,,
2026-10-05,2026-10-05,CM,NSE,STK,7780,INE977Y01011,BCONCEPTS,EQ,,,,,BRAND CONCEPTS LIMITED,143.06,143.89,137.36,139.23,138.20,140.41,,139.23,,,6700,931581.37,376,F1,1,,,,,
2026-10-05,2026-10-05,CM,NSE,STK,760972,INE0XUD01014,BRANDMAN,SM,,,,,BRANDMAN RETAIL LIMITED,163.00,163.00,157.00,160.00,160.00,163.95,,160.00,,,24000,3818600.00,28,F1,800,,,,,
2026-10-05,2026-10-05,CM,NSE,STK,15184,INE791I01019,BRIGADE,EQ,,,,,BRIGADE ENTER. LTD,571.00,583.40,561.10,571.60,573.90,569.55,,571.60,,,324478,185069135.00,22062,F1,1,,,,,
2026-10-05,2026-10-05,CM,NSE,STK,757794,INE03NU01014,BRIGHOTEL,EQ,,,,,BRIGADE HOTEL VENTURE LTD,57.01,57.40,56.20,57.06,57.40,56.94,,57.06,,,95219,5429227.65,1874,F1,1,,,,,
2026-10-05,2026-10-05,CM,NSE,STK,764633,INE630D01010,BRIGHTBR,EQ,,,,,BRIGHT BROTHERS LTD.,234.05,243.00,227.00,230.65,230.00,241.85,,229.91,,,5668,1322944.25,232,F1,1,,,,,
2026-10-05,2026-10-05,CM,NSE,STK,8833,INE425B01027,BCG,EQ,,,,,BRIGHTCOM GROUP LIMITED,9.72,9.74,9.05,9.17,9.18,9.52,,9.17,,,9004653,83071427.47,9896,F1,1,,,,,
2026-10-05,2026-10-05,CM,NSE,STK,547,INE216A01030,BRITANNIA,EQ,,,,,BRITANNIA INDUSTRIES LTD,4778.00,4817.20,4734.10,4770.00,4770.00,4778.00,,4770.02,,,204743,974945955.70,17916,F1,1,,,,,
2026-10-05,2026-10-05,CM,NSE,STK,2203,INE0FDU25010,BIRET,RR,,,,,BROOKFIELD INDIA RET,330.35,333.60,330.00,333.11,333.00,330.25,,333.11,,,223984,74383176.78,15003,F1,1,,,,,
2026-10-05,2026-10-05,CM,NSE,STK,25136,INE650L01011,BROOKS,EQ,,,,,BROOKS LAB LIMITED,55.40,55.88,53.65,54.24,54.85,54.80,,54.28,,,12783,700822.65,231,F1,1,,,,,
2026-10-05,2026-10-05,CM,NSE,STK,19585,INE118H01025,BSE,EQ,,,,,BSE LIMITED,3052.00,3181.00,3036.00,3179.60,3179.60,3046.00,,3179.60,,,6735475,21089166145.00,240506,F1,1,,,,,
2026-10-05,2026-10-05,CM,NSE,STK,559,INE594B01012,BSL,EQ,,,,,BSL LTD,121.49,121.49,118.53,120.15,120.19,118.20,,120.16,,,2251,271055.97,57,F1,1,,,,,
2026-10-05,2026-10-05,CM,NSE,STK,2716,INE295F01017,BUTTERFLY,EQ,,,,,BTRFLY GANDHI APPL LTD,564.90,567.00,545.35,547.55,545.40,550.50,,547.52,,,15707,8774299.75,1011,F1,1,,,,,
2026-10-05,2026-10-05,CM,NSE,STK,24704,INE0SZ301012,BULKCORP,ST,,,,,BULKCORP INTERNATIONAL L,79.80,79.90,79.75,79.75,79.75,79.85,,79.75,,,4800,383160.00,4,F1,1200,,,,,
2026-10-05,2026-10-05,CM,NSE,STK,15198,INE817H01022,BURNPUR,BE,,,,,BURNPUR CEMENT LIMITED,12.69,13.18,12.56,13.18,13.18,12.56,,13.30,,,13021,170548.92,90,F1,1,,,,,
2026-10-05,2026-10-05,CM,NSE,STK,764643,INE084D01010,CGVAK,EQ,,,,,C G V A K SOFTWARE & EX L,158.99,158.99,145.11,147.99,147.99,147.24,,148.70,,,1065,159249.78,48,F1,1,,,,,
2026-10-05,2026-10-05,CM,NSE,STK,760854,INE0SMX01019,CKKRETAIL,SM,,,,,C K K RETAIL MART LIMITED,165.10,165.10,165.10,165.10,165.10,168.65,,165.10,,,800,132080.00,1,F1,800,,,,,
2026-10-05,2026-10-05,CM,NSE,STK,7227,INE0BV301023,MAPMYINDIA,EQ,,,,,C.E. INFO SYSTEMS LIMITED,854.45,880.00,853.05,873.40,873.10,845.75,,873.32,,,124043,107465566.45,10872,F1,1,,,,,
2026-10-05,2026-10-05,CM,NSE,STK,27274,INE0U7V01015,C2C,SM,,,,,C2C ADVANCED SYSTEMS LTD,188.70,188.70,167.00,176.15,180.00,189.15,,176.15,,,120300,21395602.50,590,F1,150,,,,,
2026-10-05,2026-10-05,CM,NSE,STK,21823,INE090Y01013,CADSYS,SM,,,,,CADSYS (INDIA) LIMITED,38.00,38.00,37.95,37.95,37.95,39.90,,37.95,,,2500,94975.00,2,F1,500,,,,,
2026-10-05,2026-10-05,CM,NSE,STK,764255,INE11XY01018,CMLL,EQ,,,,,CALIBER MINING AND LOG L,520.00,526.00,503.30,507.20,507.00,523.05,,507.35,,,192091,98924658.65,6042,F1,1,,,,,
2026-10-05,2026-10-05,CM,NSE,STK,8400,INE526B01014,CALSOFT,BE,,,,,CALIFORNIA SOFTWARE CO LT,36.79,36.79,34.59,34.93,35.20,36.41,,34.93,,,155554,5435306.76,849,F1,1,,,,,
2026-10-05,2026-10-05,CM,NSE,STK,14222,INE627H01017,CTE,BE,,,,,CAMBRIDGE TECH ENTER LTD,38.62,39.00,36.98,37.22,37.89,38.91,,37.12,,,26836,998758.24,111,F1,1,,,,,
2026-10-05,2026-10-05,CM,NSE,STK,6216,INE052I01032,CAMLINFINE,EQ,,,,,CAMLIN FINE SCIENCES LTD,91.99,93.20,89.69,91.16,91.29,91.01,,91.16,,,373342,33976471.23,4437,F1,1,,,,,
2026-10-05,2026-10-05,CM,NSE,STK,9362,INE278Y01022,CAMPUS,EQ,,,,,CAMPUS ACTIVEWEAR LIMITED,206.35,208.99,203.01,204.12,203.01,205.83,,204.13,,,186812,38338346.48,5169,F1,1,,,,,
2026-10-05,2026-10-05,CM,NSE,STK,583,INE477A01020,CANFINHOME,EQ,,,,,CAN FIN HOMES LTD,714.35,735.10,711.15,724.70,725.70,711.00,,724.65,,,355842,259086003.35,20061,F1,1,,,,,
2026-10-05,2026-10-05,CM,NSE,STK,10794,INE476A01022,CANBK,EQ,,,,,CANARA BANK,119.39,120.96,118.21,118.50,118.50,118.36,,118.51,,,22263750,2657285804.40,138284,F1,1,,,,,
2026-10-05,2026-10-05,CM,NSE,STK,759477,INE01TY01017,CANHLIFE,EQ,,,,,CANARA HSBC LIFE INS CO L,142.40,147.50,141.13,142.36,142.33,143.85,,142.36,,,384965,55442006.25,9875,F1,1,,,,,
2026-10-05,2026-10-05,CM,NSE,STK,759311,INE218I01013,CRAMC,EQ,,,,,CANARA ROBECO AMC LIMITED,219.00,224.00,218.69,220.23,220.88,216.52,,220.23,,,278457,61574967.21,6499,F1,1,,,,,
2026-10-05,2026-10-05,CM,NSE,STK,19368,INE0QG301017,CANARYS,SM,,,,,CANARYS AUTOMATIONS LTD,28.50,28.50,26.90,28.40,28.40,27.45,,28.40,,,60000,1675000.00,15,F1,4000,,,,,
2026-10-05,2026-10-05,CM,NSE,STK,20160,INE068L01024,CANTABIL,EQ,,,,,CANTABIL RETAIL LTD,226.30,228.98,220.00,225.18,228.98,224.66,,225.23,,,172213,38511759.87,3103,F1,1,,,,,
2026-10-05,2026-10-05,CM,NSE,STK,21749,INE264T01014,CAPACITE,EQ,,,,,CAPACITE INFRAPROJECT LTD,182.00,182.91,175.99,178.62,179.50,180.33,,178.61,,,222639,39779792.67,4629,F1,1,,,,,
2026-10-05,2026-10-05,CM,NSE,STK,759867,INE0ILV01024,CAPILLARY,EQ,,,,,CAPILLARY TECHNO INDIA L,560.00,564.70,538.00,546.10,544.00,554.70,,546.13,,,108170,59208635.35,4256,F1,1,,,,,
2026-10-05,2026-10-05,CM,NSE,STK,756015,INE345H01024,CIFL,EQ,,,,,CAPITAL INDIA FINANCE LTD,20.70,21.15,20.40,20.49,20.49,20.76,,20.52,,,240278,4940762.31,1762,F1,1,,,,,
2026-10-05,2026-10-05,CM,NSE,STK,29157,INE0Z8Z23013,CAPINVIT,IV,,,,,CAPITAL INFRA TRUST,77.15,77.25,76.70,77.05,76.90,76.67,,77.04,,,130918,10076955.77,2065,F1,1,,,,,
2026-10-05,2026-10-05,CM,NSE,STK,22675,INE646H01017,CAPITALSFB,EQ,,,,,CAPITAL SMALL FIN BANK L,278.00,286.90,273.65,279.55,276.10,277.50,,279.52,,,32415,9049566.60,1184,F1,1,,,,,
2026-10-05,2026-10-05,CM,NSE,STK,19451,INE707C01018,CAPTRUST,BE,,,,,CAPITAL TRUST LIMITED,19.07,20.02,18.50,19.99,20.02,19.07,,20.00,,,60158,1183509.62,115,F1,1,,,,,
2026-10-05,2026-10-05,CM,NSE,STK,3906,INE475E01026,CAPLIPOINT,EQ,,,,,CAPLIN POINT LAB LTD.,2609.70,2625.80,2541.10,2604.00,2586.00,2631.90,,2603.98,,,142329,367601542.80,24828,F1,1,,,,,
2026-10-05,2026-10-05,CM,NSE,STK,20329,INE180C01042,CGCL,EQ,,,,,CAPRI GLOBAL CAPITAL LTD,250.60,251.98,245.15,247.06,246.00,249.23,,247.04,,,1571868,390338202.46,25055,F1,1,,,,,
2026-10-05,2026-10-05,CM,NSE,STK,764203,INE536P01021,CPL,EQ,,,,,CAPTAIN POLYPLAST LIMITED,61.56,63.90,61.01,62.73,63.89,62.46,,62.74,,,34985,2177983.83,1930,F1,1,,,,,
2026-10-05,2026-10-05,CM,NSE,STK,595,INE120A01034,CARBORUNIV,EQ,,,,,CARBORUNDUM UNIVERSAL LTD,1241.00,1280.10,1230.70,1267.60,1270.00,1239.70,,1267.59,,,269403,338311490.00,28730,F1,1,,,,,
2026-10-05,2026-10-05,CM,NSE,STK,29113,INE752H01013,CARERATING,EQ,,,,,CARE RATINGS LIMITED,1602.70,1635.20,1590.20,1607.70,1593.50,1602.70,,1607.86,,,53662,86650257.00,5095,F1,1,,,,,
2026-10-05,2026-10-05,CM,NSE,STK,758941,INE0P6P01016,CPEDU,EQ,,,,,CAREER POINT EDUTECH LTD,170.10,180.00,170.10,179.47,179.44,176.36,,179.47,,,6455,1139538.89,136,F1,1,,,,,
2026-10-05,2026-10-05,CM,NSE,STK,28879,INE0V7W01012,CARRARO,EQ,,,,,CARRARO INDIA LIMITED,518.50,526.45,508.50,518.90,520.50,518.10,,518.91,,,114896,59448142.45,9188,F1,1,,,,,
2026-10-05,2026-10-05,CM,NSE,STK,5407,INE290S01011,CARTRADE,EQ,,,,,CARTRADE TECH LIMITED,2806.00,2950.00,2804.20,2935.40,2944.20,2806.60,,2935.40,,,267054,777905295.40,30436,F1,1,,,,,
2026-10-05,2026-10-05,CM,NSE,STK,1879,INE482D01024,CARYSIL,EQ,,,,,CARYSIL LIMITED,1058.70,1058.70,1021.00,1031.00,1022.40,1044.80,,1030.95,,,92489,95630500.20,8672,F1,1,,,,,
2026-10-05,2026-10-05,CM,NSE,STK,758129,INE0WL201014,CUDML,SM,,,,,CASH UR DRIVE MARKETING L,100.20,102.60,100.15,102.60,102.60,106.95,,102.60,,,14000,1410700.00,9,F1,1000,,,,,
2026-10-05,2026-10-05,CM,NSE,STK,1250,INE172A01027,CASTROLIND,EQ,,,,,CASTROL INDIA LIMITED,199.05,201.50,197.75,199.51,199.50,199.04,,199.51,,,2300283,458294969.53,29528,F1,1,,,,,
2026-10-05,2026-10-05,CM,NSE,STK,11452,INE421D01022,CCL,EQ,,,,,CCL PRODUCTS (I) LTD,1056.60,1057.60,1033.10,1051.90,1052.50,1056.60,,1051.83,,,179191,187105953.70,21397,F1,1,,,,,
2026-10-05,2026-10-05,CM,NSE,STK,15254,INE482A01020,CEATLTD,EQ,,,,,CEAT LIMITED,3286.60,3313.40,3244.10,3283.00,3289.00,3286.60,,3283.21,,,26355,86339158.80,6694,F1,1,,,,,
2026-10-05,2026-10-05,CM,NSE,STK,757687,INE11J101017,CEDAAR,SM,,,,,CEDAAR TEXTILE LIMITED,11.55,11.55,10.45,10.50,10.50,11.00,,10.50,,,16000,174000.00,12,F1,1000,,,,,
2026-10-05,2026-10-05,CM,NSE,STK,24742,INE0AG901020,CEIGALL,EQ,,,,,CEIGALL INDIA LIMITED,380.10,386.50,373.20,383.95,382.95,380.10,,383.95,,,214295,81527534.30,5504,F1,1,,,,,
2026-10-05,2026-10-05,CM,NSE,STK,761037,INE016Q01014,CEINSYS,EQ,,,,,CEINSYS TECH LIMITED,669.80,669.80,635.05,649.60,643.05,654.25,,649.59,,,58702,37922602.10,4391,F1,1,,,,,
2026-10-05,2026-10-05,CM,NSE,STK,13162,INE185H01016,CELEBRITY,EQ,,,,,CELEBRITY FASHIONS LTD,6.26,6.69,6.06,6.41,6.40,6.26,,6.41,,,13811,88069.01,109,F1,1,,,,,
2026-10-05,2026-10-05,CM,NSE,STK,16950,INE0O0001013,CELLPOINT,SM,,,,,CELL POINT (INDIA) LTD,16.75,16.75,15.35,15.85,15.85,16.05,,15.85,,,13200,212700.00,10,F1,1200,,,,,
2026-10-05,2026-10-05,CM,NSE,STK,18806,INE0OMO01025,CELLECOR,SM,,,,,CELLECOR GADGETS LIMITED,29.50,29.75,28.25,29.40,29.65,28.90,,29.40,,,159000,4638000.00,46,F1,3000,,,,,
2026-10-05,2026-10-05,CM,NSE,STK,19795,INE0LMW01024,CELLO,EQ,,,,,CELLO WORLD LIMITED,323.10,341.90,323.10,340.05,339.00,323.10,,340.06,,,945722,317710543.50,32031,F1,1,,,,,
2026-10-05,2026-10-05,CM,NSE,STK,5622,INE686A01026,CEMPRO,EQ,,,,,CEMINDIA PROJECTS LIMITED,1198.00,1209.50,1150.10,1156.60,1159.00,1178.90,,1156.69,,,237035,276541419.80,21595,F1,1,,,,,
2026-10-05,2026-10-05,CM,NSE,STK,14894,INE483A01010,CENTRALBK,EQ,,,,,CENTRAL BANK OF INDIA,30.20,30.56,30.02,30.31,30.36,30.00,,30.31,,,4478354,135745655.77,17901,F1,1,,,,,
2026-10-05,2026-10-05,CM,NSE,STK,21174,INE736A01011,CDSL,EQ,,,,,CENTRAL DEPO SER (I) LTD,1248.00,1260.30,1237.40,1250.00,1250.00,1242.50,,1250.00,,,915900,1144177941.70,39847,F1,1,,,,,
2026-10-05,2026-10-05,CM,NSE,STK,761581,INE05HV01027,CMPDI,EQ,,,,,CENTRAL MINE P N D INST L,205.70,208.99,203.68,207.13,206.00,204.38,,207.09,,,1019550,210604373.66,19403,F1,1,,,,,
2026-10-05,2026-10-05,CM,NSE,STK,2454,INE660C01027,CENTRUM,EQ,,,,,CENTRUM CAPITAL LIMITED,19.99,20.40,19.30,19.70,19.89,19.90,,19.70,,,371639,7360252.46,789,F1,1,,,,,
2026-10-05,2026-10-05,CM,NSE,STK,14982,INE320B01020,CENTUM,EQ,,,,,CENTUM ELECTRONICS LTD,4748.80,4750.00,4550.00,4584.10,4608.00,4701.70,,4584.41,,,44652,206437095.50,10210,F1,1,,,,,
2026-10-05,2026-10-05,CM,NSE,STK,619,INE485A01015,CENTENKA,EQ,,,,,CENTURY ENKA LTD,538.90,551.80,538.90,546.20,545.45,537.80,,546.20,,,26663,14576193.85,3016,F1,1,,,,,
2026-10-05,2026-10-05,CM,NSE,STK,11511,INE281A01026,CENTEXT,EQ,,,,,CENTURY EXTRUSIONS LTD,18.40,18.99,17.91,17.99,18.00,18.18,,17.99,,,68850,1251430.64,678,F1,1,,,,,
2026-10-05,2026-10-05,CM,NSE,STK,766164,INE281A20018,CENTEXT-RE,BE,,,,,CENTURY EXTRUSIONS LTD,3.50,3.50,2.14,2.79,2.82,3.16,,2.80,,,193543,548249.28,260,F1,1,,,,,
2026-10-05,2026-10-05,CM,NSE,STK,13305,INE348B01021,CENTURYPLY,EQ,,,,,CENTURY PLYBOARDS (I) LTD,662.25,682.00,662.25,680.05,678.10,666.45,,680.05,,,65262,44084797.95,13393,F1,1,,,,,
2026-10-05,2026-10-05,CM,NSE,STK,15039,INE739E01017,CERA,EQ,,,,,CERA SANITARYWARE LTD,5096.50,5129.50,5014.50,5056.50,5050.00,5096.50,,5056.02,,,7444,37674788.50,2396,F1,1,,,,,
2026-10-05,2026-10-05,CM,NSE,STK,29016,INE345B01019,CEREBRAINT,BZ,,,,,CEREBRA INT TECH LTD,2.66,2.66,2.66,2.66,2.66,2.86,,2.66,,,3864,10278.24,32,F1,1,,,,,
2026-10-05,2026-10-05,CM,NSE,STK,628,INE486A01021,CESC,EQ,,,,,CESC LTD,132.33,136.90,131.70,133.73,133.55,131.62,,133.73,,,1606522,215615924.78,41380,F1,1,,,,,
2026-10-05,2026-10-05,CM,NSE,STK,760,INE067A01029,CGPOWER,EQ,,,,,CG POWER AND IND SOL LTD,885.05,894.20,877.75,882.30,882.30,879.00,,882.30,,,1290292,1141497982.35,34691,F1,1,,,,,
2026-10-05,2026-10-05,CM,NSE,STK,8546,INE427F01016,CHALET,EQ,,,,,CHALET HOTELS LIMITED,836.80,844.40,825.25,841.45,840.00,830.25,,841.47,,,136588,114212391.85,13535,F1,1,,,,,
2026-10-05,2026-10-05,CM,NSE,STK,3482,INE419D01026,CLSEL,EQ,,,,,CHAMAN LAL SETIA EXP LTD,280.95,286.20,277.25,283.10,281.10,281.95,,283.07,,,31677,8905874.50,1439,F1,1,,,,,
2026-10-05,2026-10-05,CM,NSE,STK,13731,INE06PV01010,CMNL,SM,,,,,CHAMAN METALLICS LIMITED,118.00,118.00,115.00,115.00,115.00,118.00,,115.00,,,5250,606375.00,5,F1,750,,,,,
2026-10-05,2026-10-05,CM,NSE,STK,637,INE085A01013,CHAMBLFERT,EQ,,,,,CHAMBAL FERTILIZERS LTD,400.30,406.30,395.00,397.60,398.25,399.30,,397.59,,,432450,172444742.30,20906,F1,1,,,,,
2026-10-05,2026-10-05,CM,NSE,STK,29633,INE0B2N01016,CHANDAN,SM,,,,,CHANDAN HEALTHCARE LTD,228.00,228.00,220.55,222.60,222.00,227.10,,222.60,,,20000,4464120.00,25,F1,800,,,,,
2026-10-05,2026-10-05,CM,NSE,STK,18667,INE0PT101017,CHAVDA,ST,,,,,CHAVDA INFRA LIMITED,59.85,60.00,59.50,59.50,59.50,59.85,,59.50,,,6000,358700.00,3,F1,2000,,,,,
2026-10-05,2026-10-05,CM,NSE,STK,757991,INE0TGX01019,CHEMBONDCH,BE,,,,,CHEMBOND CHEMICAL LIMITED,221.95,225.95,212.00,214.85,215.00,215.81,,214.86,,,5522,1209598.40,132,F1,1,,,,,
2026-10-05,2026-10-05,CM,NSE,STK,14618,INE995D01025,CHEMBOND,EQ,,,,,CHEMBOND MATERIALTECH LTD,178.22,183.02,176.50,177.94,180.95,177.64,,177.94,,,4435,797936.23,223,F1,1,,,,,
2026-10-05,2026-10-05,CM,NSE,STK,270,INE03YM01018,CHEMCON,EQ,,,,,CHEMCON SPECIAL CHEM LTD,218.00,223.00,211.21,213.86,214.80,215.93,,213.87,,,41413,9015628.39,1325,F1,1,,,,,
2026-10-05,2026-10-05,CM,NSE,STK,765045,INE298W01016,CHEMCRUX,EQ,,,,,CHEMCRUX ENTERPRISES LTD.,79.47,82.20,76.50,79.22,79.10,78.23,,79.60,,,3767,297693.95,76,F1,1,,,,,
2026-10-05,2026-10-05,CM,NSE,STK,2799,INE783X01023,CHEMFAB,EQ,,,,,CHEMFAB ALKALIS LIMITED,321.55,335.35,320.15,326.35,321.05,328.35,,326.38,,,3357,1104488.15,192,F1,1,,,,,
2026-10-05,2026-10-05,CM,NSE,STK,5449,INE488A01050,CHEMPLASTS,EQ,,,,,CHEMPLAST SANMAR LIMITED,191.55,204.00,191.55,196.93,196.15,191.56,,196.95,,,805392,160956107.31,16277,F1,1,,,,,
2026-10-05,2026-10-05,CM,NSE,STK,2049,INE178A01016,CHENNPETRO,EQ,,,,,CHENNAI PETROLEUM CORP LT,1345.90,1406.00,1325.10,1401.00,1403.90,1346.40,,1400.98,,,1762387,2424326389.90,72768,F1,1,,,,,
2026-10-05,2026-10-05,CM,NSE,STK,24625,INE0U1T01012,CHETANA,SM,,,,,CHETANA EDUCATION LIMITED,39.00,39.00,38.50,38.50,38.50,40.00,,38.50,,,6400,247200.00,2,F1,1600,,,,,
2026-10-05,2026-10-05,CM,NSE,STK,9879,INE974B01016,CHEVIOT,EQ,,,,,CHEVIOT COMPANY LIMITED,1172.00,1174.50,1160.10,1165.70,1167.00,1167.00,,1165.52,,,386,450728.40,90,F1,1,,,,,
2026-10-05,2026-10-05,CM,NSE,STK,8866,INE102B01014,CHOICEIN,EQ,,,,,CHOICE INTERNATIONAL LTD,719.40,736.00,719.40,726.00,728.00,719.40,,726.00,,,737146,535929859.85,9628,F1,1,,,,,
2026-10-05,2026-10-05,CM,NSE,STK,759610,INF2KCX01012,CHOICEGOLD,EQ,,,,,CHOICEAMC - CHOICEGOLD,144.05,146.30,144.05,145.93,146.00,145.74,,145.93,,,15777,2287133.79,255,F1,1,,,,,
2026-10-05,2026-10-05,CM,NSE,STK,21740,INE149A01033,CHOLAHLDNG,EQ,,,,,CHOLAMANDALAM FIN HOL LTD,1379.90,1409.70,1366.10,1404.40,1402.90,1369.60,,1404.39,,,69925,97245125.20,10380,F1,1,,,,,
2026-10-05,2026-10-05,CM,NSE,STK,685,INE121A01024,CHOLAFIN,EQ,,,,,CHOLAMANDALAM IN & FIN CO,1590.00,1610.80,1580.00,1605.40,1605.40,1580.00,,1605.41,,,1378981,2208592245.70,49311,F1,1,,,,,
2026-10-05,2026-10-05,CM,NSE,STK,14937,INE536H01010,CIEINDIA,EQ,,,,,CIE AUTOMOTIVE INDIA LTD,377.00,380.85,374.40,378.00,376.55,376.35,,378.01,,,91542,34599804.70,12327,F1,1,,,,,
2026-10-05,2026-10-05,CM,NSE,STK,27161,INE704H01022,CINELINE,EQ,,,,,CINELINE INDIA LIMITED,87.40,90.00,86.01,86.22,86.15,85.96,,86.24,,,5158,449980.78,282,F1,1,,,,,
2026-10-05,2026-10-05,CM,NSE,STK,8024,INE039B01026,CINEVISTA,EQ,,,,,CINEVISTA LIMITED,14.09,14.09,13.46,13.79,13.95,13.63,,13.79,,,18109,249693.72,97,F1,1,,,,,
2026-10-05,2026-10-05,CM,NSE,STK,694,INE059A01026,CIPLA,EQ,,,,,CIPLA LTD,1334.30,1337.70,1321.00,1335.50,1335.50,1344.00,,1335.49,,,1084209,1444590826.60,56931,F1,1,,,,,
2026-10-05,2026-10-05,CM,NSE,STK,763149,INE2Q7823014,CITIUSINVT,IV,,,,,CITIUS TRANSNET INV TRUST,116.50,117.00,115.12,115.63,115.50,115.99,,115.63,,,10960,1275733.88,287,F1,1,,,,,
2026-10-05,2026-10-05,CM,NSE,STK,5701,INE491A01021,CUB,EQ,,,,,CITY UNION BANK LTD,232.00,232.65,225.50,227.65,227.43,230.04,,227.65,,,1115230,254228656.49,33136,F1,1,,,,,
2026-10-05,2026-10-05,CM,NSE,STK,20223,INE201M01029,CLEDUCATE,EQ,,,,,CL EDUCATE LIMITED,58.49,58.98,55.02,55.02,55.02,57.91,,55.03,,,11798,660692.20,157,F1,1,,,,,
2026-10-05,2026-10-05,CM,NSE,STK,758736,INE0UQ601012,CLASSICEIL,SM,,,,,CLASSIC ELECTRODE (IND) L,50.50,51.00,50.50,50.60,50.60,51.05,,50.60,,,6400,324320.00,4,F1,1600,,,,,
2026-10-05,2026-10-05,CM,NSE,STK,754695,INE1QGM01024,CLAYCRAFT,SM,,,,,CLAY CRAFT INDIA LIMITED,162.00,171.90,162.00,169.40,169.75,167.20,,169.40,,,22200,3729300.00,28,F1,600,,,,,
2026-10-05,2026-10-05,CM,NSE,STK,13846,INE376C01038,CLCIND,BE,,,,,CLC INDUSTRIES LIMITED,43.22,43.22,43.22,43.22,43.22,43.22,,42.61,,,152,6569.44,6,F1,1,,,,,
2026-10-05,2026-10-05,CM,NSE,STK,760183,INE647U01026,CLEANMAX,EQ,,,,,CLEAN MAX ENVIRO EN SOL L,1309.90,1331.80,1301.00,1303.30,1306.00,1299.80,,1303.29,,,156077,205057225.50,14132,F1,1,,,,,
2026-10-05,2026-10-05,CM,NSE,STK,5049,INE227W01023,CLEAN,EQ,,,,,CLEAN SCIENCE & TECH LTD,805.00,817.30,792.15,799.80,799.00,803.05,,799.82,,,185312,148955662.25,14316,F1,1,,,,,
2026-10-05,2026-10-05,CM,NSE,STK,760143,INE1EF801010,CSSL,SM,,,,,CLEAR SECURED SERVICES L,70.25,75.50,70.25,73.50,73.50,69.60,,73.50,,,8000,589700.00,7,F1,1000,,,,,
2026-10-05,2026-10-05,CM,NSE,STK,19676,INE981B01011,CMICABLES,BZ,,,,,CMI LIMITED,2.62,2.62,2.49,2.49,2.49,2.62,,2.49,,,2350,5864.50,14,F1,1,,,,,
2026-10-05,2026-10-05,CM,NSE,STK,30893,INE00WV01027,CMRGREEN,EQ,,,,,CMR GREEN TECHNOLOGIES L,224.57,225.60,220.10,221.48,220.50,223.38,,221.47,,,272408,60767851.92,8127,F1,1,,,,,
2026-10-05,2026-10-05,CM,NSE,STK,7603,INE925R01014,CMSINFO,EQ,,,,,CMS INFO SYSTEMS LIMITED,221.68,222.00,217.16,218.98,219.45,220.69,,218.99,,,696321,152788370.77,17649,F1,1,,,,,
2026-10-05,2026-10-05,CM,NSE,STK,20374,INE522F01014,COALINDIA,EQ,,,,,COAL INDIA LTD,425.00,430.90,421.60,425.10,425.10,420.40,,425.10,,,7764099,3306445074.90,103761,F1,1,,,,,
2026-10-05,2026-10-05,CM,NSE,STK,6006,INE377E01024,COASTCORP,EQ,,,,,COASTAL CORPORATION LTD,35.55,36.19,35.45,35.68,35.45,35.82,,35.68,,,36258,1299749.64,527,F1,1,,,,,
2026-10-05,2026-10-05,CM,NSE,STK,21508,INE704P01025,COCHINSHIP,EQ,,,,,COCHIN SHIPYARD LIMITED,1295.90,1308.00,1279.30,1283.80,1283.80,1287.00,,1283.81,,,678043,873809127.10,20372,F1,1,,,,,
2026-10-05,2026-10-05,CM,NSE,STK,11165,INE335K01011,COFFEEDAY,EQ,,,,,COFFEE DAY ENTERPRISE LTD,30.20,31.74,29.72,30.06,30.05,29.69,,30.06,,,642940,19363023.91,2600,F1,1,,,,,
2026-10-05,2026-10-05,CM,NSE,STK,11543,INE591G01025,COFORGE,EQ,,,,,COFORGE LIMITED,1842.30,1888.00,1793.80,1852.00,1852.00,1826.00,,1851.98,,,3693526,6828443592.00,114163,F1,1,,,,,
2026-10-05,2026-10-05,CM,NSE,STK,17945,INE03QK01018,COHANCE,EQ,,,,,COHANCE LIFESCIENCES LTD,451.50,455.05,442.20,446.80,446.30,451.30,,446.80,,,413013,184938197.10,29855,F1,1,,,,,
2026-10-05,2026-10-05,CM,NSE,STK,15141,INE259A01022,COLPAL,EQ,,,,,COLGATE PALMOLIVE LTD.,1741.00,1775.00,1737.00,1775.00,1775.00,1735.00,,1774.99,,,173685,304765038.60,14223,F1,1,,,,,
2026-10-05,2026-10-05,CM,NSE,STK,762628,INE819A01049,COMFINTE,EQ,,,,,COMFORT INTECH LTD.,6.09,6.98,6.09,6.18,6.22,6.23,,6.20,,,450195,2904032.65,864,F1,1,,,,,
2026-10-05,2026-10-05,CM,NSE,STK,21578,INE073V01015,COMSYN,EQ,,,,,COMMERCIAL SYN BAGS LTD,263.05,270.00,256.80,259.55,262.40,262.40,,259.56,,,527134,137401045.35,6007,F1,1,,,,,
2026-10-05,2026-10-05,CM,NSE,STK,764648,INE823B01015,COMPEAU,EQ,,,,,COMPETENT AUTOMOB CO. L,380.00,380.00,344.20,349.30,359.95,362.45,,349.83,,,240,83893.10,32,F1,1,,,,,
2026-10-05,2026-10-05,CM,NSE,STK,19670,INE070C01037,COMPINFO,BZ,,,,,COMPUAGE INFOCOM LTD,1.09,1.11,1.04,1.09,1.09,1.09,,1.09,,,22041,23434.57,32,F1,1,,,,,
2026-10-05,2026-10-05,CM,NSE,STK,31138,INE453B01029,COMPUSOFT,EQ,,,,,COMPUCOM SOFTWARE LTD,13.05,13.40,12.61,13.00,13.05,13.05,,13.00,,,19681,254798.71,218,F1,1,,,,,
2026-10-05,2026-10-05,CM,NSE,STK,342,INE596I01020,CAMS,EQ,,,,,COMPUTER AGE MNGT SER LTD,679.00,692.50,677.90,683.85,683.85,677.25,,683.85,,,1632385,1117780241.45,54080,F1,1,,,,,
2026-10-05,2026-10-05,CM,NSE,STK,18060,INE338H01029,CONCORDBIO,EQ,,,,,CONCORD BIOTECH LIMITED,1394.70,1398.70,1352.50,1355.90,1352.70,1374.10,,1355.77,,,55394,75787752.00,9357,F1,1,,,,,
2026-10-05,2026-10-05,CM,NSE,STK,28764,INE037Z01029,CEWATER,EQ,,,,,CONCORD ENVIRO SYSTEMS L,253.45,267.00,250.60,259.10,256.55,253.45,,259.04,,,98075,25197116.75,3725,F1,1,,,,,
2026-10-05,2026-10-05,CM,NSE,STK,764641,INE700F01024,CFEL,BE,,,,,CONFIDENCE FUTURIST ENE L,45.50,45.56,43.01,43.55,44.00,45.27,,43.51,,,7473,335769.10,79,F1,1,,,,,
2026-10-05,2026-10-05,CM,NSE,STK,10238,INE552D01024,CONFIPET,EQ,,,,,CONFIDENCE PETRO IND LTD.,87.40,88.49,85.12,86.18,86.00,86.05,,86.18,,,1591393,138172335.87,15622,F1,1,,,,,
2026-10-05,2026-10-05,CM,NSE,STK,758453,INE0EAS01014,CONNPLEX,SM,,,,,CONNPLEX CINEMAS LIMITED,252.95,252.95,243.00,244.45,244.00,246.10,,244.45,,,19200,4739920.00,20,F1,800,,,,,
2026-10-05,2026-10-05,CM,NSE,STK,14992,INE429I01024,CCCL,EQ,,,,,CONS. CONST. CONSORT LTD,13.44,13.49,12.90,13.19,13.26,13.45,,13.19,,,120507,1588665.98,480,F1,1,,,,,
2026-10-05,2026-10-05,CM,NSE,STK,11732,INE025A01027,CONSOFINVT,BE,,,,,CONSO. FIN. & HOLD. LTD.,279.45,285.00,278.00,284.25,282.00,279.60,,284.25,,,2475,693005.20,32,F1,1,,,,,
2026-10-05,2026-10-05,CM,NSE,STK,4749,INE111A01025,CONCOR,EQ,,,,,CONTAINER CORP OF IND LTD,445.00,446.60,434.50,441.45,441.45,442.00,,441.52,,,949906,418241129.00,20268,F1,1,,,,,
2026-10-05,2026-10-05,CM,NSE,STK,2531,INE340Z01019,CONTI,SM,,,,,CONTINENTAL SEED CHEM LTD,9.80,9.80,9.80,9.80,9.80,10.10,,9.80,,,6666,65326.80,2,F1,3333,,,,,
2026-10-05,2026-10-05,CM,NSE,STK,17477,INE663B01015,CONTROLPR,EQ,,,,,CONTROL PRINT LIMITED,624.00,625.25,599.05,616.30,616.50,618.00,,616.64,,,19662,12057773.30,1751,F1,1,,,,,
2026-10-05,2026-10-05,CM,NSE,STK,8560,INE0HS001028,COOLCAPS,SM,,,,,COOL CAPS INDUSTRIES LTD,21.25,21.55,21.00,21.10,21.00,21.15,,21.10,,,25000,531625.00,16,F1,1250,,,,,
2026-10-05,2026-10-05,CM,NSE,STK,4007,INE558D01021,CORALFINAC,EQ,,,,,CORAL INDIA FIN & HOUS LT,31.05,31.62,29.98,30.21,30.05,31.25,,30.22,,,23876,727718.09,234,F1,1,,,,,
2026-10-05,2026-10-05,CM,NSE,STK,15275,INE792I01017,CORDSCABLE,BE,,,,,CORDS CABLE INDUS LTD.,317.90,324.00,303.00,308.30,311.00,318.90,,308.68,,,55092,16986087.70,942,F1,1,,,,,
2026-10-05,2026-10-05,CM,NSE,STK,766288,INE11ES01010,COREIN,ST,,,,,COREINTEGRA CONSULT SER L,78.65,82.55,77.25,82.55,82.55,78.65,,82.55,,,80000,6405200.00,35,F1,1600,,,,,
2026-10-05,2026-10-05,CM,NSE,STK,739,INE169A01031,COROMANDEL,EQ,,,,,COROMANDEL INTERNTL. LTD,1769.90,1809.80,1751.80,1801.40,1808.00,1763.60,,1801.37,,,189198,336929559.40,15060,F1,1,,,,,
2026-10-05,2026-10-05,CM,NSE,STK,760254,INE02ZQ01018,CORONA,EQ,,,,,CORONA REMEDIES LIMITED,2051.00,2070.00,2005.60,2034.20,2030.10,2029.40,,2034.42,,,14222,28844717.80,4953,F1,1,,,,,
2026-10-05,2026-10-05,CM,NSE,STK,742,INE757A01017,COSMOFIRST,EQ,,,,,COSMO FIRST LIMITED,840.00,840.00,811.80,822.70,820.00,826.85,,822.65,,,27709,22799863.95,2515,F1,1,,,,,
2026-10-05,2026-10-05,CM,NSE,STK,6385,INE652F01027,CCHHL,EQ,,,,,COUNTRY CLUB HOSP HOL LTD,12.81,13.16,12.70,12.71,12.89,12.99,,12.71,,,20247,260270.64,155,F1,1,,,,,
2026-10-05,2026-10-05,CM,NSE,STK,16989,INE695B01025,COUNCODOS,BE,,,,,COUNTRY CONDO S LIMITED,6.42,6.45,6.14,6.44,6.44,6.33,,6.50,,,139145,890098.28,131,F1,1,,,,,
2026-10-05,2026-10-05,CM,NSE,STK,20086,INE521J01018,CPCAP,EQ,,,,,CP CAPITAL LIMITED,133.01,142.00,131.35,134.45,134.79,140.85,,134.45,,,17693,2421244.88,583,F1,1,,,,,
2026-10-05,2026-10-05,CM,NSE,STK,2328,INF457M01133,CPSEETF,EQ,,,,,CPSE ETF,89.78,91.30,88.66,90.09,89.60,89.78,,90.10,,,732945,66092532.20,11010,F1,1,,,,,
2026-10-05,2026-10-05,CM,NSE,STK,2854,INE00LO01017,CRAFTSMAN,EQ,,,,,CRAFTSMAN AUTOMATION LTD,10280.00,10660.00,10183.00,10251.00,10300.00,10266.00,,10250.38,,,60422,625626984.00,24227,F1,1,,,,,
2026-10-05,2026-10-05,CM,NSE,STK,764653,INE145E01017,CRAVATEX,EQ,,,,,CRAVATEX LTD.,365.00,365.00,336.10,339.20,339.00,349.00,,338.93,,,42,14809.20,15,F1,1,,,,,
2026-10-05,2026-10-05,CM,NSE,STK,16419,INE0OFK01019,CRAYONS,SM,,,,,CRAYONS ADVERTISING LTD,24.00,24.00,23.95,23.95,23.95,25.00,,23.95,,,2000,47950.00,2,F1,1000,,,,,
2026-10-05,2026-10-05,CM,NSE,STK,9384,INE230B01021,CREATIVEYE,EQ,,,,,CREATIVE EYE LIMITED,6.15,6.15,5.76,5.90,5.90,6.17,,5.90,,,2267,13686.74,95,F1,1,,,,,
2026-10-05,2026-10-05,CM,NSE,STK,23468,INE0R7401011,CGRAPHICS,SM,,,,,CREATIVE GRAPHICS S IND L,152.05,153.00,150.50,150.85,151.70,148.80,,150.85,,,22400,3392800.00,19,F1,800,,,,,
2026-10-05,2026-10-05,CM,NSE,STK,11155,INE985W01018,CNL,EQ,,,,,CREATIVE NEWTECH LIMITED,1070.90,1086.70,1052.00,1071.90,1053.10,1079.20,,1071.96,,,10873,11646466.30,1223,F1,1,,,,,
2026-10-05,2026-10-05,CM,NSE,STK,765303,INE1KPX01025,CREDENT,SM,,,,,CREDENT CONNECT N CARE L,380.00,393.45,365.00,367.70,365.55,382.10,,367.70,,,23400,8755470.00,39,F1,600,,,,,
2026-10-05,2026-10-05,CM,NSE,STK,4421,INE741K01010,CREDITACC,EQ,,,,,CREDITACCESS GRAMEEN LTD,1250.00,1280.00,1244.80,1251.50,1250.00,1239.00,,1251.53,,,164807,207308323.20,24872,F1,1,,,,,
2026-10-05,2026-10-05,CM,NSE,STK,20878,INE220Q01020,MUFTI,EQ,,,,,CREDO BRANDS MARKETING L,70.24,70.76,69.20,69.70,69.51,70.24,,69.70,,,42543,2976916.51,680,F1,1,,,,,
2026-10-05,2026-10-05,CM,NSE,STK,766361,INE716D01033,CRSL,BZ,,,,,CRESSANDA RAILWAY SOLUT L,2.10,2.19,2.04,2.04,2.04,2.14,,2.05,,,881962,1832077.23,678,F1,1,,,,,
2026-10-05,2026-10-05,CM,NSE,STK,13900,INE559D01011,CREST,EQ,,,,,CREST VENTURES LIMITED,355.00,367.00,355.00,363.05,360.60,362.35,,363.05,,,4641,1682820.60,131,F1,1,,,,,
2026-10-05,2026-10-05,CM,NSE,STK,19099,INE203Y01012,CRESTO,BE,,,,,CRESTO TECHNO LIMITED,20.95,22.85,20.95,20.99,21.00,22.05,,20.99,,,28152,591510.20,108,F1,1,,,,,
2026-10-05,2026-10-05,CM,NSE,STK,757,INE007A01025,CRISIL,EQ,,,,,CRISIL LTD,4428.60,4531.50,4401.00,4505.80,4515.00,4428.60,,4505.86,,,26707,120007307.30,9217,F1,1,,,,,
2026-10-05,2026-10-05,CM,NSE,STK,757850,INE0S4R01014,CRIZAC,EQ,,,,,CRIZAC LIMITED,168.65,170.76,166.74,168.24,170.00,166.89,,168.23,,,186832,31442582.85,3756,F1,1,,,,,
2026-10-05,2026-10-05,CM,NSE,STK,17094,INE299U01018,CROMPTON,EQ,,,,,CROMPT GREA CON ELEC LTD,203.30,211.98,203.30,211.50,211.50,202.70,,211.50,,,3915311,822760350.00,58204,F1,1,,,,,
2026-10-05,2026-10-05,CM,NSE,STK,18263,INE00NH01017,CLSL,ST,,,,,CROP LIFE SCIENCE LIMITED,62.85,62.85,62.85,62.85,62.85,62.90,,62.85,,,2000,125700.00,1,F1,2000,,,,,
2026-10-05,2026-10-05,CM,NSE,STK,8083,INE491V01019,CROWN,EQ,,,,,CROWN LIFTERS LIMITED,114.92,114.92,109.00,111.06,110.20,111.53,,111.06,,,6244,698026.55,210,F1,1,,,,,
2026-10-05,2026-10-05,CM,NSE,STK,14966,INE679A01013,CSBBANK,EQ,,,,,CSB BANK LIMITED,306.85,310.00,300.10,306.85,308.50,304.75,,306.85,,,455102,138725683.95,20461,F1,1,,,,,
2026-10-05,2026-10-05,CM,NSE,STK,10350,INE718F01018,CSLFINANCE,EQ,,,,,CSL FINANCE LIMITED,205.20,211.99,205.20,209.79,210.00,208.34,,209.77,,,17931,3753834.31,476,F1,1,,,,,
2026-10-05,2026-10-05,CM,NSE,STK,763753,INE0ZK601013,CSM,EQ,,,,,CSM TECHNOLOGIES LIMITED,93.78,95.00,92.33,93.68,94.25,94.25,,93.68,,,293230,27461562.28,1753,F1,1,,,,,
2026-10-05,2026-10-05,CM,NSE,STK,15078,INE0NR623014,CUBEINVIT,IV,,,,,CUBE HIGHWAYS TRUST,155.95,156.00,154.90,155.02,154.91,155.03,,155.02,,,143631,22305400.89,19656,F1,1,,,,,
2026-10-05,2026-10-05,CM,NSE,STK,9881,INE144D01012,CUBEXTUB,BE,,,,,CUBEXTUBINGS-ROLLSETT,159.25,165.00,157.80,157.80,157.80,166.10,,157.67,,,126734,20159621.41,1155,F1,1,,,,,
2026-10-05,2026-10-05,CM,NSE,STK,1901,INE298A01020,CUMMINSIND,EQ,,,,,CUMMINS INDIA LTD,4864.20,4900.00,4789.20,4832.30,4832.30,4860.00,,4832.30,,,707402,3414126178.30,47539,F1,1,,,,,
2026-10-05,2026-10-05,CM,NSE,STK,18520,INE509F01029,CUPID,EQ,,,,,CUPID LIMITED,314.30,316.00,302.10,310.10,310.00,312.50,,310.09,,,15766847,4887136621.80,154999,F1,1,,,,,
2026-10-05,2026-10-05,CM,NSE,STK,30191,INE117B01020,CURAA,BE,,,,,CURA TECHNOLOGIES LIMITED,72.25,72.25,69.00,72.12,72.25,72.25,,72.12,,,267,19081.58,14,F1,1,,,,,
2026-10-05,2026-10-05,CM,NSE,STK,759828,INE1BZN01016,CURIS,ST,,,,,CURIS LIFESCIENCES LTD,208.00,208.00,207.00,207.00,207.00,206.50,,207.00,,,6000,1246000.00,6,F1,1000,,,,,
2026-10-05,2026-10-05,CM,NSE,STK,758964,INE1CRQ01014,CURRENT,SM,,,,,CURRENT INFRAPROJECTS LTD,98.00,98.00,98.00,98.00,98.00,96.00,,98.00,,,4800,470400.00,1,F1,1600,,,,,
2026-10-05,2026-10-05,CM,NSE,STK,11845,INE278G01037,CYBERMEDIA,BE,,,,,CYBER MEDIA (INDIA) LTD.,17.96,18.40,17.64,17.69,17.64,17.96,,17.71,,,9138,163318.75,88,F1,1,,,,,
2026-10-05,2026-10-05,CM,NSE,STK,11447,INE075Z01011,CMRSL,SM,,,,,CYBER MEDIA RES & SER LTD,70.65,74.15,70.65,74.15,74.15,70.65,,74.15,,,1600,115840.00,2,F1,800,,,,,
2026-10-05,2026-10-05,CM,NSE,STK,6051,INE214A01019,CYBERTECH,EQ,,,,,CYBERTECH SYSTEMS & SOFTW,139.90,153.00,137.20,139.10,137.20,135.95,,139.07,,,186480,27189720.05,3909,F1,1,,,,,
2026-10-05,2026-10-05,CM,NSE,STK,17187,INE055S01018,CYIENTDLM,EQ,,,,,CYIENT DLM LIMITED,895.00,952.00,895.00,946.80,944.00,893.90,,946.85,,,591661,555499197.35,37920,F1,1,,,,,
2026-10-05,2026-10-05,CM,NSE,STK,5748,INE136B01020,CYIENT,EQ,,,,,CYIENT LIMITED,1115.00,1173.50,1110.00,1140.20,1145.00,1104.60,,1140.19,,,1623849,1869796280.40,97347,F1,1,,,,,
2026-10-05,2026-10-05,CM,NSE,STK,16900,INE864X01013,DPWIRES,EQ,,,,,D P WIRES LIMITED,165.99,196.78,165.99,196.78,196.78,163.99,,196.73,,,818001,157440340.03,8467,F1,1,,,,,
2026-10-05,2026-10-05,CM,NSE,STK,17851,INE250K01012,DLINKINDIA,EQ,,,,,D-LINK INDIA LTD,407.90,413.70,406.00,411.75,413.70,406.60,,411.75,,,46246,18972588.55,2602,F1,1,,,,,
2026-10-05,2026-10-05,CM,NSE,STK,936,INE266Y01019,DPABHUSHAN,EQ,,,,,D. P. ABHUSHAN LIMITED,1945.00,2200.00,1872.10,2130.50,2166.20,1874.00,,2131.64,,,960721,1955047813.90,68803,F1,1,,,,,
2026-10-05,2026-10-05,CM,NSE,STK,17881,INE950I01011,DBCORP,EQ,,,,,D.B.CORP LTD,175.00,177.19,170.01,171.08,171.50,172.52,,171.09,,,113125,19569100.29,2730,F1,1,,,,,
2026-10-05,2026-10-05,CM,NSE,STK,772,INE016A01026,DABUR,EQ,,,,,DABUR INDIA LTD,376.10,379.00,373.30,378.65,378.65,374.25,,378.64,,,685009,257757663.65,14851,F1,1,,,,,
2026-10-05,2026-10-05,CM,NSE,STK,762636,INE928C01010,DAICHI,BE,,,,,DAI-ICHI KARKARIA LTD.,316.00,316.00,306.00,315.00,314.95,317.10,,315.00,,,853,264569.55,17,F1,1,,,,,
2026-10-05,2026-10-05,CM,NSE,STK,8075,INE00R701025,DALBHARAT,EQ,,,,,DALMIA BHARAT LIMITED,1682.10,1689.10,1655.00,1673.70,1677.90,1682.10,,1673.68,,,20725,34601457.20,5015,F1,1,,,,,
2026-10-05,2026-10-05,CM,NSE,STK,781,INE495A01022,DALMIASUG,EQ,,,,,DALMIA BHARAT SUG IN LTD,405.65,435.95,400.30,430.15,427.60,396.70,,430.14,,,1092162,465947147.40,31145,F1,1,,,,,
2026-10-05,2026-10-05,CM,NSE,STK,28662,INE284H01025,DAMCAPITAL,EQ,,,,,DAM CAPITAL ADVISORS LTD,146.56,150.19,146.01,146.75,147.42,146.56,,146.76,,,220836,32595079.36,4342,F1,1,,,,,
2026-10-05,2026-10-05,CM,NSE,STK,17569,INE497D01022,DAMODARIND,BE,,,,,DAMODAR INDUSTRIES LTD,26.89,26.89,26.10,26.50,26.50,26.59,,26.50,,,4071,107742.13,19,F1,1,,,,,
2026-10-05,2026-10-05,CM,NSE,STK,1110,INE688Y01022,DANGEE,EQ,,,,,DANGEE DUMS LIMITED,2.89,2.98,2.89,2.92,2.93,2.90,,2.92,,,56532,165337.05,112,F1,1,,,,,
2026-10-05,2026-10-05,CM,NSE,STK,25927,INE0YU901016,DANISH,SM,,,,,DANISH POWER LIMITED,955.55,975.00,922.00,933.10,925.50,953.50,,933.10,,,32100,30452872.50,126,F1,150,,,,,
2026-10-05,2026-10-05,CM,NSE,STK,7358,INE0IX101010,DATAPATTNS,EQ,,,,,DATA PATTERNS INDIA LTD,4275.60,4316.80,4200.00,4226.50,4221.00,4251.30,,4226.45,,,212079,900024688.30,27902,F1,1,,,,,
2026-10-05,2026-10-05,CM,NSE,STK,11423,INE365B01017,DATAMATICS,EQ,,,,,DATAMATICS GLOBAL SER LTD,790.95,799.00,766.05,769.75,767.50,790.30,,769.71,,,61398,47625005.85,4153,F1,1,,,,,
2026-10-05,2026-10-05,CM,NSE,STK,21794,INE179G01029,DAVANGERE,EQ,,,,,DAVANGERE SUGAR COMPANY L,2.25,2.32,2.25,2.29,2.30,2.26,,2.29,,,6379071,14587857.38,2579,F1,1,,,,,
2026-10-05,2026-10-05,CM,NSE,STK,31111,INE921B01025,DBSTOCKBRO,BE,,,,,DB (INT) STOCK BROKERS,31.50,32.98,31.50,31.58,31.58,31.50,,31.75,,,4716,152464.60,31,F1,1,,,,,
2026-10-05,2026-10-05,CM,NSE,STK,11566,INE0A1101019,DCI,EQ,,,,,DC INFOTECH AND COMUN LTD,339.55,344.70,324.00,343.15,344.00,342.95,,343.08,,,128476,43293771.85,4715,F1,1,,,,,
2026-10-05,2026-10-05,CM,NSE,STK,13725,INE503A01015,DCBBANK,EQ,,,,,DCB BANK LIMITED,199.00,205.65,196.63,197.36,197.15,199.71,,197.37,,,1142913,227214152.12,26925,F1,1,,,,,
2026-10-05,2026-10-05,CM,NSE,STK,23524,INE0S8401018,DCG,ST,,,,,DCG CABLES & WIRES LTD,75.00,75.00,72.60,72.60,72.60,76.40,,72.60,,,12000,883680.00,10,F1,1200,,,,,
2026-10-05,2026-10-05,CM,NSE,STK,4775,INE891B01012,DCMFINSERV,EQ,,,,,DCM FINANCIAL SERVICES LT,5.07,5.33,4.75,5.02,5.09,5.07,,5.03,,,20787,104760.48,102,F1,1,,,,,
2026-10-05,2026-10-05,CM,NSE,STK,805,INE498A01018,DCM,EQ,,,,,DCM LTD,72.02,76.60,71.10,72.71,72.00,72.83,,72.70,,,40530,2963876.76,216,F1,1,,,,,
2026-10-05,2026-10-05,CM,NSE,STK,11039,INE08KP01019,DCMNVL,EQ,,,,,DCM NOUVELLE LIMITED,169.99,173.00,167.01,171.37,172.98,166.47,,171.38,,,7872,1343779.29,257,F1,1,,,,,
2026-10-05,2026-10-05,CM,NSE,STK,760893,INE0OFM01015,DSFCL,BE,,,,,DCM SHRIRAM FINE CHEM LTD,28.40,28.94,27.11,27.89,28.16,27.90,,27.79,,,24679,687209.84,124,F1,1,,,,,
2026-10-05,2026-10-05,CM,NSE,STK,7325,INE843D01027,DCMSRIND,EQ,,,,,DCM SHRIRAM IND LTD,37.69,45.22,37.31,39.06,39.00,37.69,,39.06,,,6126018,256703446.29,21019,F1,1,,,,,
2026-10-05,2026-10-05,CM,NSE,STK,760896,INE0OU201013,DCMSIL,EQ,,,,,DCM SHRIRAM INTERNATNL L,80.10,81.24,76.40,77.42,77.01,80.25,,77.42,,,74037,5818092.86,2024,F1,1,,,,,
2026-10-05,2026-10-05,CM,NSE,STK,811,INE499A01024,DCMSHRIRAM,EQ,,,,,DCM SHRIRAM LIMITED,910.60,1088.20,910.60,1044.55,1012.10,906.85,,1044.98,,,971948,1014516617.10,38600,F1,1,,,,,
2026-10-05,2026-10-05,CM,NSE,STK,817,INE500A01029,DCW,EQ,,,,,DCW LTD,45.39,45.99,44.29,44.69,44.62,44.62,,44.70,,,810989,36378978.31,5748,F1,1,,,,,
2026-10-05,2026-10-05,CM,NSE,STK,11895,INE0KL801015,DCXINDIA,EQ,,,,,DCX SYSTEMS LIMITED,159.96,162.90,156.00,156.82,157.28,158.99,,156.82,,,214338,33837850.15,4953,F1,1,,,,,
2026-10-05,2026-10-05,CM,NSE,STK,29098,INE0HR601026,DDEVPLSTIK,EQ,,,,,DDEV PLASTIKS IND LTD,248.20,252.00,242.25,243.13,242.25,247.61,,243.10,,,104792,25769480.13,2270,F1,1,,,,,
2026-10-05,2026-10-05,CM,NSE,STK,15449,INE0JWV01011,DENEERS,SM,,,,,DE NEERS TOOLS LIMITED,172.15,177.95,167.50,172.10,174.90,173.55,,172.10,,,9000,1565610.00,14,F1,600,,,,,
2026-10-05,2026-10-05,CM,NSE,STK,4279,INE244A01016,DENORA,EQ,,,,,DE NORA INDIA LIMITED,725.00,789.10,716.00,731.65,735.00,723.90,,731.58,,,5451,4019844.40,842,F1,1,,,,,
2026-10-05,2026-10-05,CM,NSE,STK,14838,INE583C01021,DECCANCE,EQ,,,,,DECCAN CEMENTS LIMITED,552.00,560.00,543.40,552.05,551.20,548.95,,552.05,,,5252,2893297.35,453,F1,1,,,,,
2026-10-05,2026-10-05,CM,NSE,STK,762638,INE945F01025,DECNGOLD,EQ,,,,,DECCAN GOLD MINES LTD.,196.79,197.85,187.78,188.57,188.10,195.69,,188.59,,,1071051,204860925.86,17463,F1,1,,,,,
2026-10-05,2026-10-05,CM,NSE,STK,25421,INE0S7C01019,DECCANTRAN,SM,,,,,DECCAN TRANSCON LEASING L,20.25,21.40,19.10,19.55,20.00,21.70,,19.55,,,8400,170820.00,7,F1,1200,,,,,
2026-10-05,2026-10-05,CM,NSE,STK,24154,INE841L01016,DEEDEV,EQ,,,,,DEE DEVELOPMENT ENG LTD,678.85,679.90,632.55,636.95,638.75,663.20,,636.96,,,203639,133239639.35,9554,F1,1,,,,,
2026-10-05,2026-10-05,CM,NSE,STK,3292,INE0FHS01024,DEEPINDS,EQ,,,,,DEEP INDUSTRIES LIMITED,750.90,762.90,731.40,747.05,743.20,749.00,,746.94,,,111244,83185593.40,7843,F1,1,,,,,
2026-10-05,2026-10-05,CM,NSE,STK,765058,INE00IY01012,DEEP,BE,,,,,DEEP POLYMERS LTD.,44.00,44.22,42.69,42.76,42.90,42.69,,42.76,,,3252,141134.57,47,F1,1,,,,,
2026-10-05,2026-10-05,CM,NSE,STK,765931,INE1M2N01020,DEEPA,EQ,,,,,DEEPA JEWELLERS LIMITED,192.17,197.30,190.36,194.93,193.65,192.17,,194.98,,,1705934,331055413.39,23819,F1,1,,,,,
2026-10-05,2026-10-05,CM,NSE,STK,25892,INE0OPA01027,DBEIL,EQ,,,,,DEEPAK BUILDERS & ENG I L,6.70,6.70,6.32,6.40,6.40,6.50,,6.40,,,116394,751898.69,347,F1,1,,,,,
2026-10-05,2026-10-05,CM,NSE,STK,827,INE501A01019,DEEPAKFERT,EQ,,,,,DEEPAK FERTILIZERS & PETR,1300.90,1322.50,1292.00,1297.70,1298.00,1300.90,,1297.56,,,112778,146750671.70,10785,F1,1,,,,,
2026-10-05,2026-10-05,CM,NSE,STK,19943,INE288B01029,DEEPAKNTR,EQ,,,,,DEEPAK NITRITE LTD,1497.90,1522.00,1488.20,1497.00,1497.80,1492.80,,1497.01,,,108056,162114397.40,13612,F1,1,,,,,
2026-10-05,2026-10-05,CM,NSE,STK,22527,INE0SK801018,DELAPLEX,SM,,,,,DELAPLEX LIMITED,96.95,97.00,95.00,96.70,96.70,94.50,,96.70,,,10200,986340.00,15,F1,600,,,,,
2026-10-05,2026-10-05,CM,NSE,STK,9599,INE148O01028,DELHIVERY,EQ,,,,,DELHIVERY LIMITED,403.25,404.85,398.00,400.30,400.30,400.00,,400.30,,,2579997,1036269947.30,50159,F1,1,,,,,
2026-10-05,2026-10-05,CM,NSE,STK,24395,INE726L01027,DELPHIFX,BE,,,,,DELPHI WORLD MONEY LTD,7.03,7.03,7.03,7.03,7.03,6.90,,6.99,,,64543,453737.29,31,F1,1,,,,,
2026-10-05,2026-10-05,CM,NSE,STK,29092,INE0XRN01019,DELTIC,SM,,,,,DELTA AUTOCORP LIMITED,35.95,36.90,34.85,35.85,35.85,35.95,,35.85,,,17000,611250.00,16,F1,1000,,,,,
2026-10-05,2026-10-05,CM,NSE,STK,15044,INE124G01033,DELTACORP,EQ,,,,,DELTA CORP LIMITED,74.60,87.67,71.23,85.43,85.00,73.48,,85.45,,,105531303,8622856002.04,381084,F1,1,,,,,
2026-10-05,2026-10-05,CM,NSE,STK,1214,INE393A01011,DELTAMAGNT,EQ,,,,,DELTA MANUFACTURING LTD,54.10,56.80,53.35,54.87,56.30,54.08,,54.87,,,3862,213146.75,59,F1,1,,,,,
2026-10-05,2026-10-05,CM,NSE,STK,17722,INE947J01015,DEN,EQ,,,,,DEN NETWORKS LTD,25.69,26.05,25.41,25.71,25.90,25.41,,25.70,,,310933,8018479.23,1311,F1,1,,,,,
2026-10-05,2026-10-05,CM,NSE,STK,29256,INE0R4L01018,DENTA,EQ,,,,,DENTA WATER N INFRA SOL L,263.00,264.90,255.30,260.35,261.90,260.65,,260.29,,,50083,13005039.70,2356,F1,1,,,,,
2026-10-05,2026-10-05,CM,NSE,STK,759079,INE0VOV01021,DEVX,EQ,,,,,DEV ACCELERATOR LIMITED,36.41,38.50,36.05,37.85,38.25,36.28,,37.94,,,207604,7815216.52,2589,F1,1,,,,,
2026-10-05,2026-10-05,CM,NSE,STK,8146,INE060X01034,DEVIT,EQ,,,,,DEV INFO TECHNOLOGY LTD,21.10,21.90,20.50,20.52,20.50,20.75,,20.52,,,19078,398956.64,396,F1,1,,,,,
2026-10-05,2026-10-05,CM,NSE,STK,5373,INE872J01023,DEVYANI,EQ,,,,,DEVYANI INTERNATIONAL LTD,127.07,131.00,125.55,130.03,129.91,127.07,,130.03,,,1377561,176600784.91,17107,F1,1,,,,,
2026-10-05,2026-10-05,CM,NSE,STK,764661,INE260R01016,DHABRIYA,BE,,,,,DHABRIYA POLYWOOD LTD.,461.00,465.00,449.90,452.55,453.00,463.80,,452.94,,,8343,3805001.10,199,F1,1,,,,,
2026-10-05,2026-10-05,CM,NSE,STK,10893,INE0I3401014,DBOL,EQ,,,,,DHAMPUR BIO ORGANICS LTD,121.00,126.93,121.00,125.03,124.35,120.91,,125.03,,,210180,26162076.32,4025,F1,1,,,,,
2026-10-05,2026-10-05,CM,NSE,STK,857,INE041A01016,DHAMPURSUG,EQ,,,,,DHAMPUR SUGAR MILLS LTD.,171.19,179.98,171.19,176.85,176.95,171.06,,176.85,,,818549,144748759.34,15693,F1,1,,,,,
2026-10-05,2026-10-05,CM,NSE,STK,11359,INE680A01011,DHANBANK,EQ,,,,,DHANLAXMI BANK LIMITED,27.65,28.40,26.25,26.49,26.35,26.97,,26.49,,,589132,15748663.71,3320,F1,1,,,,,
2026-10-05,2026-10-05,CM,NSE,STK,27723,INE0V9V01010,DHANLAXMI,SM,,,,,DHANLAXMI CROP SCIENCE L,26.50,26.50,22.00,23.10,25.50,26.50,,23.10,,,56000,1327400.00,21,F1,2000,,,,,
2026-10-05,2026-10-05,CM,NSE,STK,24418,INE0M3I01029,DHANSA,ST,,,,,DHANSA LABS LIMITED,25.70,26.00,25.00,25.90,26.00,25.70,,25.90,,,10000,256800.00,4,F1,2000,,,,,
2026-10-05,2026-10-05,CM,NSE,STK,24409,INE435G01025,DHANUKA,EQ,,,,,DHANUKA AGRITECH LTD,930.90,938.20,899.50,907.40,911.30,935.05,,907.46,,,19452,17776880.25,1947,F1,1,,,,,
2026-10-05,2026-10-05,CM,NSE,STK,760489,INE2HJL01019,DHARARAIL,SM,,,,,DHARA RAIL PROJECTS LTD,141.00,147.95,137.00,141.15,137.00,140.20,,141.15,,,22000,3151450.00,19,F1,1000,,,,,
2026-10-05,2026-10-05,CM,NSE,STK,759203,INE278R01034,DHARAN,BZ,,,,,DHARAN INFRA-EPC LIMITED,0.14,0.14,0.13,0.13,0.14,0.13,,0.13,,,6787428,936444.44,1418,F1,1,,,,,
2026-10-05,2026-10-05,CM,NSE,STK,24747,INE0YRN01025,DHARIWAL,SM,,,,,DHARIWALCORP LIMITED,27.75,29.00,27.75,29.00,29.00,29.00,,29.00,,,6000,170250.00,2,F1,3000,,,,,
2026-10-05,2026-10-05,CM,NSE,STK,13001,INE00OQ01016,DHARMAJ,EQ,,,,,DHARMAJ CROP GUARD LTD,265.65,272.30,261.60,265.00,265.00,267.65,,265.00,,,110832,29525031.45,3679,F1,1,,,,,
2026-10-05,2026-10-05,CM,NSE,STK,765060,INE715T01031,DHATRE,EQ,,,,,DHATRE UDYOG LTD.,4.04,4.08,3.91,3.93,4.02,4.02,,3.94,,,21458,84921.46,163,F1,1,,,,,
2026-10-05,2026-10-05,CM,NSE,STK,764553,INE01NH01023,DHOOTTRANS,EQ,,,,,DHOOT TRANSMISSION LTD,1464.00,1531.90,1452.00,1521.80,1530.00,1443.40,,1521.62,,,2028908,3039940265.20,104307,F1,1,,,,,
2026-10-05,2026-10-05,CM,NSE,STK,6858,INE506Z01015,DHRUV,EQ,,,,,DHRUV CONSULTANCY SER LTD,19.74,19.97,18.76,19.51,19.50,19.74,,19.51,,,16382,313754.08,126,F1,1,,,,,
2026-10-05,2026-10-05,CM,NSE,STK,22233,INE320L01011,DHUNINV,EQ,,,,,DHUNSERI INVESTMENTS LTD,962.50,996.00,960.00,972.10,973.00,967.30,,972.10,,,562,550602.80,76,F1,1,,,,,
2026-10-05,2026-10-05,CM,NSE,STK,6239,INE341R01014,DTIL,BE,,,,,DHUNSERI TEA & IND. LTD.,158.57,161.60,153.00,157.86,158.80,158.57,,157.86,,,5601,875024.56,84,F1,1,,,,,
2026-10-05,2026-10-05,CM,NSE,STK,15214,INE477B01010,DVL,EQ,,,,,DHUNSERI VENTURES LIMITED,278.40,280.40,270.50,271.65,271.50,278.70,,271.65,,,5322,1455706.60,319,F1,1,,,,,
2026-10-05,2026-10-05,CM,NSE,STK,18644,INE591D01014,DIAMINESQ,EQ,,,,,DIAMINES & CHEMICALS LTD,236.31,241.45,235.00,237.97,237.02,236.31,,237.97,,,914,216380.92,82,F1,1,,,,,
2026-10-05,2026-10-05,CM,NSE,STK,18545,INE989C01038,DIACABS,BE,,,,,DIAMOND POWER INFRA LTD,350.00,360.00,345.00,350.80,355.00,345.00,,350.86,,,855233,302183744.45,9840,F1,1,,,,,
2026-10-05,2026-10-05,CM,NSE,STK,703,INE303A01010,DICIND,EQ,,,,,DIC INDIA LIMITED,605.00,627.05,591.40,595.95,596.00,613.65,,595.82,,,4076,2467077.80,253,F1,1,,,,,
2026-10-05,2026-10-05,CM,NSE,STK,25672,INE184O01015,DIFFNKG,EQ,,,,,DIFFUSION ENGINEERS LTD,469.90,477.90,447.60,451.25,449.60,464.40,,451.29,,,237686,110202268.10,11607,F1,1,,,,,
2026-10-05,2026-10-05,CM,NSE,STK,10346,INE03JI01017,DGCONTENT,EQ,,,,,DIGICONTENT LIMITED,25.00,25.59,24.70,24.91,24.90,25.43,,24.91,,,6243,155867.10,39,F1,1,,,,,
2026-10-05,2026-10-05,CM,NSE,STK,21247,INE0PSC01024,DIGIDRIVE,EQ,,,,,DIGIDRIVE DISTRIBUTORS L,17.67,18.50,17.22,17.80,18.00,17.61,,17.83,,,18543,330524.90,271,F1,1,,,,,
2026-10-05,2026-10-05,CM,NSE,STK,19138,INE0QJ901011,DIGIKORE,SM,,,,,DIGIKORE STUDIOS LIMITED,37.40,38.50,36.30,37.95,37.95,37.25,,37.95,,,51600,1952380.00,44,F1,400,,,,,
2026-10-05,2026-10-05,CM,NSE,STK,16683,INE927C01020,DIGISPICE,EQ,,,,,DIGISPICE TECHNOLOGIES LT,14.79,15.49,14.46,15.20,15.20,14.79,,15.20,,,69082,1036098.36,254,F1,1,,,,,
2026-10-05,2026-10-05,CM,NSE,STK,757515,INE0U4701011,DIGITIDE,EQ,,,,,DIGITIDE SOLUTIONS LTD,71.72,75.70,71.72,74.08,74.44,72.34,,74.08,,,413727,30538999.28,4429,F1,1,,,,,
2026-10-05,2026-10-05,CM,NSE,STK,6136,INE731U01028,DIGJAMLMTD,BE,,,,,DIGJAM LTD,47.50,47.96,45.60,47.61,47.96,47.96,,47.61,,,8995,423829.65,38,F1,1,,,,,
2026-10-05,2026-10-05,CM,NSE,STK,641,INE016M01021,DNAMEDIA,EQ,,,,,DILIGENT MEDIA CORP LTD.,2.40,2.45,2.30,2.34,2.35,2.42,,2.34,,,43193,102452.81,177,F1,1,,,,,
2026-10-05,2026-10-05,CM,NSE,STK,18086,INE917M01012,DBL,EQ,,,,,DILIP BUILDCON LIMITED,398.05,405.15,393.10,396.30,395.00,399.10,,396.31,,,94930,37772231.40,3802,F1,1,,,,,
2026-10-05,2026-10-05,CM,NSE,STK,762643,INE131C01011,DISAQ,EQ,,,,,DISA INDIA LTD.,11395.00,11740.00,11250.00,11487.00,11365.00,11249.00,,11487.00,,,95,1101067.00,28,F1,1,,,,,
2026-10-05,2026-10-05,CM,NSE,STK,14537,INE836F01026,DISHTV,EQ,,,,,DISH TV INDIA LTD.,2.19,2.20,2.07,2.10,2.10,2.15,,2.10,,,2049102,4373951.96,2100,F1,1,,,,,
2026-10-05,2026-10-05,CM,NSE,STK,21704,INE385W01011,DCAL,EQ,,,,,DISHMAN CARBO AMCIS LTD,153.99,154.67,149.10,151.50,152.20,150.35,,151.47,,,113660,17267284.45,3650,F1,1,,,,,
2026-10-05,2026-10-05,CM,NSE,STK,14479,INE753U01022,DIVGIITTS,EQ,,,,,DIVGI TORQTRANSFER SYST L,1148.90,1149.80,1106.40,1120.20,1121.00,1136.40,,1120.21,,,79216,89014112.10,6841,F1,1,,,,,
2026-10-05,2026-10-05,CM,NSE,STK,10940,INE361B01024,DIVISLAB,EQ,,,,,DIVI S LABORATORIES LTD,9251.00,9285.50,9113.50,9196.00,9196.00,9249.00,,9196.05,,,480338,4406112950.00,40276,F1,1,,,,,
2026-10-05,2026-10-05,CM,NSE,STK,30262,INE0NA501011,DIVINEHIRA,ST,,,,,DIVINE HIRA JEWELLERS LTD,109.80,109.80,104.20,107.80,107.80,106.15,,107.80,,,8400,901980.00,5,F1,1200,,,,,
2026-10-05,2026-10-05,CM,NSE,STK,24286,INE0SCO01019,DPEL,SM,,,,,DIVINE POWER ENERGY LTD,625.05,625.05,606.00,608.50,606.00,618.75,,608.50,,,21500,13239850.00,41,F1,500,,,,,
2026-10-05,2026-10-05,CM,NSE,STK,25677,INE0QYI01019,DIVYADHAN,SM,,,,,DIVYADHAN RECYCLING IND L,40.85,40.85,40.85,40.85,40.85,43.00,,40.85,,,2000,81700.00,1,F1,2000,,,,,
2026-10-05,2026-10-05,CM,NSE,STK,21690,INE935N01020,DIXON,EQ,,,,,DIXON TECHNO (INDIA) LTD,12729.00,12899.00,12692.00,12748.00,12748.00,12700.00,,12747.90,,,211036,2699869321.00,41124,F1,1,,,,,
2026-10-05,2026-10-05,CM,NSE,STK,12749,INE0B1K01014,DJML,EQ,,,,,DJ MEDIAPRINT & LOG LTD,73.15,74.19,70.41,73.11,73.00,72.61,,73.10,,,52415,3810013.86,585,F1,1,,,,,
2026-10-05,2026-10-05,CM,NSE,STK,14732,INE271C01023,DLF,EQ,,,,,DLF LIMITED,664.90,676.50,664.00,673.00,673.00,658.40,,672.99,,,3470586,2332635610.55,93704,F1,1,,,,,
2026-10-05,2026-10-05,CM,NSE,STK,6973,INE505A01010,DMCC,EQ,,,,,DMCC SPECIALITY CHEMICALS,307.30,329.40,306.00,319.10,322.00,308.70,,319.10,,,217114,69620303.45,6278,F1,1,,,,,
2026-10-05,2026-10-05,CM,NSE,STK,22533,INE0OGG01015,DHTL,SM,,,,,DOCMODE HEALTH TECH LTD,23.70,24.75,23.70,24.75,24.75,23.75,,24.75,,,38400,927800.00,7,F1,800,,,,,
2026-10-05,2026-10-05,CM,NSE,STK,4822,INE021O01019,DODLA,EQ,,,,,DODLA DAIRY LIMITED,1006.30,1021.50,1003.20,1015.60,1015.00,1006.30,,1015.60,,,9309,9424897.30,1554,F1,1,,,,,
2026-10-05,2026-10-05,CM,NSE,STK,12124,INE966A01022,DOLATALGO,EQ,,,,,DOLAT ALGOTECH LIMITED,64.00,65.50,62.00,62.40,62.50,62.86,,62.40,,,75022,4715581.15,1104,F1,1,,,,,
2026-10-05,2026-10-05,CM,NSE,STK,20560,INE325C01035,DOLLAR,EQ,,,,,DOLLAR INDUSTRIES LIMITED,270.90,277.00,268.85,274.40,273.85,272.10,,274.40,,,70384,19238507.05,2287,F1,1,,,,,
2026-10-05,2026-10-05,CM,NSE,STK,765977,INE0JHH01011,DOLLEX,EQ,,,,,DOLLEX AGROTECH LIMITED,39.98,39.98,36.50,37.16,37.99,38.24,,37.17,,,16730,623782.53,451,F1,1,,,,,
2026-10-05,2026-10-05,CM,NSE,STK,18139,INE920A01037,DOLPHIN,EQ,,,,,DOLPHIN OFF ENT (IND) L,630.10,646.75,600.00,621.00,620.00,628.10,,620.89,,,23823,14844852.25,1753,F1,1,,,,,
2026-10-05,2026-10-05,CM,NSE,STK,20551,INE321T01012,DOMS,EQ,,,,,DOMS INDUSTRIES LIMITED,2109.90,2109.90,2053.00,2079.80,2083.00,2097.50,,2079.43,,,18688,38804537.30,5561,F1,1,,,,,
2026-10-05,2026-10-05,CM,NSE,STK,13839,INE668D01028,DONEAR,EQ,,,,,DONEAR IND. LIMITED,82.30,82.30,80.01,80.22,80.01,80.29,,80.22,,,8934,720719.63,121,F1,1,,,,,
2026-10-05,2026-10-05,CM,NSE,STK,15423,INE360C01024,DPSCLTD,BE,,,,,DPSC LIMITED,6.94,6.94,6.46,6.72,6.70,6.80,,6.72,,,131088,884686.83,544,F1,1,,,,,
2026-10-05,2026-10-05,CM,NSE,STK,29452,INE943P01029,AGARWALEYE,EQ,,,,,DR AGARWALS HEALTH CARE L,490.20,492.00,475.30,484.25,483.85,486.45,,484.24,,,292496,141030299.70,15583,F1,1,,,,,
2026-10-05,2026-10-05,CM,NSE,STK,762648,INE934C01018,DRAGARWQ,EQ,,,,,DR. AGARWAL'S EYE HOSP L,5250.00,5294.00,5162.50,5215.00,5250.00,5159.00,,5213.82,,,2781,14467716.50,581,F1,1,,,,,
2026-10-05,2026-10-05,CM,NSE,STK,11654,INE600L01024,LALPATHLAB,EQ,,,,,DR. LAL PATH LABS LTD.,2005.90,2026.00,1960.00,1971.30,1969.00,2005.10,,1971.29,,,350211,693616765.40,43051,F1,1,,,,,
2026-10-05,2026-10-05,CM,NSE,STK,881,INE089A01031,DRREDDY,EQ,,,,,DR. REDDY S LABORATORIES,1198.00,1206.60,1189.00,1203.00,1203.00,1206.20,,1203.01,,,3075974,3686394973.80,89115,F1,1,,,,,
2026-10-05,2026-10-05,CM,NSE,STK,2645,INE03RS01027,DRCSYSTEMS,EQ,,,,,DRC SYSTEMS INDIA LIMITED,13.02,13.50,12.80,13.04,12.93,13.02,,13.06,,,42304,554252.50,300,F1,1,,,,,
2026-10-05,2026-10-05,CM,NSE,STK,10859,INE0JS101016,DREAMFOLKS,EQ,,,,,DREAMFOLKS SERVICES LTD,61.50,61.90,60.06,60.50,60.06,61.50,,60.53,,,26105,1589672.86,896,F1,1,,,,,
2026-10-05,2026-10-05,CM,NSE,STK,11271,INE506A01018,DREDGECORP,EQ,,,,,DREDGING CORP OF INDIA,895.20,936.00,895.20,903.90,906.50,895.20,,903.91,,,107924,97901890.20,5722,F1,1,,,,,
2026-10-05,2026-10-05,CM,NSE,STK,17372,INE0P7201019,DRONE,SM,,,,,DRONE DESTINATION LIMITED,32.10,32.85,32.00,32.55,32.50,33.10,,32.55,,,20500,662775.00,34,F1,500,,,,,
2026-10-05,2026-10-05,CM,NSE,STK,8772,INE891A01022,DSKULKARNI,BE,,,,,DS KULKARNI DEVELOPERS L,26.59,26.59,26.59,26.59,26.59,26.07,,26.59,,,1,26.59,1,F1,1,,,,,
2026-10-05,2026-10-05,CM,NSE,STK,778,INE055C01020,KEEPLEARN,EQ,,,,,DSJ KEEP LEARNING LTD,1.87,1.87,1.72,1.79,1.80,1.84,,1.80,,,22959,41182.64,91,F1,1,,,,,
2026-10-05,2026-10-05,CM,NSE,STK,1927,INF740KA1EU7,LIQUIDETF,EQ,,,,,DSP LIQUID ETF,1000.00,1000.01,999.99,1000.00,1000.00,1000.00,,1000.00,,,319149,319148953.38,482,F1,1,,,,,
2026-10-05,2026-10-05,CM,NSE,STK,761364,INF740KA1YH2,BANK10ADD,EQ,,,,,DSPAMC - BANK10ADD,16.32,16.41,16.12,16.16,16.30,15.99,,16.31,,,5521,89535.57,100,F1,1,,,,,
2026-10-05,2026-10-05,CM,NSE,STK,13644,INF740KA1RX3,BANKADD,EQ,,,,,DSPAMC - DSPBANK,56.43,56.74,55.84,55.93,55.84,55.71,,55.94,,,13448,758078.25,93,F1,1,,,,,
2026-10-05,2026-10-05,CM,NSE,STK,15356,INF740KA1ZP2,GOLDADD,EQ,,,,,DSPAMC - DSPGOLD,14.28,14.40,14.17,14.28,14.21,14.28,,14.28,,,6848499,97619928.89,10309,F1,1,,,,,
2026-10-05,2026-10-05,CM,NSE,STK,17207,INF740KA1SX1,ITADD,EQ,,,,,DSPAMC - DSPIT,29.78,30.50,29.78,29.97,30.06,29.78,,29.96,,,6608,199007.50,104,F1,1,,,,,
2026-10-05,2026-10-05,CM,NSE,STK,6606,INF740KA1QK2,EQUAL50ADD,EQ,,,,,DSPAMC - DSPNEWETF,320.32,325.00,319.29,322.16,325.00,320.32,,322.16,,,18990,6095790.43,486,F1,1,,,,,
2026-10-05,2026-10-05,CM,NSE,STK,7451,INF740KA1CL0,NIFTYADD,EQ,,,,,DSPAMC - DSPNIFTY,239.46,239.46,236.68,237.98,237.73,237.09,,237.98,,,154001,36692241.25,406,F1,1,,,,,
2026-10-05,2026-10-05,CM,NSE,STK,17616,INF740KA1SY9,PSUBANKADD,EQ,,,,,DSPAMC - DSPPSBKETF,81.40,82.07,80.80,81.05,81.15,80.47,,81.05,,,19772,1606959.00,317,F1,1,,,,,
2026-10-05,2026-10-05,CM,NSE,STK,17576,INF740KA1TA7,PVTBANKADD,EQ,,,,,DSPAMC - DSPPVBKETF,27.36,27.45,26.91,27.11,27.31,27.18,,27.11,,,55502,1509091.43,145,F1,1,,,,,
2026-10-05,2026-10-05,CM,NSE,STK,7456,INF740KA1ZF3,MIDQ50ADD,EQ,,,,,DSPAMC - DSPQ50ETF,23.94,23.94,23.00,23.54,23.51,23.47,,23.54,,,39174,920930.47,347,F1,1,,,,,
2026-10-05,2026-10-05,CM,NSE,STK,17613,INF740KA1SZ6,SENSEXADD,EQ,,,,,DSPAMC - DSPSENXETF,75.53,75.53,74.16,74.78,74.78,75.16,,74.78,,,3459,258352.64,114,F1,1,,,,,
2026-10-05,2026-10-05,CM,NSE,STK,10761,INF740KA1ZQ0,SILVERADD,EQ,,,,,DSPAMC - DSPSILVETF,21.33,21.42,21.13,21.34,21.42,21.02,,21.34,,,726716,15460471.90,2665,F1,1,,,,,
2026-10-05,2026-10-05,CM,NSE,STK,759368,INF740KA1WU9,FLEXIADD,EQ,,,,,DSPAMC - FLEXIADD,9.37,9.47,9.35,9.41,9.42,9.37,,9.40,,,384673,3612363.69,649,F1,1,,,,,
2026-10-05,2026-10-05,CM,NSE,STK,763530,INF740KA1ZA4,FMCGADD,EQ,,,,,DSPAMC - FMCGADD,45.67,46.20,44.15,44.71,44.48,44.29,,44.71,,,11638,516182.74,217,F1,1,,,,,
2026-10-05,2026-10-05,CM,NSE,STK,765310,INF740KA1ZI7,GSEC10ADD,EQ,,,,,DSPAMC - GSEC10ADD,26.30,26.30,26.15,26.15,26.15,26.54,,26.15,,,31,810.80,3,F1,1,,,,,
2026-10-05,2026-10-05,CM,NSE,STK,22592,INF740KA1ZG1,HEALTHADD,EQ,,,,,DSPAMC - HEALTHADD,16.29,16.29,16.08,16.10,16.11,16.21,,16.10,,,42909,692121.12,221,F1,1,,,,,
2026-10-05,2026-10-05,CM,NSE,STK,23407,INF740KA1UM0,LIQUIDADD,EQ,,,,,DSPAMC - LIQUIDADD,1147.71,1147.73,1147.71,1147.71,1147.71,1147.56,,1147.71,,,531162,609624173.79,347,F1,1,,,,,
2026-10-05,2026-10-05,CM,NSE,STK,764428,INF740KA1ZH9,MIDBANKADD,EQ,,,,,DSPAMC - MIDBANKADD,16.50,16.67,16.50,16.61,16.67,16.39,,16.61,,,9336,154993.21,25,F1,1,,,,,
2026-10-05,2026-10-05,CM,NSE,STK,760356,INF740KA1WW5,MIDCAPADD,EQ,,,,,DSPAMC - MIDCAPADD,22.37,22.37,21.60,21.82,21.81,22.07,,21.82,,,11438,249611.79,296,F1,1,,,,,
2026-10-05,2026-10-05,CM,NSE,STK,29464,INF740KA1VE5,NEXT30ADD,EQ,,,,,DSPAMC - NEXT30ADD,40.00,40.24,39.99,40.21,40.20,39.83,,40.21,,,14108,564852.84,90,F1,1,,,,,
2026-10-05,2026-10-05,CM,NSE,STK,760599,INF740KA1XU7,NEXT50ADD,EQ,,,,,DSPAMC - NEXT50ADD,71.57,71.57,69.25,69.69,69.97,71.62,,69.69,,,12520,872613.60,323,F1,1,,,,,
2026-10-05,2026-10-05,CM,NSE,STK,760359,INF740KA1WX3,SMALLADD,EQ,,,,,DSPAMC - SMALLADD,18.17,18.17,17.69,17.79,17.87,17.73,,17.81,,,25608,455101.52,240,F1,1,,,,,
2026-10-05,2026-10-05,CM,NSE,STK,25171,INF740KA1UR9,TOP10ADD,EQ,,,,,DSPAMC - TOP10ADD,82.87,83.31,82.41,83.07,83.31,82.41,,83.07,,,175533,14524040.81,651,F1,1,,,,,
2026-10-05,2026-10-05,CM,NSE,STK,13766,INE0LZO01015,DUCOL,SM,,,,,DUCOL ORGS AND COLOURS LT,123.40,124.10,122.25,122.25,122.25,120.90,,122.25,,,10400,1283840.00,8,F1,800,,,,,
2026-10-05,2026-10-05,CM,NSE,STK,28952,INE741L01018,DUCON,EQ,,,,,DUCON INFRATECHNOLOGIES L,1.35,1.36,1.32,1.36,1.36,1.30,,1.36,,,469110,632388.39,222,F1,1,,,,,
2026-10-05,2026-10-05,CM,NSE,STK,5457,INE0HPK01020,DUGLOBAL,SM,,,,,DUDIGITAL GLOBAL LIMITED,22.20,22.20,21.80,21.80,21.80,21.75,,21.80,,,5000,110000.00,2,F1,2500,,,,,
2026-10-05,2026-10-05,CM,NSE,STK,24164,INE0OUW01013,DURLAX,SM,,,,,DURLAX TOP SURFACE LTD,64.40,64.40,63.00,63.40,63.00,65.25,,63.40,,,40000,2545400.00,20,F1,2000,,,,,
2026-10-05,2026-10-05,CM,NSE,STK,11667,INE366A01041,DWARKESH,EQ,,,,,DWARIKESH SUGAR IND LTD,42.30,44.73,42.30,44.08,44.30,41.96,,44.08,,,2644127,116259707.26,13449,F1,1,,,,,
2026-10-05,2026-10-05,CM,NSE,STK,25690,INE417B01040,DSSL,EQ,,,,,DYNACONS SYS & SOLN LTD,950.75,980.00,950.00,964.85,967.50,948.75,,964.68,,,16450,15858267.30,2216,F1,1,,,,,
2026-10-05,2026-10-05,CM,NSE,STK,4525,INE221B01012,DYNAMATECH,EQ,,,,,DYNAMATIC TECHNOLOGIES,13798.00,14375.00,13798.00,14251.00,14375.00,13756.00,,14250.69,,,43998,620076025.00,16044,F1,1,,,,,
2026-10-05,2026-10-05,CM,NSE,STK,10417,INE600Y01019,DYCL,EQ,,,,,DYNAMIC CABLES LIMITED,431.90,452.00,430.00,434.85,437.20,428.00,,434.87,,,288948,127185380.50,10651,F1,1,,,,,
2026-10-05,2026-10-05,CM,NSE,STK,6079,INE0DZ701010,DYNAMIC,SM,,,,,DYNAMIC SRVCS & SEC LTD,123.20,130.65,123.20,127.95,128.00,129.95,,127.95,,,5000,632450.00,10,F1,500,,,,,
2026-10-05,2026-10-05,CM,NSE,STK,21314,INE256H01015,DYNPRO,EQ,,,,,DYNEMIC PRODUCTS LIMITED,224.67,229.49,218.25,220.44,220.38,224.58,,220.40,,,7281,1612597.82,355,F1,1,,,,,
2026-10-05,2026-10-05,CM,NSE,STK,19267,INE0KFF01017,EFACTOR,SM,,,,,E FACTOR EXPERIENCES LTD,194.75,199.25,172.05,175.60,172.05,185.75,,175.60,,,7200,1302740.00,18,F1,400,,,,,
2026-10-05,2026-10-05,CM,NSE,STK,760531,INE1CEJ01017,E2ERAIL,SM,,,,,E TO E TRANS INFRA LTD,323.00,330.00,310.20,312.25,313.90,322.80,,312.25,,,43200,13917520.00,50,F1,800,,,,,
2026-10-05,2026-10-05,CM,NSE,STK,8940,INE255Z01027,E2E,BE,,,,,E2E NETWORKS LIMITED,659.90,675.00,649.95,656.10,662.10,648.00,,656.17,,,513783,338969523.35,8221,F1,1,,,,,
2026-10-05,2026-10-05,CM,NSE,STK,765065,INE595R01023,EASTWEST,EQ,,,,,EAST WEST FREIGHT CARRI L,2.36,2.40,2.24,2.32,2.36,2.29,,2.32,,,51178,118089.47,161,F1,1,,,,,
2026-10-05,2026-10-05,CM,NSE,STK,9769,INE962C01035,EASTSILK,BE,,,,,EASTERN SILK INDUSTRIES L,70.82,70.82,66.66,66.66,66.66,70.12,,69.03,,,604,42051.44,8,F1,1,,,,,
2026-10-05,2026-10-05,CM,NSE,STK,2792,INE07O001026,EASEMYTRIP,EQ,,,,,EASY TRIP PLANNERS LTD,5.80,5.83,5.76,5.77,5.77,5.76,,5.77,,,6177377,35705732.91,5454,F1,1,,,,,
2026-10-05,2026-10-05,CM,NSE,STK,765073,INE432F01032,EBIX,BE,,,,,EBIX LIMITED,17.00,17.70,16.88,16.91,17.00,16.89,,16.92,,,10108,172619.57,66,F1,1,,,,,
2026-10-05,2026-10-05,CM,NSE,STK,759974,INE528S07110,888ECL28,N1,,,,,ECL 8.88% 2028 SR V,983.03,998.00,983.03,993.41,998.00,993.15,,993.41,,,1099,1091659.74,9,F1,1,,,,,
2026-10-05,2026-10-05,CM,NSE,STK,759975,INE528S07128,925ECL28,N2,,,,,ECL 9.25% 2028 SR VI,1029.20,1029.20,1029.20,1029.20,1029.20,1025.00,,1029.20,,,135,138942.00,2,F1,1,,,,,
2026-10-05,2026-10-05,CM,NSE,STK,15179,INE738I01010,ECLERX,EQ,,,,,ECLERX SERVICES LTD,1819.20,1898.00,1812.10,1884.30,1891.00,1802.90,,1884.47,,,142484,265968346.30,18436,F1,1,,,,,
2026-10-05,2026-10-05,CM,NSE,STK,764663,INE316A01038,ECORECO,EQ,,,,,ECO RECYCLING LTD.,390.00,427.45,388.80,427.30,427.45,388.60,,427.93,,,14130,5788613.55,1186,F1,1,,,,,
2026-10-05,2026-10-05,CM,NSE,STK,759961,INE0VBS01016,ECOLINE,SM,,,,,ECOLINE EXIM LIMITED,185.00,186.50,181.10,182.00,182.00,179.15,,182.00,,,46000,8519750.00,29,F1,1000,,,,,
2026-10-05,2026-10-05,CM,NSE,STK,25060,INE06HJ01020,ECOSMOBLTY,EQ,,,,,ECOS (INDIA) MOB & HOSP L,105.53,108.00,103.81,105.44,105.01,105.01,,105.45,,,72518,7647251.48,1264,F1,1,,,,,
2026-10-05,2026-10-05,CM,NSE,STK,7196,INF754K01OB1,BBETF0432,EQ,,,,,EDELAMC - BBETF0432,1330.55,1338.88,1330.55,1336.70,1333.56,1333.92,,1336.70,,,1604,2138972.02,61,F1,1,,,,,
2026-10-05,2026-10-05,CM,NSE,STK,764378,INF754K01XH9,EBANK10,EQ,,,,,EDELAMC - EBANK10,16.19,16.19,16.05,16.05,16.05,16.19,,16.10,,,957,15420.50,14,F1,1,,,,,
2026-10-05,2026-10-05,CM,NSE,STK,25258,INF754K01TE4,EBANKNIFTY,EQ,,,,,EDELAMC - EBANKNIFTY,55.74,56.99,54.56,56.95,54.56,55.24,,56.95,,,3250,180338.08,36,F1,1,,,,,
2026-10-05,2026-10-05,CM,NSE,STK,16253,INF754K01KO2,EBBETF0430,EQ,,,,,EDELAMC - EBBETF0430,1611.80,1611.80,1591.00,1605.61,1604.80,1601.58,,1605.61,,,45038,72319740.74,856,F1,1,,,,,
2026-10-05,2026-10-05,CM,NSE,STK,22239,INF754K01LE1,EBBETF0431,EQ,,,,,EDELAMC - EBBETF0431,1434.56,1435.27,1425.00,1427.09,1425.00,1427.59,,1427.09,,,11787,16831132.82,194,F1,1,,,,,
2026-10-05,2026-10-05,CM,NSE,STK,13139,INF754K01QX0,EBBETF0433,EQ,,,,,EDELAMC - EBBETF0433,1325.68,1325.68,1293.22,1298.98,1301.27,1299.69,,1299.00,,,7010,9102326.09,183,F1,1,,,,,
2026-10-05,2026-10-05,CM,NSE,STK,29019,INF754K01TX4,ECAPINSURE,EQ,,,,,EDELAMC - ECAPINSURE,22.84,23.20,22.62,22.94,22.69,22.73,,22.91,,,85848,1964112.48,397,F1,1,,,,,
2026-10-05,2026-10-05,CM,NSE,STK,19933,INF754K01SE6,EGOLD,EQ,,,,,EDELAMC - EGOLD,146.90,147.20,145.60,146.95,147.15,146.85,,146.95,,,28284,4149098.85,745,F1,1,,,,,
2026-10-05,2026-10-05,CM,NSE,STK,759466,INF754K01VW2,ELIQUID,EQ,,,,,EDELAMC - ELIQUID,1050.54,1050.54,1050.52,1050.52,1050.53,1050.39,,1050.52,,,31601,33197627.55,16,F1,1,,,,,
2026-10-05,2026-10-05,CM,NSE,STK,758952,INF754K01VV4,ELM250,EQ,,,,,EDELAMC - ELM250,15.55,15.95,15.40,15.46,15.40,15.65,,15.46,,,59399,927163.67,386,F1,1,,,,,
2026-10-05,2026-10-05,CM,NSE,STK,764367,INF754K01XI7,ELMDIV,EQ,,,,,EDELAMC - ELMDIV,35.41,35.41,33.63,34.39,34.39,34.72,,34.43,,,742,25519.79,24,F1,1,,,,,
2026-10-05,2026-10-05,CM,NSE,STK,764288,INF754K01XG1,EMETAL,EQ,,,,,EDELAMC - EMETAL,13.04,13.27,12.48,12.58,12.53,12.78,,12.58,,,13532,170460.97,81,F1,1,,,,,
2026-10-05,2026-10-05,CM,NSE,STK,25996,INF754K01TF1,EMULTIMQ,EQ,,,,,EDELAMC - EMULTIMQ,39.36,40.96,39.36,39.91,40.05,40.16,,39.91,,,10233,411057.15,217,F1,1,,,,,
2026-10-05,2026-10-05,CM,NSE,STK,763540,INF754K01XF3,ENEXT50,EQ,,,,,EDELAMC - ENEXT50,69.66,69.66,68.95,69.21,69.21,68.98,,69.21,,,235,16263.65,11,F1,1,,,,,
2026-10-05,2026-10-05,CM,NSE,STK,759998,INF754K01VX0,ENIFTY,EQ,,,,,EDELAMC - ENIFTY,22.18,23.87,22.18,22.79,22.82,22.75,,22.79,,,23299,531379.91,119,F1,1,,,,,
2026-10-05,2026-10-05,CM,NSE,STK,759995,INF754K01VY8,ESENSEX,EQ,,,,,EDELAMC - ESENSEX,73.26,73.80,72.60,73.41,73.80,72.60,,73.70,,,179,13041.55,34,F1,1,,,,,
2026-10-05,2026-10-05,CM,NSE,STK,20257,INF754K01SF3,ESILVER,EQ,,,,,EDELAMC - ESILVER,218.80,221.75,218.80,221.74,220.70,218.28,,221.74,,,466594,103444084.25,1027,F1,1,,,,,
2026-10-05,2026-10-05,CM,NSE,STK,15119,INE532F01054,EDELWEISS,EQ,,,,,EDELWEISS FIN SERV LTD,138.49,139.22,135.11,135.47,135.80,137.90,,135.47,,,2456666,336598187.52,28280,F1,1,,,,,
2026-10-05,2026-10-05,CM,NSE,STK,21747,INE216H01027,EDUCOMP,BZ,,,,,EDUCOMP SOLUTIONS LTD,0.90,0.94,0.88,0.93,0.94,0.90,,0.93,,,95825,89920.87,132,F1,1,,,,,
2026-10-05,2026-10-05,CM,NSE,STK,758675,INE886D01026,EFCIL,EQ,,,,,EFC (I) LIMITED,172.99,174.64,168.01,168.74,169.00,171.20,,168.74,,,153943,26169203.47,2095,F1,1,,,,,
2026-10-05,2026-10-05,CM,NSE,STK,24435,INE0U9101019,EFFWA,SM,,,,,EFFWA INFRA & RESEARCH L,345.05,353.90,338.00,350.90,350.85,342.90,,350.90,,,15200,5255360.00,35,F1,400,,,,,
2026-10-05,2026-10-05,CM,NSE,STK,910,INE066A01021,EICHERMOT,EQ,,,,,EICHER MOTORS LTD,6975.00,7066.00,6901.50,7021.50,7021.50,6920.00,,7021.59,,,381658,2669959240.50,48858,F1,1,,,,,
2026-10-05,2026-10-05,CM,NSE,STK,916,INE126A01031,EIDPARRY,EQ,,,,,EID PARRY INDIA LTD,675.00,698.00,675.00,691.95,690.00,674.55,,691.95,,,191222,132093285.35,19501,F1,1,,,,,
2026-10-05,2026-10-05,CM,NSE,STK,15399,INE276C01014,EIHAHOTELS,EQ,,,,,EIH ASSOCIATED HOTELS LTD,296.10,300.00,288.00,294.40,294.90,296.10,,294.40,,,4180,1234905.95,420,F1,1,,,,,
2026-10-05,2026-10-05,CM,NSE,STK,919,INE230A01023,EIHOTEL,EQ,,,,,EIH LIMITED,297.80,299.85,294.10,298.30,298.20,297.85,,298.30,,,145139,43160122.05,8029,F1,1,,,,,
2026-10-05,2026-10-05,CM,NSE,STK,4040,INE158B01016,EIMCOELECO,EQ,,,,,EIMCO ELECON (INDIA) LTD,2288.80,2325.00,2236.20,2241.90,2251.10,2268.80,,2241.92,,,24870,56664091.60,2656,F1,1,,,,,
2026-10-05,2026-10-05,CM,NSE,STK,764671,INE0CPR01018,EKI,BE,,,,,EKI ENERGY SERVICES LTD,97.95,98.99,93.06,93.06,93.06,97.95,,92.25,,,15088,1421982.59,254,F1,1,,,,,
2026-10-05,2026-10-05,CM,NSE,STK,762653,INE280B01018,ELANTAS,EQ,,,,,ELANTAS BECK INDIA LTD.,13599.00,13600.00,13118.00,13214.00,13317.00,13474.00,,13213.96,,,1139,15177283.00,690,F1,1,,,,,
2026-10-05,2026-10-05,CM,NSE,STK,762658,INE927X01018,ELCIDIN,EQ,,,,,ELCID INVESTMENTS LTD.,102155.00,102155.00,100500.00,102000.00,102000.00,102155.00,,102000.00,,,5,508655.00,5,F1,1,,,,,
2026-10-05,2026-10-05,CM,NSE,STK,8953,INE668G01021,ELDEHSG,EQ,,,,,ELDECO HSG & IND LTD.,782.25,788.00,766.30,773.55,786.00,782.25,,773.55,,,629,490387.45,53,F1,1,,,,,
2026-10-05,2026-10-05,CM,NSE,STK,13643,INE205B01031,ELECON,EQ,,,,,ELECON ENG. CO. LTD,442.95,449.90,437.75,446.35,445.95,440.00,,446.32,,,323898,143707952.05,15916,F1,1,,,,,
2026-10-05,2026-10-05,CM,NSE,STK,20899,INE0Q1W01012,EFORCE,SM,,,,,ELECTRO FORCE (INDIA) LTD,18.50,18.50,18.50,18.50,18.50,18.40,,18.50,,,1200,22200.00,1,F1,1200,,,,,
2026-10-05,2026-10-05,CM,NSE,STK,11530,INE02YR01019,EMIL,EQ,,,,,ELECTRONICS MART IND LTD,207.00,211.66,202.65,205.10,204.30,204.05,,205.10,,,9139822,1900978843.71,76867,F1,1,,,,,
2026-10-05,2026-10-05,CM,NSE,STK,928,INE086A01029,ELECTCAST,EQ,,,,,ELECTROSTEEL CASTINGS LTD,75.55,78.00,74.20,75.26,75.44,74.54,,75.26,,,3013318,228476763.06,23359,F1,1,,,,,
2026-10-05,2026-10-05,CM,NSE,STK,4469,INE822G01016,ELECTHERM,EQ,,,,,ELECTROTHERM (I) LTD.,731.10,774.80,695.00,702.40,697.55,743.60,,702.43,,,29147,20862027.85,1943,F1,1,,,,,
2026-10-05,2026-10-05,CM,NSE,STK,29595,INE0R9101015,ELGNZ,SM,,,,,ELEGANZ INTERIORS LIMITED,82.00,82.00,81.95,81.95,82.00,82.80,,81.95,,,3000,245950.00,3,F1,1000,,,,,
2026-10-05,2026-10-05,CM,NSE,STK,766278,INE147X01013,ELEVATE,EQ,,,,,ELEVATE CAMPUSES LIMITED,354.10,354.25,327.15,333.15,334.75,344.80,,333.24,,,2576912,869706979.75,62136,F1,1,,,,,
2026-10-05,2026-10-05,CM,NSE,STK,937,INE285A01027,ELGIEQUIP,EQ,,,,,ELGI EQUIPMENTS LTD,585.40,594.70,582.50,591.20,587.70,584.65,,591.20,,,301097,177489236.25,28731,F1,1,,,,,
2026-10-05,2026-10-05,CM,NSE,STK,24924,INE819L01012,ELGIRUBCO,EQ,,,,,ELGI RUBBER CO. LTD,52.90,53.17,51.01,51.56,51.10,51.38,,51.56,,,38742,2005114.59,670,F1,1,,,,,
2026-10-05,2026-10-05,CM,NSE,STK,13423,INE050401020,ELIN,EQ,,,,,ELIN ELECTRONICS LIMITED,80.09,81.22,78.00,78.97,78.40,79.73,,78.97,,,183116,14565062.78,2364,F1,1,,,,,
2026-10-05,2026-10-05,CM,NSE,STK,762663,INE669R01026,ELITECON,EQ,,,,,ELITECON INTERNATIONAL L,7.98,7.98,7.45,7.49,7.49,7.79,,7.49,,,5648103,43084036.12,8909,F1,1,,,,,
2026-10-05,2026-10-05,CM,NSE,STK,758563,INE236E01022,ELLEN,EQ,,,,,ELLENBARRIE INDUS GASES L,343.80,347.10,331.00,332.55,331.10,341.70,,332.55,,,723867,242993755.50,17382,F1,1,,,,,
2026-10-05,2026-10-05,CM,NSE,STK,4471,INE579B01039,ELPROINTL,EQ,,,,,ELPRO INTERNATIONAL LTD,172.01,174.75,171.82,174.59,174.75,174.31,,174.65,,,12341,2141083.89,203,F1,1,,,,,
2026-10-05,2026-10-05,CM,NSE,STK,29229,INE0ZOL01023,EMAPARTNER,SM,,,,,EMA PARTNERS INDIA LTD,81.05,83.90,80.95,83.90,83.90,81.65,,83.90,,,8000,655500.00,7,F1,1000,,,,,
2026-10-05,2026-10-05,CM,NSE,STK,13517,INE548C01032,EMAMILTD,EQ,,,,,EMAMI LIMITED,373.10,378.50,371.00,377.75,374.35,372.65,,377.74,,,1358087,510269345.85,29901,F1,1,,,,,
2026-10-05,2026-10-05,CM,NSE,STK,10084,INE830C01026,EMAMIPAP,BE,,,,,EMAMI PAPER MILLS LIMITED,114.50,116.80,113.60,115.01,116.00,116.84,,115.01,,,16261,1876035.00,150,F1,1,,,,,
2026-10-05,2026-10-05,CM,NSE,STK,19277,INE778K01012,EMAMIREAL,EQ,,,,,EMAMI REALTY LIMITED,67.14,69.65,67.14,68.06,68.68,67.14,,67.98,,,7528,513909.83,129,F1,1,,,,,
2026-10-05,2026-10-05,CM,NSE,STK,14450,INE069I01010,EMBDL,EQ,,,,,EMBASSY DEVELOPMENTS LTD,57.48,58.30,55.35,56.05,56.39,56.13,,56.05,,,1777659,100089351.89,8584,F1,1,,,,,
2026-10-05,2026-10-05,CM,NSE,STK,9383,INE041025011,EMBASSY,RR,,,,,EMBASSY OFFICE PARKS REIT,429.95,429.95,426.51,427.16,427.75,428.71,,427.16,,,412019,176253786.77,20569,F1,1,,,,,
2026-10-05,2026-10-05,CM,NSE,STK,24398,INE168P01015,EMCURE,EQ,,,,,EMCURE PHARMACEUTICALS L,1935.00,1966.60,1917.30,1937.10,1937.10,1944.60,,1937.14,,,67551,130850175.80,14911,F1,1,,,,,
2026-10-05,2026-10-05,CM,NSE,STK,27629,INE0RHD01013,ETML,SM,,,,,EMERALD TYRE MANUF LTD,73.05,74.95,73.05,73.45,74.95,73.05,,73.45,,,13200,966540.00,8,F1,1200,,,,,
2026-10-05,2026-10-05,CM,NSE,STK,13421,INE296H01011,EMKAY,EQ,,,,,EMKAY GLOBAL FIN SERV LTD,286.80,292.50,276.20,280.20,281.00,286.80,,280.20,,,61240,17305489.45,1895,F1,1,,,,,
2026-10-05,2026-10-05,CM,NSE,STK,10253,INE332S01011,EMKAYTOOLS,SM,,,,,EMKAY TAP & CUT. TOOL LTD,94.20,98.00,94.00,98.00,98.00,98.60,,98.00,,,600,57615.00,4,F1,150,,,,,
2026-10-05,2026-10-05,CM,NSE,STK,758591,INE0PXC01024,ETL,SM,,,,,EMKAY TOOLS LIMITED,1140.00,1155.00,1125.00,1155.00,1155.00,1177.50,,1155.00,,,450,513000.00,3,F1,150,,,,,
2026-10-05,2026-10-05,CM,NSE,STK,18142,INE753K01015,EMMBI,EQ,,,,,EMMBI INDUSTRIES LIMITED,87.98,89.76,84.00,86.08,86.00,86.04,,85.52,,,11635,1003268.37,249,F1,1,,,,,
2026-10-05,2026-10-05,CM,NSE,STK,759728,INE1C6T01020,EMMVEE,EQ,,,,,EMMVEE PHOTOVOLTAIC PWR L,309.00,309.00,290.45,296.25,296.00,305.90,,296.25,,,3553362,1051902435.00,96565,F1,1,,,,,
2026-10-05,2026-10-05,CM,NSE,STK,764673,INE515H01014,EMPIND,EQ,,,,,EMPIRE INDUSTRIES LTD.,1059.20,1059.20,1030.60,1034.00,1034.00,1059.20,,1034.01,,,10650,11022292.10,260,F1,1,,,,,
2026-10-05,2026-10-05,CM,NSE,STK,762670,INE507F01023,EMPOWER,EQ,,,,,EMPOWER INDIA LTD.,1.47,1.61,1.47,1.61,1.61,1.54,,1.61,,,43387876,67841405.23,5229,F1,1,,,,,
2026-10-05,2026-10-05,CM,NSE,STK,18593,INE0OV601013,EMSLIMITED,EQ,,,,,EMS LIMITED,335.00,337.35,324.30,327.80,325.35,331.55,,327.80,,,121022,39986681.10,5002,F1,1,,,,,
2026-10-05,2026-10-05,CM,NSE,STK,9756,INE01QM01018,EMUDHRA,EQ,,,,,EMUDHRA LIMITED,604.00,615.80,583.55,599.00,597.00,580.00,,598.98,,,637155,384285706.10,25837,F1,1,,,,,
2026-10-05,2026-10-05,CM,NSE,STK,760321,INE433T01015,ENCOMPAS,SM,,,,,ENCOMPASS DESIGN INDIA L,254.90,254.90,252.50,252.50,252.50,253.35,,252.50,,,1200,304820.00,3,F1,400,,,,,
2026-10-05,2026-10-05,CM,NSE,STK,18822,INE913H01037,ENDURANCE,EQ,,,,,ENDURANCE TECHNO. LTD.,2609.90,2617.00,2502.70,2526.50,2527.90,2601.40,,2526.44,,,112901,286538656.50,26930,F1,1,,,,,
2026-10-05,2026-10-05,CM,NSE,STK,15049,INE306C01019,ENERGYDEV,EQ,,,,,ENERGY DEVE. CO.LTD,14.97,14.97,14.20,14.40,14.45,14.52,,14.39,,,9299,133800.14,249,F1,1,,,,,
2026-10-05,2026-10-05,CM,NSE,STK,23745,INE0S1L01013,EMMIL,SM,,,,,ENERGY MISSION MACH IND L,133.00,133.00,128.10,129.00,130.00,132.75,,129.00,,,9500,1230762.50,32,F1,250,,,,,
2026-10-05,2026-10-05,CM,NSE,STK,4907,INE510A01028,ENGINERSIN,EQ,,,,,ENGINEERS INDIA LTD,316.40,319.20,306.90,307.85,307.50,312.75,,307.85,,,5190169,1622076637.35,61548,F1,1,,,,,
2026-10-05,2026-10-05,CM,NSE,STK,764678,INE130L01014,ENKEIWHEL,EQ,,,,,ENKEI WHEELS (INDIA) LTD.,404.00,404.00,382.50,392.40,396.35,392.60,,394.38,,,1756,687753.90,69,F1,1,,,,,
2026-10-05,2026-10-05,CM,NSE,STK,23230,INE0R9I01021,ENSER,SM,,,,,ENSER COMMUNICATIONS LTD,15.40,15.40,14.40,14.70,14.40,15.25,,14.70,,,45000,671250.00,8,F1,5000,,,,,
2026-10-05,2026-10-05,CM,NSE,STK,22717,INE010601016,ENTERO,EQ,,,,,ENTERO HEALTHCARE SOLU L,1699.00,1725.00,1649.00,1697.10,1696.10,1680.80,,1696.98,,,80217,135364153.30,13351,F1,1,,,,,
2026-10-05,2026-10-05,CM,NSE,STK,13192,INE265F01028,ENIL,EQ,,,,,ENTERTAIN NET. IND. LTD.,94.00,94.00,91.10,91.69,91.10,93.36,,91.69,,,20891,1923940.36,354,F1,1,,,,,
2026-10-05,2026-10-05,CM,NSE,STK,27213,INE0LLY01014,EIEL,EQ,,,,,ENVIRO INFRA ENGINEERS L,185.84,187.99,178.50,180.61,180.10,184.00,,180.61,,,729200,132690798.12,16967,F1,1,,,,,
2026-10-05,2026-10-05,CM,NSE,STK,25412,INE0SUH01015,ENVIRO,SM,,,,,ENVIROTECH SYSTEMS LTD,67.70,72.75,67.70,70.95,71.00,67.55,,70.95,,,15000,1055200.00,15,F1,1000,,,,,
2026-10-05,2026-10-05,CM,NSE,STK,22463,INE0G5901015,EPACK,EQ,,,,,EPACK DURABLE LIMITED,173.75,173.99,167.36,168.13,168.00,171.59,,168.13,,,242301,41131866.16,4742,F1,1,,,,,
2026-10-05,2026-10-05,CM,NSE,STK,759251,INE0MLS01022,EPACKPEB,EQ,,,,,EPACK PREFAB TECHN LTD,244.90,255.88,244.20,249.74,250.25,242.07,,249.73,,,1070964,269365372.01,27729,F1,1,,,,,
2026-10-05,2026-10-05,CM,NSE,STK,5382,INE071N01016,EPIGRAL,EQ,,,,,EPIGRAL LIMITED,990.00,1024.10,977.40,1017.30,1017.00,982.20,,1017.32,,,60534,60837034.60,5035,F1,1,,,,,
2026-10-05,2026-10-05,CM,NSE,STK,981,INE255A01020,EPL,EQ,,,,,EPL LIMITED,230.62,237.89,230.20,236.50,235.20,232.39,,236.50,,,1435292,336402830.81,25849,F1,1,,,,,
2026-10-05,2026-10-05,CM,NSE,STK,758349,INE11HF01010,EEPL,ST,,,,,EPPELTONE ENGINEERS LTD,129.00,134.00,129.00,134.00,134.00,130.00,,134.00,,,10000,1333750.00,9,F1,1000,,,,,
2026-10-05,2026-10-05,CM,NSE,STK,761214,INE1KEC01023,EPWINDIA,SM,,,,,EPW INDIA LIMITED,275.00,275.00,240.00,242.70,242.70,270.00,,242.70,,,9600,2415240.00,8,F1,1200,,,,,
2026-10-05,2026-10-05,CM,NSE,STK,3553,INE217G01035,EQUIPPP,BE,,,,,EQUIPPP SOC IMP TECH LTD,22.94,22.94,21.69,21.85,21.85,22.83,,21.85,,,5578,121730.94,33,F1,1,,,,,
2026-10-05,2026-10-05,CM,NSE,STK,913,INE063P01018,EQUITASBNK,EQ,,,,,EQUITAS SMALL FIN BNK LTD,68.80,70.20,67.82,68.28,68.07,68.41,,68.28,,,1626602,112159875.06,12996,F1,1,,,,,
2026-10-05,2026-10-05,CM,NSE,STK,21154,INE406M01024,ERIS,EQ,,,,,ERIS LIFESCIENCES LIMITED,1189.80,1210.50,1177.00,1188.60,1181.20,1189.80,,1188.29,,,49205,58420769.40,9227,F1,1,,,,,
2026-10-05,2026-10-05,CM,NSE,STK,955,INE284A01012,ESABINDIA,EQ,,,,,ESAB INDIA LTD,5520.00,5549.00,5450.50,5514.00,5549.00,5500.50,,5514.02,,,1802,9898534.50,761,F1,1,,,,,
2026-10-05,2026-10-05,CM,NSE,STK,19884,INE818W01011,ESAFSFB,BE,,,,,ESAF SMALL FINANCE BANK L,43.30,43.99,42.00,43.18,43.60,43.40,,43.16,,,475820,20345175.11,1413,F1,1,,,,,
2026-10-05,2026-10-05,CM,NSE,STK,22767,INE0RQZ01017,ESCONET,ST,,,,,ESCONET TECHNOLOGIES LTD,255.00,255.00,237.00,242.65,242.90,246.80,,242.65,,,30400,7507460.00,59,F1,400,,,,,
2026-10-05,2026-10-05,CM,NSE,STK,958,INE042A01014,ESCORTS,EQ,,,,,ESCORTS KUBOTA LIMITED,2667.30,2888.40,2664.30,2820.90,2819.00,2667.30,,2821.03,,,222028,618795952.50,36967,F1,1,,,,,
2026-10-05,2026-10-05,CM,NSE,STK,765553,INE0DRI01029,ESDS,EQ,,,,,ESDS SOFTWARE SOLUTION L,1362.40,1362.40,1362.40,1362.40,1362.40,1434.10,,1360.40,,,59205,80660892.00,3463,F1,1,,,,,
2026-10-05,2026-10-05,CM,NSE,STK,24678,INE0SBP01018,ESPRIT,SM,,,,,ESPRIT STONES LIMITED,63.25,65.50,63.25,63.90,63.90,62.35,,63.90,,,8000,514640.00,5,F1,1600,,,,,
2026-10-05,2026-10-05,CM,NSE,STK,25634,INE122M01019,ESSARSHPNG,EQ,,,,,ESSAR SHIPPING LTD,17.50,17.94,16.47,17.04,17.06,17.18,,17.04,,,418001,7099277.29,1776,F1,1,,,,,
2026-10-05,2026-10-05,CM,NSE,STK,17084,INE0ITO01014,ESFL,SM,,,,,ESSEN SPECIALITY FILMS L,113.55,113.55,111.00,112.10,112.00,113.55,,112.10,,,9720,1091250.00,22,F1,360,,,,,
2026-10-05,2026-10-05,CM,NSE,STK,24265,INE778B01029,ESTER,EQ,,,,,ESTER INDUSTRIES LTD,96.00,97.99,92.95,93.40,93.60,95.52,,93.40,,,115591,11049358.00,1713,F1,1,,,,,
2026-10-05,2026-10-05,CM,NSE,STK,5097,INE758T01015,ETERNAL,EQ,,,,,ETERNAL LIMITED,308.95,322.85,308.10,320.80,320.80,313.90,,320.80,,,31037275,9836391663.30,150676,F1,1,,,,,
2026-10-05,2026-10-05,CM,NSE,STK,9750,INE04TZ01018,ETHOSLTD,EQ,,,,,ETHOS LIMITED,2565.00,2610.00,2517.00,2602.30,2601.00,2531.90,,2602.08,,,29281,75360986.30,7480,F1,1,,,,,
2026-10-05,2026-10-05,CM,NSE,STK,25162,INE0KCE01017,EUREKAFORB,EQ,,,,,EUREKA FORBES LIMITED,351.00,356.00,340.60,342.15,341.00,352.50,,342.15,,,354048,122964701.65,27439,F1,1,,,,,
2026-10-05,2026-10-05,CM,NSE,STK,6042,INE546V01010,EIFFL,BE,,,,,EURO (I) FRESH FOODS LTD,262.40,262.40,262.40,262.40,262.40,267.75,,262.40,,,573,150355.20,8,F1,1,,,,,
2026-10-05,2026-10-05,CM,NSE,STK,757953,INE505V01016,EUROBOND,EQ,,,,,EURO PANEL PRODUCTS LTD,152.75,152.75,143.25,144.32,144.10,148.29,,144.43,,,2318,335238.76,78,F1,1,,,,,
2026-10-05,2026-10-05,CM,NSE,STK,759797,INE198501012,EUROPRATIK,EQ,,,,,EURO PRATIK SALES LIMITED,192.99,192.99,181.00,183.41,184.03,190.42,,183.41,,,145782,26801150.29,4218,F1,1,,,,,
2026-10-05,2026-10-05,CM,NSE,STK,999,INE022C01012,EUROTEXIND,EQ,,,,,EUROTEX INDUSTRIES LTD,16.25,16.51,15.73,16.51,16.51,15.73,,16.51,,,10916,179313.66,53,F1,1,,,,,
2026-10-05,2026-10-05,CM,NSE,STK,11782,INE128A01029,EVEREADY,EQ,,,,,EVEREADY INDS. IND.  LTD.,317.10,329.10,315.00,318.10,317.10,315.85,,318.10,,,37300,11858950.30,2361,F1,1,,,,,
2026-10-05,2026-10-05,CM,NSE,STK,993,INE295A01018,EVERESTIND,EQ,,,,,EVEREST INDUSTRIES LTD,484.00,486.00,452.65,478.15,474.10,475.30,,478.14,,,28153,13263275.15,1254,F1,1,,,,,
2026-10-05,2026-10-05,CM,NSE,STK,13091,INE184H01027,EKC,EQ,,,,,EVEREST KANTO CYLINDERLTD,106.00,107.99,104.00,105.13,104.40,106.01,,105.13,,,124137,13075638.32,2436,F1,1,,,,,
2026-10-05,2026-10-05,CM,NSE,STK,11471,INE369A01029,EXCELINDUS,EQ,,,,,EXCEL INDUSTRIES LTD,930.80,936.35,900.00,912.95,914.00,921.80,,912.97,,,12996,11868034.70,1427,F1,1,,,,,
2026-10-05,2026-10-05,CM,NSE,STK,760007,INE606N01019,EXCELSOFT,EQ,,,,,EXCELSOFT TECHNOLOGIES L,79.50,80.71,77.56,80.00,80.19,78.33,,80.00,,,877532,69737731.77,6754,F1,1,,,,,
2026-10-05,2026-10-05,CM,NSE,STK,22947,INE777F01014,EXICOM,EQ,,,,,EXICOM TELE SYSTEMS LTD,152.30,154.99,149.33,150.77,151.40,151.10,,150.77,,,471460,71351900.93,7833,F1,1,,,,,
2026-10-05,2026-10-05,CM,NSE,STK,676,INE302A01020,EXIDEIND,EQ,,,,,EXIDE INDUSTRIES LTD,409.50,415.85,402.15,405.25,405.00,409.45,,405.25,,,1713639,696125371.10,49368,F1,1,,,,,
2026-10-05,2026-10-05,CM,NSE,STK,760422,INE19I001020,EXIMROUTES,SM,,,,,EXIM ROUTES LIMITED,87.55,87.55,86.00,87.00,87.00,92.30,,87.00,,,7200,622560.00,8,F1,800,,,,,
2026-10-05,2026-10-05,CM,NSE,STK,17486,INE201K01015,EXPLEOSOL,EQ,,,,,EXPLEO SOLUTIONS LIMITED,853.05,881.55,850.05,863.45,860.75,848.75,,864.02,,,20948,18210783.80,2619,F1,1,,,,,
2026-10-05,2026-10-05,CM,NSE,STK,5352,INE0GFE01026,EXXARO,EQ,,,,,EXXARO TILES LIMITED,6.10,6.25,5.99,6.05,6.08,6.04,,6.06,,,3347942,20095207.30,587,F1,1,,,,,
2026-10-05,2026-10-05,CM,NSE,STK,760125,INE0HF201011,FABTECH,EQ,,,,,FABTECH TECHNOLOGIES LTD,142.02,144.79,140.01,141.87,143.00,142.01,,141.90,,,35030,4971156.61,689,F1,1,,,,,
2026-10-05,2026-10-05,CM,NSE,STK,1008,INE188A01015,FACT,EQ,,,,,FACT LTD,740.00,745.60,729.05,731.75,732.00,734.95,,731.74,,,66812,49156373.45,6695,F1,1,,,,,
2026-10-05,2026-10-05,CM,NSE,STK,1614,INE0DNW01011,FAIRCHEMOR,EQ,,,,,FAIRCHEM ORGANICS LIMITED,699.95,729.90,678.00,682.25,678.60,661.50,,682.02,,,72267,50956071.70,2843,F1,1,,,,,
2026-10-05,2026-10-05,CM,NSE,STK,765368,INE1Q2D01019,FASCINATE,SM,,,,,FASCINATE TEXTILES LTD,77.60,77.60,77.60,77.60,77.60,73.95,,77.60,,,8000,620800.00,6,F1,800,,,,,
2026-10-05,2026-10-05,CM,NSE,STK,12000,INE963C01033,FAZE3Q,EQ,,,,,FAZE THREE LIMITED,434.00,436.90,421.00,425.00,425.00,433.05,,425.27,,,13673,5846626.35,955,F1,1,,,,,
2026-10-05,2026-10-05,CM,NSE,STK,11999,INE512B01022,FCSSOFT,EQ,,,,,FCS SOFTWARE SOLN. LTD.,1.39,1.41,1.38,1.38,1.38,1.38,,1.38,,,1254766,1745956.79,1081,F1,1,,,,,
2026-10-05,2026-10-05,CM,NSE,STK,4898,INE258B01022,FDC,EQ,,,,,FDC LIMITED,337.10,339.90,328.60,331.30,330.15,335.90,,331.30,,,90007,30005993.15,7686,F1,1,,,,,
2026-10-05,2026-10-05,CM,NSE,STK,20322,INE007N01010,FEDFINA,EQ,,,,,FEDBANK FINANCIAL SER L,150.99,153.40,148.51,149.64,149.50,149.77,,149.62,,,804305,121390543.53,15313,F1,1,,,,,
2026-10-05,2026-10-05,CM,NSE,STK,762675,INE417D01020,FEDDERSHOL,EQ,,,,,FEDDERS HOLDING LTD.,65.40,67.10,62.80,64.23,64.00,63.63,,64.24,,,18059133,1178698412.06,66223,F1,1,,,,,
2026-10-05,2026-10-05,CM,NSE,STK,1023,INE171A01029,FEDERALBNK,EQ,,,,,FEDERAL BANK LTD,318.95,328.20,318.50,327.35,327.35,318.20,,327.35,,,7542230,2455019377.00,96271,F1,1,,,,,
2026-10-05,2026-10-05,CM,NSE,STK,1190,INE529A01010,FMGOETZE,EQ,,,,,FEDERAL-MOGUL GOETZE (IND,444.40,455.00,437.55,440.90,441.85,444.25,,440.91,,,177056,78815820.00,6695,F1,1,,,,,
2026-10-05,2026-10-05,CM,NSE,STK,573,INE901X01013,FELIX,SM,,,,,FELIX INDUSTRIES LTD.,193.00,194.35,185.00,187.90,186.00,193.00,,187.90,,,28000,5355300.00,49,F1,500,,,,,
2026-10-05,2026-10-05,CM,NSE,STK,762680,INE225B01021,FERMENTA,EQ,,,,,FERMENTA BIOTECH LTD.,558.85,573.00,546.10,557.45,555.50,553.25,,557.36,,,341567,192269307.80,11799,F1,1,,,,,
2026-10-05,2026-10-05,CM,NSE,STK,8159,INE296C01020,FIBERWEB,EQ,,,,,FIBERWEB INDIA LIMITED,27.20,27.20,26.10,26.19,26.10,26.55,,26.19,,,10430,275027.33,98,F1,1,,,,,
2026-10-05,2026-10-05,CM,NSE,STK,9858,INE0LQQ01019,FIDEL,SM,,,,,FIDEL SOFTECH LIMITED,176.75,177.00,176.00,176.00,176.00,178.90,,176.00,,,16000,2823750.00,8,F1,1000,,,,,
2026-10-05,2026-10-05,CM,NSE,STK,13710,INE737H01014,FIEMIND,EQ,,,,,FIEM INDUSTRIES LIMITED,1786.10,1816.90,1752.00,1763.10,1761.70,1794.80,,1763.11,,,72879,130080810.80,10367,F1,1,,,,,
2026-10-05,2026-10-05,CM,NSE,STK,23647,INE185E01021,FILATFASH,EQ,,,,,FILATEX FASHIONS LIMITED,0.19,0.19,0.18,0.18,0.19,0.18,,0.19,,,22802731,4165173.57,1791,F1,1,,,,,
2026-10-05,2026-10-05,CM,NSE,STK,24532,INE816B01035,FILATEX,EQ,,,,,FILATEX INDIA LTD,106.10,107.80,103.10,103.89,104.97,106.10,,103.88,,,1569948,165294657.11,12116,F1,1,,,,,
2026-10-05,2026-10-05,CM,NSE,STK,759776,INE0EDU01014,FINBUD,SM,,,,,FINBUD FINANCIAL SERV LTD,126.00,126.00,118.05,119.45,119.00,126.30,,119.45,,,44000,5324700.00,21,F1,1000,,,,,
2026-10-05,2026-10-05,CM,NSE,STK,3744,INE686Y01026,FINEORG,EQ,,,,,FINE ORGANIC IND. LTD.,5131.00,5300.00,5121.50,5210.00,5219.50,5131.00,,5209.67,,,27037,140938628.00,8361,F1,1,,,,,
2026-10-05,2026-10-05,CM,NSE,STK,6198,INE045J01034,FCL,EQ,,,,,FINEOTEX CHEMICAL LIMITED,55.68,55.85,53.21,54.03,54.25,55.72,,54.03,,,18407766,999587631.80,62056,F1,1,,,,,
2026-10-05,2026-10-05,CM,NSE,STK,759239,INE734I01027,FINKURVE,EQ,,,,,FINKURVE FINANCIAL SERV L,70.50,71.99,68.05,68.51,68.90,70.53,,68.54,,,12875,892739.84,377,F1,1,,,,,
2026-10-05,2026-10-05,CM,NSE,STK,6579,INE02NC01014,FINOPB,EQ,,,,,FINO PAYMENTS BANK LTD,130.75,130.90,127.20,128.50,129.50,128.22,,128.50,,,140754,18103683.00,1932,F1,1,,,,,
2026-10-05,2026-10-05,CM,NSE,STK,1038,INE235A01022,FINCABLES,EQ,,,,,FINOLEX CABLES LTD,1458.80,1496.10,1454.00,1467.30,1464.10,1458.80,,1467.28,,,499455,736352407.50,38034,F1,1,,,,,
2026-10-05,2026-10-05,CM,NSE,STK,1041,INE183A01024,FINPIPE,EQ,,,,,FINOLEX INDUSTRIES LTD,150.98,151.56,148.10,149.31,149.00,150.49,,149.34,,,284792,42531163.00,11652,F1,1,,,,,
2026-10-05,2026-10-05,CM,NSE,STK,14304,INE684F01012,FSL,EQ,,,,,FIRSTSOURCE SOLU. LTD.,254.55,259.35,252.10,257.40,259.00,250.40,,257.40,,,885378,226218948.95,20380,F1,1,,,,,
2026-10-05,2026-10-05,CM,NSE,STK,757658,INE771F01041,FISCHER,EQ,,,,,FISCHER MEDICAL VENTURE L,33.50,33.83,32.66,32.80,32.85,33.46,,32.80,,,335833,11092648.04,1421,F1,1,,,,,
2026-10-05,2026-10-05,CM,NSE,STK,12032,INE128S01021,FIVESTAR,EQ,,,,,FIVE-STAR BUS FIN LTD,506.90,521.05,505.80,519.10,519.80,506.25,,519.11,,,510918,263111745.25,37711,F1,1,,,,,
2026-10-05,2026-10-05,CM,NSE,STK,20372,INE00Y201027,FLAIR,EQ,,,,,FLAIR WRITING INDUST LTD,229.80,230.16,225.06,226.43,225.10,226.57,,226.42,,,42988,9762004.12,1468,F1,1,,,,,
2026-10-05,2026-10-05,CM,NSE,STK,25516,INE060J01017,FLEXITUFF,BE,,,,,FLEXITUFF VENTURES INT L,3.03,3.08,3.03,3.07,3.07,3.02,,3.09,,,6245,19159.35,29,F1,1,,,,,
2026-10-05,2026-10-05,CM,NSE,STK,758208,INE0VCK01011,FLYSBS,SM,,,,,FLYSBS AVIATION LIMITED,609.00,641.00,606.00,626.05,617.00,605.95,,626.05,,,90400,56188850.00,218,F1,200,,,,,
2026-10-05,2026-10-05,CM,NSE,STK,760331,INE0SQZ01015,FWSTC,SM,,,,,FLYWINGS SIMULAT T C LTD,195.00,201.50,186.45,201.00,201.00,197.65,,201.00,,,30600,5843820.00,23,F1,600,,,,,
2026-10-05,2026-10-05,CM,NSE,STK,6836,INE593W01028,FOCUS,EQ,,,,,FOCUS LIGHTG & FIXTRS LTD,55.00,56.89,54.70,54.80,54.80,54.30,,54.80,,,52696,2930476.27,578,F1,1,,,,,
2026-10-05,2026-10-05,CM,NSE,STK,22520,INE0Q4701019,FONEBOX,ST,,,,,FONEBOX RETAIL LIMITED,130.35,130.35,130.35,130.35,130.35,137.20,,130.35,,,5000,651750.00,5,F1,1000,,,,,
2026-10-05,2026-10-05,CM,NSE,STK,6673,INE976E01023,FOODSIN,EQ,,,,,FOODS & INNS LIMITED,49.98,50.87,49.39,49.68,49.41,49.39,,49.68,,,35389,1764137.59,527,F1,1,,,,,
2026-10-05,2026-10-05,CM,NSE,STK,24917,INE0U2501017,FORCAS,ST,,,,,FORCAS STUDIO LIMITED,247.95,247.95,245.95,245.95,245.95,240.00,,245.95,,,4800,1183760.00,2,F1,1600,,,,,
2026-10-05,2026-10-05,CM,NSE,STK,11573,INE451A01017,FORCEMOT,EQ,,,,,FORCE MOTORS LIMITED,16945.00,16980.00,16520.00,16650.00,16650.00,16800.00,,16639.10,,,62662,1045968266.00,20002,F1,1,,,,,
2026-10-05,2026-10-05,CM,NSE,STK,25664,INE0YKW01013,FORGEAUTO,SM,,,,,FORGE AUTO INTERNATION L,99.05,99.05,99.05,99.05,99.05,99.05,,99.05,,,4800,475440.00,3,F1,1200,,,,,
2026-10-05,2026-10-05,CM,NSE,STK,14592,INE061F01013,FORTIS,EQ,,,,,FORTIS HEALTHCARE LTD,784.95,785.75,763.80,763.80,763.80,785.00,,763.81,,,2115546,1635595410.80,70201,F1,1,,,,,
2026-10-05,2026-10-05,CM,NSE,STK,1073,INE519A01011,FOSECOIND,EQ,,,,,FOSECO INDIA LTD,6430.00,6433.00,6250.50,6300.50,6272.00,6382.50,,6297.49,,,8268,52270686.00,1914,F1,1,,,,,
2026-10-05,2026-10-05,CM,NSE,STK,760961,INE212S01015,FRACTAL,EQ,,,,,FRACTAL ANALYTICS LIMITED,728.70,746.05,718.70,725.05,730.00,727.35,,725.08,,,235158,171541899.55,18032,F1,1,,,,,
2026-10-05,2026-10-05,CM,NSE,STK,18179,INF090I01VX3,FICRF3GP,MF,,,,,FRANTEMAMC - FICRF3GP,468.18,468.18,468.18,468.18,468.18,468.18,,468.18,,,2,936.36,2,F1,1,,,,,
2026-10-05,2026-10-05,CM,NSE,STK,764683,INE194R01017,FREDUN,EQ,,,,,FREDUN PHARMACEUTICALS L,1358.00,1398.00,1322.10,1363.20,1360.00,1355.20,,1363.32,,,72372,97685476.80,7332,F1,1,,,,,
2026-10-05,2026-10-05,CM,NSE,STK,25871,INE0SFW01015,FRESHARA,ST,,,,,FRESHARA AGRO EXPORTS LTD,392.00,407.85,384.20,398.95,398.95,403.05,,398.95,,,19800,7745820.00,32,F1,600,,,,,
2026-10-05,2026-10-05,CM,NSE,STK,11501,INE385O01018,FROG,SM,,,,,FROG INNOVATIONS LIMITED,263.80,269.95,254.40,258.60,261.25,253.35,,258.60,,,29200,7623900.00,66,F1,400,,,,,
2026-10-05,2026-10-05,CM,NSE,STK,762685,INE572D01014,FRONTSP,EQ,,,,,FRONTIER SPRINGS LTD.,1425.00,1460.00,1361.00,1387.40,1382.00,1415.60,,1387.35,,,15592,21633443.30,1904,F1,1,,,,,
2026-10-05,2026-10-05,CM,NSE,STK,6545,INE388Y01029,NYKAA,EQ,,,,,FSN E COMMERCE VENTURES,335.00,344.55,335.00,339.55,339.55,324.95,,339.55,,,19341790,6576033728.55,249854,F1,1,,,,,
2026-10-05,2026-10-05,CM,NSE,STK,759876,INE12UR01024,UTLSOLAR,EQ,,,,,FUJIYAMA POWER SYSTEMS L,401.65,420.95,392.60,412.15,412.50,401.65,,412.14,,,326293,134357848.10,18667,F1,1,,,,,
2026-10-05,2026-10-05,CM,NSE,STK,11932,INE139R01012,FUSION,EQ,,,,,FUSION FINANCE LIMITED,174.10,177.24,166.15,167.63,167.00,171.36,,167.62,,,704680,119963651.89,10273,F1,1,,,,,
2026-10-05,2026-10-05,CM,NSE,STK,14868,INE452O01016,FLFL,BZ,,,,,FUT LIFESTYLE FASH LTD,1.11,1.12,1.06,1.06,1.06,1.11,,1.06,,,94223,101517.44,115,F1,1,,,,,
2026-10-05,2026-10-05,CM,NSE,STK,13812,INE623B01027,FEL,BZ,,,,,FUTURE ENTERPRISES LTD,0.40,0.40,0.38,0.38,0.39,0.39,,0.38,,,168383,65849.45,134,F1,1,,,,,
2026-10-05,2026-10-05,CM,NSE,STK,30491,IN9623B01058,FELDVR,BZ,,,,,FUTURE ENTERPRISES LTD,2.07,2.09,1.93,2.04,2.04,2.03,,2.00,,,5236,10367.66,30,F1,1,,,,,
2026-10-05,2026-10-05,CM,NSE,STK,21017,INE360L01017,FMNL,EQ,,,,,FUTURE MKT NETWORKS LTD,8.08,8.29,7.76,7.98,7.95,8.08,,7.98,,,27663,219558.87,318,F1,1,,,,,
2026-10-05,2026-10-05,CM,NSE,STK,1168,INE075D01018,GMBREW,EQ,,,,,G M BREWERIES LTD,964.00,972.00,946.00,947.90,946.00,952.00,,947.92,,,74566,71165575.65,4158,F1,1,,,,,
2026-10-05,2026-10-05,CM,NSE,STK,5054,INE201P01022,GRINFRA,EQ,,,,,G R INFRAPROJECTS LIMITED,790.20,804.95,780.30,789.45,789.90,790.20,,789.93,,,17050,13489674.50,1795,F1,1,,,,,
2026-10-05,2026-10-05,CM,NSE,STK,1129,INE586X01012,GTECJAINX,EQ,,,,,G-TEC JAINX EDUCATION LTD,37.67,37.67,37.67,37.67,37.67,35.88,,37.67,,,16385,617222.95,47,F1,1,,,,,
2026-10-05,2026-10-05,CM,NSE,STK,1085,INE524A01029,GABRIEL,EQ,,,,,GABRIEL INDIA LTD,1315.00,1332.60,1297.70,1303.60,1305.50,1315.00,,1303.65,,,173231,227087404.60,24653,F1,1,,,,,
2026-10-05,2026-10-05,CM,NSE,STK,18018,INE224E01028,GATECH,BE,,,,,GACM TECHNOLOGIES LIMITED,0.65,0.68,0.62,0.68,0.68,0.65,,0.68,,,15264745,10073720.12,4795,F1,1,,,,,
2026-10-05,2026-10-05,CM,NSE,STK,27,INE224E01036,GATECHDVR,BE,,,,,GACM TECHNOLOGIES LIMITED,0.48,0.48,0.47,0.47,0.48,0.46,,0.47,,,173266,82177.85,152,F1,1,,,,,
2026-10-05,2026-10-05,CM,NSE,STK,4717,INE129A01019,GAIL,EQ,,,,,GAIL (INDIA) LTD,171.62,173.60,166.44,167.50,167.50,171.22,,167.50,,,9655433,1635066180.26,65202,F1,1,,,,,
2026-10-05,2026-10-05,CM,NSE,STK,765396,INE18UN01038,GAJA,EQ,,,,,GAJA ALT ASSET MGT LTD,136.58,140.00,134.01,135.87,135.10,135.27,,135.84,,,221532,30139017.98,3727,F1,1,,,,,
2026-10-05,2026-10-05,CM,NSE,STK,25244,INE0QTE01018,GAJANAND,SM,,,,,GAJANAND INTERNATIONAL L,7.20,7.20,7.20,7.20,7.20,7.30,,7.20,,,3000,21600.00,1,F1,3000,,,,,
2026-10-05,2026-10-05,CM,NSE,STK,25134,INE0RE001014,GALAPREC,EQ,,,,,GALA PRECISION ENG LTD,1185.00,1200.00,1150.00,1160.10,1152.50,1157.80,,1160.18,,,29427,34491237.70,3746,F1,1,,,,,
2026-10-05,2026-10-05,CM,NSE,STK,1315,INE600K01018,GALAXYSURF,EQ,,,,,GALAXY SURFACTANTS LTD,2375.00,2449.00,2324.00,2335.00,2339.80,2376.90,,2334.94,,,47936,113862788.10,9588,F1,1,,,,,
2026-10-05,2026-10-05,CM,NSE,STK,13337,INE297H01019,GALLANTT,EQ,,,,,GALLANTT ISPAT LIMITED,530.15,533.45,521.00,522.90,522.20,530.15,,522.96,,,31526,16592344.55,2592,F1,1,,,,,
2026-10-05,2026-10-05,CM,NSE,STK,20303,INE717W01049,GANDHAR,EQ,,,,,GANDHAR OIL REFINE IND L,283.30,287.50,275.90,278.55,278.00,282.60,,278.49,,,674552,189848410.35,15566,F1,1,,,,,
2026-10-05,2026-10-05,CM,NSE,STK,14116,INE524B01027,GANDHITUBE,EQ,,,,,GANDHI SPL. TUBES LTD,988.05,1005.00,967.60,993.70,998.00,975.55,,993.57,,,16367,16194258.10,1695,F1,1,,,,,
2026-10-05,2026-10-05,CM,NSE,STK,5617,INE388A01029,GANESHBE,BE,,,,,GANESH BENZOPLAST LIMITED,118.18,118.18,118.18,118.18,118.18,124.40,,118.14,,,29610,3499309.80,155,F1,1,,,,,
2026-10-05,2026-10-05,CM,NSE,STK,759012,INE652V01016,GANESHCP,EQ,,,,,GANESH CONSUMER PRODUCT L,151.98,153.48,146.86,147.51,147.40,148.85,,147.52,,,66650,9875627.25,1857,F1,1,,,,,
2026-10-05,2026-10-05,CM,NSE,STK,24439,INE0R8C01018,GGBL,SM,,,,,GANESH GREEN BHARAT LTD,220.05,224.90,216.95,218.00,218.00,217.45,,218.00,,,13800,3045600.00,43,F1,300,,,,,
2026-10-05,2026-10-05,CM,NSE,STK,14339,INE460C01014,GANESHHOU,EQ,,,,,GANESH HOUSING LIMITED,700.00,719.40,693.00,701.85,703.00,699.10,,701.86,,,18915,13238675.60,1362,F1,1,,,,,
2026-10-05,2026-10-05,CM,NSE,STK,27339,INE0TVT01024,GANESHIN,SM,,,,,GANESH INFRAWORLD LIMITED,88.30,88.95,84.40,86.10,86.30,86.65,,86.10,,,28800,2484360.00,31,F1,800,,,,,
2026-10-05,2026-10-05,CM,NSE,STK,6944,INE845D01014,GANECOS,EQ,,,,,GANESHA ECOSPHERE LIMITED,976.30,994.80,959.50,966.60,965.00,976.20,,966.61,,,44995,43733093.50,3567,F1,1,,,,,
2026-10-05,2026-10-05,CM,NSE,STK,757525,INE0ZI101018,GANGABATH,SM,,,,,GANGA BATH FITTINGS LTD,22.65,22.65,21.20,21.30,21.50,21.95,,21.30,,,51000,1108200.00,16,F1,3000,,,,,
2026-10-05,2026-10-05,CM,NSE,STK,4957,INE691Z01023,GANGAFORGE,EQ,,,,,GANGA FORGING LIMITED,1.48,1.51,1.42,1.46,1.48,1.48,,1.46,,,1264085,1859657.13,912,F1,1,,,,,
2026-10-05,2026-10-05,CM,NSE,STK,21399,INE335W01016,GANGESSECU,EQ,,,,,GANGES SECURITIES LIMITED,115.69,115.69,112.42,112.86,112.42,113.99,,112.86,,,1102,124739.94,22,F1,1,,,,,
2026-10-05,2026-10-05,CM,NSE,STK,5475,INE382Z01011,GRSE,EQ,,,,,GARDEN REACH SHIP&ENG LTD,2122.00,2158.80,2103.50,2110.40,2109.10,2111.10,,2110.41,,,365792,777901595.00,30227,F1,1,,,,,
2026-10-05,2026-10-05,CM,NSE,STK,25800,INE0JVO01026,GARUDA,EQ,,,,,GARUDA CONSTRUCT N ENG L,173.70,174.35,170.07,171.10,170.81,172.18,,171.11,,,243120,41781974.97,4630,F1,1,,,,,
2026-10-05,2026-10-05,CM,NSE,STK,7982,INE291A01017,GRWRHITECH,EQ,,,,,GARWARE HI-TECH FILMS LTD,6925.00,6960.00,6670.00,6725.50,6733.50,6925.50,,6725.52,,,48501,328008281.00,9737,F1,1,,,,,
2026-10-05,2026-10-05,CM,NSE,STK,1100,INE276A01018,GARFIBRES,EQ,,,,,GARWARE TECH FIBRES LTD,768.40,780.10,763.10,770.60,770.00,768.40,,770.60,,,22696,17524494.00,2586,F1,1,,,,,
2026-10-05,2026-10-05,CM,NSE,STK,8510,INE079J01017,GATEWAY,EQ,,,,,GATEWAY DISTRIPARKS LTD,51.99,52.77,51.10,51.49,51.50,51.88,,51.49,,,567102,29245409.32,6363,F1,1,,,,,
2026-10-05,2026-10-05,CM,NSE,STK,760178,INE0P8B01020,GAUDIUMIVF,EQ,,,,,GAUDIUM IVF N WOMEN H L,109.44,111.81,101.36,103.25,103.90,109.48,,103.21,,,681749,71192799.56,7729,F1,1,,,,,
2026-10-05,2026-10-05,CM,NSE,STK,3693,INE287Z01012,GAYAHWS,EQ,,,,,GAYATRI HIGHWAYS LIMITED,1.75,1.80,1.72,1.72,1.72,1.72,,1.72,,,80523,140813.60,283,F1,1,,,,,
2026-10-05,2026-10-05,CM,NSE,STK,25023,INE336H01023,GAYAPROJ,EQ,,,,,GAYATRI PROJECTS LTD,22.44,22.87,21.32,21.45,21.36,22.44,,21.45,,,637704,13829709.41,2624,F1,1,,,,,
2026-10-05,2026-10-05,CM,NSE,STK,14052,INE0LVM01018,GRCL,SM,,,,,GAYATRI RUBB AND CHEM LTD,574.00,574.00,571.15,571.15,571.15,574.00,,571.15,,,500,286287.50,2,F1,250,,,,,
2026-10-05,2026-10-05,CM,NSE,STK,7862,INE878A01011,GVPIL,EQ,,,,,GE POWER INDIA LIMITED,699.80,713.00,690.00,704.35,705.05,679.50,,704.35,,,239782,168616185.40,11090,F1,1,,,,,
2026-10-05,2026-10-05,CM,NSE,STK,16783,INE200A01026,GVT&D,EQ,,,,,GE VERNOVA T&D INDIA LTD,4325.00,4337.90,4185.00,4247.50,4247.50,4253.20,,4247.47,,,454653,1929619681.50,47691,F1,1,,,,,
2026-10-05,2026-10-05,CM,NSE,STK,13658,INE916G01016,GEECEE,EQ,,,,,GEECEE VENTURES LIMITED,373.30,385.00,365.20,365.90,365.20,373.30,,365.90,,,1069,395961.80,60,F1,1,,,,,
2026-10-05,2026-10-05,CM,NSE,STK,17922,INE669X01032,GEEKAYWIRE,EQ,,,,,GEEKAY WIRES LIMITED,29.50,31.90,29.50,31.42,31.10,29.21,,31.42,,,90038,2772830.70,754,F1,1,,,,,
2026-10-05,2026-10-05,CM,NSE,STK,759461,INE06XZ01023,GEMAROMA,EQ,,,,,GEM AROMATICS LIMITED,156.85,156.85,152.00,152.61,152.01,155.28,,152.52,,,29191,4474585.44,913,F1,1,,,,,
2026-10-05,2026-10-05,CM,NSE,STK,277,INE481Y01014,GICRE,EQ,,,,,GENERAL INS CORP OF INDIA,324.00,324.90,314.70,319.10,319.60,323.90,,319.10,,,870442,277414024.95,36484,F1,1,,,,,
2026-10-05,2026-10-05,CM,NSE,STK,2188,INE854S01022,GENCON,EQ,,,,,GENERIC ENG CONS PROJ LTD,40.15,41.19,38.60,38.73,38.60,40.75,,38.73,,,439739,17405720.43,1699,F1,1,,,,,
2026-10-05,2026-10-05,CM,NSE,STK,10905,INE727B01026,GENESYS,EQ,,,,,GENESYS INTL CORPN LTD,282.00,299.20,282.00,287.40,286.00,281.35,,287.44,,,862980,251140901.95,17553,F1,1,,,,,
2026-10-05,2026-10-05,CM,NSE,STK,758842,INE06H201014,GENSOL,BZ,,,,,GENSOL ENGINEERING LTD,14.30,14.30,13.00,13.00,13.00,13.68,,13.04,,,225541,2988125.06,1034,F1,1,,,,,
2026-10-05,2026-10-05,CM,NSE,STK,6600,INE949P01018,GENUSPAPER,EQ,,,,,GENUS P&B LIMITED,10.60,10.60,10.29,10.36,10.43,10.53,,10.36,,,47875,496616.33,238,F1,1,,,,,
2026-10-05,2026-10-05,CM,NSE,STK,11905,INE955D01029,GENUSPOWER,EQ,,,,,GENUS POWER INFRASTRU LTD,282.00,286.00,277.05,280.25,280.50,280.00,,280.25,,,824365,231523696.55,18729,F1,1,,,,,
2026-10-05,2026-10-05,CM,NSE,STK,31942,INE1W0N01014,GENXAI,SM,,,,,GENXAI ANALYTICS LIMITED,85.00,85.00,79.80,83.20,82.95,85.90,,83.20,,,84000,6895680.00,60,F1,1200,,,,,
2026-10-05,2026-10-05,CM,NSE,STK,11896,INE007B01023,GEOJITFSL,EQ,,,,,GEOJIT FINANCIAL SER L,75.75,77.20,75.16,76.59,76.67,75.70,,76.59,,,199514,15243583.34,3597,F1,1,,,,,
2026-10-05,2026-10-05,CM,NSE,STK,766366,INE0D4501011,GERMAN,EQ,,,,,GERMAN GREEN STEEL N PW L,142.00,142.81,125.50,128.33,128.14,139.00,,128.32,,,26790268,3637233976.02,185971,F1,1,,,,,
2026-10-05,2026-10-05,CM,NSE,STK,1289,INE538A01037,GFLLIMITED,EQ,,,,,GFL LIMITED,55.23,56.25,54.51,54.89,55.08,55.23,,54.89,,,50355,2790053.73,2481,F1,1,,,,,
2026-10-05,2026-10-05,CM,NSE,STK,1127,INE539A01019,GHCL,EQ,,,,,GHCL LIMITED,409.75,409.75,399.10,402.00,402.05,401.75,,402.00,,,68956,27690866.75,3708,F1,1,,,,,
2026-10-05,2026-10-05,CM,NSE,STK,16696,INE0PA801013,GHCLTEXTIL,EQ,,,,,GHCL TEXTILES LIMITED,131.85,133.00,126.93,129.53,129.92,129.22,,129.53,,,218382,28213754.90,5822,F1,1,,,,,
2026-10-05,2026-10-05,CM,NSE,STK,1139,INE289B01019,GICHSGFIN,EQ,,,,,GIC HOUSING FINANCE LTD,132.32,134.77,131.54,132.32,132.10,132.88,,132.32,,,44376,5886390.70,1534,F1,1,,,,,
2026-10-05,2026-10-05,CM,NSE,STK,17839,INE047B01011,GILLANDERS,EQ,,,,,GILLANDERS ARBUTHNOT LTD,110.00,118.59,110.00,115.73,115.20,112.72,,115.66,,,23286,2692535.08,394,F1,1,,,,,
2026-10-05,2026-10-05,CM,NSE,STK,1576,INE322A01010,GILLETTE,EQ,,,,,GILLETTE INDIA LTD,6902.00,7025.00,6862.00,6979.00,7012.00,6899.00,,6979.51,,,20086,139537122.50,5122,F1,1,,,,,
2026-10-05,2026-10-05,CM,NSE,STK,9294,INE424C01010,GINNIFILA,BE,,,,,GINNIFILAMENTS LTD.,40.08,40.74,39.80,39.80,39.80,40.08,,39.80,,,8929,357324.70,70,F1,1,,,,,
2026-10-05,2026-10-05,CM,NSE,STK,2365,INE614Z01017,GIRIRAJ,SM,,,,,GIRIRAJ CIVIL DEVP LTD,65.90,65.90,59.70,60.50,60.50,62.80,,60.50,,,16500,1006937.50,44,F1,250,,,,,
2026-10-05,2026-10-05,CM,NSE,STK,759048,INE1AG301022,GKENERGY,EQ,,,,,GK ENERGY LIMITED,115.87,117.99,111.81,112.29,112.45,114.76,,112.29,,,361684,41150001.49,5000,F1,1,,,,,
2026-10-05,2026-10-05,CM,NSE,STK,764688,INE265D01015,GKB,EQ,,,,,GKB OPHTHALMICS LTD.,64.36,67.00,61.00,62.96,61.60,64.36,,62.87,,,13417,858807.11,96,F1,1,,,,,
2026-10-05,2026-10-05,CM,NSE,STK,17357,INE528A01020,GKWLIMITED,EQ,,,,,GKW LIMITED,1559.00,1559.00,1520.00,1549.50,1556.80,1530.00,,1549.50,,,7919,12266975.00,89,F1,1,,,,,
2026-10-05,2026-10-05,CM,NSE,STK,1186,INE068V01023,GLAND,EQ,,,,,GLAND PHARMA LIMITED,2890.00,2920.00,2863.10,2911.50,2900.10,2874.40,,2911.58,,,248980,721167255.30,38827,F1,1,,,,,
2026-10-05,2026-10-05,CM,NSE,STK,766005,INE644Q01039,GLASSWALL,EQ,,,,,GLASS WALL SYSTEM (I) LTD,270.70,273.35,251.35,254.70,254.30,270.40,,254.71,,,5836047,1525889222.85,64405,F1,1,,,,,
2026-10-05,2026-10-05,CM,NSE,STK,1153,INE159A01016,GLAXO,EQ,,,,,GLAXOSMITHKLINE PHARMA LT,2771.10,2785.30,2710.10,2732.80,2734.00,2771.10,,2732.88,,,24366,66861282.10,6355,F1,1,,,,,
2026-10-05,2026-10-05,CM,NSE,STK,7406,INE935A01035,GLENMARK,EQ,,,,,GLENMARK PHARMACEUTICALS,2325.00,2340.50,2273.50,2295.00,2295.00,2331.00,,2294.99,,,490378,1125785455.30,43734,F1,1,,,,,
2026-10-05,2026-10-05,CM,NSE,STK,1415,INE291W01037,GLOBAL,EQ,,,,,GLOBAL EDUCATION LIMITED,138.00,141.00,136.52,139.10,140.00,136.51,,139.10,,,233073,32341994.91,3105,F1,1,,,,,
2026-10-05,2026-10-05,CM,NSE,STK,11956,INE474Q01031,MEDANTA,EQ,,,,,GLOBAL HEALTH LIMITED,1362.00,1369.10,1321.40,1332.60,1340.00,1357.30,,1332.57,,,224984,300089228.10,35643,F1,1,,,,,
2026-10-05,2026-10-05,CM,NSE,STK,17167,INE0PS501019,GLOBALPET,SM,,,,,GLOBAL PET INDUSTRIES LTD,170.25,177.85,169.55,176.20,177.85,178.45,,176.20,,,15750,2759925.00,19,F1,750,,,,,
2026-10-05,2026-10-05,CM,NSE,STK,14599,INE0JSX01015,GSLSU,EQ,,,,,GLOBAL SURFACES LIMITED,29.53,30.00,29.10,29.20,29.25,29.96,,29.19,,,51924,1533863.91,403,F1,1,,,,,
2026-10-05,2026-10-05,CM,NSE,STK,13735,INE792H01019,GLOBALVECT,EQ,,,,,GLOBAL VEC HELICORP LTD,131.10,134.80,128.32,132.08,133.35,131.04,,132.06,,,2330,305442.32,172,F1,1,,,,,
2026-10-05,2026-10-05,CM,NSE,STK,24932,INE0URU01010,GLOBALE,EQ,,,,,GLOBALE TESSILE LIMITED,10.72,10.72,10.08,10.30,10.30,10.57,,10.24,,,1175,12077.13,23,F1,1,,,,,
2026-10-05,2026-10-05,CM,NSE,STK,758572,INE0V3U01015,GLOBECIVIL,EQ,,,,,GLOBE CIVIL PROJECTS LTD,41.49,42.99,40.51,41.23,41.50,41.49,,41.12,,,17671,727333.61,278,F1,1,,,,,
2026-10-05,2026-10-05,CM,NSE,STK,393,INE581X01021,GLOBE,EQ,,,,,GLOBE ENTERPRISE (I) LTD,2.14,2.18,2.07,2.07,2.07,2.11,,2.07,,,229683,487654.78,288,F1,1,,,,,
2026-10-05,2026-10-05,CM,NSE,STK,761021,INE947T01022,GICL,BE,,,,,GLOBE INTL CARRIERS LTD,22.42,22.42,21.16,21.26,21.16,22.27,,21.26,,,94651,2053725.12,113,F1,1,,,,,
2026-10-05,2026-10-05,CM,NSE,STK,9764,INE00WS01056,GSTL,SM,,,,,GLOBESECURE TECHNO LTD,10.40,10.45,10.40,10.45,10.45,10.85,,10.45,,,2000,20850.00,2,F1,1000,,,,,
2026-10-05,2026-10-05,CM,NSE,STK,17424,INE615I01010,GLOBUSSPR,EQ,,,,,GLOBUS SPIRITS LTD,788.10,798.10,785.00,789.85,790.00,786.90,,789.85,,,44600,35208532.55,2740,F1,1,,,,,
2026-10-05,2026-10-05,CM,NSE,STK,23590,INE350Z01018,GLOSTERLTD,EQ,,,,,GLOSTER LIMITED,539.00,546.00,539.00,542.50,541.00,539.00,,542.50,,,270,146292.25,38,F1,1,,,,,
2026-10-05,2026-10-05,CM,NSE,STK,760116,INE0TQE01026,GLOTTIS,EQ,,,,,GLOTTIS LIMITED,59.00,59.62,56.00,56.72,57.18,58.41,,56.73,,,72527,4201231.35,1523,F1,1,,,,,
2026-10-05,2026-10-05,CM,NSE,STK,1570,INE541A01023,GMMPFAUDLR,EQ,,,,,GMM PFAUDLER LIMITED,1440.00,1465.30,1381.00,1386.60,1390.00,1443.40,,1386.56,,,199853,282788602.40,21233,F1,1,,,,,
2026-10-05,2026-10-05,CM,NSE,STK,13528,INE776C01039,GMRAIRPORT,EQ,,,,,GMR AIRPORTS LIMITED,93.16,93.54,91.23,92.79,92.79,93.16,,92.79,,,18285663,1687557264.36,41657,F1,1,,,,,
2026-10-05,2026-10-05,CM,NSE,STK,8529,INE0CU601026,GMRP&UI,EQ,,,,,GMR POW AND URBAN INFRA L,102.55,103.49,100.60,100.85,100.80,101.87,,100.85,,,1003861,102316376.16,13501,F1,1,,,,,
2026-10-05,2026-10-05,CM,NSE,STK,18571,INE934S01014,GNA,EQ,,,,,GNA AXLES LIMITED,588.50,591.80,575.65,585.05,585.00,580.70,,585.03,,,234451,136807786.95,9392,F1,1,,,,,
2026-10-05,2026-10-05,CM,NSE,STK,757862,INE18JU01028,EBGNG,EQ,,,,,GNG ELECTRONICS LIMITED,710.00,718.70,690.00,695.45,695.00,704.70,,695.49,,,531082,373654438.65,32413,F1,1,,,,,
2026-10-05,2026-10-05,CM,NSE,STK,23799,INE03JT01014,GODIGIT,EQ,,,,,GO DIGIT GENERAL INS LTD,256.30,257.95,252.60,256.05,257.40,256.30,,256.01,,,228010,58132736.75,13513,F1,1,,,,,
2026-10-05,2026-10-05,CM,NSE,STK,6964,INE0BJS01011,GOCOLORS,EQ,,,,,GO FASHION INDIA LTD,296.00,300.00,290.10,292.80,291.90,294.95,,292.79,,,52090,15344088.75,3340,F1,1,,,,,
2026-10-05,2026-10-05,CM,NSE,STK,14687,INE426D01013,GOACARBON,EQ,,,,,GOA CARBON LIMITED,410.00,410.25,397.00,403.25,405.00,402.90,,403.28,,,28611,11519055.05,1351,F1,1,,,,,
2026-10-05,2026-10-05,CM,NSE,STK,3963,INE077F01035,GOCLCORP,EQ,,,,,GOCL CORPORATION LIMITED,357.00,357.00,343.50,347.70,345.35,351.65,,347.60,,,57133,19967879.45,3570,F1,1,,,,,
2026-10-05,2026-10-05,CM,NSE,STK,25941,INE497S01012,GODAVARIB,EQ,,,,,GODAVARI BIOREFINERIES L,229.30,234.29,224.10,224.91,224.25,227.18,,225.01,,,66276,15063729.19,1726,F1,1,,,,,
2026-10-05,2026-10-05,CM,NSE,STK,13409,INE177H01039,GPIL,EQ,,,,,GODAWARI POW & ISP LTD,215.66,218.80,210.42,211.32,211.05,215.67,,211.32,,,1339172,285177135.23,24216,F1,1,,,,,
2026-10-05,2026-10-05,CM,NSE,STK,1181,INE260B01028,GODFRYPHLP,EQ,,,,,GODFREY PHILLIPS INDIA LT,1850.00,1894.00,1845.10,1876.00,1876.00,1849.70,,1875.99,,,174573,327037757.00,14550,F1,1,,,,,
2026-10-05,2026-10-05,CM,NSE,STK,144,INE850D01014,GODREJAGRO,EQ,,,,,GODREJ AGROVET LIMITED,633.50,651.45,626.65,640.90,641.50,631.90,,640.93,,,220599,141448567.55,18184,F1,1,,,,,
2026-10-05,2026-10-05,CM,NSE,STK,10099,INE102D01028,GODREJCP,EQ,,,,,GODREJ CONSUMER PRODUCTS,840.00,847.55,832.60,837.00,837.00,840.00,,837.00,,,788467,659679083.20,24282,F1,1,,,,,
2026-10-05,2026-10-05,CM,NSE,STK,10925,INE233A01035,GODREJIND,EQ,,,,,GODREJ INDUSTRIES LTD,1020.00,1046.00,1009.50,1040.20,1040.20,1019.60,,1040.16,,,55338,57144180.40,8208,F1,1,,,,,
2026-10-05,2026-10-05,CM,NSE,STK,17875,INE484J01027,GODREJPROP,EQ,,,,,GODREJ PROPERTIES LTD,1581.00,1616.70,1578.00,1599.90,1599.90,1595.80,,1599.92,,,509332,816021165.60,38808,F1,1,,,,,
2026-10-05,2026-10-05,CM,NSE,STK,765280,IN0020260058,620GS2029,GS,,,,,GOI LOAN   6.20% 2029,98.00,98.00,97.80,97.80,97.80,98.50,,97.80,,,1000,97859.80,5,F1,1,,,,,
2026-10-05,2026-10-05,CM,NSE,STK,765281,IN0020260066,657GS2033A,GS,,,,,GOI LOAN   6.57% 2033,99.00,99.00,99.00,99.00,99.00,99.90,,99.00,,,555,54945.00,1,F1,1,,,,,
2026-10-05,2026-10-05,CM,NSE,STK,28530,IN0020240183,675GS2029,GS,,,,,GOI LOAN   6.75% 2029,101.00,101.00,101.00,101.00,101.00,101.00,,101.00,,,1000,101000.00,2,F1,1,,,,,
2026-10-05,2026-10-05,CM,NSE,STK,28894,IN0020240191,679GS2031,GS,,,,,GOI LOAN   6.79% 2031,100.49,100.49,100.49,100.49,100.49,101.50,,100.49,,,100,10049.00,4,F1,1,,,,,
2026-10-05,2026-10-05,CM,NSE,STK,27127,IN0020240134,692GS2039,GS,,,,,GOI LOAN   6.92% 2039,99.02,99.02,99.00,99.00,99.00,99.00,,99.00,,,100,9900.03,4,F1,1,,,,,
2026-10-05,2026-10-05,CM,NSE,STK,24705,IN0020240100,697GR2034,GS,,,,,GOI LOAN   6.97% 2034,97.00,97.00,97.00,97.00,97.00,97.99,,97.00,,,100,9700.00,1,F1,1,,,,,
2026-10-05,2026-10-05,CM,NSE,STK,27170,IN0020240142,709GS2074,GS,,,,,GOI LOAN   7.09% 2074,94.41,94.88,94.41,94.83,94.83,94.36,,94.65,,,1948,184507.38,7,F1,1,,,,,
2026-10-05,2026-10-05,CM,NSE,STK,6695,IN0020210186,574GS2026,GS,,,,,GOI LOAN  5.74% 2026,99.92,102.20,99.92,101.71,101.71,102.49,,101.71,,,220,22347.41,6,F1,1,,,,,
2026-10-05,2026-10-05,CM,NSE,STK,5012,IN0020210095,610GS2031,GS,,,,,GOI LOAN  6.10% 2031,99.75,99.75,99.75,99.75,99.75,97.13,,99.75,,,1,99.75,1,F1,1,,,,,
2026-10-05,2026-10-05,CM,NSE,STK,761020,IN0020250141,636GS2031,GS,,,,,GOI LOAN  6.36% 2031,99.50,99.50,99.50,99.50,99.50,99.00,,99.50,,,2040,202980.00,1,F1,1,,,,,
2026-10-05,2026-10-05,CM,NSE,STK,759396,IN0020250091,648GS2035,GS,,,,,GOI LOAN  6.48% 2035,95.30,97.15,95.30,97.00,97.00,98.50,,97.00,,,3968,384705.00,10,F1,1,,,,,
2026-10-05,2026-10-05,CM,NSE,STK,765941,IN0020260074,653GS2031,GS,,,,,GOI LOAN  6.53% 2031,99.80,99.80,99.80,99.80,99.80,98.00,,99.80,,,2000,199600.00,2,F1,1,,,,,
2026-10-05,2026-10-05,CM,NSE,STK,7843,IN0020210244,654GS2032,GS,,,,,GOI LOAN  6.54% 2032,99.25,99.25,99.25,99.25,99.25,99.10,,99.25,,,1000,99250.00,1,F1,1,,,,,
2026-10-05,2026-10-05,CM,NSE,STK,956,IN0020200252,667GS2050,GS,,,,,GOI LOAN  6.67% 2050,92.00,92.00,91.90,91.95,91.90,91.25,,91.95,,,2282,209943.90,5,F1,1,,,,,
2026-10-05,2026-10-05,CM,NSE,STK,760623,IN0020250133,668GS2033,GS,,,,,GOI LOAN  6.68% 2033,99.05,99.05,97.30,98.00,98.00,99.00,,98.00,,,2100,206725.00,7,F1,1,,,,,
2026-10-05,2026-10-05,CM,NSE,STK,757847,IN0020250042,668GS2040,GS,,,,,GOI LOAN  6.68% 2040,96.47,98.00,96.00,96.00,96.00,98.00,,96.00,,,120214,11725344.00,6,F1,1,,,,,
2026-10-05,2026-10-05,CM,NSE,STK,2317,IN0020200401,676GS2061,GS,,,,,GOI LOAN  6.76% 2061,89.60,89.60,88.58,89.44,89.45,88.55,,89.44,,,31094,2778092.99,34,F1,1,,,,,
2026-10-05,2026-10-05,CM,NSE,STK,25736,IN0020240126,679GS2034,GS,,,,,GOI LOAN  6.79% 2034,101.50,101.50,101.50,101.50,101.50,101.50,,101.50,,,1350,137025.00,2,F1,1,,,,,
2026-10-05,2026-10-05,CM,NSE,STK,22438,IN0020200187,68GS2060,GS,,,,,GOI LOAN  6.8% 2060,92.20,92.20,91.00,91.20,91.20,91.15,,91.20,,,3572,325934.16,20,F1,1,,,,,
2026-10-05,2026-10-05,CM,NSE,STK,756014,IN0020250018,690GS2065,GS,,,,,GOI LOAN  6.90% 2065,93.54,93.54,92.25,93.23,93.23,92.98,,93.23,,,1922,177794.56,11,F1,1,,,,,
2026-10-05,2026-10-05,CM,NSE,STK,763340,IN0020260025,694GS2036,GS,,,,,GOI LOAN  6.94% 2036,101.23,104.00,101.23,102.26,102.25,101.23,,102.26,,,1610,164760.23,6,F1,1,,,,,
2026-10-05,2026-10-05,CM,NSE,STK,6817,IN0020210202,695GS2061,GS,,,,,GOI LOAN  6.95% 2061,93.00,93.00,91.52,91.52,91.52,92.08,,91.52,,,6,552.09,4,F1,1,,,,,
2026-10-05,2026-10-05,CM,NSE,STK,6696,IN0020210194,699GS2051,GS,,,,,GOI LOAN  6.99% 2051,96.70,96.70,96.70,96.70,96.70,96.00,,96.70,,,772,74652.40,2,F1,1,,,,,
2026-10-05,2026-10-05,CM,NSE,STK,23854,IN0020240043,702GS2027,GS,,,,,GOI LOAN  7.02% 2027,102.32,102.45,102.32,102.45,102.45,102.98,,102.45,,,101,10334.45,2,F1,1,,,,,
2026-10-05,2026-10-05,CM,NSE,STK,23919,IN0020240050,704GS2029,GS,,,,,GOI LOAN  7.04% 2029,102.95,102.95,102.50,102.50,102.50,102.00,,102.50,,,5001,512602.95,5,F1,1,,,,,
2026-10-05,2026-10-05,CM,NSE,STK,764295,IN0020260041,706GS2041,GS,,,,,GOI LOAN  7.06% 2041,99.69,99.69,99.69,99.69,99.69,100.70,,99.69,,,100,9969.00,1,F1,1,,,,,
2026-10-05,2026-10-05,CM,NSE,STK,24949,IN0020240118,709GS2054,GS,,,,,GOI LOAN  7.09% 2054,95.74,95.74,95.00,95.00,95.00,94.50,,95.00,,,5104,486002.48,8,F1,1,,,,,
2026-10-05,2026-10-05,CM,NSE,STK,23463,IN0020240019,71GS2034,GS,,,,,GOI LOAN  7.1% 2034,103.73,103.73,103.38,103.38,103.38,103.18,,103.38,,,11,1137.53,2,F1,1,,,,,
2026-10-05,2026-10-05,CM,NSE,STK,15050,IN0020230036,717GS2030,GS,,,,,GOI LOAN  7.17% 2030,102.26,103.35,102.25,103.35,103.35,103.35,,103.35,,,4300,439815.00,4,F1,1,,,,,
2026-10-05,2026-10-05,CM,NSE,STK,18025,IN0020230085,718GS2033,GS,,,,,GOI LOAN  7.18% 2033,101.20,101.20,101.20,101.20,101.20,101.20,,101.20,,,1,101.20,1,F1,1,,,,,
2026-10-05,2026-10-05,CM,NSE,STK,17398,IN0020230077,718GS2037,GS,,,,,GOI LOAN  7.18% 2037,104.55,104.55,100.82,101.12,101.12,102.00,,102.06,,,509,51336.11,3,F1,1,,,,,
2026-10-05,2026-10-05,CM,NSE,STK,758674,IN0020250075,724GS2055,GS,,,,,GOI LOAN  7.24% 2055,95.15,96.30,95.15,96.00,96.00,95.50,,96.00,,,65201,6256057.51,52,F1,1,,,,,
2026-10-05,2026-10-05,CM,NSE,STK,16733,IN0020230044,725GS2063,GS,,,,,GOI LOAN  7.25% 2063,96.30,97.25,96.11,96.61,96.25,96.04,,96.61,,,113463,10938589.14,80,F1,1,,,,,
2026-10-05,2026-10-05,CM,NSE,STK,10722,IN0020220060,726GS2032,GS,,,,,GOI LOAN  7.26% 2032,100.55,100.80,100.52,100.52,100.52,100.01,,100.52,,,6008,604302.52,9,F1,1,,,,,
2026-10-05,2026-10-05,CM,NSE,STK,14051,IN0020220151,726GS2033,GS,,,,,GOI LOAN  7.26% 2033,100.83,100.83,100.82,100.82,100.82,100.82,,100.36,,,20,2016.41,2,F1,1,,,,,
2026-10-05,2026-10-05,CM,NSE,STK,16865,IN0020230051,73GS2053,GS,,,,,GOI LOAN  7.3% 2053,98.05,98.05,97.30,97.31,97.30,97.42,,97.31,,,8558,834359.84,28,F1,1,,,,,
2026-10-05,2026-10-05,CM,NSE,STK,19685,IN0020230119,733GS2026,GS,,,,,GOI LOAN  7.33% 2026,101.97,103.00,101.97,102.82,102.82,103.00,,102.91,,,501,51472.82,9,F1,1,,,,,
2026-10-05,2026-10-05,CM,NSE,STK,23558,IN0020240035,734GS2064,GS,,,,,GOI LOAN  7.34% 2064,98.90,98.94,98.40,98.65,98.65,98.63,,98.65,,,48101,4743211.16,69,F1,1,,,,,
2026-10-05,2026-10-05,CM,NSE,STK,10931,IN0020220086,736GS2052,GS,,,,,GOI LOAN  7.36% 2052,97.00,98.45,97.00,98.45,98.45,98.00,,98.45,,,136,13244.20,3,F1,1,,,,,
2026-10-05,2026-10-05,CM,NSE,STK,19566,IN0020230101,737GS2028,GS,,,,,GOI LOAN  7.37% 2028,104.00,104.00,104.00,104.00,104.00,104.50,,104.00,,,3000,312000.00,3,F1,1,,,,,
2026-10-05,2026-10-05,CM,NSE,STK,10981,IN0020220094,74GS2062,GS,,,,,GOI LOAN  7.4% 2062,98.90,98.90,98.00,98.00,98.00,98.00,,98.00,,,2869,282446.90,11,F1,1,,,,,
2026-10-05,2026-10-05,CM,NSE,STK,13194,IN0020220102,741GS2036,GS,,,,,GOI LOAN  7.41% 2036,103.00,103.00,102.60,103.00,103.00,103.00,,103.00,,,4263,438877.91,25,F1,1,,,,,
2026-10-05,2026-10-05,CM,NSE,STK,760649,IN0020250117,743GS2076,GS,,,,,GOI LOAN  7.43% 2076,97.60,99.00,97.60,98.30,98.30,98.50,,98.30,,,8465,833294.91,40,F1,1,,,,,
2026-10-05,2026-10-05,CM,NSE,STK,19808,IN0020230127,746GS2073,GS,,,,,GOI LOAN  7.46% 2073,101.99,101.99,101.99,101.99,101.99,99.86,,103.45,,,201,20499.99,2,F1,1,,,,,
2026-10-05,2026-10-05,CM,NSE,STK,763146,IN0020260017,750GS2056,GS,,,,,GOI LOAN  7.50% 2056,101.00,101.00,101.00,101.00,101.00,99.45,,101.00,,,100,10100.00,1,F1,1,,,,,
2026-10-05,2026-10-05,CM,NSE,STK,9585,IN0020220029,754GS2036,GS,,,,,GOI LOAN  7.54% 2036,104.02,104.80,104.02,104.67,104.70,104.66,,104.67,,,400150,41882137.11,136,F1,1,,,,,
2026-10-05,2026-10-05,CM,NSE,STK,766043,IN0020260082,763GS2056,GS,,,,,GOI LOAN  7.63% 2056,100.65,100.65,100.20,100.20,100.20,100.50,,100.20,,,34800,3487620.00,4,F1,1,,,,,
2026-10-05,2026-10-05,CM,NSE,STK,763489,IN0020260033,771GS2066,GS,,,,,GOI LOAN  7.71% 2066,102.50,104.15,102.02,103.29,103.29,103.05,,103.29,,,9109,940430.68,31,F1,1,,,,,
2026-10-05,2026-10-05,CM,NSE,STK,9047,IN0020220011,710GS2029,GS,,,,,GOI LOAN 7.10% 2029,103.00,103.15,103.00,103.15,103.15,103.50,,103.15,,,6125,630895.50,16,F1,1,,,,,
2026-10-05,2026-10-05,CM,NSE,STK,9913,IN0020220037,738GS2027,GS,,,,,GOI LOAN 7.38% 2027,102.79,102.83,102.45,102.81,102.83,102.41,,102.81,,,61762,6342468.96,22,F1,1,,,,,
2026-10-05,2026-10-05,CM,NSE,STK,10046,IN0020190065,757GS2033,GS,,,,,GOI LOAN 7.57% 2033,103.20,103.20,103.20,103.20,103.20,103.70,,103.20,,,8000,825600.00,1,F1,1,,,,,
2026-10-05,2026-10-05,CM,NSE,STK,9538,IN0020190024,762GS2039,GS,,,,,GOI LOAN 7.62% 2039,102.00,102.00,102.00,102.00,102.00,102.00,,102.00,,,1000,102000.00,1,F1,1,,,,,
2026-10-05,2026-10-05,CM,NSE,STK,6884,IN0020060078,824GS2027,GS,,,,,GOI LOAN 8.24%2027,101.31,101.60,101.31,101.60,101.60,103.30,,101.60,,,120,12174.60,3,F1,1,,,,,
2026-10-05,2026-10-05,CM,NSE,STK,7039,IN0020130053,92GS2030,GS,,,,,GOI LOAN 9.20% 2030,109.70,109.70,108.50,108.90,108.90,109.61,,108.90,,,17226,1871952.61,28,F1,1,,,,,
2026-10-05,2026-10-05,CM,NSE,STK,766355,IN002026Y261,182D010427,TB,,,,,GOI TBILL 182D-01/04/27,97.00,97.00,97.00,97.00,97.00,97.12,,96.15,,,1500,145500.00,3,F1,100,,,,,
2026-10-05,2026-10-05,CM,NSE,STK,763373,IN002026Y063,182D121126,TB,,,,,GOI TBILL 182D-12/11/26,98.76,98.76,98.30,98.30,98.30,97.32,,98.30,,,3500,344681.00,6,F1,100,,,,,
2026-10-05,2026-10-05,CM,NSE,STK,759433,IN002025Z286,364D081026,TB,,,,,GOI TBILL 364D-08/10/26,99.85,99.98,99.85,99.91,99.90,99.21,,99.91,,,374600,37405710.00,31,F1,100,,,,,
2026-10-05,2026-10-05,CM,NSE,STK,760391,IN002025Z385,364D171226,TB,,,,,GOI TBILL 364D-17/12/26,98.50,98.50,98.50,98.50,98.50,98.01,,98.50,,,200,19700.00,2,F1,100,,,,,
2026-10-05,2026-10-05,CM,NSE,STK,760030,IN002025Z351,364D261126,TB,,,,,GOI TBILL 364D-26/11/26,99.20,99.20,99.20,99.20,99.20,99.15,,99.20,,,3000,297600.00,1,F1,100,,,,,
2026-10-05,2026-10-05,CM,NSE,STK,765550,IN002026X222,91D031226,TB,,,,,GOI TBILL 91D-03/12/26,98.91,99.50,98.84,98.84,98.84,98.91,,98.84,,,2100,208353.00,3,F1,100,,,,,
2026-10-05,2026-10-05,CM,NSE,STK,764047,IN002026X149,91D081026,TB,,,,,GOI TBILL 91D-08/10/26,99.83,99.83,99.83,99.83,99.83,99.82,,99.83,,,1000,99830.00,1,F1,100,,,,,
2026-10-05,2026-10-05,CM,NSE,STK,764510,IN002026X198,91D121126,TB,,,,,GOI TBILL 91D-12/11/26,99.28,99.50,98.74,99.50,99.50,99.34,,99.50,,,1000,98933.00,5,F1,100,,,,,
2026-10-05,2026-10-05,CM,NSE,STK,11778,INE887G01027,GOKEX,EQ,,,,,GOKALDAS EXPORTS LTD.,688.75,693.80,663.05,672.30,671.60,688.75,,672.29,,,269843,181662998.80,20129,F1,1,,,,,
2026-10-05,2026-10-05,CM,NSE,STK,14480,INE314T01033,GOKULAGRO,EQ,,,,,GOKUL AGRO RESOURCES LTD,210.10,211.89,204.10,205.27,207.29,210.10,,205.27,,,251467,52054179.24,9123,F1,1,,,,,
2026-10-05,2026-10-05,CM,NSE,STK,16705,INE020J01029,GOKUL,EQ,,,,,GOKUL REFOILS & SOLV LTD,39.40,39.70,37.50,37.81,37.60,38.66,,37.81,,,221939,8551597.75,801,F1,1,,,,,
2026-10-05,2026-10-05,CM,NSE,STK,11619,INE973A01010,GOLDENTOBC,BZ,,,,,GOLDEN TOBACCO LIMITED,23.69,23.69,22.51,23.57,23.58,23.69,,23.57,,,3452,80971.73,51,F1,1,,,,,
2026-10-05,2026-10-05,CM,NSE,STK,11971,INE025B01025,GOLDIAM,EQ,,,,,GOLDIAM INTERNATIONAL LTD,313.45,316.80,306.00,310.00,309.40,310.80,,310.00,,,368723,114783353.05,8608,F1,1,,,,,
2026-10-05,2026-10-05,CM,NSE,STK,13616,INE06MH01016,GOLDKART,SM,,,,,GOLDKART JEWELS LIMITED,104.00,104.00,104.00,104.00,104.00,107.00,,104.00,,,625,65000.00,1,F1,625,,,,,
2026-10-05,2026-10-05,CM,NSE,STK,1,INE405Y01021,GOLDSTAR,SM,,,,,GOLDSTAR POWER LIMITED,13.45,13.45,12.25,12.25,12.25,12.85,,12.25,,,652500,8627062.50,50,F1,11250,,,,,
2026-10-05,2026-10-05,CM,NSE,STK,6125,INE127I01024,GOODLUCK,EQ,,,,,GOODLUCK INDIA LIMITED,501.00,501.00,478.80,482.00,480.05,499.35,,482.00,,,467075,226195109.25,18203,F1,1,,,,,
2026-10-05,2026-10-05,CM,NSE,STK,1205,INE533A01012,GOODYEAR,EQ,,,,,GOODYEAR INDIA LIMITED,704.50,704.50,682.00,685.65,689.90,694.30,,686.53,,,6070,4176455.35,822,F1,1,,,,,
2026-10-05,2026-10-05,CM,NSE,STK,23066,INE0L9R01028,GOPAL,EQ,,,,,GOPAL SNACKS LIMITED,254.50,254.65,249.80,253.85,252.00,254.75,,253.86,,,88594,22366474.65,5186,F1,1,,,,,
2026-10-05,2026-10-05,CM,NSE,STK,11787,INE705X01026,GOYALALUM,EQ,,,,,GOYAL ALUMINIUMS LIMITED,5.93,5.97,5.82,5.95,5.85,5.91,,5.94,,,41197,243417.24,425,F1,1,,,,,
2026-10-05,2026-10-05,CM,NSE,STK,19356,INE0QFE01017,GOYALSALT,SM,,,,,GOYAL SALT LIMITED,102.00,102.00,102.00,102.00,102.00,106.00,,102.00,,,600,61200.00,1,F1,600,,,,,
2026-10-05,2026-10-05,CM,NSE,STK,24108,INE0S7E01015,GPECO,SM,,,,,GP ECO SOLUTIONS INDIA L,413.00,438.55,413.00,432.25,428.55,412.00,,432.25,,,30600,13095460.00,124,F1,200,,,,,
2026-10-05,2026-10-05,CM,NSE,STK,11584,INE586G01017,GULFPETRO,BE,,,,,GP PETROLEUMS LIMITED,61.20,63.50,61.20,62.10,62.90,62.45,,62.10,,,95198,5943103.23,322,F1,1,,,,,
2026-10-05,2026-10-05,CM,NSE,STK,22846,INE486R01017,GPTHEALTH,EQ,,,,,GPT HEALTHCARE LIMITED,151.00,154.35,148.80,149.56,148.80,151.47,,149.57,,,65077,9791415.23,1659,F1,1,,,,,
2026-10-05,2026-10-05,CM,NSE,STK,17685,INE390G01014,GPTINFRA,EQ,,,,,GPT INFRAPROJECTS LTD,122.60,122.60,117.80,120.38,120.40,118.66,,120.38,,,470025,56572630.23,6772,F1,1,,,,,
2026-10-05,2026-10-05,CM,NSE,STK,763301,INE361K01017,GRADIENTE,BE,,,,,GRADIENTE INFOTAINMENT L,2.47,2.47,2.42,2.47,2.47,2.36,,2.47,,,982297,2424097.41,267,F1,1,,,,,
2026-10-05,2026-10-05,CM,NSE,STK,30286,INE12E301017,GCHOTELS,SM,,,,,GRAND CONTINENT HOTELS L,117.90,120.00,114.25,118.00,118.00,113.95,,118.00,,,25200,2950170.00,38,F1,600,,,,,
2026-10-05,2026-10-05,CM,NSE,STK,11079,INE534A01028,GFSTEELS,BE,,,,,GRAND FOUNDRY LTD,39.05,39.05,39.05,39.05,39.05,38.29,,36.86,,,175349,6847378.45,81,F1,1,,,,,
2026-10-05,2026-10-05,CM,NSE,STK,762695,INE926B01016,GRANDOAK,EQ,,,,,GRAND OAK CANYONS DIST L,35.99,36.50,34.07,35.93,36.50,34.80,,35.94,,,1908,67977.69,56,F1,1,,,,,
2026-10-05,2026-10-05,CM,NSE,STK,11872,INE101D01020,GRANULES,EQ,,,,,GRANULES INDIA LIMITED,820.95,824.65,800.00,817.25,815.00,821.75,,817.24,,,575094,467034202.50,35621,F1,1,,,,,
2026-10-05,2026-10-05,CM,NSE,STK,20454,INE0POU01017,GRAPHISAD,SM,,,,,GRAPHISADS LIMITED,23.50,24.00,23.50,23.80,23.60,24.60,,23.80,,,9600,226860.00,8,F1,1200,,,,,
2026-10-05,2026-10-05,CM,NSE,STK,592,INE371A01025,GRAPHITE,EQ,,,,,GRAPHITE INDIA LTD,793.05,822.75,791.05,816.40,818.95,786.15,,816.39,,,1578431,1280986858.35,55444,F1,1,,,,,
2026-10-05,2026-10-05,CM,NSE,STK,1232,INE047A01021,GRASIM,EQ,,,,,GRASIM INDUSTRIES LTD,2968.00,3024.00,2961.50,2972.00,2972.00,2962.00,,2972.02,,,263562,785727719.20,25337,F1,1,,,,,
2026-10-05,2026-10-05,CM,NSE,STK,5200,INE266D01021,GRAUWEIL,EQ,,,,,GRAUER & WEIL IND LTD,83.50,84.90,80.31,83.53,84.00,81.80,,83.51,,,466288,38773011.13,5241,F1,1,,,,,
2026-10-05,2026-10-05,CM,NSE,STK,762703,INE214F01026,GRAVISSHO,BE,,,,,GRAVISS HOSPITALITY LTD.,32.32,32.32,30.76,31.67,31.75,32.00,,31.67,,,1401,44837.90,20,F1,1,,,,,
2026-10-05,2026-10-05,CM,NSE,STK,20534,INE024L01027,GRAVITA,EQ,,,,,GRAVITA INDIA LIMITED,1412.60,1440.80,1403.60,1423.50,1427.70,1412.60,,1423.50,,,275082,391627810.70,31494,F1,1,,,,,
2026-10-05,2026-10-05,CM,NSE,STK,1235,INE224A01026,GREAVESCOT,EQ,,,,,GREAVES COTTON LTD.,225.07,228.60,218.79,220.94,220.95,225.98,,220.94,,,1324571,295159619.07,27096,F1,1,,,,,
2026-10-05,2026-10-05,CM,NSE,STK,17092,INE0O7P01015,GREENCHEF,SM,,,,,GREENCHEF APPLIANCES LTD,69.95,69.95,69.95,69.95,69.95,69.95,,69.95,,,800,55960.00,1,F1,800,,,,,
2026-10-05,2026-10-05,CM,NSE,STK,6848,INE544R01021,GREENLAM,EQ,,,,,GREENLAM INDUSTRIES LTD.,214.70,215.50,210.18,211.71,211.00,213.62,,211.69,,,64031,13594764.83,1552,F1,1,,,,,
2026-10-05,2026-10-05,CM,NSE,STK,13810,INE08ZM01014,GREENPANEL,EQ,,,,,GREENPANEL INDUSTRIES LTD,158.40,161.20,156.23,159.06,160.00,158.59,,159.05,,,272774,43385464.30,4376,F1,1,,,,,
2026-10-05,2026-10-05,CM,NSE,STK,3987,INE461C01038,GREENPLY,EQ,,,,,GREENPLY INDUSTRIES LTD,303.70,314.00,303.30,308.45,308.25,303.70,,308.44,,,209748,64986393.70,9240,F1,1,,,,,
2026-10-05,2026-10-05,CM,NSE,STK,758986,INE199P01028,GCSL,EQ,,,,,GRETEX CORPORATE SERVICES,680.25,688.50,674.60,681.75,683.80,679.90,,681.79,,,266383,181170065.10,4863,F1,1,,,,,
2026-10-05,2026-10-05,CM,NSE,STK,23559,INE0PC901019,BIRDYS,SM,,,,,GRILL SPLENDOUR SER LTD,80.00,81.00,80.00,80.50,81.00,83.10,,80.50,,,2400,193200.00,2,F1,1200,,,,,
2026-10-05,2026-10-05,CM,NSE,STK,13560,INE536A01023,GRINDWELL,EQ,,,,,GRINDWELL NORTON LIMITED,1990.00,2023.10,1973.50,2004.20,2010.00,1975.80,,2004.16,,,78949,157733471.00,14222,F1,1,,,,,
2026-10-05,2026-10-05,CM,NSE,STK,10871,INE192H01020,GRMOVER,EQ,,,,,GRM OVERSEAS LIMITED,77.99,79.45,77.38,78.50,78.06,77.87,,78.53,,,1011559,79547269.94,4640,F1,1,,,,,
2026-10-05,2026-10-05,CM,NSE,STK,760971,INE1TY801010,GJL,ST,,,,,GROVER JEWELLS LIMITED,487.00,487.20,485.80,486.90,486.90,464.00,,486.90,,,8000,3893680.00,10,F1,800,,,,,
2026-10-05,2026-10-05,CM,NSE,STK,764285,INF666M01PH7,CEMNTGROWW,EQ,,,,,GROWWAMC - CEMNTGROWW,13.95,13.95,13.38,13.62,13.70,13.60,,13.62,,,46681,635649.89,386,F1,1,,,,,
2026-10-05,2026-10-05,CM,NSE,STK,760051,INF666M01MM4,GROWWCAPM,EQ,,,,,GROWWAMC - GROWWCAPM,10.93,11.34,10.71,10.88,10.91,10.67,,10.88,,,999564,10915342.97,1274,F1,1,,,,,
2026-10-05,2026-10-05,CM,NSE,STK,760673,INF666M01NP5,GROWWCHEM,EQ,,,,,GROWWAMC - GROWWCHEM,28.06,28.50,27.81,28.24,28.47,28.36,,28.24,,,33704,944811.86,434,F1,1,,,,,
2026-10-05,2026-10-05,CM,NSE,STK,25758,INF666M01IO8,GROWWDEFNC,EQ,,,,,GROWWAMC - GROWWDEFNC,92.57,92.57,90.65,91.87,91.90,91.65,,91.87,,,228734,20970072.13,4500,F1,1,,,,,
2026-10-05,2026-10-05,CM,NSE,STK,24798,INF666M01IH2,GROWWEV,EQ,,,,,GROWWAMC - GROWWEV,29.52,30.98,29.52,30.07,30.10,30.05,,30.07,,,476198,14304214.74,3717,F1,1,,,,,
2026-10-05,2026-10-05,CM,NSE,STK,25872,INF666M01OE7,GROWWGOLD,EQ,,,,,GROWWAMC - GROWWGOLD,14.32,14.38,14.23,14.35,14.37,14.32,,14.36,,,2087835,29878898.13,7066,F1,1,,,,,
2026-10-05,2026-10-05,CM,NSE,STK,760874,INF666M01OD9,GROWWHOSPI,EQ,,,,,GROWWAMC - GROWWHOSPI,49.00,49.30,46.90,46.99,47.18,47.85,,46.99,,,660423,31196926.46,3381,F1,1,,,,,
2026-10-05,2026-10-05,CM,NSE,STK,25447,INF666M01IP5,GROWWLIQID,EQ,,,,,GROWWAMC - GROWWLIQID,111.02,111.03,111.02,111.02,111.02,111.01,,111.02,,,149426,16589847.32,332,F1,1,,,,,
2026-10-05,2026-10-05,CM,NSE,STK,758300,INF666M01LB9,GROWWLOVOL,EQ,,,,,GROWWAMC - GROWWLOVOL,9.82,9.87,9.66,9.79,9.80,9.82,,9.79,,,15924,155765.49,172,F1,1,,,,,
2026-10-05,2026-10-05,CM,NSE,STK,759719,INF666M01MV5,GROWWMC150,EQ,,,,,GROWWAMC - GROWWMC150,217.92,220.10,214.00,218.98,219.00,217.92,,218.98,,,629,137250.33,69,F1,1,,,,,
2026-10-05,2026-10-05,CM,NSE,STK,760438,INF666M01NI0,GROWWMETAL,EQ,,,,,GROWWAMC - GROWWMETAL,12.19,12.20,11.85,11.90,11.91,11.95,,11.90,,,490772,5871118.89,2615,F1,1,,,,,
2026-10-05,2026-10-05,CM,NSE,STK,756086,INF666M01KJ4,GROWWMOM50,EQ,,,,,GROWWAMC - GROWWMOM50,10.55,10.69,10.47,10.50,10.56,10.55,,10.50,,,386277,4068619.90,916,F1,1,,,,,
2026-10-05,2026-10-05,CM,NSE,STK,29872,INF666M01JV1,GROWWN200,EQ,,,,,GROWWAMC - GROWWN200,10.64,10.83,10.60,10.66,10.70,10.64,,10.66,,,830952,8842208.05,465,F1,1,,,,,
2026-10-05,2026-10-05,CM,NSE,STK,757814,INF666M01LI4,GROWWNET,EQ,,,,,GROWWAMC - GROWWNET,9.84,10.11,9.40,10.00,10.07,9.84,,10.00,,,1715060,17042052.94,1143,F1,1,,,,,
2026-10-05,2026-10-05,CM,NSE,STK,758697,INF666M01LL8,GROWWNIFTY,EQ,,,,,GROWWAMC - GROWWNIFTY,9.16,9.26,8.89,9.17,9.21,9.12,,9.17,,,819337,7480059.29,5620,F1,1,,,,,
2026-10-05,2026-10-05,CM,NSE,STK,759458,INF666M01LZ8,GROWWNXT50,EQ,,,,,GROWWAMC - GROWWNXT50,69.52,71.66,69.10,70.68,71.66,70.94,,70.68,,,10915,761781.17,286,F1,1,,,,,
2026-10-05,2026-10-05,CM,NSE,STK,758165,INF666M01LM6,GROWWPOWER,EQ,,,,,GROWWAMC - GROWWPOWER,10.96,11.05,10.78,10.84,10.78,10.84,,10.84,,,1566073,17008880.54,6070,F1,1,,,,,
2026-10-05,2026-10-05,CM,NSE,STK,760976,INF666M01NQ3,GROWWPSE,EQ,,,,,GROWWAMC - GROWWPSE,94.98,95.00,92.07,93.77,92.50,93.62,,93.77,,,14102,1321030.27,197,F1,1,,,,,
2026-10-05,2026-10-05,CM,NSE,STK,761514,INF666M01OG2,GROWWPSUBK,EQ,,,,,GROWWAMC - GROWWPSUBK,80.98,81.59,78.67,80.35,80.00,80.03,,80.35,,,7440,599559.80,230,F1,1,,,,,
2026-10-05,2026-10-05,CM,NSE,STK,29527,INF666M01JJ6,GROWWRAIL,EQ,,,,,GROWWAMC - GROWWRAIL,25.96,26.41,25.83,26.08,26.35,26.10,,26.08,,,282725,7373027.30,3270,F1,1,,,,,
2026-10-05,2026-10-05,CM,NSE,STK,759428,INF666M01MN2,GROWWRLTY,EQ,,,,,GROWWAMC - GROWWRLTY,9.33,9.60,9.32,9.48,9.38,9.37,,9.48,,,65872,623052.84,507,F1,1,,,,,
2026-10-05,2026-10-05,CM,NSE,STK,759522,INF666M01MO0,GROWWSC250,EQ,,,,,GROWWAMC - GROWWSC250,10.19,10.40,10.11,10.18,10.21,10.19,,10.18,,,98314,1005890.95,854,F1,1,,,,,
2026-10-05,2026-10-05,CM,NSE,STK,756827,INF666M01OF4,GROWWSLVR,EQ,,,,,GROWWAMC - GROWWSLVR,21.68,21.76,21.49,21.71,21.72,21.39,,21.71,,,1201610,25986717.03,3286,F1,1,,,,,
2026-10-05,2026-10-05,CM,NSE,STK,763572,INF666M01OT5,PVTBKGROWW,EQ,,,,,GROWWAMC - PVTBKGROWW,26.75,27.39,26.60,26.64,26.63,26.87,,26.64,,,3990,107099.56,117,F1,1,,,,,
2026-10-05,2026-10-05,CM,NSE,STK,751745,INF666M01PG9,SMALLGROWW,EQ,,,,,GROWWAMC - SMALLGROWW,48.49,48.69,47.20,47.50,47.52,48.21,,47.50,,,12693,602948.42,185,F1,1,,,,,
2026-10-05,2026-10-05,CM,NSE,STK,6543,INE137I01015,GRPLTD,EQ,,,,,GRP LIMITED,1895.50,1911.90,1850.00,1868.90,1864.10,1895.00,,1869.99,,,911,1714819.40,143,F1,1,,,,,
2026-10-05,2026-10-05,CM,NSE,STK,23888,INE0SQY01018,GSMFOILS,SM,,,,,GSM FOILS LIMITED,75.10,75.95,71.60,72.15,72.30,74.70,,72.15,,,101500,7484600.00,154,F1,500,,,,,
2026-10-05,2026-10-05,CM,NSE,STK,762239,INE713R01022,GSPCROP,EQ,,,,,GSP CROP SCIENCE LIMITED,452.10,472.20,452.10,457.40,459.50,454.35,,457.43,,,265067,122490446.10,5034,F1,1,,,,,
2026-10-05,2026-10-05,CM,NSE,STK,766270,INE1TUG01013,GSPLTRANS,BE,,,,,GSPL TRANSMISSION LIMITED,130.33,134.99,130.33,130.33,130.33,137.18,,130.33,,,2832332,369361786.18,2609,F1,1,,,,,
2026-10-05,2026-10-05,CM,NSE,STK,15347,INE871H01011,GSS,EQ,,,,,GSS INFOTECH LIMITED,10.33,10.94,10.28,10.30,10.29,10.33,,10.30,,,33786,351458.77,298,F1,1,,,,,
2026-10-05,2026-10-05,CM,NSE,STK,13745,INE221H01019,GTLINFRA,EQ,,,,,GTL INFRA.LTD,1.08,1.09,1.04,1.06,1.06,1.07,,1.06,,,31582248,33453743.91,13216,F1,1,,,,,
2026-10-05,2026-10-05,CM,NSE,STK,1162,INE043A01012,GTL,EQ,,,,,GTL LTD,6.82,7.03,6.71,6.75,6.73,6.82,,6.75,,,315509,2145859.53,635,F1,1,,,,,
2026-10-05,2026-10-05,CM,NSE,STK,21195,INE869I01013,GTPL,EQ,,,,,GTPL HATHWAY LIMITED,54.31,56.18,54.12,54.47,54.40,55.39,,54.31,,,12648,694576.66,572,F1,1,,,,,
2026-10-05,2026-10-05,CM,NSE,STK,11606,INE742B01025,GUFICBIO,EQ,,,,,GUFIC BIOSCIENCES LTD.,416.40,425.20,410.55,419.70,425.00,418.40,,419.73,,,73779,30928653.00,6812,F1,1,,,,,
2026-10-05,2026-10-05,CM,NSE,STK,1145,INE162A01010,GIPCL,EQ,,,,,GUJ IND POW CO. LTD,177.00,179.99,175.22,176.62,177.70,174.83,,176.62,,,178897,31778418.64,5043,F1,1,,,,,
2026-10-05,2026-10-05,CM,NSE,STK,1174,INE113A01013,GNFC,EQ,,,,,GUJ NAR VAL FER & CHEM L,589.95,600.95,581.90,586.30,583.10,589.15,,586.31,,,297893,175628896.25,15722,F1,1,,,,,
2026-10-05,2026-10-05,CM,NSE,STK,1247,INE026A01025,GSFC,EQ,,,,,GUJ STATE FERT & CHEM LTD,147.59,150.20,147.00,147.26,147.31,146.90,,147.25,,,492857,72982774.62,9722,F1,1,,,,,
2026-10-05,2026-10-05,CM,NSE,STK,14677,INE826C01016,GUJAPOLLO,EQ,,,,,GUJ. APOLLO IND. LTD.,314.10,346.05,314.10,340.45,346.00,324.85,,340.36,,,10139,3369387.30,475,F1,1,,,,,
2026-10-05,2026-10-05,CM,NSE,STK,1267,INE186A01019,GUJALKALI,EQ,,,,,GUJARAT ALKALIES & CHEM,609.70,614.85,600.00,606.45,606.00,603.60,,606.33,,,29834,18084393.00,2674,F1,1,,,,,
2026-10-05,2026-10-05,CM,NSE,STK,8828,INE036B01030,GAEL,EQ,,,,,GUJARAT AMBUJA EXPORTS LT,158.04,161.20,155.49,158.28,159.25,157.69,,158.30,,,578700,91234984.19,13280,F1,1,,,,,
2026-10-05,2026-10-05,CM,NSE,STK,10599,INE844O01030,GUJENERGY,EQ,,,,,GUJARAT ENERGY LIMITED,231.22,235.00,230.02,232.15,231.87,230.07,,232.15,,,803370,186583395.37,26246,F1,1,,,,,
2026-10-05,2026-10-05,CM,NSE,STK,13750,INE09N301011,FLUOROCHEM,EQ,,,,,GUJARAT FLUOROCHEM LTD,4399.00,4493.50,4343.00,4429.80,4458.10,4341.50,,4429.75,,,137290,603632257.10,25321,F1,1,,,,,
2026-10-05,2026-10-05,CM,NSE,STK,761197,INE0V0W01025,GKSL,EQ,,,,,GUJARAT KIDNEY N SUP SP L,198.00,199.00,183.02,190.34,189.69,194.27,,190.32,,,5218727,996837911.47,56512,F1,1,,,,,
2026-10-05,2026-10-05,CM,NSE,STK,1156,INE540A01017,GLFL,EQ,,,,,GUJARAT LEASE FINANCING L,5.49,5.49,5.22,5.22,5.22,5.49,,5.22,,,17862,93882.22,49,F1,1,,,,,
2026-10-05,2026-10-05,CM,NSE,STK,5204,INE131A01031,GMDCLTD,EQ,,,,,GUJARAT MINERAL DEV CORP,489.90,499.90,483.05,487.35,488.90,487.65,,487.34,,,756347,370425121.00,29709,F1,1,,,,,
2026-10-05,2026-10-05,CM,NSE,STK,762690,INE207H01018,GNRL,EQ,,,,,GUJARAT NATURAL RES L,97.40,98.30,95.51,96.77,95.63,97.18,,96.76,,,98661,9534150.69,1274,F1,1,,,,,
2026-10-05,2026-10-05,CM,NSE,STK,19731,INE517F01014,GPPL,EQ,,,,,GUJARAT PIPAVAV PORT LTD,166.70,169.00,165.54,167.60,167.50,165.88,,167.60,,,1069321,179013666.51,18832,F1,1,,,,,
2026-10-05,2026-10-05,CM,NSE,STK,4548,INE610B01024,GUJRAFFIA,EQ,,,,,GUJARAT RAFFIA INDUST LTD,40.27,42.74,39.50,39.50,39.50,40.27,,39.50,,,2720,108036.85,37,F1,1,,,,,
2026-10-05,2026-10-05,CM,NSE,STK,29731,INE942C01045,GUJTHEM,EQ,,,,,GUJARAT THEMIS BIOSYN LTD,379.10,390.40,371.20,373.60,371.55,381.80,,373.59,,,169705,63942457.60,6547,F1,1,,,,,
2026-10-05,2026-10-05,CM,NSE,STK,4391,INE635Q01029,GULFOILLUB,EQ,,,,,GULF OIL LUB. IND. LTD.,1095.00,1106.50,1060.20,1068.70,1069.80,1093.00,,1068.74,,,90269,96925588.10,6249,F1,1,,,,,
2026-10-05,2026-10-05,CM,NSE,STK,6286,INE255D01024,GULPOLY,EQ,,,,,GULSHAN POLYOLS LIMITED,160.52,164.00,159.15,160.84,159.15,161.75,,160.85,,,93047,14992466.29,2467,F1,1,,,,,
2026-10-05,2026-10-05,CM,NSE,STK,759261,INE1CCX01012,GURUNANAK,SM,,,,,GURUNANAK AGRICULTUR IN L,34.00,34.00,33.00,33.00,33.00,33.50,,33.00,,,4800,161600.00,2,F1,1600,,,,,
2026-10-05,2026-10-05,CM,NSE,STK,13229,INE251H01024,GVKPIL,BE,,,,,GVK POW. & INFRA LTD.,2.46,2.46,2.46,2.46,2.46,2.51,,2.46,,,305590,751751.40,534,F1,1,,,,,
2026-10-05,2026-10-05,CM,NSE,STK,10866,INE382T01030,GVPTECH,BE,,,,,GVP INFOTECH LIMITED,7.75,7.80,7.37,7.52,7.50,7.75,,7.52,,,18054,136551.46,217,F1,1,,,,,
2026-10-05,2026-10-05,CM,NSE,STK,764050,INE724A01017,GYFTR,EQ,,,,,GYFTR LIMITED,163.51,164.90,152.61,156.11,158.00,156.79,,156.11,,,691560,107030877.74,8401,F1,1,,,,,
2026-10-05,2026-10-05,CM,NSE,STK,762712,INE640B01021,HBESD,EQ,,,,,H B ESTATE DEVELOPERS L,66.73,78.13,66.00,78.13,78.13,65.11,,79.58,,,20755,1601715.12,218,F1,1,,,,,
2026-10-05,2026-10-05,CM,NSE,STK,1672,INE926X01010,HGINFRA,EQ,,,,,H.G.INFRA ENGINEERING LTD,422.00,426.40,402.10,403.75,403.80,419.90,,403.76,,,231876,94849709.75,12282,F1,1,,,,,
2026-10-05,2026-10-05,CM,NSE,STK,760715,INE115S01010,HALDER,EQ,,,,,HALDER VENTURE LIMITED,232.74,266.00,232.73,258.03,251.00,232.73,,257.51,,,19066,4731882.87,401,F1,1,,,,,
2026-10-05,2026-10-05,CM,NSE,STK,762705,INE506D01020,HALDYNGL,EQ,,,,,HALDYN GLASS LTD.,146.60,152.68,142.00,142.85,143.00,146.05,,142.72,,,48070,6994040.01,1198,F1,1,,,,,
2026-10-05,2026-10-05,CM,NSE,STK,21551,INE320X01016,HALEOSLABS,EQ,,,,,HALEOS LABS LIMITED,1504.50,1549.50,1490.60,1549.20,1549.30,1490.00,,1549.20,,,2311,3559057.40,148,F1,1,,,,,
2026-10-05,2026-10-05,CM,NSE,STK,765075,INE299D01022,HAMPTON,EQ,,,,,HAMPTON SKY REALTY LTD.,8.04,8.04,7.76,8.00,8.00,8.09,,8.00,,,4594,36654.97,37,F1,1,,,,,
2026-10-05,2026-10-05,CM,NSE,STK,13592,INE596H01014,HGM,EQ,,,,,HANDSON GBL MNGMNT LTD,42.89,42.89,38.14,38.97,38.98,40.36,,38.97,,,14095,551961.45,96,F1,1,,,,,
2026-10-05,2026-10-05,CM,NSE,STK,48,INE419U01012,HAPPSTMNDS,EQ,,,,,HAPPIEST MINDS TECHNO LTD,305.70,309.65,303.00,304.20,303.55,304.70,,304.20,,,476063,145742637.35,12253,F1,1,,,,,
2026-10-05,2026-10-05,CM,NSE,STK,20854,INE330T01021,HAPPYFORGE,EQ,,,,,HAPPY FORGINGS LIMITED,2003.00,2065.60,1991.00,2013.20,2001.50,2003.70,,2013.07,,,143370,290001450.70,32784,F1,1,,,,,
2026-10-05,2026-10-05,CM,NSE,STK,8962,INE626Z01029,HARDWYN,EQ,,,,,HARDWYN INDIA LIMITED,9.15,10.50,8.99,9.34,9.49,9.19,,9.35,,,3665570,35616835.96,7488,F1,1,,,,,
2026-10-05,2026-10-05,CM,NSE,STK,8968,INE00EV01017,HARIOMPIPE,EQ,,,,,HARIOM PIPE INDUSTRIES L,333.95,340.05,322.30,324.60,322.30,332.35,,324.61,,,81939,26898568.65,3479,F1,1,,,,,
2026-10-05,2026-10-05,CM,NSE,STK,764703,INE400G01011,HRYNSHP,EQ,,,,,HARIYANA SHIP BREAKERS L,108.00,108.00,92.20,96.65,95.82,97.98,,95.85,,,1040,103056.65,103,F1,1,,,,,
2026-10-05,2026-10-05,CM,NSE,STK,1313,INE544A01019,HARRMALAYA,EQ,,,,,HARRISON MALAYALAM LTD,179.67,183.00,170.85,173.00,172.20,179.67,,173.01,,,14823,2585590.95,470,F1,1,,,,,
2026-10-05,2026-10-05,CM,NSE,STK,11162,INE0JUS01029,HARSHA,EQ,,,,,HARSHA ENGINEERS INT LTD,475.00,476.60,460.15,462.30,462.95,474.50,,462.31,,,141186,66030594.95,7214,F1,1,,,,,
2026-10-05,2026-10-05,CM,NSE,STK,18154,INE982F01036,HATHWAY,EQ,,,,,HATHWAY CABLE & DATACOM,9.36,9.47,9.32,9.40,9.40,9.32,,9.40,,,1463537,13746528.04,2243,F1,1,,,,,
2026-10-05,2026-10-05,CM,NSE,STK,3892,INE473B01035,HATSUN,EQ,,,,,HATSUN AGRO PRODUCT LTD.,1110.10,1157.40,1110.00,1143.50,1140.10,1118.10,,1143.25,,,41254,46815666.60,4666,F1,1,,,,,
2026-10-05,2026-10-05,CM,NSE,STK,9819,INE176B01034,HAVELLS,EQ,,,,,HAVELLS INDIA LIMITED,1050.00,1060.50,1041.60,1046.70,1046.70,1040.00,,1046.72,,,845006,886884770.70,40266,F1,1,,,,,
2026-10-05,2026-10-05,CM,NSE,STK,4444,INE979B01015,HAWKINCOOK,EQ,,,,,HAWKINS COOKERS LTD,8080.00,8120.00,7905.50,7977.00,7960.00,8026.00,,7977.57,,,1141,9093795.00,598,F1,1,,,,,
2026-10-05,2026-10-05,CM,NSE,STK,764693,INE550F01049,HAZOOR,EQ,,,,,HAZOOR MULTI PROJECTS LTD,17.87,18.59,17.60,17.75,17.67,17.94,,17.76,,,617372,11106215.01,2595,F1,1,,,,,
2026-10-05,2026-10-05,CM,NSE,STK,765080,INE638B01025,HBPOR,EQ,,,,,HB PORTFOLIO LTD.,56.60,63.98,56.60,61.30,61.30,59.83,,61.50,,,292,17241.26,20,F1,1,,,,,
2026-10-05,2026-10-05,CM,NSE,STK,4116,INE550B01022,HBSL,EQ,,,,,HB STOCKHOLDINGS LIMITED,53.20,57.03,53.20,55.82,56.70,57.03,,55.85,,,2224,123664.43,59,F1,1,,,,,
2026-10-05,2026-10-05,CM,NSE,STK,13966,INE292B01021,HBLENGINE,EQ,,,,,HBL ENGINEERING LTD,784.00,789.35,760.25,763.60,767.30,779.35,,763.57,,,771121,595008061.50,30632,F1,1,,,,,
2026-10-05,2026-10-05,CM,NSE,STK,1327,INE236A01020,HCL-INSYS,EQ,,,,,HCL INFOSYSTEMS LTD,10.23,10.30,9.90,10.00,10.04,10.04,,10.00,,,205898,2067377.01,790,F1,1,,,,,
2026-10-05,2026-10-05,CM,NSE,STK,7229,INE860A01027,HCLTECH,EQ,,,,,HCL TECHNOLOGIES LTD,1243.70,1247.20,1196.50,1201.90,1201.90,1243.10,,1201.88,,,3843425,4669154442.70,88780,F1,1,,,,,
2026-10-05,2026-10-05,CM,NSE,STK,757772,INE756I01012,HDBFS,EQ,,,,,HDB FINANCIAL SERVICES L,622.10,625.60,615.15,622.55,623.00,618.20,,622.56,,,308905,191759803.10,29087,F1,1,,,,,
2026-10-05,2026-10-05,CM,NSE,STK,4244,INE127D01025,HDFCAMC,EQ,,,,,HDFC AMC LIMITED,2308.10,2369.50,2308.10,2346.00,2346.00,2308.10,,2346.01,,,1244530,2924429464.30,47548,F1,1,,,,,
2026-10-05,2026-10-05,CM,NSE,STK,1333,INE040A01034,HDFCBANK,EQ,,,,,HDFC BANK LTD,731.95,734.20,701.25,704.80,704.80,721.20,,704.80,,,66056690,47292919489.90,478412,F1,1,,,,,
2026-10-05,2026-10-05,CM,NSE,STK,19543,INF179KC1981,HDFCGOLD,EQ,,,,,HDFC GOLD ETF,125.55,125.89,124.65,125.72,125.77,125.58,,125.72,,,3530908,442774760.89,17338,F1,1,,,,,
2026-10-05,2026-10-05,CM,NSE,STK,467,INE795G01014,HDFCLIFE,EQ,,,,,HDFC LIFE INS CO LTD,536.85,539.05,524.55,531.00,531.00,534.20,,531.00,,,3381490,1791927881.30,42894,F1,1,,,,,
2026-10-05,2026-10-05,CM,NSE,STK,14230,INF179KC1EZ4,HDFCBSE500,EQ,,,,,HDFCAMC - HDFCBSE500,35.59,35.77,35.19,35.48,35.50,35.41,,35.48,,,1567916,55552678.19,457,F1,1,,,,,
2026-10-05,2026-10-05,CM,NSE,STK,11241,INF179KC1DJ0,HDFCGROWTH,EQ,,,,,HDFCAMC - HDFCGROWTH,111.98,111.98,109.20,109.95,110.00,109.96,,109.95,,,13466,1476076.99,330,F1,1,,,,,
2026-10-05,2026-10-05,CM,NSE,STK,18279,INF179KC1JG3,HDFCLIQUID,EQ,,,,,HDFCAMC - HDFCLIQUID,1080.61,1080.80,1080.61,1080.77,1080.78,1080.61,,1080.77,,,29280,31644757.11,81,F1,1,,,,,
2026-10-05,2026-10-05,CM,NSE,STK,11547,INF179KC1HU8,HDFCLOWVOL,EQ,,,,,HDFCAMC - HDFCLOWVOL,19.15,19.30,19.06,19.16,19.22,19.15,,19.16,,,3718,71282.29,142,F1,1,,,,,
2026-10-05,2026-10-05,CM,NSE,STK,14236,INF179KC1HT0,HDFCMID150,EQ,,,,,HDFCAMC - HDFCMID150,22.49,23.40,21.90,22.22,22.13,21.95,,22.22,,,800828,17682771.74,2600,F1,1,,,,,
2026-10-05,2026-10-05,CM,NSE,STK,11538,INF179KC1HV6,HDFCMOMENT,EQ,,,,,HDFCAMC - HDFCMOMENT,30.37,30.37,29.50,29.71,29.72,30.11,,29.71,,,298269,8873863.16,1481,F1,1,,,,,
2026-10-05,2026-10-05,CM,NSE,STK,10619,INF179KC1HS2,HDFCNEXT50,EQ,,,,,HDFCAMC - HDFCNEXT50,70.93,71.18,70.31,70.81,71.08,70.50,,70.81,,,102791,7274464.94,1116,F1,1,,,,,
2026-10-05,2026-10-05,CM,NSE,STK,10633,INF179KC1HR4,HDFCNIF100,EQ,,,,,HDFCAMC - HDFCNIF100,24.24,25.25,24.10,24.46,24.33,24.75,,24.46,,,54474,1333661.92,657,F1,1,,,,,
2026-10-05,2026-10-05,CM,NSE,STK,22433,INF179KC1HY0,HDFCNIFBAN,EQ,,,,,HDFCAMC - HDFCNIFBAN,56.49,56.87,56.05,56.23,56.20,56.20,,56.23,,,66966,3777674.89,668,F1,1,,,,,
2026-10-05,2026-10-05,CM,NSE,STK,12101,INF179KC1IA8,HDFCNIFIT,EQ,,,,,HDFCAMC - HDFCNIFIT,30.39,31.00,29.99,30.15,30.30,29.87,,30.15,,,134271,4060802.55,458,F1,1,,,,,
2026-10-05,2026-10-05,CM,NSE,STK,11591,INF179KC1965,HDFCNIFTY,EQ,,,,,HDFCAMC - HDFCNIFTY,247.86,260.57,247.86,254.91,255.52,254.22,,254.91,,,495067,125713413.89,1955,F1,1,,,,,
2026-10-05,2026-10-05,CM,NSE,STK,764336,INF179KC1KT4,HDFCNIMEG,EQ,,,,,HDFCAMC - HDFCNIMEG,126.82,126.82,124.22,124.97,124.65,124.33,,125.19,,,5979,748080.90,88,F1,1,,,,,
2026-10-05,2026-10-05,CM,NSE,STK,12108,INF179KC1HZ7,HDFCPVTBAN,EQ,,,,,HDFCAMC - HDFCPVTBAN,27.92,27.92,27.08,27.30,27.41,27.37,,27.30,,,455677,12399725.05,957,F1,1,,,,,
2026-10-05,2026-10-05,CM,NSE,STK,11255,INF179KC1DL6,HDFCQUAL,EQ,,,,,HDFCAMC - HDFCQUAL,54.86,55.28,54.68,55.06,55.28,54.86,,55.06,,,7743,425575.96,144,F1,1,,,,,
2026-10-05,2026-10-05,CM,NSE,STK,11593,INF179KC1HX2,HDFCSENSEX,EQ,,,,,HDFCAMC - HDFCSENSEX,81.41,82.69,81.41,82.04,82.47,81.84,,82.04,,,84035,6893220.55,1181,F1,1,,,,,
2026-10-05,2026-10-05,CM,NSE,STK,10876,INF179KC1DI2,HDFCSILVER,EQ,,,,,HDFCAMC - HDFCSILVER,209.38,212.50,209.38,212.02,212.00,208.74,,212.02,,,2329815,491905459.52,12864,F1,1,,,,,
2026-10-05,2026-10-05,CM,NSE,STK,14233,INF179KC1FB2,HDFCSML250,EQ,,,,,HDFCAMC - HDFCSML250,178.10,179.59,176.52,178.32,178.67,177.81,,178.31,,,1197364,212909060.07,17630,F1,1,,,,,
2026-10-05,2026-10-05,CM,NSE,STK,11260,INF179KC1DK8,HDFCVALUE,EQ,,,,,HDFCAMC - HDFCVALUE,118.11,119.17,115.75,118.12,118.16,118.11,,118.13,,,10469,1237680.51,264,F1,1,,,,,
2026-10-05,2026-10-05,CM,NSE,STK,22595,INF179KC1HW4,HDFCPSUBK,EQ,,,,,HDFCAMC HDFCPSUBK,80.53,82.09,80.52,81.09,80.66,80.52,,81.13,,,27238,2215498.88,321,F1,1,,,,,
2026-10-05,2026-10-05,CM,NSE,STK,19205,INE759V01019,HEADSUP,EQ,,,,,HEADS UP VENTURES LIMITED,6.36,6.74,6.02,6.14,6.15,6.40,,6.19,,,1991,12355.88,111,F1,1,,,,,
2026-10-05,2026-10-05,CM,NSE,STK,20063,INE019J01013,HEALTHX,EQ,,,,,HEALTH X PLATFORM LIMITED,279.80,293.40,268.00,277.00,280.10,273.00,,276.21,,,7384,2011575.70,256,F1,1,,,,,
2026-10-05,2026-10-05,CM,NSE,STK,15555,INE075I01017,HCG,EQ,,,,,HEALTHCARE GLOB. ENT. LTD,664.10,670.90,658.65,669.05,670.90,668.75,,669.03,,,40500,26940745.30,4540,F1,1,,,,,
2026-10-05,2026-10-05,CM,NSE,STK,7425,INE558R01013,HECPROJECT,EQ,,,,,HEC INFRA PROJECTS LTD,114.00,116.88,110.20,110.87,111.00,111.86,,110.87,,,2220,248034.95,138,F1,1,,,,,
2026-10-05,2026-10-05,CM,NSE,STK,1336,INE545A01024,HEGAM,EQ,,,,,HEG ADVANCED MATERIAL LTD,242.00,248.00,232.00,233.77,233.00,239.28,,233.78,,,1455475,347329147.23,26465,F1,1,,,,,
2026-10-05,2026-10-05,CM,NSE,STK,2316,INE578A01017,HEIDELBERG,EQ,,,,,HEIDELBERGCEMENT (I) LTD,131.98,131.98,128.79,130.11,130.49,130.57,,130.11,,,86609,11252436.00,2927,F1,1,,,,,
2026-10-05,2026-10-05,CM,NSE,STK,701,INE0AJG01018,HEMIPROP,EQ,,,,,HEMISPHERE PROP IND LTD,112.00,113.25,110.21,111.53,111.50,111.50,,111.53,,,255376,28488586.91,4089,F1,1,,,,,
2026-10-05,2026-10-05,CM,NSE,STK,2614,INE694N01015,HERANBA,EQ,,,,,HERANBA INDUSTRIES LTD,171.00,174.41,166.10,167.58,166.66,172.12,,167.59,,,55404,9356114.32,1828,F1,1,,,,,
2026-10-05,2026-10-05,CM,NSE,STK,4598,INE978A01027,HERITGFOOD,EQ,,,,,HERITAGE FOODS LTD,402.90,407.00,389.75,394.75,397.00,402.90,,394.76,,,217577,86729754.30,6686,F1,1,,,,,
2026-10-05,2026-10-05,CM,NSE,STK,1348,INE158A01026,HEROMOTOCO,EQ,,,,,HERO MOTOCORP LIMITED,5199.00,5205.50,4994.50,5089.50,5089.50,5168.00,,5089.46,,,1072997,5451922141.00,85559,F1,1,,,,,
2026-10-05,2026-10-05,CM,NSE,STK,766171,INE012G01022,HEROMOTORS,EQ,,,,,HERO MOTORS LIMITED,176.34,178.84,158.65,169.63,170.30,167.80,,169.62,,,146252658,24680728589.21,793578,F1,1,,,,,
2026-10-05,2026-10-05,CM,NSE,STK,7048,INE782E01017,HESTERBIO,EQ,,,,,HESTER BIOSCIENCES LTD,2164.70,2186.90,2090.20,2105.50,2120.00,2126.80,,2105.51,,,2719,5820611.80,552,F1,1,,,,,
2026-10-05,2026-10-05,CM,NSE,STK,27008,INE750M01017,HEXATRADEX,EQ,,,,,HEXA TRADEX LIMITED,157.00,160.50,149.00,153.58,154.00,154.96,,153.58,,,4186,641858.27,74,F1,1,,,,,
2026-10-05,2026-10-05,CM,NSE,STK,750116,INE0JUI01012,HEXAGON,BE,,,,,HEXAGON NUTRITION LIMITED,70.00,70.49,68.61,69.77,69.05,68.80,,69.74,,,185999,12927655.64,578,F1,1,,,,,
2026-10-05,2026-10-05,CM,NSE,STK,29666,INE093A01041,HEXT,EQ,,,,,HEXAWARE TECHNOLOGIES LTD,493.95,505.90,489.80,495.15,498.00,490.45,,495.15,,,206834,102668037.65,13149,F1,1,,,,,
2026-10-05,2026-10-05,CM,NSE,STK,21954,INE548A01028,HFCL,BE,,,,,HFCL LIMITED,237.99,250.27,234.00,250.27,250.27,238.36,,250.26,,,9592712,2336365346.93,46505,F1,1,,,,,
2026-10-05,2026-10-05,CM,NSE,STK,25622,INE957N08151,920HFL30,N0,,,,,HFL 9.20% 2030 SR 67,105278.04,105278.04,105278.04,105278.04,105278.04,104829.00,,105278.04,,,1,105278.04,1,F1,1,,,,,
2026-10-05,2026-10-05,CM,NSE,STK,18794,INE0PIC01017,HIGREEN,SM,,,,,HI GREEN CARBON LIMITED,118.30,118.30,115.10,115.80,116.50,120.30,,115.80,,,5600,655320.00,7,F1,800,,,,,
2026-10-05,2026-10-05,CM,NSE,STK,2868,INE106T01025,HITECH,EQ,,,,,HI-TECH PIPES LIMITED,71.62,72.38,69.85,70.05,70.35,71.42,,70.06,,,397840,28092187.83,5139,F1,1,,,,,
2026-10-05,2026-10-05,CM,NSE,STK,759103,INE00RL01028,HILINFRA,EQ,,,,,HIGHWAY INFRASTRUCTURE L,45.45,46.40,43.12,43.71,44.70,45.06,,43.74,,,130532,5763609.04,1868,F1,1,,,,,
2026-10-05,2026-10-05,CM,NSE,STK,9668,INE475B01022,HIKAL,EQ,,,,,HIKAL LIMITED,218.00,221.35,213.28,214.45,215.00,218.14,,214.45,,,244700,53003512.47,5764,F1,1,,,,,
2026-10-05,2026-10-05,CM,NSE,STK,14627,INE788H01017,HILTON,EQ,,,,,HILTON METAL FORGING LTD,16.61,17.18,16.61,16.77,16.68,16.86,,16.77,,,76089,1284378.94,364,F1,1,,,,,
2026-10-05,2026-10-05,CM,NSE,STK,14334,INE019C01026,HSCL,EQ,,,,,HIMADRI SPECIALITY CHEM L,665.95,672.50,656.50,659.85,660.20,665.15,,659.85,,,876519,580862590.45,22051,F1,1,,,,,
2026-10-05,2026-10-05,CM,NSE,STK,766376,INE1B7I01014,HIMALAYAN,ST,,,,,HIMALAYAN SOLAR LIMITED,85.00,86.00,81.00,84.85,84.75,103.00,,84.85,,,3433200,291554340.00,1344,F1,1200,,,,,
2026-10-05,2026-10-05,CM,NSE,STK,1360,INE049A01027,HIMATSEIDE,EQ,,,,,HIMATSINGKA SEIDE LTD,65.00,65.82,62.60,64.64,64.50,64.15,,64.64,,,603662,38893889.50,7220,F1,1,,,,,
2026-10-05,2026-10-05,CM,NSE,STK,765085,INE227B01019,HINDALUMI,EQ,,,,,HIND ALUMINIUM INDS. LTD.,90.90,93.99,90.90,91.83,91.01,90.76,,91.83,,,1333,122615.99,72,F1,1,,,,,
2026-10-05,2026-10-05,CM,NSE,STK,1363,INE038A01020,HINDALCO,EQ,,,,,HINDALCO  INDUSTRIES  LTD,953.50,954.05,931.10,938.40,938.40,941.85,,938.41,,,4401291,4135191759.60,110787,F1,1,,,,,
2026-10-05,2026-10-05,CM,NSE,STK,4924,INE642Y01029,HINDCON,BE,,,,,HINDCON CHEMICALS LIMITED,31.64,31.64,31.64,31.64,31.64,33.30,,31.64,,,10765,340604.60,142,F1,1,,,,,
2026-10-05,2026-10-05,CM,NSE,STK,11796,INE05X901010,HPIL,EQ,,,,,HINDPRAKASH INDUSTRY LTD,113.50,114.80,105.65,110.64,109.22,114.44,,110.64,,,347,38438.94,41,F1,1,,,,,
2026-10-05,2026-10-05,CM,NSE,STK,14712,INE170I01016,HGS,EQ,,,,,HINDUJA GLOBAL SOLS. LTD.,367.00,372.95,361.40,364.95,365.65,367.05,,364.96,,,7248,2648934.70,775,F1,1,,,,,
2026-10-05,2026-10-05,CM,NSE,STK,764698,INE074C01013,HINDADH,EQ,,,,,HINDUSTAN ADHESIVES LTD.,392.00,392.00,382.05,384.50,387.35,384.00,,384.66,,,1008,388299.35,80,F1,1,,,,,
2026-10-05,2026-10-05,CM,NSE,STK,2303,INE066F01020,HAL,EQ,,,,,HINDUSTAN AERONAUTICS LTD,4601.00,4688.00,4601.00,4680.00,4680.00,4601.00,,4679.93,,,465865,2171552534.60,52986,F1,1,,,,,
2026-10-05,2026-10-05,CM,NSE,STK,1372,INE310C01029,HINDCOMPOS,EQ,,,,,HINDUSTAN COMPOSITES LTD.,414.95,425.05,395.50,400.65,404.00,380.80,,400.67,,,46581,18799812.40,1269,F1,1,,,,,
2026-10-05,2026-10-05,CM,NSE,STK,1375,INE549A01026,HCC,EQ,,,,,HINDUSTAN CONSTRUCTION CO,20.30,20.59,19.95,20.00,20.04,20.23,,20.00,,,11202334,227008473.84,21222,F1,1,,,,,
2026-10-05,2026-10-05,CM,NSE,STK,17939,INE531E01026,HINDCOPPER,EQ,,,,,HINDUSTAN COPPER LTD,466.05,481.00,465.15,478.65,478.95,462.15,,478.65,,,5563749,2649407025.05,93099,F1,1,,,,,
2026-10-05,2026-10-05,CM,NSE,STK,12173,INE254N01026,HNDFDS,EQ,,,,,HINDUSTAN FOODS LIMITED,580.00,580.00,556.55,570.05,570.00,574.60,,570.05,,,57425,32528225.55,4568,F1,1,,,,,
2026-10-05,2026-10-05,CM,NSE,STK,19215,INE871K01015,HMVL,BE,,,,,HINDUSTAN MEDIA VENT LTD,75.26,78.85,74.50,76.00,76.00,77.44,,76.00,,,21768,1668554.56,138,F1,1,,,,,
2026-10-05,2026-10-05,CM,NSE,STK,1403,INE345A01011,HINDOILEXP,EQ,,,,,HINDUSTAN OIL EXPLORATION,168.19,170.45,164.15,164.87,164.30,167.31,,164.87,,,283729,47180789.97,6929,F1,1,,,,,
2026-10-05,2026-10-05,CM,NSE,STK,1406,INE094A01015,HINDPETRO,EQ,,,,,HINDUSTAN PETROLEUM CORP,345.05,351.25,340.40,342.35,342.35,345.00,,342.35,,,2875288,990031142.55,42091,F1,1,,,,,
2026-10-05,2026-10-05,CM,NSE,STK,1394,INE030A01027,HINDUNILVR,EQ,,,,,HINDUSTAN UNILEVER LTD.,1845.10,1848.40,1828.00,1838.40,1838.40,1836.00,,1838.42,,,975071,1789463547.80,58733,F1,1,,,,,
2026-10-05,2026-10-05,CM,NSE,STK,1424,INE267A01025,HINDZINC,EQ,,,,,HINDUSTAN ZINC LIMITED,562.00,568.55,557.90,560.95,560.95,555.05,,560.96,,,2343222,1319828259.55,36228,F1,1,,,,,
2026-10-05,2026-10-05,CM,NSE,STK,15883,INE05AN01011,HINDWAREAP,EQ,,,,,HINDWARE HME INOVATON LTD,173.72,174.18,170.00,171.63,171.42,170.53,,171.63,,,56164,9639976.32,1656,F1,1,,,,,
2026-10-05,2026-10-05,CM,NSE,STK,13890,INE835D01023,HIRECT,EQ,,,,,HIRECT LIMITED,1123.80,1166.10,1097.60,1109.40,1103.50,1123.80,,1109.46,,,51104,57834330.20,5240,F1,1,,,,,
2026-10-05,2026-10-05,CM,NSE,STK,19322,INE598C01011,HISARMETAL,EQ,,,,,HISAR METAL IND. LIMITED,149.00,149.00,143.57,145.22,145.00,146.92,,145.22,,,1221,177908.05,86,F1,1,,,,,
2026-10-05,2026-10-05,CM,NSE,STK,18457,INE07Y701011,POWERINDIA,EQ,,,,,HITACHI ENERGY INDIA LTD,31500.00,32015.00,31380.00,31500.00,31500.00,31290.00,,31499.99,,,72077,2278674490.00,21535,F1,1,,,,,
2026-10-05,2026-10-05,CM,NSE,STK,15165,INE120D01012,HITECHCORP,BE,,,,,HITECH CORPORATION LTD,341.50,344.90,340.20,342.00,341.80,340.25,,342.00,,,50579,17304289.65,320,F1,1,,,,,
2026-10-05,2026-10-05,CM,NSE,STK,2289,INE461D01028,HLEGLAS,EQ,,,,,HLE GLASCOAT LIMITED,444.65,452.00,424.45,425.85,426.00,442.05,,425.83,,,108277,47331249.10,4980,F1,1,,,,,
2026-10-05,2026-10-05,CM,NSE,STK,1448,INE102A01024,HLVLTD,EQ,,,,,HLV LIMITED,6.31,6.50,6.05,6.21,6.20,6.31,,6.21,,,195354,1212321.74,694,F1,1,,,,,
2026-10-05,2026-10-05,CM,NSE,STK,17053,INE0ECP01024,HMAAGRO,EQ,,,,,HMA AGRO INDUSTRIES LTD,23.49,24.25,23.07,23.40,23.50,23.47,,23.40,,,3179782,74703524.10,5246,F1,1,,,,,
2026-10-05,2026-10-05,CM,NSE,STK,19698,INE262A01018,HMT,BZ,,,,,HMT LTD -,59.40,59.40,58.50,58.99,58.99,58.24,,58.89,,,4335,254706.58,62,F1,1,,,,,
2026-10-05,2026-10-05,CM,NSE,STK,23826,INE0S6S01017,HOACFOODS,ST,,,,,HOAC FOODS INDIA LIMITED,913.90,923.05,913.90,923.05,923.05,915.00,,923.05,,,1875,1727231.25,5,F1,375,,,,,
2026-10-05,2026-10-05,CM,NSE,STK,18649,INE0LXA01019,HOLMARC,SM,,,,,HOLMARC OPTO MECHATRO L,120.00,123.75,119.95,123.75,123.75,120.00,,123.75,,,9750,1172775.00,8,F1,750,,,,,
2026-10-05,2026-10-05,CM,NSE,STK,2056,INE481N01025,HOMEFIRST,EQ,,,,,HOME FIRST FIN CO IND LTD,1122.60,1122.60,1075.10,1096.20,1095.70,1125.70,,1096.13,,,379744,413191287.80,49796,F1,1,,,,,
2026-10-05,2026-10-05,CM,NSE,STK,19813,INE0J5401028,HONASA,EQ,,,,,HONASA CONSUMER LIMITED,431.95,444.00,427.00,442.10,443.50,427.90,,442.09,,,817839,356575962.70,34050,F1,1,,,,,
2026-10-05,2026-10-05,CM,NSE,STK,3138,INE634A01018,HONDAPOWER,EQ,,,,,HONDA I POWER PRODUCT LTD,1919.90,1919.90,1848.00,1865.20,1851.50,1886.30,,1865.15,,,2605,4862677.30,615,F1,1,,,,,
2026-10-05,2026-10-05,CM,NSE,STK,3417,INE671A01010,HONAUT,EQ,,,,,HONEYWELL AUTOMATION IND,33845.00,34140.00,33595.00,33785.00,33995.00,33470.00,,33782.35,,,1798,60850615.00,1287,F1,1,,,,,
2026-10-05,2026-10-05,CM,NSE,STK,765356,INE685T01010,HORIZONIND,EQ,,,,,HORIZON INDUSTRIAL PRKS L,48.65,48.92,47.56,47.75,47.77,48.65,,47.75,,,2149178,103446271.86,16838,F1,1,,,,,
2026-10-05,2026-10-05,CM,NSE,STK,17920,INE191I01012,HDIL,BZ,,,,,HOUSING DEV & INFRA LTD,1.48,1.50,1.42,1.47,1.48,1.45,,1.47,,,142280,210908.08,223,F1,1,,,,,
2026-10-05,2026-10-05,CM,NSE,STK,7376,INE0GSL01024,HPAL,EQ,,,,,HP ADHESIVES LIMITED,34.47,35.49,33.30,33.90,34.00,33.81,,33.89,,,39685,1345458.12,593,F1,1,,,,,
2026-10-05,2026-10-05,CM,NSE,STK,29879,INE0VA601019,HPTL,ST,,,,,HP TELECOM INDIA LIMITED,432.00,451.00,430.00,431.00,430.00,431.00,,431.00,,,3600,1564800.00,6,F1,600,,,,,
2026-10-05,2026-10-05,CM,NSE,STK,18679,INE495S01016,HPL,EQ,,,,,HPL ELECTRIC & POWER LTD,265.40,272.00,263.50,264.75,265.50,267.20,,264.75,,,53225,14191099.70,2752,F1,1,,,,,
2026-10-05,2026-10-05,CM,NSE,STK,761506,INF336L01RX2,HSBCGOLD,EQ,,,,,HSBCAMC - HSBCGOLD,128.80,129.80,127.01,128.04,128.06,127.95,,128.04,,,1538,196285.71,44,F1,1,,,,,
2026-10-05,2026-10-05,CM,NSE,STK,20825,INE031A01017,HUDCO,EQ,,,,,HSG & URBAN DEV CORPN LTD,163.50,164.99,161.34,162.09,162.16,161.54,,162.05,,,1688872,275065343.67,25333,F1,1,,,,,
2026-10-05,2026-10-05,CM,NSE,STK,11979,INE501G01024,HTMEDIA,EQ,,,,,HT MEDIA LIMITED,22.01,22.74,22.01,22.14,22.10,22.38,,22.14,,,32181,713900.24,280,F1,1,,,,,
2026-10-05,2026-10-05,CM,NSE,STK,14203,INE703H01016,HUBTOWN,EQ,,,,,HUBTOWN LIMITED,177.35,178.50,166.99,168.09,168.70,177.42,,168.09,,,425823,72652410.45,5712,F1,1,,,,,
2026-10-05,2026-10-05,CM,NSE,STK,2562,INE275B01026,HUHTAMAKI,EQ,,,,,HUHTAMAKI INDIA LIMITED,232.95,234.80,226.10,227.52,226.10,232.72,,227.54,,,103891,23839626.88,3982,F1,1,,,,,
2026-10-05,2026-10-05,CM,NSE,STK,25708,INE0TO501019,HVAX,SM,,,,,HVAX TECHNOLOGIES LIMITED,695.00,695.00,680.00,680.00,680.00,709.90,,680.00,,,900,623250.00,4,F1,150,,,,,
2026-10-05,2026-10-05,CM,NSE,STK,765467,INE0LEG01024,HTEL,EQ,,,,,HY-TECH ENGINEERS LIMITED,72.87,73.84,70.15,70.43,70.30,72.92,,70.40,,,977060,70048002.74,9435,F1,1,,,,,
2026-10-05,2026-10-05,CM,NSE,STK,12809,INE965B01022,HYBRIDFIN,EQ,,,,,HYBRID FINANCIAL SERVICE,17.20,17.99,16.80,17.43,17.43,17.36,,17.73,,,6826,118418.53,74,F1,1,,,,,
2026-10-05,2026-10-05,CM,NSE,STK,25844,INE0V6F01027,HYUNDAI,EQ,,,,,HYUNDAI MOTOR INDIA LTD,2023.90,2031.50,1981.90,2000.00,2000.00,2024.00,,1999.93,,,328159,656818438.80,22696,F1,1,,,,,
2026-10-05,2026-10-05,CM,NSE,STK,14086,INE204A01010,IGPL,EQ,,,,,I G PETROCHEMICALS LTD,575.80,581.70,548.10,554.00,549.05,569.55,,554.00,,,49844,28167727.80,2106,F1,1,,,,,
2026-10-05,2026-10-05,CM,NSE,STK,764718,INE684B01029,ISTLTD,EQ,,,,,I S T LTD.,635.00,640.00,585.00,610.50,603.10,635.00,,610.50,,,1474,903891.30,247,F1,1,,,,,
2026-10-05,2026-10-05,CM,NSE,STK,764064,INE0XE501015,ICELCO,SM,,,,,IC ELECTRICALS COMPANY L,118.00,121.00,117.00,117.00,117.00,117.30,,117.00,,,22800,2705220.00,19,F1,1200,,,,,
2026-10-05,2026-10-05,CM,NSE,STK,9610,INE613B01010,ICDSLTD,BE,,,,,ICDSLTD,46.50,48.82,44.26,44.61,44.61,46.50,,46.27,,,1626,76872.83,30,F1,1,,,,,
2026-10-05,2026-10-05,CM,NSE,STK,489,INE520Y01019,ICEMAKE,EQ,,,,,ICE MAKE REFRIGERAT LTD,623.50,634.40,619.10,628.55,621.35,623.65,,628.55,,,14078,8801212.55,1346,F1,1,,,,,
2026-10-05,2026-10-05,CM,NSE,STK,4963,INE090A01021,ICICIBANK,EQ,,,,,ICICI BANK LTD.,1311.00,1334.70,1303.70,1332.00,1332.00,1310.60,,1332.00,,,13223493,17450790020.20,165406,F1,1,,,,,
2026-10-05,2026-10-05,CM,NSE,STK,21770,INE765G01017,ICICIGI,EQ,,,,,ICICI LOMBARD GIC LIMITED,1563.00,1608.00,1561.10,1600.00,1600.00,1563.00,,1599.95,,,1196366,1909389667.00,46380,F1,1,,,,,
2026-10-05,2026-10-05,CM,NSE,STK,21254,INF109KC19U5,LOWVOLIETF,EQ,,,,,ICICI PR NIF LW VL 30 ETF,20.81,20.81,20.47,20.56,20.47,20.58,,20.56,,,2604899,53545933.82,14704,F1,1,,,,,
2026-10-05,2026-10-05,CM,NSE,STK,18652,INE726G01019,ICICIPRULI,EQ,,,,,ICICI PRU LIFE INS CO LTD,448.00,457.00,446.05,454.90,454.90,448.05,,454.88,,,1224982,554597468.25,50850,F1,1,,,,,
2026-10-05,2026-10-05,CM,NSE,STK,17702,INF109KC10W0,MIDSELIETF,EQ,,,,,ICICI PRUD MIDCAP SEL ETF,18.47,18.60,18.41,18.49,18.50,18.47,,18.49,,,301104,5566264.23,1128,F1,1,,,,,
2026-10-05,2026-10-05,CM,NSE,STK,30392,INF109KC16V9,NIF100IETF,EQ,,,,,ICICI PRUD NIFTY 100 ETF,26.25,26.70,26.25,26.38,26.31,26.33,,26.38,,,158488,4187270.54,2779,F1,1,,,,,
2026-10-05,2026-10-05,CM,NSE,STK,29553,INF109K012R6,NIFTYIETF,EQ,,,,,ICICI PRUD NIFTY ETF,257.49,257.49,254.54,256.15,256.47,255.21,,256.15,,,836360,213879609.41,23471,F1,1,,,,,
2026-10-05,2026-10-05,CM,NSE,STK,4378,INF346A01034,SENSEXIETF,EQ,,,,,ICICI PRUD SENSEX ETF,842.30,842.30,828.02,834.11,833.00,829.54,,834.42,,,62804,52253927.03,733,F1,1,,,,,
2026-10-05,2026-10-05,CM,NSE,STK,760407,INE346A01027,ICICIAMC,EQ,,,,,ICICI PRUDENTIAL AMC LTD,3085.90,3095.60,3045.00,3061.20,3057.90,3084.40,,3061.07,,,163817,502932595.70,31299,F1,1,,,,,
2026-10-05,2026-10-05,CM,NSE,STK,19679,INF109KC1NT3,GOLDIETF,EQ,,,,,ICICI PRUDENTIAL GOLD ETF,125.80,126.21,124.93,126.00,125.93,125.79,,126.00,,,8426792,1058879334.43,62244,F1,1,,,,,
2026-10-05,2026-10-05,CM,NSE,STK,17475,INF109KC11V0,NV20IETF,EQ,,,,,ICICI PRUDENTIAL NV20 ETF,12.79,12.98,12.72,12.80,12.82,12.79,,12.80,,,689915,8837572.96,3396,F1,1,,,,,
2026-10-05,2026-10-05,CM,NSE,STK,522,INF109KB15Y7,ICICIB22,EQ,,,,,ICICIPRAMC - BHARATIWIN,111.63,111.63,107.60,109.88,110.00,108.91,,109.88,,,164116,17991500.57,5492,F1,1,,,,,
2026-10-05,2026-10-05,CM,NSE,STK,30139,INF109K1A021,CASHIETF,EQ,,,,,ICICIPRAMC - CASHIETF,1083.37,1083.95,1082.28,1082.41,1082.40,1082.28,,1082.41,,,308464,333885785.92,161,F1,1,,,,,
2026-10-05,2026-10-05,CM,NSE,STK,755881,INF109K1A153,EVIETF,EQ,,,,,ICICIPRAMC - EVIETF,30.79,30.79,29.85,30.01,30.15,30.04,,30.01,,,288534,8650446.56,1087,F1,1,,,,,
2026-10-05,2026-10-05,CM,NSE,STK,13143,INF109KC18O0,GSEC10IETF,EQ,,,,,ICICIPRAMC - ICICI10GS,260.00,260.00,260.00,260.00,260.00,258.19,,260.00,,,8,2080.00,1,F1,1,,,,,
2026-10-05,2026-10-05,CM,NSE,STK,3001,INF109KC1V59,BSE500IETF,EQ,,,,,ICICIPRAMC - ICICI500,37.00,37.69,36.20,37.08,37.04,37.17,,37.08,,,477298,17676684.09,2129,F1,1,,,,,
2026-10-05,2026-10-05,CM,NSE,STK,8342,INF109KC14A8,GSEC5IETF,EQ,,,,,ICICIPRAMC - ICICI5GSEC,66.12,66.12,65.27,65.39,65.39,65.70,,65.39,,,4521,295870.14,55,F1,1,,,,,
2026-10-05,2026-10-05,CM,NSE,STK,22344,INF109KC17V7,ALPL30IETF,EQ,,,,,ICICIPRAMC - ICICIALPLV,25.89,26.03,25.77,25.86,26.03,25.90,,25.86,,,3009611,77624256.72,1682,F1,1,,,,,
2026-10-05,2026-10-05,CM,NSE,STK,7844,INF109KC10V2,AUTOIETF,EQ,,,,,ICICIPRAMC - ICICIAUTO,26.50,26.57,26.15,26.33,26.44,26.54,,26.33,,,643260,16914333.72,4249,F1,1,,,,,
2026-10-05,2026-10-05,CM,NSE,STK,11386,INF109KC18U7,PVTBANIETF,EQ,,,,,ICICIPRAMC - ICICIBANKP,27.47,27.55,26.90,27.07,27.10,27.15,,27.07,,,1543192,41900719.46,1697,F1,1,,,,,
2026-10-05,2026-10-05,CM,NSE,STK,13198,INF109KC19O8,COMMOIETF,EQ,,,,,ICICIPRAMC - ICICICOMMO,93.24,94.50,92.91,93.55,93.51,94.00,,93.48,,,82728,7740516.71,1785,F1,1,,,,,
2026-10-05,2026-10-05,CM,NSE,STK,6446,INF109KC1V42,CONSUMIETF,EQ,,,,,ICICIPRAMC - ICICICONSU,112.80,115.89,112.60,113.58,113.00,113.03,,113.53,,,10424,1181214.38,286,F1,1,,,,,
2026-10-05,2026-10-05,CM,NSE,STK,5306,INF109KC19V3,FMCGIETF,EQ,,,,,ICICIPRAMC - ICICIFMCG,48.22,48.22,47.21,47.67,47.70,47.05,,47.67,,,1219702,57905447.53,4043,F1,1,,,,,
2026-10-05,2026-10-05,CM,NSE,STK,10723,INF109KC16E5,INFRAIETF,EQ,,,,,ICICIPRAMC - ICICIINFRA,89.52,92.00,89.02,90.15,89.88,89.20,,90.14,,,100848,9046184.10,2825,F1,1,,,,,
2026-10-05,2026-10-05,CM,NSE,STK,4838,INF109KC1KT9,LIQUIDIETF,EQ,,,,,ICICIPRAMC - ICICILIQ,997.50,1000.01,997.50,999.99,1000.00,999.99,,1000.00,,,138417,138416053.65,221,F1,1,,,,,
2026-10-05,2026-10-05,CM,NSE,STK,17152,INF109KC11W8,MIDCAPIETF,EQ,,,,,ICICIPRAMC - ICICIM150,23.00,23.00,22.40,22.49,22.40,22.44,,22.49,,,5394306,121578319.69,4169,F1,1,,,,,
2026-10-05,2026-10-05,CM,NSE,STK,10585,INF109KC17C7,MOM30IETF,EQ,,,,,ICICIPRAMC - ICICIMOM30,30.11,30.17,29.82,29.96,30.05,29.82,,29.96,,,573452,17196863.51,2235,F1,1,,,,,
2026-10-05,2026-10-05,CM,NSE,STK,4529,INF109KC1NS5,NEXT50IETF,EQ,,,,,ICICIPRAMC - ICICINXT50,72.97,74.43,72.70,73.17,73.40,72.97,,73.17,,,896654,65540194.90,8953,F1,1,,,,,
2026-10-05,2026-10-05,CM,NSE,STK,3626,INF109KC1Q72,HEALTHIETF,EQ,,,,,ICICIPRAMC - ICICIPHARM,165.00,165.19,163.41,164.02,164.31,164.59,,164.02,,,209046,34258901.55,2918,F1,1,,,,,
2026-10-05,2026-10-05,CM,NSE,STK,17808,INF109KC18V5,QUAL30IETF,EQ,,,,,ICICIPRAMC - ICICIQTY30,19.61,19.98,19.54,19.57,19.72,19.54,,19.57,,,182401,3576074.82,350,F1,1,,,,,
2026-10-05,2026-10-05,CM,NSE,STK,7942,INF109KC1Y56,SILVERIETF,EQ,,,,,ICICIPRAMC - ICICISILVE,218.51,221.90,218.51,221.18,221.28,217.95,,221.18,,,2569830,565776399.21,24155,F1,1,,,,,
2026-10-05,2026-10-05,CM,NSE,STK,22365,INF109KC16I6,ITIETF,EQ,,,,,ICICIPRAMC - ICICITECH,30.29,31.95,30.29,31.39,31.56,31.07,,31.39,,,1223772,38667018.59,2452,F1,1,,,,,
2026-10-05,2026-10-05,CM,NSE,STK,764364,INF109K1A567,INSUREIETF,EQ,,,,,ICICIPRAMC - INSUREIETF,14.60,14.73,14.50,14.54,14.61,14.60,,14.54,,,589446,8587756.57,353,F1,1,,,,,
2026-10-05,2026-10-05,CM,NSE,STK,11037,INF109KC15I8,BANKIETF,EQ,,,,,ICICIPRAMC - IPRU5008,56.16,56.76,56.00,56.07,56.02,56.13,,56.07,,,4318713,242440094.29,2338,F1,1,,,,,
2026-10-05,2026-10-05,CM,NSE,STK,24861,INF109KC19W1,METALIETF,EQ,,,,,ICICIPRAMC - METALIETF,12.56,12.74,12.46,12.55,12.54,12.61,,12.55,,,9423686,118396913.03,18473,F1,1,,,,,
2026-10-05,2026-10-05,CM,NSE,STK,24533,INF109KC18W3,OILIETF,EQ,,,,,ICICIPRAMC - OILIETF,10.41,10.80,10.41,10.68,10.63,10.68,,10.68,,,1043053,11140547.40,2817,F1,1,,,,,
2026-10-05,2026-10-05,CM,NSE,STK,14584,INF109KC10S8,PSUBNKIETF,EQ,,,,,ICICIPRAMC - PSUBANKICI,81.95,82.37,80.49,80.95,80.86,80.66,,80.95,,,72226,5899629.08,1006,F1,1,,,,,
2026-10-05,2026-10-05,CM,NSE,STK,754612,INF109K1A476,SMALLIETF,EQ,,,,,ICICIPRAMC - SMALLIETF,17.94,17.94,17.47,17.61,17.60,17.69,,17.62,,,35673,630021.76,209,F1,1,,,,,
2026-10-05,2026-10-05,CM,NSE,STK,757781,INF109K1A344,TOP15IETF,EQ,,,,,ICICIPRAMC - TOP15IETF,9.17,9.22,9.12,9.17,9.18,9.13,,9.17,,,61999,568533.67,190,F1,1,,,,,
2026-10-05,2026-10-05,CM,NSE,STK,25851,INF109KC16X5,VAL30IETF,EQ,,,,,ICICIPRAMC - VAL30IETF,14.59,14.59,14.23,14.33,14.38,14.30,,14.33,,,196261,2813775.99,583,F1,1,,,,,
2026-10-05,2026-10-05,CM,NSE,STK,12578,INF109KC17L8,FINIETF,EQ,,,,,ICICIPRAMC-ICICIFIN,30.10,30.27,29.94,30.12,30.22,30.40,,30.12,,,306947,9249735.47,1805,F1,1,,,,,
2026-10-05,2026-10-05,CM,NSE,STK,14523,INE725G01011,ICRA,EQ,,,,,ICRA LIMITED,4334.60,4340.00,4249.00,4297.50,4270.00,4318.30,,4297.68,,,24260,104001340.80,4343,F1,1,,,,,
2026-10-05,2026-10-05,CM,NSE,STK,1476,INE008A01015,IDBI,EQ,,,,,IDBI BANK LIMITED,87.00,88.01,85.35,86.31,86.35,86.57,,86.32,,,11796166,1021914035.78,62476,F1,1,,,,,
2026-10-05,2026-10-05,CM,NSE,STK,17140,INE349Y01013,IDEAFORGE,EQ,,,,,IDEAFORGE TECHNO LTD,731.20,733.50,698.25,701.65,698.50,735.00,,701.57,,,334860,236353144.35,19258,F1,1,,,,,
2026-10-05,2026-10-05,CM,NSE,STK,11184,INE092T01019,IDFCFIRSTB,EQ,,,,,IDFC FIRST BANK LIMITED,80.76,82.30,80.65,82.22,82.22,80.39,,82.22,,,18439126,1508840049.22,63525,F1,1,,,,,
2026-10-05,2026-10-05,CM,NSE,STK,1482,INE076C01018,IFBAGRO,EQ,,,,,IFB AGRO INDUSTRIES LTD,855.00,878.95,855.00,872.00,868.00,866.95,,872.04,,,2243,1936439.85,325,F1,1,,,,,
2026-10-05,2026-10-05,CM,NSE,STK,1485,INE559A01017,IFBIND,EQ,,,,,IFB INDUSTRIES LTD,1175.00,1201.80,1140.00,1178.80,1174.10,1166.20,,1178.81,,,34216,40311999.60,3718,F1,1,,,,,
2026-10-05,2026-10-05,CM,NSE,STK,1491,INE039A01010,IFCI,EQ,,,,,IFCI LTD,65.50,66.93,63.93,64.28,64.10,65.14,,64.28,,,33656348,2196486844.51,103118,F1,1,,,,,
2026-10-05,2026-10-05,CM,NSE,STK,436,INE133Y01011,IFGLEXPOR,EQ,,,,,IFGL REFRACTORIES LIMITED,192.20,195.30,182.15,183.99,185.90,189.57,,183.99,,,29347,5454181.74,1411,F1,1,,,,,
2026-10-05,2026-10-05,CM,NSE,STK,759897,INE01XO07017,1225IFL27,N0,,,,,IFL 12.25% 2027,6380.00,6380.00,6380.00,6380.00,6380.00,6400.00,,6380.00,,,5,31900.00,2,F1,1,,,,,
2026-10-05,2026-10-05,CM,NSE,STK,760656,INE01XO07025,1225IFL28,N0,,,,,IFL 12.25% 2028,6363.00,6363.00,6363.00,6363.00,6363.00,6424.98,,6363.00,,,10,63630.00,1,F1,1,,,,,
2026-10-05,2026-10-05,CM,NSE,STK,634,INE188B01013,IGARASHI,EQ,,,,,IGARASHI MOTORS INDIA LTD,395.65,403.55,388.45,389.65,390.00,398.95,,389.38,,,31532,12390122.10,2041,F1,1,,,,,
2026-10-05,2026-10-05,CM,NSE,STK,761118,INE530B07633,865IIFL31,Y6,,,,,IIFL 8.65% TR I SR III,980.00,980.00,975.00,975.00,975.00,985.00,,975.00,,,1651,1609845.00,10,F1,1,,,,,
2026-10-05,2026-10-05,CM,NSE,STK,756144,INE530B07476,975IIFL28,Y0,,,,,IIFL 9.75% TR I SR VI,1035.96,1035.96,1035.96,1035.96,1035.96,1040.00,,1035.96,,,9,9323.64,1,F1,1,,,,,
2026-10-05,2026-10-05,CM,NSE,STK,13072,INE489L01022,IIFLCAPS,EQ,,,,,IIFL CAPITAL SERVICES LTD,346.90,346.90,341.55,345.20,346.00,345.60,,345.20,,,319157,110131938.85,5033,F1,1,,,,,
2026-10-05,2026-10-05,CM,NSE,STK,11809,INE530B01024,IIFL,EQ,,,,,IIFL FINANCE LIMITED,590.00,609.00,587.35,601.15,600.70,583.80,,601.10,,,1622026,969597883.80,48773,F1,1,,,,,
2026-10-05,2026-10-05,CM,NSE,STK,761122,INE530B07583,IIFL060326,YA,,,,,IIFL TR I SR VII,1025.00,1025.00,1020.50,1025.00,1025.00,1025.00,,1025.00,,,105,107402.50,4,F1,1,,,,,
2026-10-05,2026-10-05,CM,NSE,STK,761123,INE530B07625,IIFL60326,YB,,,,,IIFL TR I SR VIII,1015.00,1015.00,1015.00,1015.00,1015.00,1017.00,,1015.00,,,638,647570.00,4,F1,1,,,,,
2026-10-05,2026-10-05,CM,NSE,STK,16822,INE0LOJ01019,IKIO,EQ,,,,,IKIO TECHNOLOGIES LIMITED,195.00,200.00,190.21,192.22,193.50,190.96,,192.28,,,91418,17643469.30,2996,F1,1,,,,,
2026-10-05,2026-10-05,CM,NSE,STK,9380,INE369I01014,IL&FSENGG,BZ,,,,,IL&FS ENG AND CONS CO LTD,38.50,40.05,38.50,39.78,39.75,38.59,,39.78,,,11636,455569.41,38,F1,1,,,,,
2026-10-05,2026-10-05,CM,NSE,STK,6711,INE050B01023,IVC,EQ,,,,,IL&FS INVESTMENT MANAGERS,8.05,8.18,7.80,7.85,7.89,7.81,,7.85,,,238985,1906567.05,1263,F1,1,,,,,
2026-10-05,2026-10-05,CM,NSE,STK,9381,INE975G01012,IL&FSTRANS,BZ,,,,,IL&FS TRANS NET LTD,1.92,1.96,1.86,1.94,1.92,1.87,,1.95,,,67958,130635.43,115,F1,1,,,,,
2026-10-05,2026-10-05,CM,NSE,STK,7672,INE172N01012,IMAGICAA,EQ,,,,,IMAGICAAWORLD ENT LTD,50.85,51.99,48.61,48.76,49.00,50.70,,48.76,,,488855,24199975.70,3063,F1,1,,,,,
2026-10-05,2026-10-05,CM,NSE,STK,25881,INE691G01015,IMPEXFERRO,BZ,,,,,IMPEX FERRO TECH LIMITED,6.37,6.37,6.37,6.37,6.37,6.50,,6.21,,,308128,1962775.36,142,F1,1,,,,,
2026-10-05,2026-10-05,CM,NSE,STK,17507,INE452L01012,INCREDIBLE,EQ,,,,,INCREDIBLE INDUSTRIES LTD,32.46,32.46,30.60,31.48,31.47,31.37,,31.48,,,26959,849620.80,191,F1,1,,,,,
2026-10-05,2026-10-05,CM,NSE,STK,12009,INE547E01014,IMPAL,EQ,,,,,IND MOTOR PART & ACC LTD,1021.00,1040.00,1002.00,1026.20,1029.70,1009.10,,1026.41,,,2317,2367044.70,293,F1,1,,,,,
2026-10-05,2026-10-05,CM,NSE,STK,4870,INE915B01019,INDSWFTLAB,EQ,,,,,IND SWIFT LABORATORIES LT,399.00,410.00,383.75,385.75,385.00,395.15,,385.63,,,346248,134938737.60,8599,F1,1,,,,,
2026-10-05,2026-10-05,CM,NSE,STK,21957,INE611L01021,INDTERRAIN,EQ,,,,,IND TERRAIN FASHIONS LTD,29.22,29.50,29.15,29.36,29.20,29.22,,29.36,,,8392,245041.30,57,F1,1,,,,,
2026-10-05,2026-10-05,CM,NSE,STK,16933,INE841B01017,INDBANK,EQ,,,,,INDBANK MERCH BANK,25.70,25.70,25.00,25.17,25.29,25.20,,25.17,,,22541,568387.20,271,F1,1,,,,,
2026-10-05,2026-10-05,CM,NSE,STK,29678,INE0O9T01021,BAJAJINDEF,EQ,,,,,INDEF MANUFACTURING LTD,209.03,211.71,201.00,202.19,203.99,208.52,,202.19,,,20558,4198212.28,779,F1,1,,,,,
2026-10-05,2026-10-05,CM,NSE,STK,23693,INE065X01017,INDGN,EQ,,,,,INDEGENE LIMITED,598.25,605.50,588.00,598.45,597.00,593.50,,598.45,,,510522,305671537.70,30939,F1,1,,,,,
2026-10-05,2026-10-05,CM,NSE,STK,1521,INE560A01023,INDIAGLYCO,EQ,,,,,INDIA GLYCOLS LTD,300.00,307.80,296.05,303.35,303.00,298.80,,303.34,,,285941,86752922.60,8985,F1,1,,,,,
2026-10-05,2026-10-05,CM,NSE,STK,4747,INE092B01025,INDNIPPON,EQ,,,,,INDIA NIPPON ELECT  LTD,1237.90,1253.60,1205.00,1220.30,1219.60,1224.40,,1220.29,,,40393,49380191.90,4982,F1,1,,,,,
2026-10-05,2026-10-05,CM,NSE,STK,4934,INE0D6701023,IPL,EQ,,,,,INDIA PESTICIDES LIMITED,132.00,132.00,128.10,128.75,128.30,130.68,,128.74,,,167598,21671531.25,2468,F1,1,,,,,
2026-10-05,2026-10-05,CM,NSE,STK,20556,INE922K01024,INDIASHLTR,EQ,,,,,INDIA SHELTER FIN CORP L,645.00,653.60,636.70,646.60,650.00,645.60,,646.60,,,225850,146202629.60,14459,F1,1,,,,,
2026-10-05,2026-10-05,CM,NSE,STK,19299,INE353K01014,ITDC,EQ,,,,,INDIA TOUR. DEV. CO. LTD.,667.80,682.00,660.00,664.80,667.00,665.60,,664.77,,,143155,95948970.85,9168,F1,1,,,,,
2026-10-05,2026-10-05,CM,NSE,STK,24999,INE126M01010,IBULLSLTD,EQ,,,,,INDIABULLS LIMITED,30.10,30.80,29.17,29.48,29.50,29.43,,29.48,,,23357499,694973408.40,19130,F1,1,,,,,
2026-10-05,2026-10-05,CM,NSE,STK,10726,INE933S01016,INDIAMART,EQ,,,,,INDIAMART INTERMESH LTD,1620.30,1648.00,1565.10,1591.50,1593.00,1620.30,,1591.52,,,61789,98684588.90,10576,F1,1,,,,,
2026-10-05,2026-10-05,CM,NSE,STK,14309,INE562A01011,INDIANB,EQ,,,,,INDIAN BANK,801.75,817.90,801.75,810.00,810.00,793.15,,809.99,,,1043196,843589079.70,41061,F1,1,,,,,
2026-10-05,2026-10-05,CM,NSE,STK,4422,INE061A01014,INDIANCARD,EQ,,,,,INDIAN CARD CLOTHING CO.,188.37,191.99,181.24,184.82,184.00,188.37,,184.84,,,1899,353052.58,42,F1,1,,,,,
2026-10-05,2026-10-05,CM,NSE,STK,23792,INE0RRU01016,IEML,ST,,,,,INDIAN EMULSIFIERS LTD,52.30,54.60,49.80,49.80,49.80,52.40,,49.80,,,121500,6328600.00,123,F1,500,,,,,
2026-10-05,2026-10-05,CM,NSE,STK,220,INE022Q01020,IEX,EQ,,,,,INDIAN ENERGY EXC LTD,106.00,106.49,103.94,104.30,104.30,105.98,,104.28,,,3096998,324663363.75,31571,F1,1,,,,,
2026-10-05,2026-10-05,CM,NSE,STK,1530,INE323C01030,INDIANHUME,EQ,,,,,INDIAN HUME PIPE CO. LTD.,346.10,347.85,334.05,335.70,334.20,346.10,,335.73,,,23630,7997723.85,2333,F1,1,,,,,
2026-10-05,2026-10-05,CM,NSE,STK,19235,INE919H01018,IMFA,EQ,,,,,INDIAN METALS & FERRO,1187.50,1204.80,1148.20,1158.90,1161.00,1176.80,,1158.79,,,93925,109488844.00,10421,F1,1,,,,,
2026-10-05,2026-10-05,CM,NSE,STK,1624,INE242A01010,IOC,EQ,,,,,INDIAN OIL CORP LTD,132.48,134.35,129.80,130.50,130.50,131.34,,130.51,,,9644919,1267379824.58,71876,F1,1,,,,,
2026-10-05,2026-10-05,CM,NSE,STK,9348,INE565A01014,IOB,EQ,,,,,INDIAN OVERSEAS BANK,30.50,31.90,30.50,31.35,31.38,30.38,,31.35,,,4689838,146637286.66,30479,F1,1,,,,,
2026-10-05,2026-10-05,CM,NSE,STK,25033,INE0DHF01018,IPHL,SM,,,,,INDIAN PHOSPHATE LIMITED,68.80,68.80,68.80,68.80,68.80,72.65,,68.80,,,3600,247680.00,2,F1,1200,,,,,
2026-10-05,2026-10-05,CM,NSE,STK,13611,INE335Y01020,IRCTC,EQ,,,,,INDIAN RAIL TOUR CORP LTD,454.15,464.60,448.05,452.80,450.80,454.10,,452.69,,,1583641,725442673.35,66595,F1,1,,,,,
2026-10-05,2026-10-05,CM,NSE,STK,2029,INE053F01010,IRFC,EQ,,,,,INDIAN RAILWAY FIN CORP L,78.00,78.10,76.06,76.50,76.50,77.06,,76.50,,,8816833,677813805.44,59541,F1,1,,,,,
2026-10-05,2026-10-05,CM,NSE,STK,20261,INE202E01016,IREDA,EQ,,,,,INDIAN RENEWABLE ENERGY,111.68,111.86,108.50,109.00,109.00,111.00,,109.00,,,4155590,455799879.96,34653,F1,1,,,,,
2026-10-05,2026-10-05,CM,NSE,STK,762727,INE586E01020,IWP,EQ,,,,,INDIAN WOOD PRODUCTS CO L,36.46,40.83,35.01,38.73,38.80,36.46,,38.73,,,94608,3607538.43,837,F1,1,,,,,
2026-10-05,2026-10-05,CM,NSE,STK,21058,INE0PS301014,INDIFRA,SM,,,,,INDIFRA LIMITED,11.70,11.70,11.65,11.65,11.65,12.25,,11.65,,,6000,70000.00,3,F1,2000,,,,,
2026-10-05,2026-10-05,CM,NSE,STK,2048,INE09VQ01012,INDIGOPNTS,EQ,,,,,INDIGO PAINTS LIMITED,1049.30,1064.20,1033.10,1040.00,1035.00,1053.50,,1039.96,,,56278,58688885.90,10572,F1,1,,,,,
2026-10-05,2026-10-05,CM,NSE,STK,20988,INE219X23014,INDIGRID,IV,,,,,INDIGRID INFRASTRUCT TRST,169.85,173.51,169.51,169.75,169.80,169.85,,169.74,,,682473,115991408.75,18093,F1,1,,,,,
2026-10-05,2026-10-05,CM,NSE,STK,757845,INE06ST01018,INDIQUBE,EQ,,,,,INDIQUBE SPACES LIMITED,200.00,200.00,193.81,197.40,198.00,197.49,,197.40,,,101074,19795673.89,1070,F1,1,,,,,
2026-10-05,2026-10-05,CM,NSE,STK,9116,INE760F01028,INDOAMIN,EQ,,,,,INDO AMINES LIMITED,136.55,150.00,136.55,143.31,144.00,136.52,,143.31,,,590272,85390801.00,9029,F1,1,,,,,
2026-10-05,2026-10-05,CM,NSE,STK,8614,INE803D01021,INDOBORAX,EQ,,,,,INDO BORAX & CHEMICAL LTD,476.55,478.80,457.40,460.65,460.00,469.50,,460.68,,,82751,38752268.30,3219,F1,1,,,,,
2026-10-05,2026-10-05,CM,NSE,STK,11987,INE483B01026,ICIL,EQ,,,,,INDO COUNT INDUSTRIES LTD,445.90,456.60,443.55,446.20,449.00,443.65,,446.20,,,171574,76971999.45,14486,F1,1,,,,,
2026-10-05,2026-10-05,CM,NSE,STK,29025,INE622H01018,INDOFARM,EQ,,,,,INDO FARM EQUIPMENT LTD,133.99,133.99,128.50,129.43,129.50,131.77,,129.42,,,74848,9763563.75,1808,F1,1,,,,,
2026-10-05,2026-10-05,CM,NSE,STK,10993,INE156A01020,INDORAMA,EQ,,,,,INDO RAMA SYNTHETICS LTD,97.95,99.79,93.15,93.69,93.25,95.81,,93.69,,,760868,73188184.09,8078,F1,1,,,,,
2026-10-05,2026-10-05,CM,NSE,STK,13275,INE332H01014,INDOTECH,EQ,,,,,INDO TECH TRANSFORM LTD.,3414.60,3473.30,3251.10,3275.40,3290.00,3347.60,,3275.59,,,24448,82250511.70,3620,F1,1,,,,,
2026-10-05,2026-10-05,CM,NSE,STK,25608,INE337M01021,INDOTHAI,EQ,,,,,INDO THAI SEC LTD,36.70,36.94,35.42,36.94,36.94,35.19,,36.95,,,957718,35031150.22,3936,F1,1,,,,,
2026-10-05,2026-10-05,CM,NSE,STK,25503,INE250Z01010,INDOUS,EQ,,,,,INDO US BIOTECH LTD,81.00,81.00,74.15,75.50,74.15,76.75,,75.48,,,13152,1001416.71,693,F1,1,,,,,
2026-10-05,2026-10-05,CM,NSE,STK,764301,INE084101034,INDOMIM,EQ,,,,,INDO-MIM LIMITED,1292.00,1333.90,1284.90,1320.40,1326.90,1271.80,,1320.23,,,939096,1237019554.60,40906,F1,1,,,,,
2026-10-05,2026-10-05,CM,NSE,STK,6782,INE567A01028,NIPPOBATRY,EQ,,,,,INDO-NATIONAL LIMITED,322.00,323.95,317.00,318.75,317.00,314.45,,318.49,,,2579,826675.50,141,F1,1,,,,,
2026-10-05,2026-10-05,CM,NSE,STK,11677,INE873D01024,INDOCO,EQ,,,,,INDOCO REMEDIES LTD.,252.00,255.65,244.10,246.80,246.50,251.75,,246.81,,,311539,77284041.15,8692,F1,1,,,,,
2026-10-05,2026-10-05,CM,NSE,STK,757801,INE05J901018,IGCL,EQ,,,,,INDOGULF CROPSCIENCES LTD,54.62,55.93,53.00,53.40,53.35,54.62,,53.44,,,64015,3458217.16,2051,F1,1,,,,,
2026-10-05,2026-10-05,CM,NSE,STK,764708,INE716F01012,INDOKEM,EQ,,,,,INDOKEM LTD.,602.35,602.35,585.00,598.25,600.00,603.70,,597.79,,,1304,777746.30,204,F1,1,,,,,
2026-10-05,2026-10-05,CM,NSE,STK,19955,INE866K01023,WAAREEINDO,EQ,,,,,INDOSOLAR LIMITED,203.01,213.30,203.01,204.89,205.42,203.39,,204.88,,,141493,29250215.05,2436,F1,1,,,,,
2026-10-05,2026-10-05,CM,NSE,STK,3088,INE896L01010,INDOSTAR,EQ,,,,,INDOSTAR CAPITAL FIN LTD,205.76,210.05,202.56,204.33,204.32,206.35,,204.34,,,45587,9359629.97,1375,F1,1,,,,,
2026-10-05,2026-10-05,CM,NSE,STK,14952,INE227G01018,INDOWIND,EQ,,,,,INDOWIND ENERGY LTD,8.44,8.74,8.30,8.41,8.36,8.44,,8.41,,,122499,1043959.23,597,F1,1,,,,,
2026-10-05,2026-10-05,CM,NSE,STK,11262,INE203G01027,IGL,EQ,,,,,INDRAPRASTHA GAS LTD,142.79,143.57,141.50,142.10,141.95,142.79,,142.10,,,948892,135229337.62,37995,F1,1,,,,,
2026-10-05,2026-10-05,CM,NSE,STK,4751,INE681B01017,INDRAMEDCO,EQ,,,,,INDRAPRASTHA MEDICAL CORP,341.85,342.25,331.55,333.95,332.20,338.60,,333.96,,,119110,39954292.35,6526,F1,1,,,,,
2026-10-05,2026-10-05,CM,NSE,STK,23036,INE0NHL23019,INDUSINVIT,IV,,,,,INDUS INFRA TRUST,128.18,130.70,127.80,128.80,129.00,128.18,,128.87,,,535595,69112895.56,15556,F1,1,,,,,
2026-10-05,2026-10-05,CM,NSE,STK,29135,INE121J01017,INDUSTOWER,EQ,,,,,INDUS TOWERS LIMITED,381.40,381.45,375.25,380.20,380.20,376.25,,380.20,,,5862757,2223601216.00,68912,F1,1,,,,,
2026-10-05,2026-10-05,CM,NSE,STK,5258,INE095A01012,INDUSINDBK,EQ,,,,,INDUSIND BANK LIMITED,891.60,900.25,880.70,886.60,886.60,886.85,,886.60,,,2459043,2181456471.15,62601,F1,1,,,,,
2026-10-05,2026-10-05,CM,NSE,STK,762717,INE620D01011,INDPRUD,EQ,,,,,INDUSTRIAL & PRU INV CO L,6305.00,6350.00,6290.00,6350.00,6350.00,6255.50,,6350.00,,,27,170125.00,7,F1,1,,,,,
2026-10-05,2026-10-05,CM,NSE,STK,19525,INE886A01014,IITL,EQ,,,,,INDUSTRIAL INV TRUST LTD,132.56,135.00,127.10,129.40,133.50,132.56,,129.40,,,100228,13299759.96,965,F1,1,,,,,
2026-10-05,2026-10-05,CM,NSE,STK,15036,INE0MRE01011,INFINIUM,SM,,,,,INFINIUM PHARMACHEM LTD,317.40,320.85,306.00,311.80,311.80,314.25,,311.80,,,11500,3596225.00,23,F1,500,,,,,
2026-10-05,2026-10-05,CM,NSE,STK,757602,INE0MYZ01012,INFLUX,SM,,,,,INFLUX HEALTHTECH LIMITED,250.10,273.60,250.00,265.65,265.00,256.00,,265.65,,,55800,14725110.00,86,F1,600,,,,,
2026-10-05,2026-10-05,CM,NSE,STK,13751,INE663F01032,NAUKRI,EQ,,,,,INFO EDGE (I) LTD,1220.30,1241.00,1198.40,1201.70,1201.70,1200.00,,1201.70,,,2021519,2452022444.00,84762,F1,1,,,,,
2026-10-05,2026-10-05,CM,NSE,STK,11027,INE344S01016,INFOBEAN,EQ,,,,,INFOBEANS TECHNO. LTD.,144.22,151.69,144.22,148.08,148.80,143.58,,148.12,,,244306,36196923.00,3680,F1,1,,,,,
2026-10-05,2026-10-05,CM,NSE,STK,16588,INE0NNZ01013,INFOLLION,SM,,,,,INFOLLION RESEARCH SER L,168.40,168.40,153.20,160.40,160.40,154.00,,160.40,,,19200,3119340.00,36,F1,400,,,,,
2026-10-05,2026-10-05,CM,NSE,STK,13693,INE669A01022,INFOMEDIA,EQ,,,,,INFOMEDIA PRESS LIMITED,5.54,5.54,5.16,5.21,5.21,5.32,,5.21,,,9684,50783.36,60,F1,1,,,,,
2026-10-05,2026-10-05,CM,NSE,STK,1594,INE009A01021,INFY,EQ,,,,,INFOSYS LIMITED,1050.00,1052.30,1010.00,1020.50,1020.50,1035.00,,1020.49,,,12126808,12427991679.85,190921,F1,1,,,,,
2026-10-05,2026-10-05,CM,NSE,STK,1597,INE177A01018,INGERRAND,EQ,,,,,INGERSOLL-RAND INDIA LTD,4158.80,4224.10,4135.00,4154.20,4168.70,4158.80,,4154.40,,,7413,30922634.30,1892,F1,1,,,,,
2026-10-05,2026-10-05,CM,NSE,STK,25323,INE0S1D01010,INNOMET,ST,,,,,INNOMET ADVANCED MATERI L,292.00,294.00,277.00,281.00,281.00,280.00,,281.00,,,27000,7729320.00,36,F1,600,,,,,
2026-10-05,2026-10-05,CM,NSE,STK,21062,INE0DUT01020,INNOVACAP,EQ,,,,,INNOVA CAPTAB LIMITED,1168.50,1193.00,1119.80,1145.40,1143.10,1168.00,,1145.34,,,102598,117193136.30,11498,F1,1,,,,,
2026-10-05,2026-10-05,CM,NSE,STK,27754,INE403Y01018,INNOVANA,EQ,,,,,INNOVANA THINKLABS LTD,292.85,304.85,287.55,302.30,300.00,290.20,,302.29,,,27710,8237348.85,784,F1,1,,,,,
2026-10-05,2026-10-05,CM,NSE,STK,761528,INE0ADB01012,INNOVISION,EQ,,,,,INNOVISION LIMITED,258.00,258.00,248.00,254.25,256.80,253.00,,254.29,,,15235,3847415.15,691,F1,1,,,,,
2026-10-05,2026-10-05,CM,NSE,STK,12188,INE510W01014,INOXGREEN,EQ,,,,,INOX GREEN ENERGY SER LTD,159.00,160.00,147.65,149.95,149.00,159.00,,149.97,,,3846331,580775929.21,30388,F1,1,,,,,
2026-10-05,2026-10-05,CM,NSE,STK,20607,INE616N01034,INOXINDIA,EQ,,,,,INOX INDIA LIMITED,2170.00,2202.20,2074.90,2089.10,2097.60,2168.30,,2089.09,,,300602,638026145.80,38139,F1,1,,,,,
2026-10-05,2026-10-05,CM,NSE,STK,7852,INE066P01011,INOXWIND,EQ,,,,,INOX WIND LIMITED,69.00,69.88,67.60,67.80,67.80,68.75,,67.72,,,5978012,409678909.56,25262,F1,1,,,,,
2026-10-05,2026-10-05,CM,NSE,STK,14657,INE070I01018,INSECTICID,EQ,,,,,INSECTICIDES (I) LTD,578.85,593.45,566.15,578.80,583.00,568.70,,578.80,,,15020,8640328.40,999,F1,1,,,,,
2026-10-05,2026-10-05,CM,NSE,STK,761099,INE0LGX01024,INA,EQ,,,,,INSOLATION ENERGY LIMITED,87.95,89.22,83.05,83.44,83.12,87.02,,83.45,,,619352,52357127.71,5253,F1,1,,,,,
2026-10-05,2026-10-05,CM,NSE,STK,13730,INE020G01017,INSPIRISYS,EQ,,,,,INSPIRISYS SOLUTIONS LTD,84.00,85.79,83.00,83.02,83.10,83.83,,83.03,,,5653,474205.16,38,F1,1,,,,,
2026-10-05,2026-10-05,CM,NSE,STK,30323,INE418N01035,ESSENTIA,EQ,,,,,INTEGRA ESSENTIA LIMITED,1.01,1.04,1.00,1.01,1.03,1.00,,1.01,,,2071789,2109693.80,609,F1,1,,,,,
2026-10-05,2026-10-05,CM,NSE,STK,11903,INE02EE01019,IPSL,SM,,,,,INTEGRATED PERSO SER LTD,190.00,219.00,190.00,210.00,210.00,185.90,,210.00,,,13500,2684975.00,7,F1,500,,,,,
2026-10-05,2026-10-05,CM,NSE,STK,757902,INE0YSH01017,INTEGRITY,SM,,,,,INTEGRITY INFRABUILD DE L,191.50,191.50,191.50,191.50,191.50,184.00,,191.50,,,1200,229800.00,1,F1,1200,,,,,
2026-10-05,2026-10-05,CM,NSE,STK,5926,INE306R01017,INTELLECT,EQ,,,,,INTELLECT DESIGN ARENA,619.00,619.00,593.65,600.20,601.00,610.95,,600.22,,,306571,184882808.30,26007,F1,1,,,,,
2026-10-05,2026-10-05,CM,NSE,STK,20071,INE781A01025,INTENTECH,EQ,,,,,INTENSE TECHNOLOGIES LTD,81.56,81.56,80.00,80.58,80.10,81.98,,80.54,,,19297,1555128.30,230,F1,1,,,,,
2026-10-05,2026-10-05,CM,NSE,STK,24909,INE00M901018,INTERARCH,EQ,,,,,INTERARCH BLDNG SOLTN LTD,1664.60,1685.10,1641.60,1661.70,1658.50,1666.90,,1661.72,,,35888,59502231.80,3943,F1,1,,,,,
2026-10-05,2026-10-05,CM,NSE,STK,11195,INE646L01027,INDIGO,EQ,,,,,INTERGLOBE AVIATION LTD,4945.00,4999.00,4907.70,4935.00,4935.00,4929.90,,4935.00,,,404828,2000254683.20,46032,F1,1,,,,,
2026-10-05,2026-10-05,CM,NSE,STK,22770,INE0OPC01015,INM,SM,,,,,INTERIORS & MORE LIMITED,141.00,141.00,140.00,141.00,141.00,140.05,,141.00,,,4200,591600.00,7,F1,600,,,,,
2026-10-05,2026-10-05,CM,NSE,STK,5606,INE575C01027,INTLCONV,EQ,,,,,INTL CONVEYORS LIMITED,82.30,82.30,80.00,80.06,80.00,80.03,,80.10,,,34181,2749779.95,428,F1,1,,,,,
2026-10-05,2026-10-05,CM,NSE,STK,28378,INE0Q9301021,IGIL,EQ,,,,,INTL GEMOLOGICAL INST LTD,317.90,320.70,311.00,316.25,315.05,311.95,,316.25,,,422079,133409149.90,10713,F1,1,,,,,
2026-10-05,2026-10-05,CM,NSE,STK,18483,INE566K01011,ISFT,BE,,,,,INTRASOFT TECH. LTD,97.91,101.00,93.50,99.82,98.20,97.91,,99.82,,,10417,1011139.50,133,F1,1,,,,,
2026-10-05,2026-10-05,CM,NSE,STK,24870,INE878H01024,INVENTURE,EQ,,,,,INVENTURE GRO & SEC LTD,0.86,0.86,0.85,0.85,0.85,0.85,,0.85,,,449348,382921.75,286,F1,1,,,,,
2026-10-05,2026-10-05,CM,NSE,STK,28125,INE115Q01022,IKS,EQ,,,,,INVENTURUS KNOWLEDGE SO L,1791.00,1798.30,1742.50,1766.80,1751.20,1776.40,,1766.68,,,119886,212500237.10,13150,F1,1,,,,,
2026-10-05,2026-10-05,CM,NSE,STK,18292,INF205KA1BP1,IVZINGOLD,EQ,,,,,INVESCO INDIA GOLD ETF,128.35,128.35,126.60,128.20,128.30,128.00,,128.20,,,77113,9863967.05,578,F1,1,,,,,
2026-10-05,2026-10-05,CM,NSE,STK,24217,INF205KA1CC7,IVZINNIFTY,EQ,,,,,INVESCO INDIA NIFTY ETF,264.96,264.96,257.89,259.22,259.07,258.50,,259.22,,,1625,421103.26,65,F1,1,,,,,
2026-10-05,2026-10-05,CM,NSE,STK,762725,INE155E01016,INVPRECQ,BE,,,,,INVESTMENT & PREC CAST L,1639.00,1651.00,1580.10,1612.10,1630.00,1595.20,,1609.28,,,4896,7929194.60,253,F1,1,,,,,
2026-10-05,2026-10-05,CM,NSE,STK,760139,INE0XJ501010,INVICTA,SM,,,,,INVICTA DIAGNOSTIC LTD,66.10,66.10,66.10,66.10,66.10,66.55,,66.10,,,1600,105760.00,1,F1,1600,,,,,
2026-10-05,2026-10-05,CM,NSE,STK,20413,INE485C01029,IOLCP,EQ,,,,,IOL CHEM AND PHARMA LTD,211.48,214.40,204.35,205.71,206.00,209.39,,205.70,,,2946260,616005939.90,40615,F1,1,,,,,
2026-10-05,2026-10-05,CM,NSE,STK,1630,INE570A01022,IONEXCHANG,EQ,,,,,ION EXCHANGE (INDIA) LTD,405.05,410.00,397.10,401.75,401.50,406.40,,401.75,,,203327,81781726.65,14108,F1,1,,,,,
2026-10-05,2026-10-05,CM,NSE,STK,764713,INE558A01019,IPRINGLTD,EQ,,,,,IP RINGS LTD.,135.05,144.00,135.00,137.15,137.20,141.95,,137.15,,,1997,275769.42,67,F1,1,,,,,
2026-10-05,2026-10-05,CM,NSE,STK,1633,INE571A01038,IPCALAB,EQ,,,,,IPCA LABORATORIES LTD,1973.70,1984.90,1930.30,1951.30,1936.00,1943.20,,1951.30,,,210605,413117071.70,32579,F1,1,,,,,
2026-10-05,2026-10-05,CM,NSE,STK,15313,INE821I01022,IRB,EQ,,,,,IRB INFRA DEV LTD.,17.05,17.30,16.80,16.87,16.92,17.00,,16.87,,,10276300,174193700.06,23245,F1,1,,,,,
2026-10-05,2026-10-05,CM,NSE,STK,20817,INE183W23014,IRBINVIT,IV,,,,,IRB INVIT FUND,64.09,64.24,63.70,63.93,63.94,63.80,,63.93,,,593791,37978578.52,7581,F1,1,,,,,
2026-10-05,2026-10-05,CM,NSE,STK,4986,INE962Y01021,IRCON,EQ,,,,,IRCON INTERNATIONAL LTD,110.25,111.11,106.25,106.88,106.98,110.25,,106.88,,,4101437,442029844.01,42752,F1,1,,,,,
2026-10-05,2026-10-05,CM,NSE,STK,1393,INE202E07153,880IREDA34,N6,,,,,IREDA 8.80NCDTR I SR IIIB,1270.00,1270.00,1266.00,1266.00,1266.00,1290.00,,1261.04,,,112,142192.00,2,F1,1,,,,,
2026-10-05,2026-10-05,CM,NSE,STK,2275,INE01GN01025,IRISDOREME,EQ,,,,,IRIS CLOTHINGS LIMITED,62.00,62.00,57.72,59.69,60.00,60.46,,59.69,,,439369,26104042.37,3868,F1,1,,,,,
2026-10-05,2026-10-05,CM,NSE,STK,6489,INE864K01010,IRIS,EQ,,,,,IRIS REGTECH SOLUTION LTD,225.10,227.13,219.11,220.46,220.00,225.10,,220.48,,,5596,1240687.90,343,F1,1,,,,,
2026-10-05,2026-10-05,CM,NSE,STK,19597,INE07U701015,IRMENERGY,EQ,,,,,IRM ENERGY LIMITED,260.90,264.80,256.80,259.50,259.00,257.70,,259.49,,,47444,12323279.90,2858,F1,1,,,,,
2026-10-05,2026-10-05,CM,NSE,STK,763789,INE413U07475,920ISF28,N0,,,,,ISF 9.20% 2028,9750.00,9865.00,9466.80,9865.00,9865.00,9661.27,,9865.00,,,49,474274.66,15,F1,1,,,,,
2026-10-05,2026-10-05,CM,NSE,STK,760991,INE413U07467,925ISF29,N0,,,,,ISF 9.25% 2029 SR B,9791.00,9791.00,9791.00,9791.00,9791.00,9708.22,,9791.00,,,3,29373.00,2,F1,1,,,,,
2026-10-05,2026-10-05,CM,NSE,STK,757708,INE413U07426,950ISF27C,N0,,,,,ISF 9.50% 2027,9920.10,9920.10,9920.00,9920.00,9920.00,9964.59,,9920.00,,,10,99200.50,3,F1,1,,,,,
2026-10-05,2026-10-05,CM,NSE,STK,3329,INE858B01029,ISGEC,EQ,,,,,ISGEC HEAVY ENG LTD,924.45,926.10,892.40,899.30,897.80,919.70,,899.34,,,88849,80249501.15,12459,F1,1,,,,,
2026-10-05,2026-10-05,CM,NSE,STK,30249,INE561M01018,ISHANCH,EQ,,,,,ISHAN DYES N CHEMICALS L,48.89,48.89,45.72,47.39,47.44,47.30,,47.39,,,4869,228212.84,159,F1,1,,,,,
2026-10-05,2026-10-05,CM,NSE,STK,10995,INE0LCW01025,ISHAN,SM,,,,,ISHAN INTERNATIONAL LTD,0.50,0.50,0.45,0.50,0.50,0.45,,0.50,,,144000,69600.00,3,F1,48000,,,,,
2026-10-05,2026-10-05,CM,NSE,STK,22645,INE0R7R01018,ITALIANE,SM,,,,,ITALIAN EDIBLES LIMITED,29.60,29.60,28.20,28.20,28.20,29.20,,28.20,,,4000,115600.00,2,F1,2000,,,,,
2026-10-05,2026-10-05,CM,NSE,STK,29251,INE379A01028,ITCHOTELS,EQ,,,,,ITC HOTELS LIMITED,159.80,160.80,158.11,158.96,159.00,158.51,,158.96,,,922569,147011682.38,16902,F1,1,,,,,
2026-10-05,2026-10-05,CM,NSE,STK,1660,INE154A01025,ITC,EQ,,,,,ITC LTD,260.95,269.80,259.00,268.90,268.90,255.90,,268.88,,,49020716,12945112202.95,189741,F1,1,,,,,
2026-10-05,2026-10-05,CM,NSE,STK,1675,INE248A01017,ITI,EQ,,,,,ITI LTD,241.70,245.49,238.55,240.75,241.00,241.54,,240.77,,,171192,41472358.54,6807,F1,1,,,,,
2026-10-05,2026-10-05,CM,NSE,STK,764723,INE478D01014,ITL,EQ,,,,,ITL INDUSTRIES LTD.,356.60,356.60,343.05,355.40,356.60,348.00,,348.75,,,827,288178.25,60,F1,1,,,,,
2026-10-05,2026-10-05,CM,NSE,STK,759041,INE056801025,IVALUE,EQ,,,,,IVALUE INFOSOLUTIONS LTD,221.69,232.00,221.47,228.29,229.00,219.28,,228.29,,,215545,49156311.96,3944,F1,1,,,,,
2026-10-05,2026-10-05,CM,NSE,STK,8857,INE043C01018,IVP,BE,,,,,IVP LIMITED,225.05,231.99,216.32,219.17,222.90,224.81,,220.41,,,22928,5166101.40,168,F1,1,,,,,
2026-10-05,2026-10-05,CM,NSE,STK,757644,INE1AII01014,IWARE,ST,,,,,IWARE SUPPLYCHAIN SER LTD,398.95,398.95,372.05,372.30,372.20,388.00,,372.30,,,15600,5884380.00,24,F1,600,,,,,
2026-10-05,2026-10-05,CM,NSE,STK,14174,INE848A01014,IZMO,EQ,,,,,IZMO LIMITED,859.95,894.45,850.10,870.70,870.00,855.95,,870.71,,,89447,77925716.80,6287,F1,1,,,,,
2026-10-05,2026-10-05,CM,NSE,STK,5633,INE168A01041,J&KBANK,EQ,,,,,J & K BANK LTD.,141.38,143.46,139.83,141.53,140.69,139.98,,141.53,,,3523704,497383211.01,43909,F1,1,,,,,
2026-10-05,2026-10-05,CM,NSE,STK,23056,INE0MB501011,JGCHEM,EQ,,,,,J.G.CHEMICALS LIMITED,610.90,628.75,605.00,609.65,611.00,610.30,,609.64,,,297878,183206433.60,11017,F1,1,,,,,
2026-10-05,2026-10-05,CM,NSE,STK,13211,INE199G01027,JAGRAN,EQ,,,,,JAGRAN PRAKASHAN LIMITED,61.55,62.00,61.11,61.33,61.18,61.55,,61.24,,,134875,8288783.80,1998,F1,1,,,,,
2026-10-05,2026-10-05,CM,NSE,STK,4410,INE048B01035,JAGSNPHARM,EQ,,,,,JAGSONPAL PHARMACEUTICALS,232.49,235.39,227.00,229.47,228.00,231.73,,229.47,,,146699,33959296.55,3606,F1,1,,,,,
2026-10-05,2026-10-05,CM,NSE,STK,11256,INE091G01026,JAIBALAJI,EQ,,,,,JAI BALAJI INDUSTRIES LTD,63.37,63.37,59.51,61.12,61.50,61.72,,61.12,,,375785,22849034.08,2919,F1,1,,,,,
2026-10-05,2026-10-05,CM,NSE,STK,5143,INE070D01027,JAICORPLTD,EQ,,,,,JAI CORP LIMITED,88.20,90.39,87.51,88.49,88.00,89.54,,88.45,,,333789,29569984.90,4813,F1,1,,,,,
2026-10-05,2026-10-05,CM,NSE,STK,25684,IN9175A01010,JISLDVREQS,EQ,,,,,JAIN DVR EQUITY SHARES,18.70,19.50,18.53,18.89,19.19,18.71,,18.89,,,6745,126280.16,251,F1,1,,,,,
2026-10-05,2026-10-05,CM,NSE,STK,10397,INE175A01038,JISLJALEQS,EQ,,,,,JAIN IRRIGATION SYSTEMS,27.45,27.83,26.70,26.81,26.72,27.30,,26.81,,,1197115,32447592.12,3728,F1,1,,,,,
2026-10-05,2026-10-05,CM,NSE,STK,759244,INE0YD401026,JAINREC,EQ,,,,,JAIN RESOURCE RECYCLING L,285.60,292.75,282.50,290.45,290.00,282.50,,290.45,,,699536,201870721.35,20440,F1,1,,,,,
2026-10-05,2026-10-05,CM,NSE,STK,758306,INE0XIL01012,JAINIK,ST,,,,,JAINIK POWER CABLES LTD,186.35,186.35,186.35,186.35,186.35,186.80,,186.35,,,1200,223620.00,1,F1,1200,,,,,
2026-10-05,2026-10-05,CM,NSE,STK,11763,INE351F01018,JPPOWER,EQ,,,,,JAIPRAKASH POWER VEN. LTD,15.00,15.10,14.86,14.91,14.91,14.80,,14.91,,,31282813,467986512.33,1159623,F1,1,,,,,
2026-10-05,2026-10-05,CM,NSE,STK,20930,INE349X01015,JALAN,ST,,,,,JALAN TRANSOLU. INDIA LTD,1.60,1.60,1.60,1.60,1.60,1.65,,1.60,,,24000,38400.00,5,F1,3000,,,,,
2026-10-05,2026-10-05,CM,NSE,STK,20778,INE039C01032,JAMNAAUTO,EQ,,,,,JAMNA AUTO IND LTD,132.51,134.88,131.71,134.45,134.02,131.66,,134.43,,,1040621,138709473.28,23905,F1,1,,,,,
2026-10-05,2026-10-05,CM,NSE,STK,22663,INE953L01027,JSFB,EQ,,,,,JANA SMALL FIN BANK LTD,487.45,501.85,483.25,498.60,496.20,482.40,,498.59,,,673840,334173846.85,34202,F1,1,,,,,
2026-10-05,2026-10-05,CM,NSE,STK,759951,INE00YJ01010,JARO,EQ,,,,,JARO INS OF TEC MG N RE L,414.30,414.30,401.15,405.15,403.00,408.40,,405.17,,,103783,42165000.20,2640,F1,1,,,,,
2026-10-05,2026-10-05,CM,NSE,STK,13982,INE039O01029,JASH,EQ,,,,,JASH ENGINEERING LIMITED,582.00,605.00,581.00,598.10,596.80,576.30,,598.12,,,495530,296113353.45,22352,F1,1,,,,,
2026-10-05,2026-10-05,CM,NSE,STK,25037,INE0SMY01017,JAYBEE,SM,,,,,JAY BEE LAMINATIONS LTD,94.25,95.85,93.05,93.70,94.00,92.35,,93.70,,,9500,892350.00,18,F1,500,,,,,
2026-10-05,2026-10-05,CM,NSE,STK,1708,INE571B01036,JAYBARMARU,EQ,,,,,JAY BHARAT MARUTI LTD,133.00,133.00,127.10,127.98,128.00,130.80,,127.98,,,323573,41871946.03,5507,F1,1,,,,,
2026-10-05,2026-10-05,CM,NSE,STK,10892,INE0J6801010,KORE,ST,,,,,JAY JALARAM TECHNO LTD,188.00,191.00,184.50,191.00,191.00,183.80,,191.00,,,6750,1274400.00,16,F1,250,,,,,
2026-10-05,2026-10-05,CM,NSE,STK,4041,INE785A01026,JAYAGROGN,EQ,,,,,JAYANT AGRO ORGANICS LTD,213.60,218.38,210.25,211.82,213.00,211.22,,211.82,,,11264,2415640.74,467,F1,1,,,,,
2026-10-05,2026-10-05,CM,NSE,STK,2331,INE854B01010,JAYNECOIND,EQ,,,,,JAYASWAL NECO INDUSTR LTD,91.10,93.39,90.00,91.00,91.06,91.28,,91.00,,,2941585,268262862.12,25219,F1,1,,,,,
2026-10-05,2026-10-05,CM,NSE,STK,759159,INE1AE401014,JAYESH,SM,,,,,JAYESH LOGISTICS LIMITED,118.95,119.00,117.00,118.85,119.00,115.30,,118.85,,,51000,6005950.00,18,F1,1000,,,,,
2026-10-05,2026-10-05,CM,NSE,STK,760073,INE903A01025,JAYKAY,EQ,,,,,JAYKAY ENTERPRISES LTD,203.45,230.00,203.45,221.97,224.85,201.46,,221.94,,,5652546,1243765857.38,82103,F1,1,,,,,
2026-10-05,2026-10-05,CM,NSE,STK,766244,IN9903A01015,JAYKAYPP,E1,,,,,JAYKAY RE.0.50 PPD UP,157.13,187.00,155.50,175.78,176.30,157.14,,175.98,,,39253,6752095.63,517,F1,1,,,,,
2026-10-05,2026-10-05,CM,NSE,STK,1720,INE364A01020,JAYSREETEA,EQ,,,,,JAYSHREE TEA & INDUSTRIES,84.95,85.00,81.61,82.70,82.15,83.65,,82.79,,,35363,2940485.33,647,F1,1,,,,,
2026-10-05,2026-10-05,CM,NSE,STK,11655,INE927D01051,JBMA,EQ,,,,,JBM AUTO LIMITED,550.00,557.00,540.60,544.55,543.00,544.65,,544.55,,,186164,101899183.70,14340,F1,1,,,,,
2026-10-05,2026-10-05,CM,NSE,STK,758115,INE0J5801029,JSLL,EQ,,,,,JEENA SIKHO LIFECARE LTD,483.90,486.25,445.65,449.90,448.20,480.80,,449.90,,,1610523,737235836.90,68504,F1,1,,,,,
2026-10-05,2026-10-05,CM,NSE,STK,764728,INE354A01013,JENBURPH,EQ,,,,,JENBURKT PHARMACEUTICAL L,919.90,934.00,897.25,900.40,912.95,915.25,,900.39,,,1262,1147192.40,107,F1,1,,,,,
2026-10-05,2026-10-05,CM,NSE,STK,7211,INE982V01025,JETFREIGHT,EQ,,,,,JET FREIGHT LOGISTICS LTD,19.94,20.25,19.07,19.85,19.70,19.59,,19.82,,,184688,3628913.26,2176,F1,1,,,,,
2026-10-05,2026-10-05,CM,NSE,STK,25147,INE0RXB01022,JEYYAM,SM,,,,,JEYYAM GLOBAL FOODS LTD,20.10,20.50,19.80,20.45,20.50,20.00,,20.45,,,32000,645700.00,16,F1,2000,,,,,
2026-10-05,2026-10-05,CM,NSE,STK,10885,INE0LA901015,JFLLIFE,SM,,,,,JFL LIFE SCIENCES LIMITED,10.25,10.25,10.25,10.25,10.25,10.00,,10.25,,,12000,123000.00,1,F1,6000,,,,,
2026-10-05,2026-10-05,CM,NSE,STK,13720,INE544H01014,JHS,EQ,,,,,JHS SVEND. LAB. LTD,11.89,12.15,10.53,10.53,10.53,11.70,,10.53,,,1114692,11918323.51,1804,F1,1,,,,,
2026-10-05,2026-10-05,CM,NSE,STK,24147,INE03DD01011,RETAIL,BE,,,,,JHS SVENDGAARD RETAIL V L,36.39,36.39,33.19,33.19,33.19,34.93,,33.10,,,27744,995678.66,69,F1,1,,,,,
2026-10-05,2026-10-05,CM,NSE,STK,31507,INE147P01019,JPOLYINVST,EQ,,,,,JIND POL INV & FIN CO LTD,900.00,925.00,885.00,891.20,885.10,911.00,,891.07,,,5572,5016309.70,825,F1,1,,,,,
2026-10-05,2026-10-05,CM,NSE,STK,13875,INE742C01031,JINDRILL,EQ,,,,,JINDAL DRILLING IND. LTD,587.65,593.90,583.15,585.95,586.20,587.65,,585.93,,,99604,58581460.15,4354,F1,1,,,,,
2026-10-05,2026-10-05,CM,NSE,STK,11743,INE796G01012,JINDALPHOT,EQ,,,,,JINDAL PHOTO LIMITED,1020.40,1059.70,1020.40,1024.70,1022.00,1031.80,,1024.88,,,875,899872.90,168,F1,1,,,,,
2026-10-05,2026-10-05,CM,NSE,STK,1756,INE197D01010,JINDALPOLY,EQ,,,,,JINDAL POLY FILMS LIMITED,653.70,664.90,636.00,641.60,636.00,653.70,,641.62,,,14364,9285935.70,1024,F1,1,,,,,
2026-10-05,2026-10-05,CM,NSE,STK,3024,INE324A01032,JINDALSAW,EQ,,,,,JINDAL SAW LIMITED,270.05,277.40,270.05,275.00,274.10,270.30,,274.99,,,1309022,359468654.30,32816,F1,1,,,,,
2026-10-05,2026-10-05,CM,NSE,STK,11236,INE220G01021,JSL,EQ,,,,,JINDAL STAINLESS LIMITED,735.00,747.00,728.90,742.00,742.55,732.70,,742.00,,,393852,291386391.65,26767,F1,1,,,,,
2026-10-05,2026-10-05,CM,NSE,STK,6733,INE749A01030,JINDALSTEL,EQ,,,,,JINDAL STEEL LIMITED,1101.10,1115.80,1086.70,1097.30,1097.30,1100.50,,1097.31,,,444005,486453107.60,18210,F1,1,,,,,
2026-10-05,2026-10-05,CM,NSE,STK,766187,INE1DLO01028,JSIPL,BE,,,,,JINDAL SUPREME (INDIA) L,177.26,177.26,177.26,177.26,177.26,168.82,,179.70,,,40204,7126561.04,374,F1,1,,,,,
2026-10-05,2026-10-05,CM,NSE,STK,20642,INE247D01039,JINDWORLD,EQ,,,,,JINDAL WORLDWIDE LTD,46.45,47.20,45.10,45.37,45.48,45.82,,45.37,,,2517504,115633048.05,7985,F1,1,,,,,
2026-10-05,2026-10-05,CM,NSE,STK,759205,INE1FF001016,JKIPL,EQ,,,,,JINKUSHAL INDUSTRIES LTD,96.00,98.50,94.01,95.13,95.00,96.51,,95.13,,,3783,359385.95,131,F1,1,,,,,
2026-10-05,2026-10-05,CM,NSE,STK,18143,INE758E01017,JIOFIN,EQ,,,,,JIO FIN SERVICES LTD,213.85,213.99,210.52,212.00,212.00,212.50,,212.00,,,16101981,3410906548.16,137102,F1,1,,,,,
2026-10-05,2026-10-05,CM,NSE,STK,765307,INF22M001184,NIFTYJBLK,EQ,,,,,JIOBLACKROCKAMC-NIFTYJBLK,11.38,11.82,11.38,11.59,11.60,11.54,,11.59,,,381854,4415845.93,872,F1,1,,,,,
2026-10-05,2026-10-05,CM,NSE,STK,19691,INE863T01013,JITFINFRA,EQ,,,,,JITF INFRALOGISTICS LTD,270.60,277.90,260.60,266.50,267.90,275.45,,266.52,,,23423,6255975.70,1081,F1,1,,,,,
2026-10-05,2026-10-05,CM,NSE,STK,18558,INE0N5H01017,JIWANRAM,SM,,,,,JIWANRAM SHEODUTTRA IND L,3.95,4.25,3.95,4.05,4.05,4.40,,4.05,,,18000,73500.00,3,F1,6000,,,,,
2026-10-05,2026-10-05,CM,NSE,STK,13270,INE823G01014,JKCEMENT,EQ,,,,,JK CEMENT LIMITED,4983.00,5014.50,4903.50,4981.50,4970.00,4952.00,,4981.55,,,9705,47984563.50,3142,F1,1,,,,,
2026-10-05,2026-10-05,CM,NSE,STK,13491,INE786A01032,JKLAKSHMI,EQ,,,,,JK LAKSHMI CEMENT LTD,477.00,481.30,465.00,466.80,467.00,476.60,,466.82,,,237436,111509154.80,17051,F1,1,,,,,
2026-10-05,2026-10-05,CM,NSE,STK,11860,INE789E01012,JKPAPER,EQ,,,,,JK PAPER LIMITED,382.60,390.55,380.05,385.65,384.75,382.60,,385.53,,,164425,63451767.80,8250,F1,1,,,,,
2026-10-05,2026-10-05,CM,NSE,STK,14435,INE573A01042,JKTYRE,EQ,,,,,JK TYRE & INDUSTRIES LTD,341.10,345.75,336.55,338.85,339.50,340.35,,338.92,,,571827,195091979.80,17293,F1,1,,,,,
2026-10-05,2026-10-05,CM,NSE,STK,15266,INE576I01022,JKIL,EQ,,,,,JKUMAR INFR.LTD.,465.90,465.90,450.30,453.70,453.00,461.85,,453.69,,,44272,20132647.25,2743,F1,1,,,,,
2026-10-05,2026-10-05,CM,NSE,STK,13637,INE780C01023,JMFINANCIL,EQ,,,,,JM FINANCIAL LIMITED,125.00,126.37,122.70,123.10,123.34,123.40,,123.10,,,1028560,127491379.03,17127,F1,1,,,,,
2026-10-05,2026-10-05,CM,NSE,STK,23621,INE0OAF01028,JNKINDIA,EQ,,,,,JNK INDIA LIMITED,432.70,446.65,430.45,432.20,434.40,432.70,,432.18,,,70571,30899184.85,4306,F1,1,,,,,
2026-10-05,2026-10-05,CM,NSE,STK,16927,INE839G01010,JOCIL,EQ,,,,,JOCIL LIMITED,149.99,149.99,145.65,147.84,148.39,145.22,,147.84,,,2559,381609.63,65,F1,1,,,,,
2026-10-05,2026-10-05,CM,NSE,STK,762623,INE515A01019,COCKERILL,EQ,,,,,JOHN COCKERILL INDIA LTD.,7920.00,8026.50,7826.00,7868.50,7826.00,7989.00,,7869.47,,,1721,13606803.00,525,F1,1,,,,,
2026-10-05,2026-10-05,CM,NSE,STK,758460,INE718I01012,JSWCEMENT,EQ,,,,,JSW CEMENT LIMITED,112.00,113.31,109.86,111.09,110.67,111.60,,111.09,,,1631122,181546358.35,31382,F1,1,,,,,
2026-10-05,2026-10-05,CM,NSE,STK,1467,INE133A01011,JSWDULUX,EQ,,,,,JSW DULUX LIMITED,3048.40,3058.50,2928.90,2964.80,2979.30,3020.60,,2964.74,,,48643,144091476.00,11126,F1,1,,,,,
2026-10-05,2026-10-05,CM,NSE,STK,17869,INE121E01018,JSWENERGY,EQ,,,,,JSW ENERGY LIMITED,485.85,491.80,483.25,491.80,491.80,485.00,,491.79,,,1014257,494739707.65,26621,F1,1,,,,,
2026-10-05,2026-10-05,CM,NSE,STK,11880,INE824G01012,JSWHL,EQ,,,,,JSW HOLDINGS LIMITED,11205.00,11417.00,11108.00,11350.00,11380.00,11258.00,,11349.99,,,1708,19359227.00,831,F1,1,,,,,
2026-10-05,2026-10-05,CM,NSE,STK,19020,INE880J01026,JSWINFRA,EQ,,,,,JSW INFRASTRUCTURE LTD,357.50,364.00,356.05,359.40,360.00,357.45,,359.42,,,2349162,847487579.65,54383,F1,1,,,,,
2026-10-05,2026-10-05,CM,NSE,STK,11723,INE019A01038,JSWSTEEL,EQ,,,,,JSW STEEL LIMITED,1233.00,1252.40,1228.70,1235.30,1235.30,1233.00,,1235.29,,,1047395,1294392586.30,42443,F1,1,,,,,
2026-10-05,2026-10-05,CM,NSE,STK,3237,INE643A01035,JTEKTINDIA,EQ,,,,,JTEKT INDIA LIMITED,116.30,117.86,113.07,113.68,113.40,115.84,,113.68,,,114675,13160208.48,1962,F1,1,,,,,
2026-10-05,2026-10-05,CM,NSE,STK,7287,INE391J01032,JTLIND,EQ,,,,,JTL INDUSTRIES LIMITED,87.00,88.43,84.56,84.98,84.60,86.23,,84.98,,,1489386,128376946.34,14087,F1,1,,,,,
2026-10-05,2026-10-05,CM,NSE,STK,29590,INE03CC01015,JUBLCPL,EQ,,,,,JUBILANT AGRI N CON PRO L,2010.00,2072.40,1991.00,2021.80,2000.00,2037.30,,2021.80,,,8012,16141350.80,929,F1,1,,,,,
2026-10-05,2026-10-05,CM,NSE,STK,18096,INE797F01020,JUBLFOOD,EQ,,,,,JUBILANT FOODWORKS LTD,442.80,447.75,438.80,445.70,445.70,443.40,,445.69,,,949778,421929194.50,19306,F1,1,,,,,
2026-10-05,2026-10-05,CM,NSE,STK,2783,INE0BY001018,JUBLINGREA,EQ,,,,,JUBILANT INGREVIA LIMITED,638.00,645.85,625.00,632.20,628.55,638.00,,632.15,,,218343,138209023.20,12314,F1,1,,,,,
2026-10-05,2026-10-05,CM,NSE,STK,3637,INE700A01033,JUBLPHARMA,EQ,,,,,JUBILANT PHARMOVA LTD,999.80,1012.00,972.10,981.60,977.00,999.30,,981.57,,,203076,199930739.90,22717,F1,1,,,,,
2026-10-05,2026-10-05,CM,NSE,STK,7109,INE412C01023,JMA,EQ,,,,,JULLUNDUR MOT AGENCY LTD,86.26,89.60,86.26,87.07,87.00,87.64,,87.07,,,3845,335705.11,97,F1,1,,,,,
2026-10-05,2026-10-05,CM,NSE,STK,764408,INE05C901015,JNPR,EQ,,,,,JUNIPER GREEN ENERGY LTD,270.90,280.90,269.00,271.30,271.75,268.25,,271.30,,,1216951,334935928.05,33535,F1,1,,,,,
2026-10-05,2026-10-05,CM,NSE,STK,22824,INE696F01016,JUNIPER,EQ,,,,,JUNIPER HOTELS LIMITED,217.90,218.60,214.21,216.00,217.00,214.99,,216.00,,,53063,11448349.99,1205,F1,1,,,,,
2026-10-05,2026-10-05,CM,NSE,STK,18553,INE682M01020,JLHL,EQ,,,,,JUPITER LIFE LINE HOSP L,258.55,263.85,248.85,253.90,254.05,259.85,,253.90,,,495948,124657734.70,22035,F1,1,,,,,
2026-10-05,2026-10-05,CM,NSE,STK,20224,INE209L01016,JWL,EQ,,,,,JUPITER WAGONS LIMITED,224.20,226.99,218.61,223.44,222.85,223.93,,223.44,,,1604474,357447821.06,38089,F1,1,,,,,
2026-10-05,2026-10-05,CM,NSE,STK,29962,INE599M01018,JUSTDIAL,EQ,,,,,JUSTDIAL LTD.,653.15,666.10,648.00,651.35,649.95,653.15,,651.38,,,70392,46101511.30,4716,F1,1,,,,,
2026-10-05,2026-10-05,CM,NSE,STK,15146,INE668F01031,JYOTHYLAB,EQ,,,,,JYOTHY LABS LIMITED,182.91,183.17,180.00,180.93,180.88,182.91,,180.93,,,276917,50170537.17,15987,F1,1,,,,,
2026-10-05,2026-10-05,CM,NSE,STK,21334,INE980O01024,JYOTICNC,EQ,,,,,JYOTI CNC AUTOMATION LTD,1052.70,1060.00,1020.50,1029.60,1034.00,1032.10,,1028.44,,,397257,413161595.40,25507,F1,1,,,,,
2026-10-05,2026-10-05,CM,NSE,STK,758221,INE1M3T01017,JYOTIGLOBL,SM,,,,,JYOTI GLOBAL PLAST LTD,47.10,47.15,45.05,46.50,46.50,44.95,,46.50,,,26000,1208900.00,12,F1,2000,,,,,
2026-10-05,2026-10-05,CM,NSE,STK,764733,INE577D01013,JYOTIRES,EQ,,,,,JYOTI RESINS & ADHESIVE L,844.90,845.00,831.05,832.90,832.25,840.65,,832.80,,,5477,4573441.60,731,F1,1,,,,,
2026-10-05,2026-10-05,CM,NSE,STK,1802,INE197A01024,JYOTISTRUC,EQ,,,,,JYOTI STRUCTURES LTD,8.90,9.06,8.65,8.67,8.68,8.90,,8.67,,,3922651,34447300.35,4337,F1,1,,,,,
2026-10-05,2026-10-05,CM,NSE,STK,764743,INE533C01018,KJMCFIN,EQ,,,,,K J M C FINANCIAL SERV L,58.09,61.00,57.51,58.25,58.25,58.38,,58.25,,,32,1862.09,10,F1,1,,,,,
2026-10-05,2026-10-05,CM,NSE,STK,764748,INE879K01018,KMCSHIL,EQ,,,,,K M C SPECIALITY HOSP I L,172.58,175.55,166.15,169.38,168.70,171.94,,169.38,,,266436,45257876.34,6624,F1,1,,,,,
2026-10-05,2026-10-05,CM,NSE,STK,14671,INE157H01023,KMSUGAR,BE,,,,,K M SUGAR MILLS LTD,26.60,28.15,26.36,26.96,27.14,27.74,,26.99,,,169637,4566762.32,647,F1,1,,,,,
2026-10-05,2026-10-05,CM,NSE,STK,27079,INE127T01021,KPEL,EQ,,,,,K.P. ENERGY LIMITED,217.20,222.37,211.12,213.74,213.80,218.00,,213.79,,,293880,63367659.56,7903,F1,1,,,,,
2026-10-05,2026-10-05,CM,NSE,STK,23459,INE0DEZ01013,K2INFRA,SM,,,,,K2 INFRAGEN LIMITED,41.00,42.10,39.00,39.65,39.30,42.90,,39.65,,,49800,1999800.00,78,F1,600,,,,,
2026-10-05,2026-10-05,CM,NSE,STK,29192,INE0XOW01017,KKJEWELS,SM,,,,,KABRA JEWELS LIMITED,96.90,96.90,94.00,94.80,94.80,96.90,,94.80,,,29000,2793200.00,16,F1,1000,,,,,
2026-10-05,2026-10-05,CM,NSE,STK,8784,INE900B01029,KABRAEXTRU,BE,,,,,KABRAEXTRUSION,754.50,803.55,747.00,799.40,798.25,765.30,,799.34,,,142249,113117535.65,2267,F1,1,,,,,
2026-10-05,2026-10-05,CM,NSE,STK,1808,INE217B01036,KAJARIACER,EQ,,,,,KAJARIA CERAMICS LTD,1230.00,1230.00,1202.60,1214.40,1211.50,1225.10,,1214.07,,,629499,765021121.70,41777,F1,1,,,,,
2026-10-05,2026-10-05,CM,NSE,STK,1811,INE437B01014,KAKATCEM,EQ,,,,,KAKATIYA CEM SUGAR &IND L,103.01,105.90,103.01,104.79,104.80,103.09,,104.79,,,458,47772.84,35,F1,1,,,,,
2026-10-05,2026-10-05,CM,NSE,STK,25443,INE0T0L01014,KALANA,SM,,,,,KALANA ISPAT LIMITED,18.00,18.00,17.60,17.95,17.95,18.50,,17.95,,,8000,142300.00,4,F1,2000,,,,,
2026-10-05,2026-10-05,CM,NSE,STK,758558,INE227J01012,KALPATARU,EQ,,,,,KALPATARU LIMITED,271.00,279.75,270.00,272.30,271.50,273.50,,272.27,,,17262,4712542.65,762,F1,1,,,,,
2026-10-05,2026-10-05,CM,NSE,STK,1814,INE220B01022,KPIL,EQ,,,,,KALPATARU PROJECT INT LTD,1357.00,1396.60,1356.40,1378.80,1375.10,1356.40,,1378.80,,,130981,180886186.10,22422,F1,1,,,,,
2026-10-05,2026-10-05,CM,NSE,STK,2955,INE303R01014,KALYANKJIL,EQ,,,,,KALYAN JEWELLERS IND LTD,534.90,564.95,529.10,556.85,556.85,528.50,,556.87,,,13447714,7456278263.10,141286,F1,1,,,,,
2026-10-05,2026-10-05,CM,NSE,STK,15160,INE314G01014,KALYANIFRG,BE,,,,,KALYANI FORGE LIMITED,972.00,972.00,912.20,920.05,912.20,944.75,,920.06,,,1378,1283748.55,106,F1,1,,,,,
2026-10-05,2026-10-05,CM,NSE,STK,21119,INE029L01018,KICL,EQ,,,,,KALYANI INVEST CO LTD,4635.00,4774.00,4635.00,4709.80,4700.50,4693.20,,4709.80,,,1022,4807097.10,214,F1,1,,,,,
2026-10-05,2026-10-05,CM,NSE,STK,18889,INE907A01026,KSL,EQ,,,,,KALYANI STEELS LIMITED,913.00,932.85,910.05,921.30,922.90,913.00,,921.30,,,52793,48688641.40,4200,F1,1,,,,,
2026-10-05,2026-10-05,CM,NSE,STK,762732,INE411F01010,KAMAHOLD,EQ,,,,,KAMA HOLDINGS LTD.,2263.00,2273.90,2225.00,2229.30,2233.00,2263.00,,2229.60,,,1180,2646431.60,356,F1,1,,,,,
2026-10-05,2026-10-05,CM,NSE,STK,764738,INE344D01018,KAMANWALA,EQ,,,,,KAMANWALA HOUSING CONST L,16.31,17.35,16.31,16.60,16.60,17.14,,16.55,,,1172,19432.84,13,F1,1,,,,,
2026-10-05,2026-10-05,CM,NSE,STK,1826,INE967C01018,KAMATHOTEL,EQ,,,,,KAMAT HOTELS (I) LTD,238.40,248.86,236.50,245.99,247.50,237.45,,245.95,,,121580,29655683.98,3773,F1,1,,,,,
2026-10-05,2026-10-05,CM,NSE,STK,13457,INE390H01020,KAMDHENU,EQ,,,,,KAMDHENU LIMITED,37.50,38.20,36.40,36.73,36.87,37.59,,36.73,,,663573,24678535.75,6035,F1,1,,,,,
2026-10-05,2026-10-05,CM,NSE,STK,13814,INE0BTI01037,KAMOPAINTS,EQ,,,,,KAMDHENU VENTURES LIMITED,4.10,4.22,4.00,4.11,4.10,4.10,,4.11,,,123407,507080.59,551,F1,1,,,,,
2026-10-05,2026-10-05,CM,NSE,STK,25786,INE879E01037,KANANIIND,EQ,,,,,KANANI INDUSTRIES LTD,1.36,1.36,1.26,1.30,1.30,1.34,,1.30,,,167592,221435.73,386,F1,1,,,,,
2026-10-05,2026-10-05,CM,NSE,STK,762737,INE081G01019,KANCHI,EQ,,,,,KANCHI KARPOORAM LTD.,379.85,385.10,367.70,378.70,379.00,379.80,,378.61,,,772,289846.05,96,F1,1,,,,,
2026-10-05,2026-10-05,CM,NSE,STK,765090,INE398L01017,KANCOTEA,EQ,,,,,KANCO TEA & INDS. LTD.,51.40,52.95,48.60,51.69,52.94,53.00,,51.75,,,111,5672.54,9,F1,1,,,,,
2026-10-05,2026-10-05,CM,NSE,STK,11208,INE0MOT01016,KANDARP,SM,,,,,KANDARP DG SMART BPO LTD,57.00,62.00,56.70,57.00,57.00,59.65,,57.00,,,24000,1375750.00,17,F1,1000,,,,,
2026-10-05,2026-10-05,CM,NSE,STK,766021,INE877D01025,KANOHAR,EQ,,,,,KANOHAR ELECTRICALS LTD,916.00,1047.80,916.00,1020.25,1018.60,906.35,,1020.13,,,17161082,16862303839.50,516269,F1,1,,,,,
2026-10-05,2026-10-05,CM,NSE,STK,9805,INE138C01024,KANORICHEM,BE,,,,,KANORIACHEMICALS-,189.00,192.50,179.57,182.71,185.00,189.02,,182.69,,,28862,5280200.07,358,F1,1,,,,,
2026-10-05,2026-10-05,CM,NSE,STK,1782,INE694E01014,KANPRPLA,EQ,,,,,KANPUR PLASTIPACK LIMITED,246.00,260.00,246.00,252.24,256.00,245.55,,252.24,,,26865,6811605.30,747,F1,1,,,,,
2026-10-05,2026-10-05,CM,NSE,STK,1196,INE531A01024,KANSAINER,EQ,,,,,KANSAI NEROLAC PAINTS LTD,175.40,177.59,175.17,176.97,177.00,175.27,,176.97,,,241586,42693066.34,9597,F1,1,,,,,
2026-10-05,2026-10-05,CM,NSE,STK,18967,INE542Z01028,KAPSTON,EQ,,,,,KAPSTON SERVICES LIMITED,552.30,555.90,545.30,548.60,549.00,542.35,,548.60,,,68742,37752506.90,3186,F1,1,,,,,
2026-10-05,2026-10-05,CM,NSE,STK,766056,INE590T01012,KARAMTARA,EQ,,,,,KARAMTARA ENGINEERING L,410.95,434.00,405.25,416.30,420.20,410.95,,416.30,,,2128191,896973453.70,45083,F1,1,,,,,
2026-10-05,2026-10-05,CM,NSE,STK,24385,INE725L01011,KARMAENG,EQ,,,,,KARMA ENERGY LIMITED,35.80,36.60,34.00,35.90,36.00,36.33,,35.90,,,9516,336760.41,117,F1,1,,,,,
2026-10-05,2026-10-05,CM,NSE,STK,8054,INE614B01018,KTKBANK,EQ,,,,,KARNATAKA BANK LIMITED,325.00,329.90,322.30,326.75,326.10,321.60,,326.74,,,1078432,351500332.30,20439,F1,1,,,,,
2026-10-05,2026-10-05,CM,NSE,STK,19465,INE0MGA01012,KARNIKA,SM,,,,,KARNIKA INDUSTRIES LTD,120.95,123.75,116.55,120.30,119.65,123.70,,120.30,,,42000,5053350.00,26,F1,1000,,,,,
2026-10-05,2026-10-05,CM,NSE,STK,1838,INE036D01028,KARURVYSYA,EQ,,,,,KARUR VYSYA BANK LTD,326.10,330.90,320.55,324.70,325.25,325.30,,324.70,,,1950191,633618755.40,58786,F1,1,,,,,
2026-10-05,2026-10-05,CM,NSE,STK,24528,INE0SVY01018,KATARIA,SM,,,,,KATARIA INDUSTRIES LTD,163.00,167.00,158.00,161.15,161.95,159.10,,161.15,,,12600,2041140.00,20,F1,600,,,,,
2026-10-05,2026-10-05,CM,NSE,STK,15140,INE234I01028,KAUSHALYA,BE,,,,,KAUSHALYA INFRA DEV LTD.,825.00,834.00,805.00,813.35,834.00,834.00,,817.26,,,33,26743.50,11,F1,1,,,,,
2026-10-05,2026-10-05,CM,NSE,STK,21189,INE0Q2V01012,KLL,ST,,,,,KAUSHALYA LOGISTICS LTD,39.25,39.90,38.25,39.25,39.90,38.00,,39.25,,,38400,1516960.00,34,F1,800,,,,,
2026-10-05,2026-10-05,CM,NSE,STK,14972,INE455I01029,KSCL,EQ,,,,,KAVERI SEED CO. LTD.,722.55,726.00,698.00,701.55,702.90,715.10,,701.57,,,106240,75018936.50,5819,F1,1,,,,,
2026-10-05,2026-10-05,CM,NSE,STK,15248,INE641C01019,KAVDEFENCE,BE,,,,,KAVVERI DFS & WIR TEC LTD,77.67,81.48,77.60,81.48,81.48,77.60,,81.48,,,143167,11580612.87,900,F1,1,,,,,
2026-10-05,2026-10-05,CM,NSE,STK,21173,INE0RCG01017,KCEIL,SM,,,,,KAY CEE ENERGY & INFRA L,78.10,78.80,76.00,77.70,78.40,79.40,,77.70,,,13000,1011825.00,25,F1,500,,,,,
2026-10-05,2026-10-05,CM,NSE,STK,10282,INE587G01015,KAYA,BE,,,,,KAYA LIMITED,292.05,310.00,292.05,306.70,303.00,298.15,,306.60,,,2943,898917.90,87,F1,1,,,,,
2026-10-05,2026-10-05,CM,NSE,STK,12092,INE918Z01012,KAYNES,EQ,,,,,KAYNES TECHNOLOGY IND LTD,3433.00,3474.00,3371.00,3394.80,3394.80,3399.00,,3394.93,,,706676,2418562330.30,48063,F1,1,,,,,
2026-10-05,2026-10-05,CM,NSE,STK,758868,INE13ZD01013,KAYTEX,SM,,,,,KAYTEX FABRICS LIMITED,57.85,57.85,57.75,57.75,57.75,55.40,,57.75,,,1600,92480.00,2,F1,800,,,,,
2026-10-05,2026-10-05,CM,NSE,STK,10296,INE0J1E01027,KCK,ST,,,,,KCK INDUSTRIES LTD,14.50,14.80,14.30,14.65,14.75,14.10,,14.65,,,227500,3322000.00,57,F1,2500,,,,,
2026-10-05,2026-10-05,CM,NSE,STK,1841,INE805C01028,KCP,EQ,,,,,KCP LTD,154.99,158.69,153.01,155.61,155.80,154.17,,155.58,,,159779,24830269.04,2470,F1,1,,,,,
2026-10-05,2026-10-05,CM,NSE,STK,8849,INE790B01024,KCPSUGIND,BE,,,,,KCPSUGARINDUS,26.60,27.00,25.38,25.42,25.38,26.71,,25.45,,,187313,4866389.63,517,F1,1,,,,,
2026-10-05,2026-10-05,CM,NSE,STK,765105,INE348N01042,KDGREEN,EQ,,,,,KD GREEN INDUSTRIES LTD,49.70,49.70,46.81,48.29,48.00,46.76,,48.17,,,19026,918072.72,1253,F1,1,,,,,
2026-10-05,2026-10-05,CM,NSE,STK,14908,INE291D01011,KDDL,EQ,,,,,KDDL LIMITED,3980.70,4032.60,3877.00,3943.40,3935.00,3911.20,,3943.98,,,28095,110457189.30,5548,F1,1,,,,,
2026-10-05,2026-10-05,CM,NSE,STK,13260,INE389H01022,KEC,EQ,,,,,KEC INTL. LIMITED,374.90,380.70,369.00,370.55,369.00,372.35,,370.54,,,489498,182966386.20,19725,F1,1,,,,,
2026-10-05,2026-10-05,CM,NSE,STK,13310,INE878B01027,KEI,EQ,,,,,KEI INDUSTRIES LTD.,4539.00,4652.80,4510.00,4638.20,4638.20,4502.00,,4638.07,,,275897,1275971691.90,24943,F1,1,,,,,
2026-10-05,2026-10-05,CM,NSE,STK,13430,INE164B01030,KELLTONTEC,EQ,,,,,KELLTON TECH SOL LTD,12.50,12.87,12.12,12.18,12.19,12.42,,12.18,,,1591415,19565563.73,4355,F1,1,,,,,
2026-10-05,2026-10-05,CM,NSE,STK,29547,INE15DO01012,KEN,SM,,,,,KEN ENTERPRISES LIMITED,40.00,42.25,40.00,42.25,42.25,40.00,,42.25,,,4800,194700.00,4,F1,1200,,,,,
2026-10-05,2026-10-05,CM,NSE,STK,11841,INE717A01029,KENNAMET,EQ,,,,,KENNAMETAL INDIA LIMITED,4346.70,4355.50,4162.30,4193.70,4180.00,4277.50,,4193.42,,,15124,64155483.30,3926,F1,1,,,,,
2026-10-05,2026-10-05,CM,NSE,STK,13121,INE202H01019,KERNEX,EQ,,,,,KERNEX MICROSYS(I) LTD,1661.00,1677.90,1620.00,1661.80,1660.00,1643.50,,1661.64,,,104377,172036543.90,10380,F1,1,,,,,
2026-10-05,2026-10-05,CM,NSE,STK,1859,INE087A01019,KESORAMIND,EQ,,,,,KESORAM INDUSTRIES LTD,10.69,10.99,10.20,10.25,10.20,10.73,,10.25,,,1053058,10899773.45,1748,F1,1,,,,,
2026-10-05,2026-10-05,CM,NSE,STK,13381,INE401H01017,KKCL,EQ,,,,,KEWAL KIRAN CLOTHING LTD,487.00,487.00,455.60,470.40,472.95,475.65,,470.37,,,76937,35568878.60,1642,F1,1,,,,,
2026-10-05,2026-10-05,CM,NSE,STK,4157,INE681C01015,KEYFINSERV,EQ,,,,,KEYNOTE FIN SERV LTD.,244.05,244.05,237.01,237.01,237.01,244.05,,238.00,,,205,49473.25,4,F1,1,,,,,
2026-10-05,2026-10-05,CM,NSE,STK,12219,INE263M01029,RUSTOMJEE,EQ,,,,,KEYSTONE REALTORS LIMITED,361.25,372.30,355.55,368.50,370.00,361.25,,368.40,,,73016,26765671.30,2609,F1,1,,,,,
2026-10-05,2026-10-05,CM,NSE,STK,13359,INE138Y01010,KFINTECH,EQ,,,,,KFIN TECHNOLOGIES LIMITED,836.15,872.30,835.00,867.50,867.50,832.00,,867.50,,,977572,841489087.05,45768,F1,1,,,,,
2026-10-05,2026-10-05,CM,NSE,STK,433,INE834I01025,KHADIM,BE,,,,,KHADIM INDIA LIMITED,112.60,115.40,112.00,115.40,115.40,113.40,,115.45,,,26480,3037602.30,61,F1,1,,,,,
2026-10-05,2026-10-05,CM,NSE,STK,3912,INE731C01018,KHAITANLTD,EQ,,,,,KHAITAN (INDIA)LTD.,146.46,148.97,142.40,144.31,146.00,147.19,,144.31,,,970,141255.74,53,F1,1,,,,,
2026-10-05,2026-10-05,CM,NSE,STK,896,INE745B01028,KHAICHEM,EQ,,,,,KHAITAN CHEM & FERT LTD,50.00,50.50,47.50,48.03,48.10,49.22,,48.04,,,137074,6694400.75,1511,F1,1,,,,,
2026-10-05,2026-10-05,CM,NSE,STK,9641,INE060B01014,KHANDSE,EQ,,,,,KHANDWALA SECURITIES LTD,16.71,17.69,16.35,16.92,17.20,16.76,,16.92,,,3208,53981.77,72,F1,1,,,,,
2026-10-05,2026-10-05,CM,NSE,STK,766214,INE0HOL01013,KHERIAAUTO,ST,,,,,KHERIA AUTOCOMP LIMITED,97.45,98.00,91.70,91.70,91.70,96.50,,91.70,,,87600,8113200.00,62,F1,1200,,,,,
2026-10-05,2026-10-05,CM,NSE,STK,762747,INE338F01015,KLBRENG-B,EQ,,,,,KILBURN ENGINEERING LTD.,530.00,538.65,517.55,524.30,523.00,523.95,,524.08,,,101469,53416621.85,4932,F1,1,,,,,
2026-10-05,2026-10-05,CM,NSE,STK,19937,INE729D01010,KILITCH,EQ,,,,,KILITCH DRUGS INDIA LTD,229.00,248.30,220.00,233.74,232.05,218.51,,233.71,,,246614,58021080.75,4940,F1,1,,,,,
2026-10-05,2026-10-05,CM,NSE,STK,18944,INE473D01015,KINGFA,EQ,,,,,KINGFA SCI & TEC IND LTD.,6586.00,6700.00,6528.50,6669.00,6657.00,6586.50,,6668.98,,,8689,57587495.50,2756,F1,1,,,,,
2026-10-05,2026-10-05,CM,NSE,STK,19126,INE880L01014,KIOCL,EQ,,,,,KIOCL LIMITED,324.00,330.60,321.55,322.65,322.00,323.85,,322.64,,,35861,11666963.45,2355,F1,1,,,,,
2026-10-05,2026-10-05,CM,NSE,STK,762742,INE555P01013,KIRANVYPAR,EQ,,,,,KIRAN VYAPAR LTD.,180.65,185.00,173.10,179.99,179.99,179.21,,179.00,,,2295,413926.71,86,F1,1,,,,,
2026-10-05,2026-10-05,CM,NSE,STK,16639,INE415I01015,KIRIINDUS,EQ,,,,,KIRI INDUSTRIES LIMITED,546.90,557.95,542.00,542.40,543.45,544.60,,542.41,,,364409,199145832.70,8899,F1,1,,,,,
2026-10-05,2026-10-05,CM,NSE,STK,18581,INE732A01036,KIRLOSBROS,EQ,,,,,KIRLOSKAR BROTHERS LTD,1769.80,1790.60,1736.20,1742.40,1745.00,1767.60,,1742.42,,,29626,51913297.00,5197,F1,1,,,,,
2026-10-05,2026-10-05,CM,NSE,STK,18220,INE134B01017,KECL,EQ,,,,,KIRLOSKAR ELECTRIC CO LTD,119.00,129.89,119.00,125.42,124.99,120.43,,125.42,,,432446,54256328.96,8111,F1,1,,,,,
2026-10-05,2026-10-05,CM,NSE,STK,14466,INE884B01025,KIRLFER,EQ,,,,,KIRLOSKAR FERROUS IND LTD,465.05,467.25,463.50,465.00,465.00,465.85,,465.00,,,67483,31385644.55,1825,F1,1,,,,,
2026-10-05,2026-10-05,CM,NSE,STK,19025,INE250A01039,KIRLOSIND,EQ,,,,,KIRLOSKAR INDUSTRIES LTD,3470.00,3575.00,3434.00,3467.00,3498.00,3471.40,,3467.00,,,6729,23593916.60,1545,F1,1,,,,,
2026-10-05,2026-10-05,CM,NSE,STK,20936,INE146L01010,KIRLOSENG,EQ,,,,,KIRLOSKAR OIL ENG LTD,2265.00,2339.70,2231.60,2243.70,2248.90,2242.70,,2243.70,,,511911,1165066709.50,58014,F1,1,,,,,
2026-10-05,2026-10-05,CM,NSE,STK,15180,INE811A01038,KIRLPNU,EQ,,,,,KIRLOSKAR PNEUMATIC COM L,685.00,694.00,668.00,677.60,675.10,681.95,,677.61,,,63113,42799917.20,8900,F1,1,,,,,
2026-10-05,2026-10-05,CM,NSE,STK,28899,INE602G01020,KITEX,EQ,,,,,KITEX GARMENTS LTD,118.65,123.63,117.20,118.02,117.30,116.68,,118.03,,,568407,68083061.02,8019,F1,1,,,,,
2026-10-05,2026-10-05,CM,NSE,STK,760923,INE0KNW01016,KNAGRI,EQ,,,,,KN AGRI RESOURCES LIMITED,204.98,210.00,198.00,198.83,202.00,200.50,,198.83,,,3725,753945.16,169,F1,1,,,,,
2026-10-05,2026-10-05,CM,NSE,STK,763839,INE17QZ01016,KNACK,EQ,,,,,KNACK PACKAGING LIMITED,181.05,189.99,175.00,188.91,189.00,180.67,,188.91,,,3812054,698756795.19,52595,F1,1,,,,,
2026-10-05,2026-10-05,CM,NSE,STK,27084,INE0CJD01029,KMEW,EQ,,,,,KNOWLEDGE MARINE & EN W L,2950.00,3033.00,2921.70,2992.50,2998.00,2950.10,,2992.46,,,95247,284046418.40,17643,F1,1,,,,,
2026-10-05,2026-10-05,CM,NSE,STK,758431,INE1JAR25012,KRT,RR,,,,,KNOWLEDGE REALTY TRUST,113.00,113.00,112.20,112.57,112.84,112.14,,112.57,,,852071,95910754.22,9979,F1,1,,,,,
2026-10-05,2026-10-05,CM,NSE,STK,15283,INE634I01029,KNRCON,EQ,,,,,KNR CONSTRU LTD.,116.00,116.16,111.16,111.89,112.04,113.29,,111.90,,,801628,90675964.25,12191,F1,1,,,,,
2026-10-05,2026-10-05,CM,NSE,STK,18754,INE0Q7P01013,KODYTECH,ST,,,,,KODY TECHNOLAB LIMITED,1540.00,1594.00,1540.00,1576.80,1570.00,1518.90,,1576.80,,,27600,43616515.00,142,F1,100,,,,,
2026-10-05,2026-10-05,CM,NSE,STK,3009,INE080B01012,KOHINOOR,EQ,,,,,KOHINOOR FOODS LIMITED,30.03,30.52,28.40,28.95,28.40,30.03,,28.95,,,109794,3254102.81,2051,F1,1,,,,,
2026-10-05,2026-10-05,CM,NSE,STK,16827,INE760A01029,KOKUYOCMLN,EQ,,,,,KOKUYO CAMLIN LIMITED,76.55,76.55,74.00,75.82,76.00,74.77,,75.81,,,25087,1882354.50,656,F1,1,,,,,
2026-10-05,2026-10-05,CM,NSE,STK,15124,INE094I01018,KOLTEPATIL,EQ,,,,,KOLTE PATIL DEV. LTD.,421.00,432.00,413.45,430.45,432.00,418.80,,430.39,,,49735,21311976.20,3200,F1,1,,,,,
2026-10-05,2026-10-05,CM,NSE,STK,22475,INE0QEI01011,KONSTELEC,ST,,,,,KONSTELEC ENGINEERS LTD,52.50,52.50,51.00,51.00,51.00,53.65,,51.00,,,9000,461650.00,8,F1,1000,,,,,
2026-10-05,2026-10-05,CM,NSE,STK,1919,INE082A01010,KOPRAN,EQ,,,,,KOPRAN LTD,285.30,288.00,267.35,268.70,268.30,282.05,,268.70,,,401731,110204991.85,7477,F1,1,,,,,
2026-10-05,2026-10-05,CM,NSE,STK,16758,INE0O4R01018,KDL,SM,,,,,KORE DIGITAL LIMITED,44.85,44.85,44.85,44.85,44.85,47.20,,44.85,,,3450,154732.50,18,F1,150,,,,,
2026-10-05,2026-10-05,CM,NSE,STK,14858,INF174KA1HJ8,GOLD1,EQ,,,,,KOTAK GOLD ETF,122.70,122.97,121.75,122.78,122.60,122.74,,122.78,,,2029388,248598682.47,10909,F1,1,,,,,
2026-10-05,2026-10-05,CM,NSE,STK,1922,INE237A01036,KOTAKBANK,EQ,,,,,KOTAK MAHINDRA BANK LTD,418.00,424.45,413.75,416.00,416.00,418.35,,416.00,,,21967652,9187765278.75,157580,F1,1,,,,,
2026-10-05,2026-10-05,CM,NSE,STK,18102,INF174K014P6,NIFTY1,EQ,,,,,KOTAK NIFTY ETF,249.52,252.97,248.92,250.50,250.37,249.52,,250.51,,,97714,24459443.04,2870,F1,1,,,,,
2026-10-05,2026-10-05,CM,NSE,STK,15061,INF174KA1A86,PSUBANK,EQ,,,,,KOTAK PSU BANK,79.94,81.28,79.93,80.31,80.55,79.52,,80.38,,,78960,6368067.27,614,F1,1,,,,,
2026-10-05,2026-10-05,CM,NSE,STK,759885,INF174KA1XV0,CHEMICAL,EQ,,,,,KOTAKMAMC - CHEMICAL,28.76,28.76,27.82,27.95,28.03,28.20,,27.95,,,186930,5241820.62,1608,F1,1,,,,,
2026-10-05,2026-10-05,CM,NSE,STK,7412,INF174KA1IA5,ALPHA,EQ,,,,,KOTAKMAMC - KOTAKALPHA,51.27,51.83,51.07,51.40,51.35,51.28,,51.40,,,1298674,66795109.13,4518,F1,1,,,,,
2026-10-05,2026-10-05,CM,NSE,STK,10512,INF174KA1ZF8,CONS,EQ,,,,,KOTAKMAMC - KOTAKCONS,11.40,11.40,11.18,11.28,11.32,11.35,,11.28,,,62755,705717.41,289,F1,1,,,,,
2026-10-05,2026-10-05,CM,NSE,STK,2627,INF174KA1GC5,IT,EQ,,,,,KOTAKMAMC - KOTAKIT,31.77,32.37,31.15,31.32,31.21,31.15,,31.32,,,268438,8442820.17,1306,F1,1,,,,,
2026-10-05,2026-10-05,CM,NSE,STK,13950,INF174KA1LV5,LIQUID1,EQ,,,,,KOTAKMAMC - KOTAKLIQ,1134.70,1134.70,1122.15,1125.52,1125.54,1125.40,,1125.52,,,1786966,2011284525.11,1262,F1,1,,,,,
2026-10-05,2026-10-05,CM,NSE,STK,8632,INF174KA1IY5,LOWVOL1,EQ,,,,,KOTAKMAMC - KOTAKLOVOL,19.21,19.82,19.21,19.58,19.54,19.71,,19.58,,,2819220,55370594.98,12407,F1,1,,,,,
2026-10-05,2026-10-05,CM,NSE,STK,8077,INF174KA1ZC5,MIDCAP,EQ,,,,,KOTAKMAMC - KOTAKMID50,17.24,17.85,17.20,17.31,17.35,17.23,,17.31,,,564365,9772378.04,1596,F1,1,,,,,
2026-10-05,2026-10-05,CM,NSE,STK,10676,INF174KA1JF2,MNC,EQ,,,,,KOTAKMAMC - KOTAKMNC,30.90,31.40,30.80,30.95,31.13,30.90,,30.95,,,71632,2215276.98,613,F1,1,,,,,
2026-10-05,2026-10-05,CM,NSE,STK,13082,INF174KA1ZD3,SILVER1,EQ,,,,,KOTAKMAMC - KOTAKSILVE,21.37,21.55,21.27,21.51,21.53,21.18,,21.51,,,8303174,177942021.46,7180,F1,1,,,,,
2026-10-05,2026-10-05,CM,NSE,STK,11457,INF174KA1ZE1,NV20,EQ,,,,,KOTAKMAMC - KTKNV20ETF,12.77,13.34,12.77,13.20,13.22,13.10,,13.20,,,180623,2380603.57,478,F1,1,,,,,
2026-10-05,2026-10-05,CM,NSE,STK,30469,INF174KA1VW2,MID150,EQ,,,,,KOTAKMAMC - MID150,22.97,22.97,22.05,22.12,22.18,22.05,,22.12,,,40321,893712.52,361,F1,1,,,,,
2026-10-05,2026-10-05,CM,NSE,STK,759488,INF174KA1XS6,MOMENTUM30,EQ,,,,,KOTAKMAMC - MOMENTUM30,30.16,30.16,29.30,29.42,29.46,29.57,,29.42,,,40172,1182979.66,226,F1,1,,,,,
2026-10-05,2026-10-05,CM,NSE,STK,29758,INF174KA1VD2,MSCIINDIA,EQ,,,,,KOTAKMAMC - MSCIINDIA,28.05,28.17,27.85,28.04,28.05,28.03,,28.04,,,22725,636263.08,197,F1,1,,,,,
2026-10-05,2026-10-05,CM,NSE,STK,760709,INF174KA1YO3,NEXT50ETF,EQ,,,,,KOTAKMAMC - NEXT50ETF,71.54,71.54,69.50,69.79,69.80,70.14,,69.79,,,33426,2335000.01,247,F1,1,,,,,
2026-10-05,2026-10-05,CM,NSE,STK,29944,INF174KA1UW4,NIFTY100EW,EQ,,,,,KOTAKMAMC - NIFTY100EW,33.69,33.69,32.87,33.10,33.14,33.52,,33.10,,,111271,3681734.29,514,F1,1,,,,,
2026-10-05,2026-10-05,CM,NSE,STK,764195,INF174KA1A94,PVTBANK,EQ,,,,,KOTAKMAMC - PVTBANK,26.90,27.79,26.62,26.79,26.79,26.82,,26.79,,,398571,10683933.98,79,F1,1,,,,,
2026-10-05,2026-10-05,CM,NSE,STK,757946,INF174KA1WT6,QUALITY30,EQ,,,,,KOTAKMAMC - QUALITY30,19.57,19.91,19.14,19.71,19.55,19.48,,19.71,,,47755,924064.74,179,F1,1,,,,,
2026-10-05,2026-10-05,CM,NSE,STK,5851,INF174KA1ZB7,BANKNIFTY1,EQ,,,,,KOTAKMAMC-KOTAKBKETF,55.15,57.26,55.15,56.80,56.63,56.57,,56.81,,,2766811,156862650.99,1654,F1,1,,,,,
2026-10-05,2026-10-05,CM,NSE,STK,762752,INE972A01020,KOTIC,EQ,,,,,KOTHARI INDUSTRIAL CORP L,147.09,151.50,144.00,148.68,147.00,147.10,,148.74,,,11425,1694114.00,442,F1,1,,,,,
2026-10-05,2026-10-05,CM,NSE,STK,4594,INE720A01015,KOTHARIPET,EQ,,,,,KOTHARI PETROCHEM LTD,126.07,129.90,125.00,125.53,125.50,126.58,,125.53,,,39985,5052276.56,1318,F1,1,,,,,
2026-10-05,2026-10-05,CM,NSE,STK,5528,INE823A01017,KOTHARIPRO,EQ,,,,,KOTHARI PRODUCTS LTD,66.87,66.87,63.01,63.44,63.84,63.77,,63.44,,,12826,822152.44,135,F1,1,,,,,
2026-10-05,2026-10-05,CM,NSE,STK,11648,INE419A01022,KOTARISUG,BE,,,,,KOTHARI SUG & CHEM LTD.,25.25,26.20,25.25,25.83,25.99,25.68,,25.83,,,15963,411757.15,167,F1,1,,,,,
2026-10-05,2026-10-05,CM,NSE,STK,761335,INE0J0B01017,KOTYARK,EQ,,,,,KOTYARK INDUSTRIES LTD,28.75,29.50,27.81,28.26,28.00,28.23,,28.27,,,145196,4157051.95,869,F1,1,,,,,
2026-10-05,2026-10-05,CM,NSE,STK,5192,INE177F01017,KOVAI,EQ,,,,,KOVAI MEDICAL CENTER & HO,6010.00,6034.50,5940.00,5963.00,6010.00,5993.50,,5962.40,,,4350,26023417.00,954,F1,1,,,,,
2026-10-05,2026-10-05,CM,NSE,STK,5108,INE542W01025,KPIGREEN,EQ,,,,,KPI GREEN ENERGY LIMITED,345.60,348.90,320.00,321.85,322.30,345.60,,321.86,,,1547466,510059879.75,35689,F1,1,,,,,
2026-10-05,2026-10-05,CM,NSE,STK,9683,INE04I401011,KPITTECH,EQ,,,,,KPIT TECHNOLOGIES LIMITED,499.85,508.95,489.00,489.50,489.50,492.00,,489.52,,,1394781,693876932.60,28123,F1,1,,,,,
2026-10-05,2026-10-05,CM,NSE,STK,14912,INE930H01031,KPRMILL,EQ,,,,,KPR MILL LTD.,1072.00,1080.40,1052.00,1072.60,1073.90,1071.00,,1072.60,,,109665,117270505.00,11011,F1,1,,,,,
2026-10-05,2026-10-05,CM,NSE,STK,10577,INE001B01026,KRBL,EQ,,,,,KRBL LIMITED,375.90,384.20,375.00,382.15,381.55,375.90,,382.15,,,178218,67811915.00,9868,F1,1,,,,,
2026-10-05,2026-10-05,CM,NSE,STK,1937,INE268B01013,KREBSBIO,EQ,,,,,KREBS BIOCHEMICALS & IND,66.12,67.00,62.20,63.96,64.00,68.05,,63.96,,,100565,6508442.99,1297,F1,1,,,,,
2026-10-05,2026-10-05,CM,NSE,STK,11480,INE524L01026,KRIDHANINF,EQ,,,,,KRIDHAN INFRA LIMITED,1.85,1.93,1.83,1.89,1.93,1.85,,1.90,,,34177,64528.40,58,F1,1,,,,,
2026-10-05,2026-10-05,CM,NSE,STK,12847,INE506W01020,KRISHANA,EQ,,,,,KRISHANA PHOSCHEM LIMITED,186.20,186.53,178.41,185.83,186.20,184.59,,185.83,,,1043482,191541865.08,10608,F1,1,,,,,
2026-10-05,2026-10-05,CM,NSE,STK,16133,INE0NR701018,KRISHCA,SM,,,,,KRISHCA STRAPPING SLTN L,209.50,212.65,202.00,203.65,204.85,215.75,,203.65,,,21000,4326150.00,38,F1,500,,,,,
2026-10-05,2026-10-05,CM,NSE,STK,756782,INE0GGO01015,KRISHIVAL,EQ,,,,,KRISHIVAL FOODS LIMITED,399.00,414.20,399.00,406.50,408.50,394.50,,406.42,,,21443,8649063.90,483,F1,1,,,,,
2026-10-05,2026-10-05,CM,NSE,STK,761192,INE0J5601015,KRISHNADEF,EQ,,,,,KRISHNA DEF AND ALD IND L,1020.00,1201.00,1006.80,1201.00,1201.00,1000.90,,1201.00,,,1437610,1670527431.40,69385,F1,1,,,,,
2026-10-05,2026-10-05,CM,NSE,STK,4847,INE967H01025,KIMS,EQ,,,,,KRISHNA INST OF MED SCI L,739.00,747.85,700.05,705.45,708.00,736.25,,705.31,,,850822,608424158.55,36235,F1,1,,,,,
2026-10-05,2026-10-05,CM,NSE,STK,6417,INE479D01038,KRITI,EQ,,,,,KRITI INDUSTRIES IND LTD,62.00,62.00,58.12,60.92,60.99,60.77,,60.92,,,3625,216716.19,129,F1,1,,,,,
2026-10-05,2026-10-05,CM,NSE,STK,11432,INE798K01010,KRITINUT,EQ,,,,,KRITI NUTRIENTS LIMITED,68.74,69.85,66.55,69.26,69.85,66.53,,69.28,,,18547,1271259.38,373,F1,1,,,,,
2026-10-05,2026-10-05,CM,NSE,STK,9288,INE00Z501029,KRITIKA,EQ,,,,,KRITIKA WIRES LIMITED,4.91,5.04,4.69,4.78,4.81,4.91,,4.78,,,171751,836335.07,566,F1,1,,,,,
2026-10-05,2026-10-05,CM,NSE,STK,760624,INE1MTV01019,KRMAYURVED,SM,,,,,KRM AYURVEDA LIMITED,281.95,281.95,266.00,271.90,270.50,284.40,,271.90,,,177000,47997450.00,153,F1,1000,,,,,
2026-10-05,2026-10-05,CM,NSE,STK,25643,INE0Q3J01015,KRN,EQ,,,,,KRN HEAT EXCHANGE N REF L,1426.00,1441.10,1373.00,1392.70,1393.00,1414.70,,1392.80,,,222245,313364341.40,18451,F1,1,,,,,
2026-10-05,2026-10-05,CM,NSE,STK,24026,INE0ATZ01017,KRONOX,BE,,,,,KRONOX LAB SCIENCES LTD,213.00,213.00,195.49,196.81,199.80,205.77,,196.82,,,87005,17562515.26,813,F1,1,,,,,
2026-10-05,2026-10-05,CM,NSE,STK,25252,INE0O6601022,KROSS,EQ,,,,,KROSS LIMITED,260.00,264.15,252.10,253.60,253.50,258.40,,253.62,,,413785,106003506.05,9088,F1,1,,,,,
2026-10-05,2026-10-05,CM,NSE,STK,5359,INE08LI01020,KRSNAA,EQ,,,,,KRSNAA DIAGNOSTICS LTD,555.00,564.10,551.30,559.35,560.35,554.85,,559.35,,,50372,28134524.85,5216,F1,1,,,,,
2026-10-05,2026-10-05,CM,NSE,STK,23175,INE0QN801017,KRYSTAL,EQ,,,,,KRYSTAL INTEGRATED SER L,607.00,683.95,607.00,654.65,651.10,610.20,,654.61,,,41594,27082727.10,2229,F1,1,,,,,
2026-10-05,2026-10-05,CM,NSE,STK,1949,INE999A01023,KSB,EQ,,,,,KSB LIMITED,806.45,822.00,800.00,803.95,807.00,806.45,,803.92,,,168361,136355129.65,11072,F1,1,,,,,
2026-10-05,2026-10-05,CM,NSE,STK,764753,INE953E01022,KSE,EQ,,,,,KSE LTD.,177.01,177.01,173.00,174.60,174.00,174.84,,174.56,,,12774,2229424.36,222,F1,1,,,,,
2026-10-05,2026-10-05,CM,NSE,STK,760433,INE987S01020,KSHINTL,EQ,,,,,KSH INTERNATIONAL LIMITED,1031.60,1079.50,1027.30,1036.70,1037.80,1028.20,,1036.57,,,320170,336737082.60,24540,F1,1,,,,,
2026-10-05,2026-10-05,CM,NSE,STK,10412,INE013801027,KSHITIJPOL,BE,,,,,KSHITIJ POLYLINE LIMITED,3.75,3.75,3.75,3.75,3.75,3.94,,3.75,,,681473,2555523.75,452,F1,1,,,,,
2026-10-05,2026-10-05,CM,NSE,STK,11060,INE0D6I01023,KSOLVES,EQ,,,,,KSOLVES INDIA LIMITED,244.14,251.00,243.00,248.86,247.80,241.14,,248.84,,,42315,10451890.50,1702,F1,1,,,,,
2026-10-05,2026-10-05,CM,NSE,STK,759989,INE1SPP01016,KSR,BE,,,,,KSR FOOTWEAR LIMITED,37.38,38.90,37.38,38.35,38.45,37.38,,38.39,,,9977,382195.33,39,F1,1,,,,,
2026-10-05,2026-10-05,CM,NSE,STK,13870,INE529I01021,KUANTUM,EQ,,,,,KUANTUM PAPERS LIMITED,77.05,78.80,75.01,76.43,75.70,76.71,,76.42,,,126357,9723414.25,3367,F1,1,,,,,
2026-10-05,2026-10-05,CM,NSE,STK,764116,INE0ISX01025,KUSUMGAR,EQ,,,,,KUSUMGAR LIMITED,600.60,608.90,593.00,602.00,608.90,592.55,,602.00,,,509173,305520808.50,16192,F1,1,,,,,
2026-10-05,2026-10-05,CM,NSE,STK,762757,INE552U01010,KPL,EQ,,,,,KWALITY PHARMACEUTICALS L,3564.00,3664.00,3529.00,3644.20,3635.00,3564.40,,3643.84,,,23020,83289246.10,4882,F1,1,,,,,
2026-10-05,2026-10-05,CM,NSE,STK,760946,INE2KCE01013,KWIL,EQ,,,,,KWALITY WALL'S (INDIA) L,38.73,39.22,37.71,37.88,37.75,38.36,,37.88,,,7027970,268864331.04,26191,F1,1,,,,,
2026-10-05,2026-10-05,CM,NSE,STK,765100,INE341H01023,LKPSEC,EQ,,,,,L K P SECURITIES LTD.,14.60,14.70,14.00,14.26,14.16,14.56,,14.56,,,7059,99912.20,140,F1,1,,,,,
2026-10-05,2026-10-05,CM,NSE,STK,24948,INE498L01015,LTF,EQ,,,,,L&T FINANCE LIMITED,267.55,267.70,263.00,263.75,263.75,264.35,,263.75,,,4100927,1084837807.85,44221,F1,1,,,,,
2026-10-05,2026-10-05,CM,NSE,STK,18564,INE010V01017,LTTS,EQ,,,,,L&T TECHNOLOGY SER. LTD.,3305.10,3305.80,3201.00,3219.50,3215.00,3267.80,,3219.51,,,62578,202787324.70,16302,F1,1,,,,,
2026-10-05,2026-10-05,CM,NSE,STK,14423,INE059D01020,LAOPALA,EQ,,,,,LA OPALA RG LIMITED,156.50,159.53,154.00,154.47,154.50,156.11,,154.47,,,96190,15015612.72,3619,F1,1,,,,,
2026-10-05,2026-10-05,CM,NSE,STK,764761,INE519D01015,LADDERUP,BE,,,,,LADDERUP FINANCE LTD.,51.28,52.69,51.28,52.16,52.16,50.27,,52.28,,,387,20263.42,11,F1,1,,,,,
2026-10-05,2026-10-05,CM,NSE,STK,5865,INE548Z01017,LAGNAM,EQ,,,,,LAGNAM SPINTEX LIMITED,71.90,72.50,69.81,71.10,71.10,71.90,,71.10,,,2247,158900.24,49,F1,1,,,,,
2026-10-05,2026-10-05,CM,NSE,STK,762762,INE515C01023,LAHOTIOV,EQ,,,,,LAHOTI OVERSEAS LTD.,38.95,40.00,38.90,39.98,40.00,39.26,,39.98,,,479,18769.62,10,F1,1,,,,,
2026-10-05,2026-10-05,CM,NSE,STK,7902,INE850E01012,LFIC,EQ,,,,,LAKSHMI FIN IND CORP LTD,129.01,132.00,127.60,128.62,128.99,133.82,,128.62,,,1828,237709.73,111,F1,1,,,,,
2026-10-05,2026-10-05,CM,NSE,STK,764763,INE938C01019,LAKSHMIMIL,EQ,,,,,LAKSHMI MILLS CO. LTD.,7917.50,7996.50,7505.00,7855.00,7855.00,7819.50,,7871.93,,,17,133555.50,13,F1,1,,,,,
2026-10-05,2026-10-05,CM,NSE,STK,4774,INE651C01018,LAKPRE,BZ,,,,,LAKSHMI PRE SCRE LTD,5.25,5.25,5.25,5.25,5.25,5.25,,5.25,,,299,1569.75,2,F1,1,,,,,
2026-10-05,2026-10-05,CM,NSE,STK,25860,INE0VZS01015,LAKSHYA,SM,,,,,LAKSHYA POWERTECH LIMITED,101.00,101.00,97.00,97.05,97.00,101.95,,97.05,,,20000,1967720.00,20,F1,800,,,,,
2026-10-05,2026-10-05,CM,NSE,STK,765361,INE0K9O01026,LALITHAA,EQ,,,,,LALITHAA JEWELLERY MART L,390.80,406.00,385.65,392.60,393.25,387.85,,392.60,,,3852094,1524213671.60,42701,F1,1,,,,,
2026-10-05,2026-10-05,CM,NSE,STK,6407,INE112F01022,LAMBODHARA,EQ,,,,,LAMBODHARA TEXTILES LTD.,130.00,135.00,125.50,126.51,126.50,128.64,,126.51,,,20982,2729144.57,435,F1,1,,,,,
2026-10-05,2026-10-05,CM,NSE,STK,27225,INE0R0201012,LAMOSAIC,ST,,,,,LAMOSAIC INDIA LIMITED,47.10,47.30,45.00,47.30,47.30,47.35,,47.30,,,77400,3618030.00,43,F1,600,,,,,
2026-10-05,2026-10-05,CM,NSE,STK,9392,INE359U01028,LANCER,EQ,,,,,LANCER CONTAINER LINES L,11.34,11.34,11.05,11.15,11.19,11.05,,11.16,,,101261,1132746.53,536,F1,1,,,,,
2026-10-05,2026-10-05,CM,NSE,STK,23030,INE572G01025,LANCORHOL,BE,,,,,LANCOR HOLDINGS LIMITED,31.44,33.00,31.00,31.22,32.40,31.59,,31.23,,,51866,1654750.11,214,F1,1,,,,,
2026-10-05,2026-10-05,CM,NSE,STK,13276,INE559R01029,LANDMARK,EQ,,,,,LANDMARK CARS LIMITED,465.00,475.00,456.00,470.70,474.00,463.25,,470.69,,,196654,92017130.60,7947,F1,1,,,,,
2026-10-05,2026-10-05,CM,NSE,STK,16863,INE197J01017,LPDC,EQ,,,,,LANDMARK PR.DEV.CO.LTD,6.41,6.41,6.20,6.30,6.22,6.21,,6.29,,,13911,87222.11,173,F1,1,,,,,
2026-10-05,2026-10-05,CM,NSE,STK,17376,INE688J01023,LANDSMILL,EQ,,,,,LANDSMILL GREEN LIMITED,1.08,1.14,0.98,1.03,1.04,1.05,,1.03,,,20241917,21539234.60,4560,F1,1,,,,,
2026-10-05,2026-10-05,CM,NSE,STK,11483,INE018A01030,LT,EQ,,,,,LARSEN & TOUBRO LTD.,3717.00,3750.00,3707.80,3750.00,3750.00,3693.40,,3749.90,,,2323437,8660500382.10,107385,F1,1,,,,,
2026-10-05,2026-10-05,CM,NSE,STK,21723,INE670X01014,LASA,BE,,,,,LASA SUPERGENERICS LTD,5.32,5.32,5.32,5.32,5.32,5.60,,5.32,,,59554,316827.28,124,F1,1,,,,,
2026-10-05,2026-10-05,CM,NSE,STK,764126,INE17IR01028,LASERPOWER,EQ,,,,,LASER POWER & INFRA LTD,267.55,270.00,258.00,267.75,267.15,262.75,,267.75,,,523993,138812000.35,9949,F1,1,,,,,
2026-10-05,2026-10-05,CM,NSE,STK,6818,INE0I7C01011,LATENTVIEW,EQ,,,,,LATENT VIEW ANALYTICS LTD,238.00,245.00,233.49,235.68,235.00,234.48,,235.64,,,521787,123275222.50,7337,F1,1,,,,,
2026-10-05,2026-10-05,CM,NSE,STK,15840,INE262Z01023,LATTEYS,EQ,,,,,LATTEYS INDUSTRIES LTD,20.91,21.43,20.36,20.40,20.40,20.91,,20.40,,,23814,491827.46,187,F1,1,,,,,
2026-10-05,2026-10-05,CM,NSE,STK,19234,INE947Q01028,LAURUSLABS,EQ,,,,,LAURUS LABS LIMITED,1994.00,2002.00,1955.10,1971.40,1971.40,1984.00,,1970.96,,,1374138,2707374073.50,63463,F1,1,,,,,
2026-10-05,2026-10-05,CM,NSE,STK,6568,INE801V01019,LAXMICOT,EQ,,,,,LAXMI COTSPIN LIMITED,13.30,13.30,12.71,12.91,13.11,13.30,,12.91,,,13776,179062.67,92,F1,1,,,,,
2026-10-05,2026-10-05,CM,NSE,STK,29171,INE0WO601020,LAXMIDENTL,EQ,,,,,LAXMI DENTAL LIMITED,195.76,200.00,189.00,190.54,189.00,193.87,,190.53,,,40315,7753293.75,1403,F1,1,,,,,
2026-10-05,2026-10-05,CM,NSE,STK,19876,INE258Y01016,LGHL,EQ,,,,,LAXMI GOLDORNA HOUSE LTD,220.00,230.00,211.00,213.99,215.25,219.47,,213.99,,,49302,10821249.70,817,F1,1,,,,,
2026-10-05,2026-10-05,CM,NSE,STK,758863,INE06WU01026,LAXMIINDIA,EQ,,,,,LAXMI INDIA FINANCE LTD,118.11,121.19,112.10,112.94,113.04,119.02,,112.95,,,134952,15534051.79,2588,F1,1,,,,,
2026-10-05,2026-10-05,CM,NSE,STK,2841,INE576O01020,LXCHEM,EQ,,,,,LAXMI ORGANIC INDUS LTD,182.00,183.94,176.80,177.08,177.02,181.39,,177.08,,,843634,151547278.44,15847,F1,1,,,,,
2026-10-05,2026-10-05,CM,NSE,STK,7537,INE938A01021,LCCINFOTEC,BE,,,,,LCC INFOTECH LTD,3.99,4.08,3.71,3.71,3.71,3.90,,3.72,,,34658,131629.64,132,F1,1,,,,,
2026-10-05,2026-10-05,CM,NSE,STK,766044,INE1FPN01026,LCCPROJECT,EQ,,,,,LCC PROJECTS LIMITED,152.00,152.53,145.56,148.44,148.70,151.47,,148.45,,,698915,104090935.09,8210,F1,1,,,,,
2026-10-05,2026-10-05,CM,NSE,STK,760300,INE0G1L01025,LEMERITE,EQ,,,,,LE MERITE EXPORTS LIMITED,19.90,20.18,18.73,20.04,19.84,19.28,,20.04,,,177611,3525525.32,342,F1,1,,,,,
2026-10-05,2026-10-05,CM,NSE,STK,24067,INE0HV901016,IXIGO,EQ,,,,,LE TRAVENUES TECHNOLOGY L,162.00,165.51,159.71,161.00,161.00,161.90,,160.98,,,744966,120730762.81,18360,F1,1,,,,,
2026-10-05,2026-10-05,CM,NSE,STK,14204,INE0H4B01011,LRRPL,SM,,,,,LEAD REC AND RUB PROD LTD,106.00,106.00,106.00,106.00,106.00,109.95,,106.00,,,1500,159000.00,1,F1,1500,,,,,
2026-10-05,2026-10-05,CM,NSE,STK,764523,INE00GO01025,LEAPIND,EQ,,,,,LEAP INDIA LIMITED,137.50,144.90,137.50,141.35,142.30,137.03,,141.35,,,2945969,419733054.69,38975,F1,1,,,,,
2026-10-05,2026-10-05,CM,NSE,STK,765098,INE791B01014,LEENEE,BE,,,,,LEE & NEE SOFTWARES (E) L,7.58,7.70,7.22,7.49,7.47,7.59,,7.51,,,5617,41891.57,59,F1,1,,,,,
2026-10-05,2026-10-05,CM,NSE,STK,757014,INE0AQ201015,THELEELA,EQ,,,,,LEELA PALACES HOTEL LTD,566.70,581.20,562.50,577.60,578.00,568.95,,577.60,,,365031,209627378.55,29754,F1,1,,,,,
2026-10-05,2026-10-05,CM,NSE,STK,2606,INE970X01018,LEMONTREE,EQ,,,,,LEMON TREE HOTELS LTD,108.18,108.64,106.80,107.86,107.70,107.67,,107.86,,,3295164,354835279.03,32597,F1,1,,,,,
2026-10-05,2026-10-05,CM,NSE,STK,759605,INE956O01016,LENSKART,EQ,,,,,LENSKART SOLUTIONS LTD,691.50,697.95,676.30,692.75,691.90,691.15,,692.67,,,2961163,2034448429.95,70424,F1,1,,,,,
2026-10-05,2026-10-05,CM,NSE,STK,14459,INE500X01013,LEXUS,EQ,,,,,LEXUS GRANITO (INDIA) LTD,11.00,11.15,10.15,10.81,10.52,10.56,,10.81,,,22196,236753.19,219,F1,1,,,,,
2026-10-05,2026-10-05,CM,NSE,STK,18321,INE337A01034,LGBBROSLTD,EQ,,,,,LG BALAKRISHNAN & BROS,1700.00,1716.80,1650.00,1663.50,1664.00,1711.10,,1663.59,,,27779,46774312.70,4025,F1,1,,,,,
2026-10-05,2026-10-05,CM,NSE,STK,760213,INE324D01010,LGEINDIA,EQ,,,,,LG ELECTRONICS INDIA LTD,1715.00,1825.00,1715.00,1770.90,1780.00,1721.80,,1770.69,,,3145126,5656300062.00,166478,F1,1,,,,,
2026-10-05,2026-10-05,CM,NSE,STK,11082,INE908V01012,LIBAS,EQ,,,,,LIBAS CONSU PRODUCTS LTD,11.06,11.58,11.06,11.21,11.16,11.29,,11.21,,,16049,182150.40,126,F1,1,,,,,
2026-10-05,2026-10-05,CM,NSE,STK,1994,INE557B01019,LIBERTSHOE,EQ,,,,,LIBERTY SHOES LTD,217.87,219.94,211.01,212.42,212.88,216.78,,212.41,,,20788,4451007.97,1061,F1,1,,,,,
2026-10-05,2026-10-05,CM,NSE,STK,1997,INE115A01026,LICHSGFIN,EQ,,,,,LIC HOUSING FINANCE LTD,513.50,514.90,501.90,505.00,505.00,509.00,,504.94,,,1495045,758460221.35,26024,F1,1,,,,,
2026-10-05,2026-10-05,CM,NSE,STK,25640,INF767K01SM1,LICMFGOLD,EQ,,,,,LIC MF - LIC GOLD ETF,132.65,132.75,131.45,132.35,132.30,132.25,,132.35,,,231361,30561112.40,848,F1,1,,,,,
2026-10-05,2026-10-05,CM,NSE,STK,11319,INF767K01OS7,LICNETFN50,EQ,,,,,LICNAMC - LICNFENGP,254.88,255.51,252.63,254.27,254.25,253.45,,254.27,,,720,183362.01,65,F1,1,,,,,
2026-10-05,2026-10-05,CM,NSE,STK,11441,INF767K01OT5,LICNETFSEN,EQ,,,,,LICNAMC - LICNFESGP,827.00,827.00,805.14,822.49,822.49,827.00,,822.60,,,42,34507.57,16,F1,1,,,,,
2026-10-05,2026-10-05,CM,NSE,STK,15229,INF767K01PC8,LICNFNHGP,EQ,,,,,LICNAMC - LICNFNHGP,266.55,266.65,256.60,261.09,266.65,265.23,,260.71,,,427,111078.18,40,F1,1,,,,,
2026-10-05,2026-10-05,CM,NSE,STK,6062,INF767K01MV5,LICNETFGSC,EQ,,,,,LICNAMC - LICNMFET,28.62,29.09,28.62,28.99,29.00,28.93,,28.99,,,279273,8081230.31,207,F1,1,,,,,
2026-10-05,2026-10-05,CM,NSE,STK,22722,INF767K01RN1,LICNMID100,EQ,,,,,LICNAMC - LICNMID100,59.38,60.09,57.98,59.48,59.00,58.64,,59.38,,,6218,367933.25,181,F1,1,,,,,
2026-10-05,2026-10-05,CM,NSE,STK,9480,INE0J1Y01017,LICI,EQ,,,,,LIFE INSURA CORP OF INDIA,392.50,394.80,385.50,388.70,388.70,391.85,,388.69,,,6242567,2425922592.40,73609,F1,1,,,,,
2026-10-05,2026-10-05,CM,NSE,STK,578,INE060901027,LIKHITHA,EQ,,,,,LIKHITHA INFRASTRUC LTD,223.67,232.80,223.00,227.43,224.50,225.62,,227.30,,,34535,7810832.35,1190,F1,1,,,,,
2026-10-05,2026-10-05,CM,NSE,STK,6951,INE802B01027,LINC,EQ,,,,,LINC LIMITED,87.00,88.65,85.55,87.53,88.60,86.54,,87.54,,,17881,1553616.60,568,F1,1,,,,,
2026-10-05,2026-10-05,CM,NSE,STK,11596,INE405C01035,LINCOLN,EQ,,,,,LINCOLN PHARMA LTD,582.35,589.45,565.00,567.20,565.05,582.05,,567.22,,,28961,16621401.35,1832,F1,1,,,,,
2026-10-05,2026-10-05,CM,NSE,STK,1627,INE473A01011,LINDEINDIA,EQ,,,,,LINDE INDIA LIMITED,6247.00,6322.50,5991.00,6041.00,6059.00,6247.50,,6040.22,,,43746,265937406.50,9596,F1,1,,,,,
2026-10-05,2026-10-05,CM,NSE,STK,17801,INE093R01011,LLOYDSENGG,EQ,,,,,LLOYDS ENGG WORK LIMITED,99.35,103.40,98.75,102.20,102.55,98.31,,102.20,,,20393622,2074303612.29,88806,F1,1,,,,,
2026-10-05,2026-10-05,CM,NSE,STK,25807,INE080I01025,LLOYDSENT,EQ,,,,,LLOYDS ENTERPRISES LTD,77.17,80.80,77.17,79.63,79.60,77.95,,79.63,,,3820423,304627997.53,21141,F1,1,,,,,
2026-10-05,2026-10-05,CM,NSE,STK,11472,INE0DTQ01028,LLOYDS,SM,,,,,LLOYDS LUXURIES LIMITED,56.60,62.00,56.50,62.00,62.00,59.45,,62.00,,,11000,668850.00,8,F1,1000,,,,,
2026-10-05,2026-10-05,CM,NSE,STK,17313,INE281B01032,LLOYDSME,EQ,,,,,LLOYDS METALS N ENERGY L,1780.10,1818.00,1780.10,1802.50,1798.00,1776.80,,1802.51,,,781537,1410243627.80,25489,F1,1,,,,,
2026-10-05,2026-10-05,CM,NSE,STK,1979,INE269B01029,LMW,EQ,,,,,LMW LIMITED,16465.00,16625.00,16301.00,16530.00,16500.00,16548.00,,16530.48,,,2863,47224721.00,1328,F1,1,,,,,
2026-10-05,2026-10-05,CM,NSE,STK,3220,INE670K01029,LODHA,EQ,,,,,LODHA DEVELOPERS LIMITED,1102.60,1140.20,1101.80,1132.50,1132.50,1105.60,,1132.50,,,1495653,1687034851.40,41270,F1,1,,,,,
2026-10-05,2026-10-05,CM,NSE,STK,764296,INE0QJW01029,LCL,EQ,,,,,LOHIA CORP LIMITED,555.00,585.00,555.00,578.95,582.30,553.60,,579.00,,,422841,243073907.95,28163,F1,1,,,,,
2026-10-05,2026-10-05,CM,NSE,STK,13436,INE397H01017,LOKESHMACH,EQ,,,,,LOKESH MACHINES LTD,407.00,451.00,393.60,446.25,440.00,400.80,,446.20,,,1537872,664728014.70,44932,F1,1,,,,,
2026-10-05,2026-10-05,CM,NSE,STK,18232,INE846D01012,LORDSCHLO,EQ,,,,,LORDS CHLORO ALKALI LTD,138.90,141.90,136.00,137.66,137.99,138.81,,137.65,,,11752,1635680.03,443,F1,1,,,,,
2026-10-05,2026-10-05,CM,NSE,STK,14924,INE740X01023,LAL,EQ,,,,,LORENZINI APPARELS LTD,8.31,8.59,8.31,8.45,8.45,8.45,,8.45,,,20120,170015.89,102,F1,1,,,,,
2026-10-05,2026-10-05,CM,NSE,STK,764768,INE026D01011,LOTUSCHO,EQ,,,,,LOTUS CHOCOLATE CO. LTD.,565.85,565.85,526.10,536.80,530.00,540.35,,536.70,,,1183,638713.15,278,F1,1,,,,,
2026-10-05,2026-10-05,CM,NSE,STK,16807,INE947I01017,LOTUSEYE,EQ,,,,,LOTUS EYE HOSP & INST L,116.00,117.90,114.60,115.61,115.77,115.68,,115.61,,,3544,408359.85,110,F1,1,,,,,
2026-10-05,2026-10-05,CM,NSE,STK,22415,INE597L01014,LOVABLE,EQ,,,,,LOVABLE LINGERIE LTD,70.00,70.40,68.41,68.80,68.99,68.29,,68.77,,,6735,466227.04,136,F1,1,,,,,
2026-10-05,2026-10-05,CM,NSE,STK,10590,INE970D01010,LOYALTEX,EQ,,,,,LOYAL TEXTILE MILLS LTD,207.50,207.50,206.50,206.50,206.50,207.50,,206.50,,,116,23969.00,8,F1,1,,,,,
2026-10-05,2026-10-05,CM,NSE,STK,13816,INE818H01020,LTFOODS,EQ,,,,,LT FOODS LIMITED,399.00,408.50,397.10,405.80,405.00,399.15,,405.79,,,370391,149233798.35,22195,F1,1,,,,,
2026-10-05,2026-10-05,CM,NSE,STK,17818,INE214T01019,LTM,EQ,,,,,LTM LIMITED,4031.00,4073.00,3946.20,4010.00,4010.00,4007.00,,4009.93,,,216279,866370687.50,20151,F1,1,,,,,
2026-10-05,2026-10-05,CM,NSE,STK,14014,INE872H01027,LUMAXTECH,EQ,,,,,LUMAX AUTO TECH LTD,1955.00,2001.10,1948.00,1967.60,1969.00,1978.90,,1967.57,,,60434,119224441.60,10645,F1,1,,,,,
2026-10-05,2026-10-05,CM,NSE,STK,2018,INE162B01018,LUMAXIND,EQ,,,,,LUMAX INDUSTRIES LTD,5504.50,5595.50,5430.00,5439.00,5460.00,5550.00,,5439.95,,,7726,42438622.00,3326,F1,1,,,,,
2026-10-05,2026-10-05,CM,NSE,STK,765524,INE185Q01025,LUMINO,EQ,,,,,LUMINO INDUSTRIES LIMITED,98.40,100.68,97.54,98.88,99.48,96.48,,98.88,,,5684052,563961092.97,32053,F1,1,,,,,
2026-10-05,2026-10-05,CM,NSE,STK,10440,INE326A01037,LUPIN,EQ,,,,,LUPIN LIMITED,2015.40,2029.00,1996.30,2011.00,2011.00,2031.20,,2011.00,,,571495,1148194420.70,30478,F1,1,,,,,
2026-10-05,2026-10-05,CM,NSE,STK,11301,INE150G01020,LUXIND,EQ,,,,,LUX INDUSTRIES LIMITED,1092.00,1220.00,1092.00,1183.90,1158.00,1092.00,,1185.67,,,58898,68551048.80,4562,F1,1,,,,,
2026-10-05,2026-10-05,CM,NSE,STK,7248,INE933A01014,LYKALABS,BE,,,,,LYKA LABS LTD.,81.60,82.98,77.48,77.48,77.48,81.55,,77.48,,,36896,2886961.05,162,F1,1,,,,,
2026-10-05,2026-10-05,CM,NSE,STK,758150,INE08N601015,MBEL,EQ,,,,,M AND B ENGINEERING LTD,256.08,257.15,246.00,247.63,247.00,251.75,,247.63,,,91048,22706165.55,4499,F1,1,,,,,
2026-10-05,2026-10-05,CM,NSE,STK,765120,INE227F01010,MKEXIM,EQ,,,,,M K EXIM (INDIA) LTD.,69.50,69.50,63.98,66.32,66.49,66.51,,66.31,,,5982,389683.56,140,F1,1,,,,,
2026-10-05,2026-10-05,CM,NSE,STK,16736,INE964W01021,MKPL,EQ,,,,,M K PROTEINS LIMITED,4.02,4.02,3.88,3.90,3.90,3.90,,3.90,,,130482,515018.16,430,F1,1,,,,,
2026-10-05,2026-10-05,CM,NSE,STK,22360,INE813V01022,MCL,EQ,,,,,M TEK COPPER LIMITED,55.73,55.98,51.15,52.08,52.21,54.64,,52.08,,,105418,5586399.97,2140,F1,1,,,,,
2026-10-05,2026-10-05,CM,NSE,STK,13285,INE774D01024,M&MFIN,EQ,,,,,M&M FIN. SERVICES LTD,324.70,340.30,321.00,326.20,324.90,319.75,,326.21,,,3956735,1309068523.25,88162,F1,1,,,,,
2026-10-05,2026-10-05,CM,NSE,STK,22976,INE0SGC01015,MVKAGRO,SM,,,,,M.V.K. AGRO FOOD PROD LTD,243.95,243.95,228.35,228.65,228.35,240.35,,228.65,,,89700,20746485.00,183,F1,300,,,,,
2026-10-05,2026-10-05,CM,NSE,STK,15017,INE215I01027,MAANALU,EQ,,,,,MAAN ALUMINIUM LIMITED,103.40,106.50,101.10,104.98,105.00,99.34,,104.98,,,139433,14624661.39,1948,F1,1,,,,,
2026-10-05,2026-10-05,CM,NSE,STK,762782,INE435D01014,MCCHRLS-B,EQ,,,,,MAC CHARLES (INDIA) LTD.,695.00,695.00,645.00,683.15,670.00,690.00,,676.93,,,713,475473.20,50,F1,1,,,,,
2026-10-05,2026-10-05,CM,NSE,STK,24545,INE0R0J01010,MACOBSTECH,SM,,,,,MACOBS TECHNOLOGIES LTD,195.00,202.00,195.00,202.00,202.00,199.50,,202.00,,,38400,7628640.00,10,F1,800,,,,,
2026-10-05,2026-10-05,CM,NSE,STK,22347,INE155Z01011,MACPOWER,EQ,,,,,MACPOWER CNC MACHINES LTD,2180.00,2251.00,2121.00,2160.50,2169.90,2144.80,,2160.50,,,64476,141017897.50,8089,F1,1,,,,,
2026-10-05,2026-10-05,CM,NSE,STK,762767,INE631R01026,MADHAVIPL,EQ,,,,,MADHAV INFRA PROJECTS L,7.32,7.39,7.13,7.26,7.29,7.31,,7.22,,,54097,393703.42,356,F1,1,,,,,
2026-10-05,2026-10-05,CM,NSE,STK,15151,INE925C01016,MADHAV,EQ,,,,,MADHAV MARBLE & GRANITE,34.49,35.19,33.70,34.08,34.47,34.49,,34.08,,,5497,187071.84,95,F1,1,,,,,
2026-10-05,2026-10-05,CM,NSE,STK,13671,INE378D01032,MADHUCON,EQ,,,,,MADHUCON PROJECTS LTD.,3.99,4.10,3.84,3.88,3.85,3.99,,3.88,,,32001,124478.45,1153,F1,1,,,,,
2026-10-05,2026-10-05,CM,NSE,STK,765476,INE1P5601010,MADHURKNIT,SM,,,,,MADHUR KNIT CRAFTS LTD,58.45,59.60,55.00,55.80,55.05,56.85,,55.80,,,37200,2116080.00,29,F1,1200,,,,,
2026-10-05,2026-10-05,CM,NSE,STK,18738,INE0P6701019,MADHUSUDAN,ST,,,,,MADHUSUDAN MASALA LIMITED,235.00,235.00,234.00,235.00,235.00,234.65,,235.00,,,7000,1643700.00,7,F1,1000,,,,,
2026-10-05,2026-10-05,CM,NSE,STK,12686,INE900L01028,MBAPL,EQ,,,,,MADHYA BHARAT AGRO P. LTD,168.31,168.31,160.50,163.66,162.79,165.83,,163.66,,,719951,117239028.53,8420,F1,1,,,,,
2026-10-05,2026-10-05,CM,NSE,STK,4911,INE414A01015,MADRASFERT,EQ,,,,,MADRAS FERTILISERS LTD,57.26,58.49,57.26,57.61,57.99,57.46,,57.61,,,26788,1543964.04,601,F1,1,,,,,
2026-10-05,2026-10-05,CM,NSE,STK,762772,INE270B01035,MAFATIND,EQ,,,,,MAFATLAL INDUSTRIES LTD.,115.00,116.73,106.41,109.26,108.80,114.38,,109.35,,,85412,9466363.93,1833,F1,1,,,,,
2026-10-05,2026-10-05,CM,NSE,STK,21392,INE347W01011,MAGADSUGAR,EQ,,,,,MAGADH SUGAR & ENERGY LTD,513.00,558.95,513.00,539.40,541.90,511.75,,539.16,,,93292,50562551.40,6654,F1,1,,,,,
2026-10-05,2026-10-05,CM,NSE,STK,29482,INE613C01026,MCLOUD,EQ,,,,,MAGELLANIC CLOUD LIMITED,24.74,24.77,24.08,24.54,24.70,24.25,,24.54,,,1090964,26712078.47,3959,F1,1,,,,,
2026-10-05,2026-10-05,CM,NSE,STK,14957,INE387I01016,MAGNUM,EQ,,,,,MAGNUM VENTURES LTD.,18.36,18.99,17.92,18.26,18.22,18.62,,18.22,,,36427,671028.92,231,F1,1,,,,,
2026-10-05,2026-10-05,CM,NSE,STK,17088,INE0O1S01012,MAGSON,SM,,,,,MAGSON RETAIL AND DIST L,180.20,185.50,180.20,185.50,185.50,179.35,,185.50,,,6000,1107200.00,3,F1,1000,,,,,
2026-10-05,2026-10-05,CM,NSE,STK,5239,INE843B01013,MAHAPEXLTD,EQ,,,,,MAHA RASHTRA APEX COPR. L,53.30,53.30,50.12,50.46,50.38,50.18,,50.45,,,2377,122047.71,95,F1,1,,,,,
2026-10-05,2026-10-05,CM,NSE,STK,24937,INE0US801024,MFML,EQ,,,,,MAHALAXMI FABRIC MILLS LT,18.80,19.24,18.00,18.16,18.30,18.72,,18.26,,,1351,24706.08,41,F1,1,,,,,
2026-10-05,2026-10-05,CM,NSE,STK,7889,INE112D01035,MHLXMIRU,BE,,,,,MAHALAXMI RUBTECH LIMITED,176.00,176.00,166.30,171.00,171.00,175.00,,171.00,,,9298,1585929.87,63,F1,1,,,,,
2026-10-05,2026-10-05,CM,NSE,STK,17531,INE451L01014,MAHASTEEL,BE,,,,,MAHAMAYA STEEL INDS LTD,1179.90,1195.00,1139.00,1167.10,1139.20,1182.50,,1167.84,,,877,1013904.90,95,F1,1,,,,,
2026-10-05,2026-10-05,CM,NSE,STK,17534,INE002S01010,MGL,EQ,,,,,MAHANAGAR GAS LTD.,1043.20,1053.80,1036.00,1043.70,1042.00,1045.40,,1043.72,,,66059,68935657.40,14519,F1,1,,,,,
2026-10-05,2026-10-05,CM,NSE,STK,2294,INE153A01019,MTNL,EQ,,,,,MAHANAGAR TELEPHONE NIGAM,24.60,24.60,23.00,23.19,23.15,24.66,,23.19,,,3516200,83415112.07,11367,F1,1,,,,,
2026-10-05,2026-10-05,CM,NSE,STK,2085,INE288A01013,MAHSCOOTER,EQ,,,,,MAHARASHTRA SCOOTERS LTD,12441.00,12622.00,12353.00,12507.00,12402.00,12380.00,,12506.92,,,5117,64033217.00,2605,F1,1,,,,,
2026-10-05,2026-10-05,CM,NSE,STK,2088,INE271B01025,MAHSEAMLES,EQ,,,,,MAHARASHTRA SEAMLESS LTD,700.00,705.95,680.55,685.05,687.50,698.75,,685.06,,,197651,135845749.85,11981,F1,1,,,,,
2026-10-05,2026-10-05,CM,NSE,STK,758688,INE632Q01018,MRIL,ST,,,,,MAHENDRA REALTO & INFRA L,72.20,72.20,72.20,72.20,72.20,76.00,,72.20,,,1600,115520.00,1,F1,1600,,,,,
2026-10-05,2026-10-05,CM,NSE,STK,9576,INE263W01010,MAHESHWARI,EQ,,,,,MAHESHWARI LOGISTICS LTD.,70.00,73.00,70.00,72.48,73.00,69.95,,72.48,,,11965,863292.58,81,F1,1,,,,,
2026-10-05,2026-10-05,CM,NSE,STK,2839,INE961Y01015,MAHICKRA,SM,,,,,MAHICKRA CHEMICAL LIMITED,280.00,280.00,280.00,280.00,280.00,289.00,,280.00,,,2250,630000.00,3,F1,750,,,,,
2026-10-05,2026-10-05,CM,NSE,STK,2031,INE101A01026,M&M,EQ,,,,,MAHINDRA & MAHINDRA LTD,2857.50,2874.00,2825.10,2857.60,2857.60,2860.00,,2857.62,,,3307236,9428271585.70,151408,F1,1,,,,,
2026-10-05,2026-10-05,CM,NSE,STK,17603,INE215D01010,MAHEPC,EQ,,,,,MAHINDRA EPC IRRIG LTD,96.30,98.00,96.30,96.75,96.80,96.30,,96.75,,,5017,486051.98,249,F1,1,,,,,
2026-10-05,2026-10-05,CM,NSE,STK,17333,INE998I01010,MHRIL,EQ,,,,,MAHINDRA HOLIDAYS LTD,196.30,198.00,192.56,194.81,195.99,194.85,,194.80,,,46600,9067305.39,2249,F1,1,,,,,
2026-10-05,2026-10-05,CM,NSE,STK,8050,INE813A01018,MAHLIFE,EQ,,,,,MAHINDRA LIFESPACE DEVLTD,351.50,358.50,346.75,351.10,351.60,351.15,,351.10,,,150642,52869001.05,3433,F1,1,,,,,
2026-10-05,2026-10-05,CM,NSE,STK,385,INE766P01016,MAHLOG,EQ,,,,,MAHINDRA LOGISTIC LIMITED,416.75,419.40,405.25,406.75,405.25,416.40,,406.78,,,140897,57847261.85,9123,F1,1,,,,,
2026-10-05,2026-10-05,CM,NSE,STK,24538,INE683C01011,MAITHANALL,EQ,,,,,MAITHAN ALLOYS LTD,927.00,930.00,904.50,905.60,904.50,927.00,,905.59,,,35121,31955000.30,2965,F1,1,,,,,
2026-10-05,2026-10-05,CM,NSE,STK,762780,INE201B01022,MAJESAUT,BE,,,,,MAJESTIC AUTO LTD.,375.00,375.00,360.05,365.80,369.90,366.20,,365.80,,,867,320001.65,66,F1,1,,,,,
2026-10-05,2026-10-05,CM,NSE,STK,764773,INE987A01010,MAKERSL,EQ,,,,,MAKERS LABORATORIES LTD.,180.50,187.49,175.00,177.40,179.95,183.50,,178.81,,,822,148522.35,46,F1,1,,,,,
2026-10-05,2026-10-05,CM,NSE,STK,11218,INE0CDK01019,MAKS,SM,,,,,MAKS ENERGY SOL INDIA LTD,14.95,14.95,14.95,14.95,14.95,14.25,,14.95,,,1500,22425.00,1,F1,1500,,,,,
2026-10-05,2026-10-05,CM,NSE,STK,7965,INE389C01015,MALLCOM,EQ,,,,,MALLCOM (INDIA) LIMITED,920.10,939.85,910.10,911.65,910.25,935.20,,911.66,,,6306,5779580.95,391,F1,1,,,,,
2026-10-05,2026-10-05,CM,NSE,STK,13352,INE383H01017,MALUPAPER,EQ,,,,,MALU PAPER MILLS LIMITED,31.01,32.85,30.70,31.19,31.05,31.04,,31.19,,,16905,530530.35,118,F1,1,,,,,
2026-10-05,2026-10-05,CM,NSE,STK,28687,INE0TO701015,MAMATA,EQ,,,,,MAMATA MACHINERY LIMITED,403.00,405.90,392.80,402.95,403.90,399.90,,402.93,,,57051,22836878.15,3139,F1,1,,,,,
2026-10-05,2026-10-05,CM,NSE,STK,7413,INE830Q01018,MANAKCOAT,EQ,,,,,MAN COAT METAL & IND LTD,129.70,129.98,125.10,126.17,126.00,126.59,,126.18,,,157959,20173789.95,2467,F1,1,,,,,
2026-10-05,2026-10-05,CM,NSE,STK,11884,INE993A01026,MANINDS,EQ,,,,,MAN INDUSTRIES (I) LTD.,931.00,940.00,883.10,888.25,893.00,921.55,,888.27,,,452708,409749219.75,21882,F1,1,,,,,
2026-10-05,2026-10-05,CM,NSE,STK,18226,INE949H01023,MANINFRA,EQ,,,,,MAN INFRA LTD,124.90,126.36,122.07,123.78,123.28,124.30,,123.77,,,1016360,126221357.34,7625,F1,1,,,,,
2026-10-05,2026-10-05,CM,NSE,STK,7420,INE859Q01017,MANAKALUCO,EQ,,,,,MANAK ALUMINIUM CO. LTD.,34.95,34.95,33.50,33.66,33.65,33.76,,33.66,,,33520,1139484.77,382,F1,1,,,,,
2026-10-05,2026-10-05,CM,NSE,STK,15199,INE015D01022,MANAKSIA,EQ,,,,,MANAKSIA LTD.,60.00,60.68,57.40,57.99,57.48,59.56,,57.97,,,44933,2650648.58,1380,F1,1,,,,,
2026-10-05,2026-10-05,CM,NSE,STK,7482,INE824Q01011,MANAKSTEEL,BE,,,,,MANAKSIA STEELS LTD,108.89,108.89,103.45,103.70,104.00,108.89,,103.67,,,19076,2007700.51,172,F1,1,,,,,
2026-10-05,2026-10-05,CM,NSE,STK,13796,INE201A01024,MANALIPETC,EQ,,,,,MANALI PETROCHEMICALS LT,80.53,91.90,80.10,87.19,88.21,78.15,,87.20,,,30033782,2632318714.30,149135,F1,1,,,,,
2026-10-05,2026-10-05,CM,NSE,STK,19061,INE522D01027,MANAPPURAM,EQ,,,,,MANAPPURAM FINANCE LTD,311.00,314.45,308.55,310.70,310.70,308.90,,310.70,,,3951162,1228882833.35,28549,F1,1,,,,,
2026-10-05,2026-10-05,CM,NSE,STK,759351,INE0U4H01011,MPEL,SM,,,,,MANAS POLYMER N ENERGIE L,23.90,23.90,23.90,23.90,23.90,25.15,,23.90,,,1600,38240.00,1,F1,1600,,,,,
2026-10-05,2026-10-05,CM,NSE,STK,21697,INE104Y01012,MANAV,SM,,,,,MANAV INFRA PROJECTS LTD,38.75,38.75,38.75,38.75,38.75,40.75,,38.75,,,4000,155000.00,1,F1,4000,,,,,
2026-10-05,2026-10-05,CM,NSE,STK,25597,INE939X01013,MANBA,EQ,,,,,MANBA FINANCE LIMITED,142.49,143.50,138.24,138.60,138.50,139.01,,138.60,,,86785,12067669.71,677,F1,1,,,,,
2026-10-05,2026-10-05,CM,NSE,STK,24823,INE545L01039,MANCREDIT,EQ,,,,,MANGAL CREDIT N FINCORP L,217.25,223.50,215.85,221.10,221.90,218.97,,221.10,,,128353,28302755.66,1133,F1,1,,,,,
2026-10-05,2026-10-05,CM,NSE,STK,758748,INE0PKD01011,MEIL,EQ,,,,,MANGAL ELECTRICAL IND L,264.00,264.85,255.00,256.65,257.00,262.10,,256.43,,,27694,7170376.00,1301,F1,1,,,,,
2026-10-05,2026-10-05,CM,NSE,STK,19137,INE00C401011,MAL,ST,,,,,MANGALAM ALLOYS LIMITED,39.05,39.50,38.95,39.05,39.05,41.00,,39.05,,,19200,751120.00,12,F1,1600,,,,,
2026-10-05,2026-10-05,CM,NSE,STK,2106,INE347A01017,MANGLMCEM,EQ,,,,,MANGALAM CEMENT LTD,984.00,1007.40,974.20,990.80,990.00,984.65,,990.80,,,85465,84240153.25,4508,F1,1,,,,,
2026-10-05,2026-10-05,CM,NSE,STK,11817,INE584F01014,MANGALAM,EQ,,,,,MANGALAM DRUG & CHEM LTD,29.80,30.12,28.00,29.19,29.49,29.15,,29.19,,,52253,1524240.96,413,F1,1,,,,,
2026-10-05,2026-10-05,CM,NSE,STK,1593,INE0APB01032,MGEL,EQ,,,,,MANGALAM GLOBAL ENT LTD,15.68,15.99,15.43,15.79,15.99,15.34,,15.79,,,178288,2804745.84,763,F1,1,,,,,
2026-10-05,2026-10-05,CM,NSE,STK,6422,INE370D01013,MANORG,EQ,,,,,MANGALAM ORGANICS LIMITED,449.70,449.95,424.00,432.30,435.35,436.80,,432.27,,,2059,900584.90,299,F1,1,,,,,
2026-10-05,2026-10-05,CM,NSE,STK,764783,INE829S01016,MSL,EQ,,,,,MANGALAM SEEDS LTD.,144.00,150.90,140.00,148.45,150.90,144.99,,148.80,,,522,76197.10,40,F1,1,,,,,
2026-10-05,2026-10-05,CM,NSE,STK,759169,INE0JYY01029,MWL,EQ,,,,,MANGALAM WORLDWIDE LTD,41.70,42.74,40.96,41.53,41.74,43.13,,41.53,,,1175803,49144587.03,6391,F1,1,,,,,
2026-10-05,2026-10-05,CM,NSE,STK,766140,INE0KWF01020,MANIKA,BE,,,,,MANIKA PLASTECH LIMITED,41.98,43.50,41.00,43.11,43.01,41.98,,43.10,,,672015,28731100.42,1800,F1,1,,,,,
2026-10-05,2026-10-05,CM,NSE,STK,760174,INE1ERK01013,MANILAM,SM,,,,,MANILAM INDUSTRIES IND L,36.20,37.80,36.00,36.00,36.00,38.00,,36.00,,,18000,659200.00,9,F1,2000,,,,,
2026-10-05,2026-10-05,CM,NSE,STK,764357,INE459N01021,MANIPALHOS,EQ,,,,,MANIPAL HEALTH ENTERPRI L,696.00,701.30,662.35,667.00,666.95,696.00,,667.02,,,780056,529240827.70,36421,F1,1,,,,,
2026-10-05,2026-10-05,CM,NSE,STK,766051,INE241U01028,MPIMANIPAL,EQ,,,,,MANIPAL PAYMENT & IDE S L,415.00,430.00,381.20,389.70,387.80,401.40,,389.64,,,2163634,876605542.35,62063,F1,1,,,,,
2026-10-05,2026-10-05,CM,NSE,STK,15380,INE634S01028,MANKIND,EQ,,,,,MANKIND PHARMA LIMITED,2533.10,2539.30,2464.70,2479.00,2479.00,2535.00,,2479.00,,,527032,1318334689.40,40275,F1,1,,,,,
2026-10-05,2026-10-05,CM,NSE,STK,19015,INE0KNT01012,MVGJL,EQ,,,,,MANOJ VAIBHAV GEM N JEW L,212.94,216.99,200.40,204.36,207.00,206.69,,204.33,,,257200,53157103.70,6468,F1,1,,,,,
2026-10-05,2026-10-05,CM,NSE,STK,13753,INE784W01015,MANOMAY,EQ,,,,,MANOMAY TEX INDIA LTD,240.00,245.00,233.00,237.09,235.00,240.08,,237.09,,,248015,58910738.37,9502,F1,1,,,,,
2026-10-05,2026-10-05,CM,NSE,STK,10227,INE00VM01036,MANORAMA,EQ,,,,,MANORAMA INDUSTRIES LTD,1880.30,1959.00,1879.90,1944.90,1946.00,1880.30,,1944.90,,,299321,577951516.60,32915,F1,1,,,,,
2026-10-05,2026-10-05,CM,NSE,STK,13575,INE867A01022,MANUGRAPH,BE,,,,,MANUGRAPH INDIA LIMITED,16.69,16.69,15.64,16.30,16.38,16.46,,16.26,,,61654,992843.58,131,F1,1,,,,,
2026-10-05,2026-10-05,CM,NSE,STK,2112,INE882A01013,MARALOVER,EQ,,,,,MARAL OVERSEAS LTD,58.01,61.00,57.10,57.59,57.50,57.70,,57.59,,,5615,327135.85,151,F1,1,,,,,
2026-10-05,2026-10-05,CM,NSE,STK,18659,INE182D01020,MARATHON,EQ,,,,,MARATHON NXTGEN REALT LTD,396.50,396.50,377.10,380.30,377.10,388.10,,380.24,,,43023,16434003.15,2035,F1,1,,,,,
2026-10-05,2026-10-05,CM,NSE,STK,760456,INE0TD401015,MARC,ST,,,,,MARC TECHNOCRATS LIMITED,138.25,144.00,137.75,141.40,138.25,144.95,,141.40,,,14400,2023440.00,12,F1,1200,,,,,
2026-10-05,2026-10-05,CM,NSE,STK,18773,INE0QP001012,MARCO,SM,,,,,MARCO CABLE & CONDUCTOR L,30.95,30.95,29.00,29.00,29.00,29.95,,29.00,,,7500,226275.00,4,F1,1500,,,,,
2026-10-05,2026-10-05,CM,NSE,STK,4067,INE196A01026,MARICO,EQ,,,,,MARICO LIMITED,783.70,814.00,780.00,790.00,790.00,781.35,,790.00,,,3353838,2656652059.20,96148,F1,1,,,,,
2026-10-05,2026-10-05,CM,NSE,STK,1328,INE01JE01028,MARINE,EQ,,,,,MARINE ELECTRICAL (I) LTD,441.00,474.90,441.00,469.15,468.00,436.55,,469.15,,,5426250,2518640734.10,119828,F1,1,,,,,
2026-10-05,2026-10-05,CM,NSE,STK,760204,INE0FW001016,MARKOLINES,EQ,,,,,MARKOLINES PAVEMENT TEC L,169.76,173.00,167.45,169.29,169.00,167.26,,169.28,,,308259,52543320.54,1947,F1,1,,,,,
2026-10-05,2026-10-05,CM,NSE,STK,10579,INE750C01026,MARKSANS,EQ,,,,,MARKSANS PHARMA LIMITED,327.20,333.00,324.60,331.65,330.00,325.60,,331.65,,,1566583,516752376.65,36150,F1,1,,,,,
2026-10-05,2026-10-05,CM,NSE,STK,761386,INE415B01044,MARSONS,EQ,,,,,MARSONS LIMITED,114.80,117.80,113.40,114.30,113.50,114.26,,114.30,,,1836935,210209432.05,8552,F1,1,,,,,
2026-10-05,2026-10-05,CM,NSE,STK,761042,INE0X7G01013,MARUSHIKA,SM,,,,,MARUSHIKA TECHNOLOGY LTD,111.05,117.00,111.05,116.00,116.00,117.00,,116.00,,,9600,1111200.00,5,F1,1200,,,,,
2026-10-05,2026-10-05,CM,NSE,STK,10999,INE585B01010,MARUTI,EQ,,,,,MARUTI SUZUKI INDIA LTD.,11386.00,11544.00,11305.00,11532.00,11532.00,11386.00,,11531.95,,,757171,8663848234.00,72846,F1,1,,,,,
2026-10-05,2026-10-05,CM,NSE,STK,199,INE348L01012,MASFIN,EQ,,,,,MAS FINANCIAL SERV LTD,272.40,276.95,266.55,267.75,267.95,272.85,,267.77,,,115766,31219225.60,5853,F1,1,,,,,
2026-10-05,2026-10-05,CM,NSE,STK,18727,INE885F01015,MASKINVEST,EQ,,,,,MASK INVESTMENTS LIMITED,149.90,149.90,142.37,142.37,142.37,143.41,,142.37,,,83,11924.82,12,F1,1,,,,,
2026-10-05,2026-10-05,CM,NSE,STK,24278,INE0SH001010,MASON,SM,,,,,MASON INFRATECH LIMITED,100.00,105.90,100.00,103.55,103.60,105.00,,103.55,,,9000,930725.00,13,F1,500,,,,,
2026-10-05,2026-10-05,CM,NSE,STK,2124,INE759A01021,MASTEK,EQ,,,,,MASTEK LTD,1591.40,1633.90,1590.00,1608.20,1604.00,1555.60,,1608.15,,,118393,190952198.70,14182,F1,1,,,,,
2026-10-05,2026-10-05,CM,NSE,STK,19011,INE0OJM01017,MASTER,SM,,,,,MASTER COMPONENTS LIMITED,409.00,416.00,401.00,408.50,416.00,404.00,,408.50,,,2500,1025500.00,5,F1,500,,,,,
2026-10-05,2026-10-05,CM,NSE,STK,27047,INE677D01037,MASTERTR,EQ,,,,,MASTER TRUST LIMITED,81.66,83.22,80.68,81.13,81.50,81.66,,81.13,,,200223,16358490.91,1581,F1,1,,,,,
2026-10-05,2026-10-05,CM,NSE,STK,21726,INE866R01028,MATRIMONY,EQ,,,,,MATRIMONY.COM LIMITED,506.95,518.00,485.60,514.05,512.25,497.00,,514.00,,,11558,5762803.85,932,F1,1,,,,,
2026-10-05,2026-10-05,CM,NSE,STK,759945,INE132901013,MGSL,SM,,,,,MATRIX GEO SOLUTIONS LTD,58.60,59.95,52.50,59.45,59.45,57.45,,59.45,,,48000,2713560.00,38,F1,1200,,,,,
2026-10-05,2026-10-05,CM,NSE,STK,17022,INE636A01039,MAWANASUG,EQ,,,,,MAWANA SUGARS LIMITED,139.48,151.00,139.48,145.96,145.68,138.84,,145.97,,,597094,87672449.99,9034,F1,1,,,,,
2026-10-05,2026-10-05,CM,NSE,STK,19646,INE03EI01018,MAXESTATES,EQ,,,,,MAX ESTATES LIMITED,573.80,576.15,557.85,563.40,565.00,566.25,,563.38,,,70328,39824489.45,5439,F1,1,,,,,
2026-10-05,2026-10-05,CM,NSE,STK,2142,INE180A01020,MFSL,EQ,,,,,MAX FINANCIAL SERV LTD,1385.30,1385.30,1341.00,1348.00,1348.00,1392.00,,1348.00,,,2005008,2714463495.90,58443,F1,1,,,,,
2026-10-05,2026-10-05,CM,NSE,STK,22377,INE027H01010,MAXHEALTH,EQ,,,,,MAX HEALTHCARE INS LTD,937.40,939.80,912.00,917.00,917.00,940.95,,916.99,,,3127962,2885284306.00,123436,F1,1,,,,,
2026-10-05,2026-10-05,CM,NSE,STK,22428,INE0CG601016,MAXIND,EQ,,,,,MAX INDIA LIMITED,161.97,161.97,149.01,150.13,151.20,162.78,,150.14,,,68553,10551218.26,2576,F1,1,,,,,
2026-10-05,2026-10-05,CM,NSE,STK,21691,INE0ECC01022,MAXPOSURE,SM,,,,,MAXPOSURE LIMITED,36.00,36.05,36.00,36.00,36.00,36.00,,36.00,,,4000,144050.00,3,F1,1000,,,,,
2026-10-05,2026-10-05,CM,NSE,STK,29645,INE10A501018,MAXVOLT,SM,,,,,MAXVOLT ENERGY INDUS L,428.10,436.95,410.50,419.95,420.00,425.05,,419.95,,,61600,25899340.00,137,F1,400,,,,,
2026-10-05,2026-10-05,CM,NSE,STK,757587,INE0ZTO01018,MAYASHEEL,SM,,,,,MAYASHEEL VENTURES LTD,34.80,35.00,32.80,32.90,32.80,36.55,,32.90,,,24000,820350.00,7,F1,3000,,,,,
2026-10-05,2026-10-05,CM,NSE,STK,28906,INE040D01038,MAYURUNIQ,EQ,,,,,MAYUR UNIQUOTERS LTD,715.40,718.45,694.30,706.55,711.90,711.55,,706.56,,,98146,69255501.60,12991,F1,1,,,,,
2026-10-05,2026-10-05,CM,NSE,STK,509,INE249Z01020,MAZDOCK,EQ,,,,,MAZAGON DOCK SHIPBUIL LTD,2075.00,2093.90,2055.40,2074.00,2074.00,2064.00,,2073.79,,,364228,756080573.00,25165,F1,1,,,,,
2026-10-05,2026-10-05,CM,NSE,STK,18870,INE885E01042,MAZDA,BE,,,,,MAZDA LIMITED,284.00,294.45,281.00,282.90,281.00,288.15,,282.90,,,18727,5331583.55,245,F1,1,,,,,
2026-10-05,2026-10-05,CM,NSE,STK,18029,INE912H01013,MBLINFRA,EQ,,,,,MBL INFRASTRUCTURE LTD,23.50,24.20,22.50,23.90,24.20,23.11,,23.90,,,28371,665997.77,256,F1,1,,,,,
2026-10-05,2026-10-05,CM,NSE,STK,11943,INE942G01012,MCLEODRUSS,EQ,,,,,MCLEOD RUSSEL INDIA LTD.,42.00,42.99,41.20,41.58,41.45,42.51,,41.58,,,120678,5089361.49,875,F1,1,,,,,
2026-10-05,2026-10-05,CM,NSE,STK,13687,INE748A01024,MBECL,BE,,,,,MCNALLY BHARAT ENGIN CO L,503.85,503.85,503.85,503.85,503.85,494.00,,503.85,,,2932,1477288.20,88,F1,1,,,,,
2026-10-05,2026-10-05,CM,NSE,STK,21705,INE456Z01021,MEDIASSIST,EQ,,,,,MEDI ASSIST HEALTH SER L,301.00,301.90,293.40,297.20,294.15,298.50,,297.30,,,183948,54705509.05,8829,F1,1,,,,,
2026-10-05,2026-10-05,CM,NSE,STK,765113,INE442D01010,MEDICAPQ,BE,,,,,MEDI CAPS LTD.,25.98,25.98,24.75,24.75,24.75,26.05,,25.28,,,2646,65718.07,22,F1,1,,,,,
2026-10-05,2026-10-05,CM,NSE,STK,762802,INE200D01020,MMWL,EQ,,,,,MEDIA MATRIX WORLDWIDE L,16.33,16.33,16.32,16.33,16.33,15.56,,16.45,,,120682,1970725.06,81,F1,1,,,,,
2026-10-05,2026-10-05,CM,NSE,STK,6281,INE646B01010,MEDICAMEQ,BE,,,,,MEDICAMEN BIOTECH LIMITED,318.70,319.90,307.50,308.00,307.50,318.60,,308.06,,,17453,5424534.60,259,F1,1,,,,,
2026-10-05,2026-10-05,CM,NSE,STK,9667,INE630Y01024,MEDICO,EQ,,,,,MEDICO REMEDIES LIMITED,22.40,22.59,21.50,21.68,21.62,21.86,,21.68,,,196397,4278903.18,1235,F1,1,,,,,
2026-10-05,2026-10-05,CM,NSE,STK,7254,INE804L01022,MEDPLUS,EQ,,,,,MEDPLUS HEALTH SERV LTD,651.30,655.55,640.10,644.40,641.70,654.30,,644.39,,,163503,106236701.45,27753,F1,1,,,,,
2026-10-05,2026-10-05,CM,NSE,STK,760229,INE0VDM01015,MEESHO,EQ,,,,,MEESHO LIMITED,220.66,227.89,219.60,226.50,225.85,218.69,,226.50,,,9583072,2143222338.24,84117,F1,1,,,,,
2026-10-05,2026-10-05,CM,NSE,STK,10971,INE0G1D01014,MEGAFLEX,SM,,,,,MEGA FLEX PLASTICS LTD,114.55,114.55,114.55,114.55,114.55,109.10,,114.55,,,1000,114550.00,1,F1,1000,,,,,
2026-10-05,2026-10-05,CM,NSE,STK,8153,INE00EM01016,MEGASTAR,EQ,,,,,MEGASTAR FOODS LIMITED,263.00,280.00,250.80,267.87,272.00,267.18,,267.99,,,8718,2365562.13,319,F1,1,,,,,
2026-10-05,2026-10-05,CM,NSE,STK,22560,INE531R01010,MEGATHERM,SM,,,,,MEGATHERM INDUCTION LTD,250.00,254.40,239.00,248.50,239.00,243.60,,248.50,,,22400,5563400.00,40,F1,400,,,,,
2026-10-05,2026-10-05,CM,NSE,STK,5394,INE0CT101020,MOL,EQ,,,,,MEGHMANI ORGANICS LIMITED,54.93,56.99,53.31,54.83,54.60,55.13,,54.82,,,1229458,67416800.71,7611,F1,1,,,,,
2026-10-05,2026-10-05,CM,NSE,STK,764778,INE898Q01015,MIIL,EQ,,,,,MEGHNA INFRACON INFRA L,690.00,705.00,665.10,670.40,678.00,677.05,,670.43,,,67578,45575312.20,1139,F1,1,,,,,
2026-10-05,2026-10-05,CM,NSE,STK,6961,INE071D01033,MENONBE,EQ,,,,,MENON BEARINGS LIMITED,287.10,292.60,268.15,286.00,288.95,288.40,,286.19,,,224623,62830277.55,4714,F1,1,,,,,
2026-10-05,2026-10-05,CM,NSE,STK,762790,INE650G01029,MENNPIS,BE,,,,,MENON PISTONS LTD.,71.20,71.20,70.03,70.55,70.50,71.21,,70.59,,,6676,472533.88,110,F1,1,,,,,
2026-10-05,2026-10-05,CM,NSE,STK,25882,INE776I01010,MEP,BZ,,,,,MEP INFRA. DEVELOPERS LTD,0.68,0.68,0.66,0.66,0.66,0.67,,0.66,,,82693,55161.57,57,F1,1,,,,,
2026-10-05,2026-10-05,CM,NSE,STK,762792,INE689O01013,MERCANTILE,EQ,,,,,MERCANTILE VENTURES LTD.,22.99,23.98,22.01,22.45,22.98,22.98,,22.45,,,9195,209108.55,46,F1,1,,,,,
2026-10-05,2026-10-05,CM,NSE,STK,763663,INE763M01028,MERCURYEV,EQ,,,,,MERCURY EV-TECH LIMITED,37.22,37.96,36.15,36.81,37.22,37.06,,36.81,,,149126,5562526.41,1471,F1,1,,,,,
2026-10-05,2026-10-05,CM,NSE,STK,764278,INE1II801013,METALIC,ST,,,,,METALIC TECHNOFORGE LTD,173.00,186.45,171.00,181.95,182.00,177.60,,181.95,,,107200,19557840.00,62,F1,1600,,,,,
2026-10-05,2026-10-05,CM,NSE,STK,7242,INE317I01021,METROBRAND,EQ,,,,,METRO BRANDS LIMITED,847.00,847.00,807.15,812.50,814.00,833.50,,812.51,,,30069,24628296.35,5055,F1,1,,,,,
2026-10-05,2026-10-05,CM,NSE,STK,762797,INE085D01033,METROGLOBL,EQ,,,,,METROGLOBAL LTD.,134.80,134.80,130.01,132.97,133.00,131.52,,132.97,,,821,108460.99,36,F1,1,,,,,
2026-10-05,2026-10-05,CM,NSE,STK,9581,INE112L01020,METROPOLIS,EQ,,,,,METROPOLIS HEALTHCARE LTD,534.85,559.50,532.00,553.60,559.00,537.90,,553.67,,,264357,144709100.30,19940,F1,1,,,,,
2026-10-05,2026-10-05,CM,NSE,STK,7165,INE287C01037,MICEL,BE,,,,,MIC ELECTRONICS LTD,35.81,35.81,35.28,35.28,35.28,36.00,,35.28,,,58661,2074674.08,496,F1,1,,,,,
2026-10-05,2026-10-05,CM,NSE,STK,19887,INE0PZK01014,MICROPRO,SM,,,,,MICROPRO SOFTWARE SOL L,16.75,16.75,16.75,16.75,16.75,16.75,,16.75,,,1600,26800.00,1,F1,1600,,,,,
2026-10-05,2026-10-05,CM,NSE,STK,759517,INE0XAD01024,MIDWESTLTD,EQ,,,,,MIDWEST LIMITED,938.85,942.65,908.70,914.75,924.50,904.15,,914.77,,,102439,93931527.35,5387,F1,1,,,,,
2026-10-05,2026-10-05,CM,NSE,STK,765125,INE588G01021,MLKFOOD,EQ,,,,,MILKFOOD LTD.,82.56,85.70,82.56,84.59,84.50,84.13,,83.72,,,3096,260095.30,81,F1,1,,,,,
2026-10-05,2026-10-05,CM,NSE,STK,765274,INE00IT01020,MILKYMIST,BE,,,,,MILKY MIST DAIRY FOOD L,308.45,315.00,295.00,304.00,305.00,308.45,,303.96,,,732239,221463918.80,10639,F1,1,,,,,
2026-10-05,2026-10-05,CM,NSE,STK,159,INE376Y01016,MILTON,SM,,,,,MILTON INDUSTRIES LIMITED,35.50,35.50,35.50,35.50,35.50,35.50,,35.50,,,2200,78100.00,1,F1,2200,,,,,
2026-10-05,2026-10-05,CM,NSE,STK,765118,INE097E01028,MINALIND,BE,,,,,MINAL INDUSTRIES LTD.,4.25,4.25,4.25,4.25,4.25,4.33,,4.26,,,1822,7743.50,18,F1,1,,,,,
2026-10-05,2026-10-05,CM,NSE,STK,25897,INE842C01021,MINDACORP,EQ,,,,,MINDA CORPORATION LTD,666.00,669.85,637.05,647.85,648.60,667.35,,647.83,,,380699,246951162.75,42241,F1,1,,,,,
2026-10-05,2026-10-05,CM,NSE,STK,22308,INE0CCU25019,MINDSPACE,RR,,,,,MINDSPACE BUSINESS P REIT,502.92,502.92,497.00,497.72,498.00,498.46,,497.72,,,161071,80361962.66,20346,F1,1,,,,,
2026-10-05,2026-10-05,CM,NSE,STK,18049,INE110B01017,MINDTECK,EQ,,,,,MINDTECK (INDIA) LIMITED,154.80,158.50,150.01,151.31,150.30,150.93,,151.33,,,22115,3387436.18,783,F1,1,,,,,
2026-10-05,2026-10-05,CM,NSE,STK,19640,INF769K01KU7,ALPHAETF,EQ,,,,,MIRAEAMC - ALPHAETF,24.91,25.41,24.91,25.14,25.29,25.04,,25.14,,,1185751,29874515.67,1433,F1,1,,,,,
2026-10-05,2026-10-05,CM,NSE,STK,17419,INF769K01KR3,BANKETF,EQ,,,,,MIRAEAMC - BANKETF,541.97,563.26,541.97,557.48,557.43,555.87,,557.48,,,78803,43993742.28,992,F1,1,,,,,
2026-10-05,2026-10-05,CM,NSE,STK,25725,INF769K01LZ4,BANKPSU,EQ,,,,,MIRAEAMC - BANKPSU,78.50,81.92,78.50,80.72,80.72,80.00,,80.82,,,15718,1274940.54,128,F1,1,,,,,
2026-10-05,2026-10-05,CM,NSE,STK,28969,INF769K01NS5,CONSUMER,EQ,,,,,MIRAEAMC - CONSUMER,11.12,11.20,11.09,11.15,11.18,11.06,,11.15,,,564826,6298401.56,391,F1,1,,,,,
2026-10-05,2026-10-05,CM,NSE,STK,761046,INF769K01QC2,DEFENCE,EQ,,,,,MIRAEAMC - DEFENCE,74.40,76.97,74.40,76.68,76.70,76.31,,76.68,,,201294,15404066.67,982,F1,1,,,,,
2026-10-05,2026-10-05,CM,NSE,STK,760412,INF769K01PY8,DIVIDEND,EQ,,,,,MIRAEAMC - DIVIDEND,33.94,34.03,33.60,33.80,33.80,33.63,,33.80,,,3524,119233.97,72,F1,1,,,,,
2026-10-05,2026-10-05,CM,NSE,STK,759780,INF769K01PR2,ENERGY,EQ,,,,,MIRAEAMC - ENERGY,37.14,37.27,36.71,36.83,36.83,36.75,,36.82,,,262728,9701966.12,1194,F1,1,,,,,
2026-10-05,2026-10-05,CM,NSE,STK,30121,INF769K01OA1,EQUAL200,EQ,,,,,MIRAEAMC - EQUAL200,13.21,13.21,12.98,13.01,13.02,12.95,,13.01,,,6963,90636.05,69,F1,1,,,,,
2026-10-05,2026-10-05,CM,NSE,STK,757142,INF769K01OO2,EQUAL50,EQ,,,,,MIRAEAMC - EQUAL50,315.32,315.32,308.60,310.43,310.51,309.14,,310.16,,,16755,5200347.73,59,F1,1,,,,,
2026-10-05,2026-10-05,CM,NSE,STK,24461,INF769K01LQ3,EVINDIA,EQ,,,,,MIRAEAMC - EVINDIA,30.75,30.75,29.90,30.04,30.02,30.00,,30.04,,,201966,6065968.35,2729,F1,1,,,,,
2026-10-05,2026-10-05,CM,NSE,STK,760986,INF769K01QA6,HEALTHCARE,EQ,,,,,MIRAEAMC - HEALTHCARE,21.44,21.44,20.80,20.81,20.87,21.02,,20.81,,,50203,1047452.15,379,F1,1,,,,,
2026-10-05,2026-10-05,CM,NSE,STK,764333,INF769K01RJ5,HYBRIDETF,EQ,,,,,MIRAEAMC - HYBRIDETF,9.95,9.95,9.75,9.78,9.78,9.72,,9.78,,,2589,25451.80,49,F1,1,,,,,
2026-10-05,2026-10-05,CM,NSE,STK,761030,INF769K01QB4,INFRA,EQ,,,,,MIRAEAMC - INFRA,11.63,11.63,11.41,11.44,11.44,11.40,,11.44,,,21735,248948.48,193,F1,1,,,,,
2026-10-05,2026-10-05,CM,NSE,STK,758595,INF769K01PB6,INTERNET,EQ,,,,,MIRAEAMC - INTERNET,13.31,13.52,13.28,13.46,13.43,13.20,,13.46,,,120023,1609251.66,287,F1,1,,,,,
2026-10-05,2026-10-05,CM,NSE,STK,19633,INF769K01KV5,ITETF,EQ,,,,,MIRAEAMC - ITETF,30.31,30.50,29.80,29.95,29.98,29.92,,29.95,,,979536,29502316.44,960,F1,1,,,,,
2026-10-05,2026-10-05,CM,NSE,STK,765313,INF769K01RK3,LARGEMID50,EQ,,,,,MIRAEAMC - LARGEMID50,34.23,34.40,34.15,34.31,34.31,34.05,,34.31,,,11746,401311.72,22,F1,1,,,,,
2026-10-05,2026-10-05,CM,NSE,STK,17572,INF769K01KS1,LIQUID,EQ,,,,,MIRAEAMC - LIQUID,1000.01,1004.99,999.99,999.99,1000.00,999.99,,999.99,,,91304,91303747.60,177,F1,1,,,,,
2026-10-05,2026-10-05,CM,NSE,STK,27075,INF769K01MY5,LIQUIDPLUS,EQ,,,,,MIRAEAMC - LIQUIDPLUS,1106.90,1109.80,1104.86,1106.10,1106.12,1105.97,,1106.10,,,428967,474485218.50,321,F1,1,,,,,
2026-10-05,2026-10-05,CM,NSE,STK,1200,INF769K01GS9,ESG,EQ,,,,,MIRAEAMC - MAESGETF,38.61,38.81,38.39,38.59,38.65,38.47,,38.59,,,9178,353927.08,93,F1,1,,,,,
2026-10-05,2026-10-05,CM,NSE,STK,3507,INF769K01HF4,MAFANG,EQ,,,,,MIRAEAMC - MAFANG,254.41,261.00,248.21,259.42,260.40,248.21,,259.41,,,1391400,357048533.38,31123,F1,1,,,,,
2026-10-05,2026-10-05,CM,NSE,STK,5220,INF769K01HI8,BFSI,EQ,,,,,MIRAEAMC - MAFSETF,25.17,25.91,25.01,25.66,25.69,25.52,,25.65,,,188535,4861152.85,836,F1,1,,,,,
2026-10-05,2026-10-05,CM,NSE,STK,14286,INF769K01JP9,GOLDETF,EQ,,,,,MIRAEAMC - MAGOLDETF,143.12,143.18,141.97,142.97,142.66,143.08,,142.97,,,836811,119424592.39,9778,F1,1,,,,,
2026-10-05,2026-10-05,CM,NSE,STK,14938,INF769K01KF8,GSEC10YEAR,EQ,,,,,MIRAEAMC - MAGS813ETF,29.90,30.19,29.79,30.18,30.18,29.90,,30.18,,,4323,128996.68,31,F1,1,,,,,
2026-10-05,2026-10-05,CM,NSE,STK,7074,INF769K01HS7,MAHKTECH,EQ,,,,,MIRAEAMC - MAHKTECH,22.11,22.15,21.50,21.99,22.00,21.58,,21.99,,,703152,15394004.47,7530,F1,1,,,,,
2026-10-05,2026-10-05,CM,NSE,STK,8413,INF769K01IC9,MIDCAPETF,EQ,,,,,MIRAEAMC - MAM150ETF,22.69,22.69,21.70,22.23,22.25,22.14,,22.23,,,2714476,60365344.56,8510,F1,1,,,,,
2026-10-05,2026-10-05,CM,NSE,STK,7979,INF769K01IB1,MAKEINDIA,EQ,,,,,MIRAEAMC - MAMFGETF,156.23,156.23,153.90,154.82,154.49,154.68,,154.82,,,122521,18964207.61,833,F1,1,,,,,
2026-10-05,2026-10-05,CM,NSE,STK,6353,INF769K01EG9,NIFTYETF,EQ,,,,,MIRAEAMC - MAN50ETF,250.78,250.78,244.25,245.60,245.80,244.67,,245.60,,,194755,47806001.89,1530,F1,1,,,,,
2026-10-05,2026-10-05,CM,NSE,STK,14786,INF769K01JU9,LOWVOL,EQ,,,,,MIRAEAMC - MANV30F,195.50,195.50,191.36,192.20,192.21,191.67,,192.20,,,1347,258614.63,26,F1,1,,,,,
2026-10-05,2026-10-05,CM,NSE,STK,17181,INF769K01FN2,NEXT50,EQ,,,,,MIRAEAMC - MANXT50,715.36,719.63,711.10,714.71,715.43,713.61,,714.72,,,45526,32529084.01,1916,F1,1,,,,,
2026-10-05,2026-10-05,CM,NSE,STK,16777,INF769K01KG6,SILVERAG,EQ,,,,,MIRAEAMC - MASILVER,213.01,216.19,213.01,215.75,215.52,212.81,,215.75,,,157588,33919270.20,2437,F1,1,,,,,
2026-10-05,2026-10-05,CM,NSE,STK,5782,INF769K01HP3,MASPTOP50,EQ,,,,,MIRAEAMC - MASPTOP50,104.07,110.00,101.80,107.09,106.35,101.54,,107.11,,,1456667,155009913.47,18827,F1,1,,,,,
2026-10-05,2026-10-05,CM,NSE,STK,25744,INF769K01LY7,METAL,EQ,,,,,MIRAEAMC - METAL,12.60,12.90,12.42,12.61,12.62,12.59,,12.61,,,2041231,25771857.92,7343,F1,1,,,,,
2026-10-05,2026-10-05,CM,NSE,STK,23855,INF769K01LJ8,MIDSMALL,EQ,,,,,MIRAEAMC - MIDSMALL,49.58,49.90,49.28,49.59,49.63,49.41,,49.59,,,519210,25726283.01,1163,F1,1,,,,,
2026-10-05,2026-10-05,CM,NSE,STK,764198,INF769K01RC0,MOMMIDCAP,EQ,,,,,MIRAEAMC - MOMMIDCAP,12.58,12.58,12.35,12.41,12.38,12.33,,12.41,,,684508,8504261.27,498,F1,1,,,,,
2026-10-05,2026-10-05,CM,NSE,STK,25080,INF769K01LX9,MULTICAP,EQ,,,,,MIRAEAMC - MULTICAP,15.99,15.99,15.75,15.83,15.82,15.78,,15.83,,,179607,2844137.25,726,F1,1,,,,,
2026-10-05,2026-10-05,CM,NSE,STK,30109,INF769K01ON4,SELECTIPO,EQ,,,,,MIRAEAMC - SELECTIPO,46.61,46.97,45.48,45.79,45.73,45.48,,45.79,,,81986,3749598.95,176,F1,1,,,,,
2026-10-05,2026-10-05,CM,NSE,STK,19224,INF769K01KT9,SENSEXETF,EQ,,,,,MIRAEAMC - SENSEXETF,74.60,75.10,74.28,74.67,74.64,74.43,,74.67,,,62059,4632600.03,387,F1,1,,,,,
2026-10-05,2026-10-05,CM,NSE,STK,759814,INF769K01PQ4,SMALL250,EQ,,,,,MIRAEAMC - SMALL250,18.25,18.25,17.57,17.68,17.68,17.63,,17.68,,,235470,4169597.50,1141,F1,1,,,,,
2026-10-05,2026-10-05,CM,NSE,STK,22832,INF769K01LC3,SMALLCAP,EQ,,,,,MIRAEAMC - SMALLCAP,48.61,48.61,46.66,47.47,47.55,47.43,,47.47,,,1429138,67790897.88,4870,F1,1,,,,,
2026-10-05,2026-10-05,CM,NSE,STK,760415,INF769K01PZ5,TOP20,EQ,,,,,MIRAEAMC - TOP20,8.32,8.39,8.30,8.34,8.35,8.30,,8.34,,,21394,178656.78,135,F1,1,,,,,
2026-10-05,2026-10-05,CM,NSE,STK,761511,INF769K01QV2,VALUE,EQ,,,,,MIRAEAMC - VALUE,15.44,15.44,15.11,15.22,15.23,15.14,,15.22,,,10424,158888.18,136,F1,1,,,,,
2026-10-05,2026-10-05,CM,NSE,STK,4394,INE771A01026,MIRZAINT,EQ,,,,,MIRZA INTERNATIONAL LIMIT,28.00,28.42,27.63,27.83,27.99,27.65,,27.82,,,48425,1347029.02,530,F1,1,,,,,
2026-10-05,2026-10-05,CM,NSE,STK,2463,INE099Z01011,MIDHANI,EQ,,,,,MISHRA DHATU NIGAM LTD,433.60,444.90,425.20,440.10,438.50,433.60,,440.09,,,947160,414011600.80,29915,F1,1,,,,,
2026-10-05,2026-10-05,CM,NSE,STK,8469,INE828O01033,MITCON,EQ,,,,,MITCON CON & ENG SER LTD,80.00,83.70,79.50,81.14,80.55,80.34,,81.14,,,4453,359121.64,86,F1,1,,,,,
2026-10-05,2026-10-05,CM,NSE,STK,18562,INE997Y01027,MITTAL,EQ,,,,,MITTAL LIFE STYLE LIMITED,0.70,0.71,0.70,0.70,0.71,0.70,,0.70,,,705178,496946.86,293,F1,1,,,,,
2026-10-05,2026-10-05,CM,NSE,STK,13844,INE227C01017,MMFL,EQ,,,,,MM FORGINGS LTD,573.00,579.00,548.00,552.50,553.00,571.95,,552.50,,,106475,59490532.80,6295,F1,1,,,,,
2026-10-05,2026-10-05,CM,NSE,STK,16395,INE511Y01018,MMP,EQ,,,,,MMP INDUSTRIES LIMITED,465.00,476.75,447.65,468.05,470.00,449.60,,468.05,,,70165,32415825.80,3779,F1,1,,,,,
2026-10-05,2026-10-05,CM,NSE,STK,17957,INE123F01029,MMTC,EQ,,,,,MMTC LIMITED,57.56,57.69,56.00,56.33,56.00,56.29,,56.32,,,943031,53472636.05,8769,F1,1,,,,,
2026-10-05,2026-10-05,CM,NSE,STK,760196,INE1YNB01019,MOBILISE,SM,,,,,MOBILISE APP LAB LIMITED,97.75,103.25,97.75,103.25,103.25,98.35,,103.25,,,9600,974000.00,6,F1,1600,,,,,
2026-10-05,2026-10-05,CM,NSE,STK,2241,INE794W01014,MODTHREAD,EQ,,,,,MODERN THREADS INDIA LTD,45.91,47.89,45.90,46.58,46.81,45.66,,46.58,,,2245,104147.66,18,F1,1,,,,,
2026-10-05,2026-10-05,CM,NSE,STK,760277,INE537F01012,MODINATUR,EQ,,,,,MODI NATURALS LIMITED,328.50,328.80,324.00,325.05,324.90,324.45,,325.04,,,3235,1059726.00,95,F1,1,,,,,
2026-10-05,2026-10-05,CM,NSE,STK,2229,INE832A01018,MODIRUBBER,EQ,,,,,MODI RUBBER LTD,122.11,122.11,118.20,121.85,122.00,119.72,,121.85,,,318,38301.63,20,F1,1,,,,,
2026-10-05,2026-10-05,CM,NSE,STK,759752,INE0L0L01012,MODIS,EQ,,,,,MODIS NAVNIRMAN LTD,370.00,384.00,364.35,372.25,373.50,367.85,,372.15,,,22397,8368314.35,486,F1,1,,,,,
2026-10-05,2026-10-05,CM,NSE,STK,3325,INE737D01021,MODISONLTD,BE,,,,,MODISON LIMITED,486.50,497.00,461.75,467.95,475.40,486.05,,468.08,,,91895,43861401.60,1511,F1,1,,,,,
2026-10-05,2026-10-05,CM,NSE,STK,29423,INE954E01012,MOHITIND,EQ,,,,,MOHIT INDUSTRIES LTD,22.90,23.50,22.63,22.64,23.38,22.78,,22.55,,,2569,58499.65,45,F1,1,,,,,
2026-10-05,2026-10-05,CM,NSE,STK,765130,INE154B01023,MOHITE,EQ,,,,,MOHITE INDUSTRIES LTD.,2.42,2.54,2.42,2.43,2.50,2.49,,2.43,,,10131,24941.16,80,F1,1,,,,,
2026-10-05,2026-10-05,CM,NSE,STK,20830,INE490G01020,MOIL,EQ,,,,,MOIL LIMITED,235.20,243.50,235.20,236.49,236.90,232.66,,236.49,,,690784,165241764.59,13978,F1,1,,,,,
2026-10-05,2026-10-05,CM,NSE,STK,3586,INE514Y01020,MOKSH,EQ,,,,,MOKSH ORNAMENTS LIMITED,9.16,9.64,9.16,9.31,9.26,9.19,,9.31,,,30725,287889.20,219,F1,1,,,,,
2026-10-05,2026-10-05,CM,NSE,STK,764548,INE869T01028,MOLBIO,EQ,,,,,MOLBIO DIAGNOSTICS LTD,1501.80,1558.30,1472.60,1503.40,1497.00,1513.10,,1503.40,,,3050454,4609894995.20,154596,F1,1,,,,,
2026-10-05,2026-10-05,CM,NSE,STK,6713,INE893J01029,MOLDTKPAC,EQ,,,,,MOLD-TEK PACKAGING LTD,669.00,684.00,665.45,680.70,679.00,658.85,,680.59,,,81041,54834243.60,4905,F1,1,,,,,
2026-10-05,2026-10-05,CM,NSE,STK,17629,INE835B01035,MOLDTECH,BE,,,,,MOLD-TEK TECHNOLOGIES LTD,207.90,214.95,207.00,213.50,213.50,204.78,,213.51,,,77012,16382695.99,1246,F1,1,,,,,
2026-10-05,2026-10-05,CM,NSE,STK,7679,INE903D01011,MONARCH,EQ,,,,,MONARCH NETWORTH CAP LTD,347.05,351.05,341.50,348.65,351.00,342.70,,348.66,,,61652,21315803.50,1490,F1,1,,,,,
2026-10-05,2026-10-05,CM,NSE,STK,759384,INE296Q01012,MONEYBOXX,BE,,,,,MONEYBOXX FINANCE LIMITED,51.72,56.00,51.30,54.76,54.80,54.00,,53.31,,,29652,1577969.72,112,F1,1,,,,,
2026-10-05,2026-10-05,CM,NSE,STK,766325,INE0PTN01011,MONEYVIEW,EQ,,,,,MONEYVIEW LIMITED,55.85,59.00,50.56,51.51,51.24,53.88,,51.51,,,218474338,11939892879.41,512329,F1,1,,,,,
2026-10-05,2026-10-05,CM,NSE,STK,756958,INE1DV401010,MONOLITH,SM,,,,,MONOLITHISCH INDIA LTD,1277.00,1294.00,1220.00,1229.05,1220.50,1252.45,,1229.05,,,35000,43744862.50,109,F1,250,,,,,
2026-10-05,2026-10-05,CM,NSE,STK,5938,INE950M01013,MONTECARLO,EQ,,,,,MONTE CARLO FASHIONS LTD.,518.00,525.15,515.05,516.90,515.60,522.85,,516.89,,,19032,9880017.05,1388,F1,1,,,,,
2026-10-05,2026-10-05,CM,NSE,STK,25876,INE161G01027,MORARJEE,BZ,,,,,MORARJEE TEXTILES LIMITED,7.53,7.53,7.53,7.53,7.53,7.92,,8.28,,,80,602.40,1,F1,1,,,,,
2026-10-05,2026-10-05,CM,NSE,STK,2259,INE083A01026,MOREPENLAB,EQ,,,,,MOREPEN LAB. LTD,134.50,137.64,130.46,135.29,135.72,133.72,,135.29,,,18241253,2442137069.33,85596,F1,1,,,,,
2026-10-05,2026-10-05,CM,NSE,STK,15051,INE0N7S01028,MOS,SM,,,,,MOS UTILITY LIMITED,6.30,6.70,6.30,6.30,6.30,6.60,,6.30,,,1588000,10174000.00,184,F1,4000,,,,,
2026-10-05,2026-10-05,CM,NSE,STK,29459,INE935B01025,MOSCHIP,EQ,,,,,MOSCHIP TECHNOLOGIES LTD,201.00,201.85,194.81,195.84,196.39,198.03,,195.84,,,799333,157717771.04,16684,F1,1,,,,,
2026-10-05,2026-10-05,CM,NSE,STK,8596,INE0FS801015,MSUMI,EQ,,,,,MOTHERSON SUMI WRNG IND L,33.53,33.70,32.70,32.89,32.96,33.53,,32.89,,,8274064,273225281.64,43813,F1,1,,,,,
2026-10-05,2026-10-05,CM,NSE,STK,21423,INF247L01023,MOM100,EQ,,,,,MOTILAL OS MIDCAP100 ETF,65.28,65.28,63.45,63.68,63.45,63.69,,63.68,,,569400,36402439.06,5160,F1,1,,,,,
2026-10-05,2026-10-05,CM,NSE,STK,22739,INF247L01AP3,MON100,EQ,,,,,MOTILAL OS NASDAQ100 ETF,324.49,329.45,320.03,325.35,325.48,321.46,,325.35,,,1487737,483030320.52,42141,F1,1,,,,,
2026-10-05,2026-10-05,CM,NSE,STK,14947,INE338I01027,MOTILALOFS,EQ,,,,,MOTILAL OSWAL FIN LTD,991.00,1018.90,987.90,1011.10,1011.10,989.90,,1011.04,,,445092,449223694.45,26939,F1,1,,,,,
2026-10-05,2026-10-05,CM,NSE,STK,19289,INF247L01536,MOM50,EQ,,,,,MOTILAL OSWAL M50 ETF,238.99,238.99,234.79,235.61,235.01,235.67,,235.61,,,21342,5039339.85,254,F1,1,,,,,
2026-10-05,2026-10-05,CM,NSE,STK,1507,INF247L01AK4,MOGSEC,EQ,,,,,MOTILALAMC - G5,63.53,65.29,63.53,64.61,64.50,65.16,,64.63,,,7722,498668.56,133,F1,1,,,,,
2026-10-05,2026-10-05,CM,NSE,STK,757669,INF247L01FR8,MOALPHA50,EQ,,,,,MOTILALAMC - MOALPHA50,53.70,53.91,53.17,53.66,53.66,53.17,,53.66,,,3911,209632.48,73,F1,1,,,,,
2026-10-05,2026-10-05,CM,NSE,STK,761693,INF247L01GV8,MOBANK10,EQ,,,,,MOTILALAMC - MOBANK10,16.82,16.95,16.14,16.22,16.30,16.49,,16.22,,,14177,232048.64,135,F1,1,,,,,
2026-10-05,2026-10-05,CM,NSE,STK,30065,INF247L01EV3,MOCAPITAL,EQ,,,,,MOTILALAMC - MOCAPITAL,51.29,51.70,50.80,51.37,51.70,50.75,,51.37,,,589229,30246904.92,3797,F1,1,,,,,
2026-10-05,2026-10-05,CM,NSE,STK,24944,INF247L01DJ0,MODEFENCE,EQ,,,,,MOTILALAMC - MODEFENCE,101.72,103.22,99.70,100.54,100.70,100.71,,100.54,,,960834,96522752.32,11089,F1,1,,,,,
2026-10-05,2026-10-05,CM,NSE,STK,759374,INF247L01GH7,MOENERGY,EQ,,,,,MOTILALAMC - MOENERGY,37.42,37.42,36.69,36.87,36.99,36.69,,36.87,,,110816,4093358.66,969,F1,1,,,,,
2026-10-05,2026-10-05,CM,NSE,STK,757791,INF247L01FY4,MOGOLD,EQ,,,,,MOTILALAMC - MOGOLD,145.20,145.75,144.15,145.55,145.10,145.20,,145.70,,,62581,9097285.80,672,F1,1,,,,,
2026-10-05,2026-10-05,CM,NSE,STK,10508,INF247L01BB1,MOHEALTH,EQ,,,,,MOTILALAMC - MOHEALTH,51.75,51.75,49.63,49.99,50.00,50.81,,49.99,,,79993,4012101.91,1190,F1,1,,,,,
2026-10-05,2026-10-05,CM,NSE,STK,757031,INF247L01FL1,MOINFRA,EQ,,,,,MOTILALAMC - MOINFRA,56.91,56.91,55.67,56.11,56.38,55.79,,56.11,,,3741,209522.39,77,F1,1,,,,,
2026-10-05,2026-10-05,CM,NSE,STK,759891,INF247L01GI5,MOIPO,EQ,,,,,MOTILALAMC - MOIPO,45.50,47.45,45.50,47.31,47.25,45.50,,47.31,,,3595,167276.12,51,F1,1,,,,,
2026-10-05,2026-10-05,CM,NSE,STK,8654,INF247L01BL0,MOLOWVOL,EQ,,,,,MOTILALAMC - MOLOWVOL,33.05,34.55,33.05,33.95,34.18,33.90,,33.96,,,98219,3332460.61,68,F1,1,,,,,
2026-10-05,2026-10-05,CM,NSE,STK,25606,INF247L01DK8,MOMENTUM50,EQ,,,,,MOTILALAMC - MOMENTUM50,52.64,52.70,51.95,52.21,52.40,52.10,,52.22,,,408213,21365328.70,14451,F1,1,,,,,
2026-10-05,2026-10-05,CM,NSE,STK,764402,INF247L01HG7,MOMETAL,EQ,,,,,MOTILALAMC - MOMETAL,12.84,12.84,12.40,12.55,12.55,12.59,,12.55,,,26140,327038.66,91,F1,1,,,,,
2026-10-05,2026-10-05,CM,NSE,STK,757099,INF247L01FK3,MOMGF,EQ,,,,,MOTILALAMC - MOMGF,152.39,152.47,150.99,152.03,152.03,152.70,,152.03,,,1268,191992.61,44,F1,1,,,,,
2026-10-05,2026-10-05,CM,NSE,STK,757817,INF247L01FQ0,MOMIDMTM,EQ,,,,,MOTILALAMC - MOMIDMTM,62.72,62.77,61.07,61.09,61.07,61.49,,61.09,,,129407,7961671.10,526,F1,1,,,,,
2026-10-05,2026-10-05,CM,NSE,STK,760054,INF247L01GK1,MOMNC,EQ,,,,,MOTILALAMC - MOMNC,30.14,30.16,29.78,30.00,30.00,30.04,,30.00,,,1895,56870.59,29,F1,1,,,,,
2026-10-05,2026-10-05,CM,NSE,STK,8182,INF247L01BK2,MOMOMENTUM,EQ,,,,,MOTILALAMC - MOMOMENTUM,60.45,60.70,58.07,59.56,59.30,59.26,,59.56,,,51865,3087791.62,662,F1,1,,,,,
2026-10-05,2026-10-05,CM,NSE,STK,756900,INF247L01FC0,MON50EQUAL,EQ,,,,,MOTILALAMC - MON50EQUAL,30.75,31.67,30.75,31.10,31.20,31.54,,31.10,,,46693,1455873.93,130,F1,1,,,,,
2026-10-05,2026-10-05,CM,NSE,STK,757167,INF247L01FD8,MONEXT50,EQ,,,,,MOTILALAMC - MONEXT50,69.73,69.73,68.90,69.16,69.15,69.39,,69.16,,,2712,187725.91,111,F1,1,,,,,
2026-10-05,2026-10-05,CM,NSE,STK,759371,INF247L01GG9,MONIFTY100,EQ,,,,,MOTILALAMC - MONIFTY100,24.70,24.70,23.67,23.80,23.91,24.64,,23.80,,,31944,760684.11,280,F1,1,,,,,
2026-10-05,2026-10-05,CM,NSE,STK,19237,INF247L01BU1,MONIFTY500,EQ,,,,,MOTILALAMC - MONIFTY500,23.37,23.37,22.32,22.53,22.59,22.46,,22.53,,,3234487,72429862.34,2198,F1,1,,,,,
2026-10-05,2026-10-05,CM,NSE,STK,7422,INF247L01AU3,MONQ50,EQ,,,,,MOTILALAMC - MONQ50,198.00,203.94,191.01,200.60,201.88,193.18,,200.56,,,773635,153568021.31,17517,F1,1,,,,,
2026-10-05,2026-10-05,CM,NSE,STK,764405,INF247L01HH5,MOOILGAS,EQ,,,,,MOTILALAMC - MOOILGAS,10.77,10.77,10.47,10.57,10.59,10.93,,10.57,,,48117,508159.02,186,F1,1,,,,,
2026-10-05,2026-10-05,CM,NSE,STK,757431,INF247L01FO5,MOPSE,EQ,,,,,MOTILALAMC - MOPSE,95.22,95.22,94.29,94.95,94.95,94.75,,94.95,,,698,65955.94,15,F1,1,,,,,
2026-10-05,2026-10-05,CM,NSE,STK,10822,INF247L01BH8,MOQUALITY,EQ,,,,,MOTILALAMC - MOQUALITY,189.39,198.00,186.42,190.65,188.29,187.34,,191.66,,,21916,4105191.19,126,F1,1,,,,,
2026-10-05,2026-10-05,CM,NSE,STK,23184,INF247L01CI4,MOREALTY,EQ,,,,,MOTILALAMC - MOREALTY,83.36,85.34,82.61,83.89,83.42,84.30,,83.89,,,409161,34510004.24,1862,F1,1,,,,,
2026-10-05,2026-10-05,CM,NSE,STK,760001,INF247L01GJ3,MOSERVICE,EQ,,,,,MOTILALAMC - MOSERVICE,29.25,29.40,29.12,29.21,29.21,29.03,,29.21,,,11971,350678.47,45,F1,1,,,,,
2026-10-05,2026-10-05,CM,NSE,STK,758457,INF247L01FZ1,MOSILVER,EQ,,,,,MOTILALAMC - MOSILVER,218.86,219.40,216.80,218.63,218.45,215.92,,218.63,,,37688,8204818.22,640,F1,1,,,,,
2026-10-05,2026-10-05,CM,NSE,STK,23181,INF247L01CH6,MOSMALL250,EQ,,,,,MOTILALAMC - MOSMALL250,18.05,18.05,17.60,17.72,17.77,17.72,,17.72,,,633377,11219461.17,3508,F1,1,,,,,
2026-10-05,2026-10-05,CM,NSE,STK,757443,INF247L01FP2,MOTOUR,EQ,,,,,MOTILALAMC - MOTOUR,76.48,76.48,74.33,75.19,75.19,75.46,,75.19,,,15861,1193756.85,171,F1,1,,,,,
2026-10-05,2026-10-05,CM,NSE,STK,10825,INF247L01BE5,MOVALUE,EQ,,,,,MOTILALAMC - MOVALUE,108.87,108.87,106.30,106.82,106.91,108.25,,106.85,,,73685,7889058.39,1387,F1,1,,,,,
2026-10-05,2026-10-05,CM,NSE,STK,20788,INE0FRK01020,MOTISONS,EQ,,,,,MOTISONS JEWELLERS LTD,18.00,18.41,17.55,17.74,17.68,17.88,,17.74,,,24288664,435519769.01,22706,F1,1,,,,,
2026-10-05,2026-10-05,CM,NSE,STK,2268,INE861B01023,MOTOGENFIN,EQ,,,,,MOTOR & GENERAL FINANCE L,25.48,25.48,24.36,24.53,25.16,25.08,,24.53,,,2838,69545.54,67,F1,1,,,,,
2026-10-05,2026-10-05,CM,NSE,STK,757810,INE0XM301010,MMEL,SM,,,,,MOVING MEDIA ENTER LTD,28.55,28.55,28.50,28.50,28.50,28.50,,28.50,,,4000,114100.00,2,F1,2000,,,,,
2026-10-05,2026-10-05,CM,NSE,STK,765138,INE493H01014,MPDL,BE,,,,,MPDL LTD.,27.89,27.89,26.50,27.33,27.33,27.89,,27.37,,,2161,57551.91,14,F1,1,,,,,
2026-10-05,2026-10-05,CM,NSE,STK,4503,INE356A01018,MPHASIS,EQ,,,,,MPHASIS LIMITED,2277.80,2342.00,2239.20,2297.10,2297.10,2250.20,,2296.98,,,1107616,2543702057.60,42255,F1,1,,,,,
2026-10-05,2026-10-05,CM,NSE,STK,10578,INE943D01017,MPSLTD,EQ,,,,,MPS LIMITED,2628.40,2675.90,2600.80,2637.40,2646.20,2628.40,,2637.11,,,7943,20919854.40,1820,F1,1,,,,,
2026-10-05,2026-10-05,CM,NSE,STK,2277,INE883A01011,MRF,EQ,,,,,MRF LTD,123915.00,124490.00,122755.00,123330.00,124100.00,123715.00,,123328.77,,,3098,382358540.00,2315,F1,1,,,,,
2026-10-05,2026-10-05,CM,NSE,STK,2283,INE103A01014,MRPL,EQ,,,,,MRPL,164.79,173.70,163.25,172.43,173.10,164.76,,172.44,,,13082595,2217117125.94,76853,F1,1,,,,,
2026-10-05,2026-10-05,CM,NSE,STK,1628,INE495P01020,BECTORFOOD,EQ,,,,,MRS BECTORS FOOD SPE LTD,213.03,213.99,208.61,210.83,209.86,213.03,,210.83,,,428214,90350527.99,13356,F1,1,,,,,
2026-10-05,2026-10-05,CM,NSE,STK,11919,INE752G01015,MSPL,EQ,,,,,MSP STEEL & POWER LTD.,32.04,32.80,31.52,31.65,31.55,32.52,,31.65,,,893166,28591641.86,4587,F1,1,,,,,
2026-10-05,2026-10-05,CM,NSE,STK,9356,INE255X01014,MSTCLTD,EQ,,,,,MSTC LIMITED,705.00,705.60,687.50,693.75,692.00,705.80,,693.77,,,201122,140190185.85,9335,F1,1,,,,,
2026-10-05,2026-10-05,CM,NSE,STK,31413,INE472M01018,MTEDUCARE,BE,,,,,MT EDUCARE LTD,1.71,1.71,1.61,1.68,1.68,1.67,,1.68,,,9166,15127.93,56,F1,1,,,,,
2026-10-05,2026-10-05,CM,NSE,STK,2715,INE864I01014,MTARTECH,BE,,,,,MTAR TECHNOLOGIES LIMITED,7705.00,7800.00,7595.00,7654.00,7649.00,7797.00,,7653.94,,,122661,941580460.00,23186,F1,1,,,,,
2026-10-05,2026-10-05,CM,NSE,STK,19783,INE08KJ01020,MUFIN,EQ,,,,,MUFIN GREEN FINANCE LTD,131.30,134.43,130.60,132.89,132.50,130.59,,132.89,,,1067885,141980875.22,7170,F1,1,,,,,
2026-10-05,2026-10-05,CM,NSE,STK,11325,INE304A01026,MUKANDLTD,EQ,,,,,MUKAND LTD.,174.40,189.90,173.76,182.20,182.95,172.66,,182.24,,,1971183,362915198.64,25683,F1,1,,,,,
2026-10-05,2026-10-05,CM,NSE,STK,764788,INE596B01017,MUKESHB,EQ,,,,,MUKESH BABU FINANC SER L,128.00,128.00,128.00,128.00,128.00,128.80,,128.00,,,9,1152.00,1,F1,1,,,,,
2026-10-05,2026-10-05,CM,NSE,STK,22981,INE0CG401037,MUKKA,BE,,,,,MUKKA PROTEINS LIMITED,25.70,26.98,25.10,26.67,26.69,25.70,,26.68,,,272385,7199421.68,800,F1,1,,,,,
2026-10-05,2026-10-05,CM,NSE,STK,8687,INE374B01019,MUKTAARTS,EQ,,,,,MUKTA ARTS LIMITED,55.92,56.50,54.00,54.89,55.90,55.92,,54.89,,,2425,132203.81,59,F1,1,,,,,
2026-10-05,2026-10-05,CM,NSE,STK,31181,INE745G01043,MCX,EQ,,,,,MULTI COMMODITY EXCHANGE,3220.00,3258.70,3150.00,3181.70,3181.70,3204.00,,3181.72,,,1386833,4444500458.20,91901,F1,1,,,,,
2026-10-05,2026-10-05,CM,NSE,STK,759416,INE1K8Y01018,MUNISH,SM,,,,,MUNISH FORGE LIMITED,87.00,87.00,86.10,86.45,86.45,86.60,,86.45,,,6000,519240.00,5,F1,1200,,,,,
2026-10-05,2026-10-05,CM,NSE,STK,13511,INE672B01032,MUNJALAU,EQ,,,,,MUNJAL AUTO IND. LTD.,105.90,106.88,103.65,105.56,105.70,104.07,,105.57,,,353413,37199729.55,4856,F1,1,,,,,
2026-10-05,2026-10-05,CM,NSE,STK,2307,INE577A01027,MUNJALSHOW,EQ,,,,,MUNJAL SHOWA LTD,125.00,126.70,123.23,124.03,124.87,124.53,,124.03,,,15447,1922230.60,494,F1,1,,,,,
2026-10-05,2026-10-05,CM,NSE,STK,2313,INE692B01014,MURUDCERA,EQ,,,,,MURUDESHWAR CERAMICS LTD,27.55,28.84,27.55,28.01,28.30,28.06,,28.03,,,13934,392051.24,117,F1,1,,,,,
2026-10-05,2026-10-05,CM,NSE,STK,19877,INE919I01024,RADIOCITY,EQ,,,,,MUSIC BROADCAST LIMITED,5.76,6.10,5.76,5.90,5.86,5.88,,5.90,,,28659,168806.17,130,F1,1,,,,,
2026-10-05,2026-10-05,CM,NSE,STK,10415,INE296G01013,MUTHOOTCAP,EQ,,,,,MUTHOOT CAP SERV LTD,220.86,220.86,211.01,219.33,219.46,218.08,,219.33,,,8382,1813382.85,517,F1,1,,,,,
2026-10-05,2026-10-05,CM,NSE,STK,23650,INE414G01012,MUTHOOTFIN,EQ,,,,,MUTHOOT FINANCE LIMITED,2711.00,2747.80,2700.00,2716.40,2716.40,2697.10,,2716.44,,,499788,1359947568.30,40424,F1,1,,,,,
2026-10-05,2026-10-05,CM,NSE,STK,20831,INE046W01019,MUTHOOTMF,EQ,,,,,MUTHOOT MICROFIN LIMITED,177.58,183.49,174.52,176.38,176.39,174.09,,176.39,,,141785,25181724.37,4028,F1,1,,,,,
2026-10-05,2026-10-05,CM,NSE,STK,764397,INE0OWZ01020,MVELECTRO,EQ,,,,,MV ELECTROSYSTEMS LIMITED,855.80,920.60,850.00,897.55,902.00,836.95,,897.69,,,3364393,3032848561.15,83316,F1,1,,,,,
2026-10-05,2026-10-05,CM,NSE,STK,25208,INE0RVQ01016,MYMUDRA,SM,,,,,MY MUDRA FINCORP LIMITED,72.00,75.00,70.00,72.65,71.85,69.30,,72.65,,,73200,5317800.00,36,F1,1200,,,,,
2026-10-05,2026-10-05,CM,NSE,STK,8220,INE741A01011,MYSORPETRO,BE,,,,,MYSORE PETRO CHEMICALS L,119.40,119.40,115.00,115.88,115.55,119.40,,116.40,,,2067,240237.19,47,F1,1,,,,,
2026-10-05,2026-10-05,CM,NSE,STK,20314,INE740D01017,NRAIL,EQ,,,,,N R AGARWAL INDS LTD,680.00,680.00,650.05,661.35,652.10,659.50,,661.28,,,31444,20871358.70,1976,F1,1,,,,,
2026-10-05,2026-10-05,CM,NSE,STK,757489,INE104101014,NRVANDANA,SM,,,,,N R VANDANA TEX IND LTD,72.00,73.50,70.70,73.10,73.20,69.15,,73.10,,,21000,1516800.00,7,F1,3000,,,,,
2026-10-05,2026-10-05,CM,NSE,STK,764798,INE920C01017,NTCIND,EQ,,,,,N T C INDUSTRIES LTD.,126.00,137.70,126.00,135.97,136.00,129.51,,135.98,,,1573,214296.55,46,F1,1,,,,,
2026-10-05,2026-10-05,CM,NSE,STK,19111,INE365I01020,NBIFIN,EQ,,,,,N.B.I. IND. FIN. CO. LTD,1855.20,1855.20,1815.00,1819.00,1816.50,1857.90,,1819.00,,,458,837317.50,90,F1,1,,,,,
2026-10-05,2026-10-05,CM,NSE,STK,20425,INE295D01020,NACLIND,EQ,,,,,NACL INDUSTRIES LIMITED,130.41,132.41,128.40,130.29,131.00,130.41,,130.29,,,220568,28721820.78,4731,F1,1,,,,,
2026-10-05,2026-10-05,CM,NSE,STK,18371,INE756C01015,NDGL,EQ,,,,,NAGA DHUNSERI GROUP LTD,2422.00,2430.00,2330.00,2354.30,2350.00,2411.00,,2354.30,,,492,1173571.50,95,F1,1,,,,,
2026-10-05,2026-10-05,CM,NSE,STK,13060,INE454M01024,NAGAFERT,BZ,,,,,NAGARJUN FERT AND CHE LTD,1.64,1.69,1.61,1.61,1.61,1.69,,1.61,,,632707,1021257.49,616,F1,1,,,,,
2026-10-05,2026-10-05,CM,NSE,STK,14942,INE245I01016,NAGREEKCAP,EQ,,,,,NAGREEKA CAP & INFR.LTD,24.57,25.87,24.57,25.49,25.50,25.34,,25.47,,,7710,194390.74,71,F1,1,,,,,
2026-10-05,2026-10-05,CM,NSE,STK,14702,INE123B01028,NAGREEKEXP,EQ,,,,,NAGREEKA EXPORTS LTD.,21.29,21.97,20.10,20.87,20.70,21.29,,20.87,,,18915,396507.05,181,F1,1,,,,,
2026-10-05,2026-10-05,CM,NSE,STK,15360,INE049I01012,NAHARCAP,EQ,,,,,NAHAR CAP & FIN.,233.60,238.03,230.00,233.82,235.00,237.31,,233.81,,,2513,590671.69,70,F1,1,,,,,
2026-10-05,2026-10-05,CM,NSE,STK,13106,INE289A01011,NAHARINDUS,EQ,,,,,NAHAR INDS ENT LTD,128.00,130.00,126.10,127.08,127.00,127.74,,127.07,,,10196,1299528.57,260,F1,1,,,,,
2026-10-05,2026-10-05,CM,NSE,STK,14445,INE308A01027,NAHARPOLY,EQ,,,,,NAHAR POLY FILMS LIMITED,222.81,230.01,220.21,222.21,221.05,225.64,,222.23,,,2606,580921.99,103,F1,1,,,,,
2026-10-05,2026-10-05,CM,NSE,STK,14440,INE290A01027,NAHARSPING,EQ,,,,,NAHAR SPINNING MILLS LTD.,255.50,260.70,249.20,250.15,249.35,255.50,,249.84,,,27426,6968303.05,950,F1,1,,,,,
2026-10-05,2026-10-05,CM,NSE,STK,5401,INE236Y01012,NGIL,EQ,,,,,NAKODA GROUP OF IND. LTD,38.50,41.35,35.99,36.83,37.76,38.43,,36.83,,,37292,1377905.39,262,F1,1,,,,,
2026-10-05,2026-10-05,CM,NSE,STK,11239,INE023A01030,NSIL,EQ,,,,,NALWA SONS INVESTMENT LTD,5269.50,5269.50,5150.00,5199.50,5205.00,5163.50,,5199.46,,,1514,7869317.50,447,F1,1,,,,,
2026-10-05,2026-10-05,CM,NSE,STK,23382,INE0RJM01010,NAMAN,ST,,,,,NAMAN INDUSTRE PRXIMA LTD,48.20,48.20,48.20,48.20,48.20,48.20,,48.20,,,800,38560.00,1,F1,800,,,,,
2026-10-05,2026-10-05,CM,NSE,STK,25167,INE08NZ01012,NAMOEWASTE,SM,,,,,NAMO EWASTE MANAGEMENT L,305.00,326.00,305.00,323.50,322.00,310.70,,323.50,,,46400,14774920.00,44,F1,800,,,,,
2026-10-05,2026-10-05,CM,NSE,STK,31258,INE875G01048,NDL,EQ,,,,,NANDAN DENIM LIMITED,2.63,2.67,2.58,2.59,2.62,2.54,,2.59,,,942759,2462699.12,1210,F1,1,,,,,
2026-10-05,2026-10-05,CM,NSE,STK,5516,INE696V01013,JAIPURKURT,EQ,,,,,NANDANI CREATION LIMITED,27.00,27.00,25.59,26.01,26.01,26.49,,26.01,,,9493,248946.54,103,F1,1,,,,,
2026-10-05,2026-10-05,CM,NSE,STK,11840,INE410P01011,NH,EQ,,,,,NARAYANA HRUDAYALAYA LTD.,1744.90,1749.60,1709.60,1722.40,1724.50,1741.40,,1722.35,,,92682,159897900.90,14849,F1,1,,,,,
2026-10-05,2026-10-05,CM,NSE,STK,11627,INE117Z01029,NARMADA,EQ,,,,,NARMADA AGROBASE LIMITED,12.35,13.20,12.01,12.30,12.15,12.31,,12.30,,,752647,9357860.96,1805,F1,1,,,,,
2026-10-05,2026-10-05,CM,NSE,STK,3918,INE987B01026,NATCOPHARM,EQ,,,,,NATCO PHARMA LTD.,825.00,827.45,801.40,821.50,822.00,821.30,,821.56,,,571712,464222425.95,34755,F1,1,,,,,
2026-10-05,2026-10-05,CM,NSE,STK,11065,INE448G01010,NATHBIOGEN,EQ,,,,,NATH BIO-GENES (I) LTD,140.00,142.44,133.00,134.29,134.20,137.74,,134.28,,,15278,2082781.11,722,F1,1,,,,,
2026-10-05,2026-10-05,CM,NSE,STK,6364,INE139A01034,NATIONALUM,EQ,,,,,NATIONAL ALUMINIUM CO LTD,335.90,344.10,334.30,340.00,340.00,334.90,,340.00,,,5169746,1745629315.35,65108,F1,1,,,,,
2026-10-05,2026-10-05,CM,NSE,STK,13925,INE870D01012,NFL,EQ,,,,,NATIONAL FERT. LTD,63.99,64.45,63.12,63.28,63.20,63.85,,63.28,,,487718,31052178.06,4262,F1,1,,,,,
2026-10-05,2026-10-05,CM,NSE,STK,762807,INE166R01015,NATIONSTD,EQ,,,,,NATIONAL STAND (INDIA) L,116.05,116.05,112.00,112.51,112.92,114.91,,112.49,,,5158,581469.66,169,F1,1,,,,,
2026-10-05,2026-10-05,CM,NSE,STK,29588,INE936B01015,NATCAPSUQ,BE,,,,,NATURAL CAPSULES LIMITED,164.00,166.50,163.10,165.15,165.00,162.16,,165.15,,,1789,294207.14,45,F1,1,,,,,
2026-10-05,2026-10-05,CM,NSE,STK,4014,INE725A01030,NAVA,EQ,,,,,NAVA LIMITED,555.00,564.85,552.00,556.70,559.15,552.50,,556.68,,,302296,168452794.30,19579,F1,1,,,,,
2026-10-05,2026-10-05,CM,NSE,STK,14672,INE048G01026,NAVINFLUOR,EQ,,,,,NAVIN FLUORINE INT. LTD,8217.50,8333.50,8115.00,8272.00,8280.00,8136.50,,8271.99,,,133656,1100013182.50,41087,F1,1,,,,,
2026-10-05,2026-10-05,CM,NSE,STK,10557,INE278M01019,NAVKARCORP,EQ,,,,,NAVKAR CORPORATION LTD.,85.50,86.96,84.00,84.94,84.90,85.07,,84.94,,,213039,18180035.69,2673,F1,1,,,,,
2026-10-05,2026-10-05,CM,NSE,STK,29146,INE268H01044,NAVKARURB,EQ,,,,,NAVKAR URBANSTRUCTURE LTD,0.87,0.87,0.82,0.83,0.84,0.85,,0.83,,,491182,414343.18,339,F1,1,,,,,
2026-10-05,2026-10-05,CM,NSE,STK,2385,INE060A01024,NAVNETEDUL,EQ,,,,,NAVNEET EDUCATION LTD,126.20,126.20,122.50,122.97,123.25,123.87,,122.97,,,82595,10199392.06,1642,F1,1,,,,,
2026-10-05,2026-10-05,CM,NSE,STK,2987,INE418L01047,NAZARA,EQ,,,,,NAZARA TECHNOLOGIES LTD,388.45,393.45,379.10,385.80,384.00,384.70,,385.79,,,2285380,882591393.60,34214,F1,1,,,,,
2026-10-05,2026-10-05,CM,NSE,STK,31415,INE095N01031,NBCC,EQ,,,,,NBCC (INDIA) LIMITED,78.11,78.27,75.75,76.20,76.20,77.40,,76.20,,,7593129,581258892.37,36371,F1,1,,,,,
2026-10-05,2026-10-05,CM,NSE,STK,2319,INE868B01028,NCC,EQ,,,,,NCC LIMITED,130.10,131.39,127.72,128.79,128.75,130.06,,128.78,,,1624082,209821699.61,22405,F1,1,,,,,
2026-10-05,2026-10-05,CM,NSE,STK,14490,INE732C01016,NCLIND,EQ,,,,,NCL INDUSTRIES LIMITED,169.55,172.50,167.51,168.85,168.08,170.03,,169.02,,,43662,7387177.18,807,F1,1,,,,,
2026-10-05,2026-10-05,CM,NSE,STK,14547,INE353A01023,NDLVENTURE,EQ,,,,,NDL VENTURES LIMITED,123.00,126.70,122.27,123.17,124.50,125.24,,123.17,,,5077,625206.02,126,F1,1,,,,,
2026-10-05,2026-10-05,CM,NSE,STK,22255,INE07OG01012,NDRAUTO,EQ,,,,,NDR AUTO COMPONENTS LTD,710.40,721.00,695.00,706.80,710.05,715.85,,706.82,,,11897,8394755.70,936,F1,1,,,,,
2026-10-05,2026-10-05,CM,NSE,STK,11427,INE155G01029,NDTV,EQ,,,,,NDTV LTD,68.47,69.12,66.95,67.19,67.44,68.08,,67.15,,,64220,4338088.84,1251,F1,1,,,,,
2026-10-05,2026-10-05,CM,NSE,STK,11927,INE023H01027,NECLIFE,EQ,,,,,NECTAR LIFESCIENCES LTD.,10.43,10.58,10.18,10.48,10.49,10.23,,10.48,,,302353,3157835.06,357,F1,1,,,,,
2026-10-05,2026-10-05,CM,NSE,STK,762812,INE605D01012,NEAGI,EQ,,,,,NEELAMALAI AGRO INDS. L,3292.90,3292.90,3292.90,3292.90,3292.90,3309.40,,3299.43,,,5,16464.50,2,F1,1,,,,,
2026-10-05,2026-10-05,CM,NSE,STK,14761,INE189I01024,NELCAST,EQ,,,,,NELCAST LIMITED,119.83,123.30,118.18,121.43,120.80,121.03,,121.43,,,153030,18509926.54,3104,F1,1,,,,,
2026-10-05,2026-10-05,CM,NSE,STK,2388,INE045B01015,NELCO,EQ,,,,,NELCO LTD,897.00,915.00,880.05,885.10,887.00,889.20,,885.13,,,129029,115675937.70,6386,F1,1,,,,,
2026-10-05,2026-10-05,CM,NSE,STK,760928,INE21UM01018,NEOCHEM,SM,,,,,NEOCHEM BIO SOLUTIONS LTD,102.80,104.70,100.00,104.70,104.70,101.00,,104.70,,,19200,1972200.00,15,F1,1200,,,,,
2026-10-05,2026-10-05,CM,NSE,STK,9917,INE136S01016,NEOGEN,EQ,,,,,NEOGEN CHEMICALS LIMITED,2419.00,2447.90,2300.00,2311.20,2316.00,2407.10,,2311.34,,,116983,274573342.10,19082,F1,1,,,,,
2026-10-05,2026-10-05,CM,NSE,STK,24350,INE0SUN01013,NEPHROCARE,SM,,,,,NEPHRO CARE INDIA LIMITED,92.00,92.00,85.00,86.90,86.00,89.65,,86.90,,,29200,2560680.00,56,F1,400,,,,,
2026-10-05,2026-10-05,CM,NSE,STK,760346,INE428V01029,NEPHROPLUS,EQ,,,,,NEPHROCARE HEALTH SERV L,653.50,658.00,635.00,637.65,638.20,648.95,,637.64,,,135567,86860587.85,13600,F1,1,,,,,
2026-10-05,2026-10-05,CM,NSE,STK,15409,INE317F01035,NESCO,EQ,,,,,NESCO LTD.,1045.00,1051.50,1027.10,1036.60,1030.00,1028.20,,1036.53,,,31885,33133909.10,5796,F1,1,,,,,
2026-10-05,2026-10-05,CM,NSE,STK,17963,INE239A01024,NESTLEIND,EQ,,,,,NESTLE INDIA LIMITED,1305.40,1311.30,1292.90,1297.10,1297.10,1307.70,,1297.10,,,1676136,2178950188.60,44596,F1,1,,,,,
2026-10-05,2026-10-05,CM,NSE,STK,20406,INE518X01015,CBAZAAR,SM,,,,,NET AVENUE TECHNOLOGIES L,5.20,5.30,5.20,5.30,5.30,5.45,,5.30,,,16000,84000.00,2,F1,8000,,,,,
2026-10-05,2026-10-05,CM,NSE,STK,17433,INE0NT901020,NETWEB,EQ,,,,,NETWEB TECH INDIA LTD,4543.00,4790.00,4535.00,4765.10,4765.20,4520.30,,4765.18,,,1646842,7734277124.60,129375,F1,1,,,,,
2026-10-05,2026-10-05,CM,NSE,STK,756324,INE0FFK01017,NPST,EQ,,,,,NETWORK PEOPLE SRV TECH L,1766.50,1850.00,1761.60,1833.50,1848.00,1766.50,,1833.46,,,70247,127297482.80,9128,F1,1,,,,,
2026-10-05,2026-10-05,CM,NSE,STK,14111,INE870H01013,NETWORK18,EQ,,,,,NETWORK18 MEDIA & INV LTD,25.52,26.02,25.30,25.44,25.45,25.43,,25.44,,,2117185,54175040.84,5832,F1,1,,,,,
2026-10-05,2026-10-05,CM,NSE,STK,30554,INE333I01044,NEUEON,BE,,,,,NEUEON CORPORATION LTD,15.26,15.26,14.50,14.50,14.50,15.26,,14.50,,,62778,914551.31,88,F1,1,,,,,
2026-10-05,2026-10-05,CM,NSE,STK,2406,INE794A01010,NEULANDLAB,EQ,,,,,NEULAND LAB LTD.,21500.00,21960.00,21090.00,21875.00,21890.00,21505.00,,21874.59,,,62813,1356857725.00,25495,F1,1,,,,,
2026-10-05,2026-10-05,CM,NSE,STK,1164,INE619B01017,NEWGEN,EQ,,,,,NEWGEN SOFTWARE TECH LTD,464.80,472.55,456.35,458.75,458.90,456.35,,458.76,,,657395,304615216.60,33379,F1,1,,,,,
2026-10-05,2026-10-05,CM,NSE,STK,19161,INE0PW501021,NEWJAISA,ST,,,,,NEWJAISA TECHNOLOGIES LTD,16.30,17.10,16.30,17.00,17.00,17.10,,17.00,,,33000,544425.00,9,F1,1500,,,,,
2026-10-05,2026-10-05,CM,NSE,STK,9867,INE747B01016,NEXTMEDIA,EQ,,,,,NEXT MEDIAWORKS LIMITED,3.58,3.58,3.45,3.57,3.58,3.58,,3.60,,,13843,48569.37,55,F1,1,,,,,
2026-10-05,2026-10-05,CM,NSE,STK,15815,INE0NDH25011,NXST,RR,,,,,NEXUS SELECT TRUST,166.70,167.44,164.75,164.99,164.75,165.57,,164.99,,,383340,63574764.10,11989,F1,1,,,,,
2026-10-05,2026-10-05,CM,NSE,STK,763536,INE0T1501010,NFPSAMPOOR,SM,,,,,NFP SAMPOORNA FOODS LTD,20.30,20.30,20.30,20.30,20.30,20.80,,20.30,,,2000,40600.00,1,F1,2000,,,,,
2026-10-05,2026-10-05,CM,NSE,STK,10277,INE887E01022,NGLFINE,EQ,,,,,NGL FINE CHEM LIMITED,2930.00,3045.00,2841.00,2988.30,3020.00,2924.00,,2989.49,,,7251,21416898.50,1526,F1,1,,,,,
2026-10-05,2026-10-05,CM,NSE,STK,1765,INE557F07181,893NHB29,N6,,,,,NHB 8.93 NCD TR II SR 2 B,5579.50,5581.00,5579.00,5579.71,5580.00,5579.50,,5579.71,,,801,4469394.00,12,F1,1,,,,,
2026-10-05,2026-10-05,CM,NSE,STK,17400,INE848E01016,NHPC,EQ,,,,,NHPC LTD,71.75,72.83,71.10,72.00,72.00,71.75,,71.99,,,4447161,318708635.11,26010,F1,1,,,,,
2026-10-05,2026-10-05,CM,NSE,STK,29487,INE149O01018,NIBE,EQ,,,,,NIBE LIMITED,1236.00,1253.30,1214.00,1221.30,1225.00,1234.50,,1221.30,,,28920,35589998.10,2700,F1,1,,,,,
2026-10-05,2026-10-05,CM,NSE,STK,764793,INE653C01022,NICCOPAR,EQ,,,,,NICCO PARKS & RESORTS LTD,82.65,82.65,80.00,80.10,80.00,79.50,,80.18,,,277,22266.60,18,F1,1,,,,,
2026-10-05,2026-10-05,CM,NSE,STK,6592,INE0J6L01013,NIDAN,SM,,,,,NIDAN LABS AND HEALTH LTD,12.90,12.90,12.60,12.60,12.60,12.90,,12.60,,,4000,51000.00,4,F1,1000,,,,,
2026-10-05,2026-10-05,CM,NSE,STK,17747,INE342G01023,NIITMTS,EQ,,,,,NIIT LEARNING SYSTEMS LTD,190.02,203.26,190.02,199.62,197.96,191.08,,199.61,,,170084,33792030.08,6875,F1,1,,,,,
2026-10-05,2026-10-05,CM,NSE,STK,11522,INE161A01038,NIITLTD,EQ,,,,,NIIT LIMITED,84.99,87.10,82.57,83.89,83.90,84.94,,83.87,,,122628,10303441.70,2441,F1,1,,,,,
2026-10-05,2026-10-05,CM,NSE,STK,758178,INE0FLF01015,NIKITA,SM,,,,,NIKITA GRENTEC RECYCL LTD,72.70,72.70,70.00,72.35,72.35,66.10,,72.35,,,31200,2243040.00,21,F1,1200,,,,,
2026-10-05,2026-10-05,CM,NSE,STK,9253,INE937C01029,NILAINFRA,EQ,,,,,NILA INFRASTRUCTURES LTD,6.73,6.95,6.65,6.71,6.75,6.57,,6.72,,,192035,1294438.81,613,F1,1,,,,,
2026-10-05,2026-10-05,CM,NSE,STK,7411,INE00S901012,NILASPACES,EQ,,,,,NILA SPACES LIMITED,11.48,11.48,10.81,11.00,11.07,11.22,,11.00,,,433053,4811512.45,2014,F1,1,,,,,
2026-10-05,2026-10-05,CM,NSE,STK,762817,INE445D01013,NILE,EQ,,,,,NILE LTD.,1297.00,1297.00,1212.60,1226.00,1217.10,1243.20,,1227.81,,,4135,5195002.40,738,F1,1,,,,,
2026-10-05,2026-10-05,CM,NSE,STK,2421,INE310A01015,NILKAMAL,EQ,,,,,NILKAMAL LIMITED,1860.00,1899.30,1820.10,1829.50,1821.00,1871.80,,1829.55,,,17730,32907133.70,3451,F1,1,,,,,
2026-10-05,2026-10-05,CM,NSE,STK,761720,INE875B01015,NIMBSPROJ,EQ,,,,,NIMBUS PROJECTS LIMITED,190.80,195.00,180.10,187.32,194.80,189.45,,187.32,,,37323,6885509.15,555,F1,1,,,,,
2026-10-05,2026-10-05,CM,NSE,STK,14194,INE395U01014,NINSYS,EQ,,,,,NINTEC SYSTEMS LIMITED,830.00,844.85,808.00,842.00,842.80,804.65,,841.67,,,16316,13619317.65,975,F1,1,,,,,
2026-10-05,2026-10-05,CM,NSE,STK,11439,INF204KB15I9,BANKBEES,EQ,,,,,NIP IND ETF BANK BEES,575.00,575.00,563.95,565.61,565.08,565.03,,565.61,,,582686,330558592.91,8918,F1,1,,,,,
2026-10-05,2026-10-05,CM,NSE,STK,2435,INF204KA1LD7,CONSUMBEES,EQ,,,,,NIP IND ETF CONSUMPTION,120.93,122.50,120.92,122.10,122.50,121.58,,122.10,,,81760,9937055.16,1311,F1,1,,,,,
2026-10-05,2026-10-05,CM,NSE,STK,2636,INF204KA1MS3,DIVOPPBEES,EQ,,,,,NIP IND ETF DIV OPP,72.08,72.74,71.77,72.29,72.48,71.98,,72.29,,,52877,3820423.90,1357,F1,1,,,,,
2026-10-05,2026-10-05,CM,NSE,STK,9847,INF204KB18I3,NV20BEES,EQ,,,,,NIP IND ETF ETF NV20,132.11,133.00,130.70,131.79,130.95,131.46,,131.79,,,20940,2757363.58,393,F1,1,,,,,
2026-10-05,2026-10-05,CM,NSE,STK,14428,INF204KB17I5,GOLDBEES,EQ,,,,,NIP IND ETF GOLD BEES,121.43,121.74,120.52,121.58,121.61,121.43,,121.58,,,21006606,2545514560.07,158920,F1,1,,,,,
2026-10-05,2026-10-05,CM,NSE,STK,18284,INF204KB19I1,HNGSNGBEES,EQ,,,,,NIP IND ETF HANGSENG BEES,500.00,500.00,452.00,457.63,458.35,455.10,,457.53,,,93775,42636839.78,6131,F1,1,,,,,
2026-10-05,2026-10-05,CM,NSE,STK,20072,INF732E01268,INFRABEES,EQ,,,,,NIP IND ETF INFRA BEES,899.38,900.51,891.30,898.85,893.86,895.24,,898.85,,,22520,20183793.96,849,F1,1,,,,,
2026-10-05,2026-10-05,CM,NSE,STK,19084,INF204KB15V2,ITBEES,EQ,,,,,NIP IND ETF IT,31.70,32.00,31.22,31.35,31.40,31.38,,31.35,,,10293140,324529100.44,20706,F1,1,,,,,
2026-10-05,2026-10-05,CM,NSE,STK,10939,INF732E01045,JUNIORBEES,EQ,,,,,NIP IND ETF JUNIOR BEES,753.20,754.20,740.00,748.46,750.00,747.52,,748.46,,,672551,503844383.15,48786,F1,1,,,,,
2026-10-05,2026-10-05,CM,NSE,STK,11006,INF732E01037,LIQUIDBEES,EQ,,,,,NIP IND ETF LIQUID BEES,1000.00,1000.01,999.99,999.99,999.99,999.99,,999.99,,,3997499,3997483362.49,5361,F1,1,,,,,
2026-10-05,2026-10-05,CM,NSE,STK,17700,INF204KB1882,LTGILTBEES,EQ,,,,,NIP IND ETF LONGTERM GILT,29.48,29.54,29.46,29.49,29.50,29.49,,29.49,,,2067997,60966865.21,1000,F1,1,,,,,
2026-10-05,2026-10-05,CM,NSE,STK,8506,INF204KB1V68,MID150BEES,EQ,,,,,NIP IND ETF MIDCAP 150,231.26,231.26,224.15,224.92,225.30,224.52,,224.93,,,1329564,299630502.82,22834,F1,1,,,,,
2026-10-05,2026-10-05,CM,NSE,STK,29577,INF204K014N5,NIF100BEES,EQ,,,,,NIP IND ETF NIFTY 100,257.00,257.00,249.52,251.20,251.75,252.27,,251.20,,,71279,17892520.42,1007,F1,1,,,,,
2026-10-05,2026-10-05,CM,NSE,STK,10576,INF204KB14I2,NIFTYBEES,EQ,,,,,NIP IND ETF NIFTY BEES,256.50,259.69,255.80,257.29,257.59,256.50,,257.29,,,8564375,2203190139.81,144248,F1,1,,,,,
2026-10-05,2026-10-05,CM,NSE,STK,15032,INF204KB16I7,PSUBNKBEES,EQ,,,,,NIP IND ETF PSU BANK BEES,89.30,90.60,88.55,89.31,89.46,88.92,,89.31,,,2167646,194233781.28,8604,F1,1,,,,,
2026-10-05,2026-10-05,CM,NSE,STK,17044,INF732E01128,SHARIABEES,EQ,,,,,NIP IND ETF SHARIAH BEES,423.26,437.70,420.00,421.48,424.00,423.26,,421.53,,,12399,5229898.79,847,F1,1,,,,,
2026-10-05,2026-10-05,CM,NSE,STK,357,INE298J01013,NAM-INDIA,EQ,,,,,NIPPON L I A M LTD,1049.00,1069.50,1046.00,1061.00,1061.00,1046.00,,1060.99,,,842149,892932405.20,43667,F1,1,,,,,
2026-10-05,2026-10-05,CM,NSE,STK,757725,INF204KC1FU1,LIQGRWBEES,EQ,,,,,NIPPONAMC - LIQGRWBEES,1058.04,1058.18,1058.04,1058.17,1058.16,1058.04,,1058.17,,,198604,210155910.68,515,F1,1,,,,,
2026-10-05,2026-10-05,CM,NSE,STK,758667,INF204KC1GH6,MANUFGBEES,EQ,,,,,NIPPONAMC - MANUFGBEES,154.01,154.01,152.22,153.14,153.60,153.68,,153.14,,,6521,997288.92,414,F1,1,,,,,
2026-10-05,2026-10-05,CM,NSE,STK,7880,INF204KC1337,AUTOBEES,EQ,,,,,NIPPONAMC - NETFAUTO,263.60,264.83,258.00,262.82,263.30,263.65,,262.82,,,213167,55937754.12,4414,F1,1,,,,,
2026-10-05,2026-10-05,CM,NSE,STK,4973,INF204KC1089,PHARMABEES,EQ,,,,,NIPPONAMC - NETFPHARMA,27.78,27.78,26.77,26.85,26.87,27.11,,26.84,,,4845725,130255091.47,18130,F1,1,,,,,
2026-10-05,2026-10-05,CM,NSE,STK,8080,INF204KC1402,SILVERBEES,EQ,,,,,NIPPONAMC - NETFSILVER,209.72,212.35,209.56,211.85,211.91,208.71,,211.85,,,17563704,3706721189.18,81485,F1,1,,,,,
2026-10-05,2026-10-05,CM,NSE,STK,757455,INF204KC1EZ3,SNXT30BEES,EQ,,,,,NIPPONAMC - SNXT30BEES,40.10,40.20,39.83,40.02,39.83,40.10,,39.84,,,7650,306451.96,135,F1,1,,,,,
2026-10-05,2026-10-05,CM,NSE,STK,255,INE368I01016,NIRAJ,EQ,,,,,NIRAJ CEMENT STRUC LTD,28.29,28.50,27.32,27.92,27.89,27.74,,27.92,,,26158,722728.01,78,F1,1,,,,,
2026-10-05,2026-10-05,CM,NSE,STK,18844,INE326T01011,NIRAJISPAT,BE,,,,,NIRAJ ISPAT IND LTD,300.00,300.00,300.00,300.00,300.00,300.00,,300.00,,,1,300.00,1,F1,1,,,,,
2026-10-05,2026-10-05,CM,NSE,STK,2433,INE910A01012,NIRLON,EQ,,,,,NIRLON LTD,615.45,619.55,612.10,615.40,615.00,606.80,,615.26,,,3982,2451323.90,691,F1,1,,,,,
2026-10-05,2026-10-05,CM,NSE,STK,14722,INE0OK701014,NIRMAN,SM,,,,,NIRMAN AGRI GENTICS LTD,25.45,30.50,25.45,27.00,27.00,25.45,,27.00,,,42600,1163835.00,79,F1,300,,,,,
2026-10-05,2026-10-05,CM,NSE,STK,13300,INE858F01012,NITCO,EQ,,,,,NITCO LIMITED,84.99,85.33,82.13,82.69,82.31,84.18,,82.69,,,555619,46143254.89,2818,F1,1,,,,,
2026-10-05,2026-10-05,CM,NSE,STK,13175,INE229H01012,NITINSPIN,EQ,,,,,NITIN SPINNERS LIMITED,597.60,612.50,595.30,604.75,605.00,594.60,,604.70,,,83708,50562277.50,5084,F1,1,,,,,
2026-10-05,2026-10-05,CM,NSE,STK,3247,INE439T01012,NITIRAJ,EQ,,,,,NITIRAJ ENGINEERS LTD,205.00,205.00,200.31,202.14,202.00,200.90,,202.14,,,353,71669.16,25,F1,1,,,,,
2026-10-05,2026-10-05,CM,NSE,STK,762824,INE265B01019,NITTAGELA,EQ,,,,,NITTA GELATIN INDIA LTD.,1716.30,1719.00,1665.00,1668.90,1672.00,1664.30,,1668.82,,,1183,1982277.10,250,F1,1,,,,,
2026-10-05,2026-10-05,CM,NSE,STK,27097,INE995S01015,NIVABUPA,EQ,,,,,NIVA BUPA HEALTH INS CO L,72.98,77.30,72.60,75.85,76.14,72.98,,75.85,,,2936428,221649595.88,35600,F1,1,,,,,
2026-10-05,2026-10-05,CM,NSE,STK,8585,INE589A01014,NLCINDIA,EQ,,,,,NLC INDIA LIMITED,255.45,257.65,251.15,252.45,253.20,253.20,,252.45,,,620352,157222199.00,15799,F1,1,,,,,
2026-10-05,2026-10-05,CM,NSE,STK,15332,INE584A01023,NMDC,EQ,,,,,NMDC LTD.,75.00,75.51,73.06,73.74,73.74,74.64,,73.74,,,11989948,888844836.53,65655,F1,1,,,,,
2026-10-05,2026-10-05,CM,NSE,STK,14180,INE0NNS01018,NSLNISP,EQ,,,,,NMDC STEEL LIMITED,41.00,41.30,40.31,40.50,40.39,40.95,,40.50,,,3000968,122297641.02,14757,F1,1,,,,,
2026-10-05,2026-10-05,CM,NSE,STK,2442,INE163A01018,NOCIL,EQ,,,,,NOCIL LIMITED,167.60,171.14,164.65,165.83,165.73,168.85,,165.83,,,540544,90086663.52,8851,F1,1,,,,,
2026-10-05,2026-10-05,CM,NSE,STK,10786,INE781B01015,NOIDATOLL,EQ,,,,,NOIDA TOLL BRIDGE CO LTD,3.77,3.77,3.55,3.56,3.55,3.56,,3.56,,,182994,667730.34,496,F1,1,,,,,
2026-10-05,2026-10-05,CM,NSE,STK,4160,INE369C01017,NORBTEAEXP,EQ,,,,,NORBEN TEA & EXPORTS LTD,69.04,70.76,65.59,65.59,65.59,69.04,,65.59,,,2311,155251.95,96,F1,1,,,,,
2026-10-05,2026-10-05,CM,NSE,STK,13522,INE553C01016,NECCLTD,EQ,,,,,NORTH EAST CARRY CORP LTD,19.55,19.55,17.68,19.12,19.14,18.41,,19.12,,,129283,2413288.94,436,F1,1,,,,,
2026-10-05,2026-10-05,CM,NSE,STK,25426,INE850M01015,NORTHARC,EQ,,,,,NORTHERN ARC CAPITAL LTD,292.70,295.00,288.40,289.45,289.35,288.70,,289.45,,,326239,95091857.80,7464,F1,1,,,,,
2026-10-05,2026-10-05,CM,NSE,STK,22477,INE02H701025,NOVAAGRI,EQ,,,,,NOVA AGRITECH LIMITED,22.22,22.98,22.00,22.39,22.42,22.22,,22.40,,,50586,1139686.67,408,F1,1,,,,,
2026-10-05,2026-10-05,CM,NSE,STK,9007,INE234A01025,NOVARTIND,EQ,,,,,NOVARTIS INDIA LIMITED,2027.70,2161.50,1955.00,1967.80,1964.00,1965.00,,1967.77,,,192487,399662113.60,12065,F1,1,,,,,
2026-10-05,2026-10-05,CM,NSE,STK,7553,INE349A01021,NRBBEARING,EQ,,,,,NRB BEARING LIMITED,549.00,556.85,533.55,535.70,536.00,542.60,,535.74,,,406034,220549918.55,24504,F1,1,,,,,
2026-10-05,2026-10-05,CM,NSE,STK,29733,INE047O01014,NIBL,EQ,,,,,NRB INDUS. BEARINGS LTD.,32.98,32.98,31.32,31.33,31.50,31.32,,31.31,,,6562,205889.29,116,F1,1,,,,,
2026-10-05,2026-10-05,CM,NSE,STK,27176,INE0ONG01011,NTPCGREEN,EQ,,,,,NTPC GREEN ENERGY LIMITED,91.10,91.57,89.55,90.09,90.10,91.09,,90.09,,,1231775,111319480.01,22242,F1,1,,,,,
2026-10-05,2026-10-05,CM,NSE,STK,11630,INE733E01010,NTPC,EQ,,,,,NTPC LTD,316.05,323.55,316.05,321.80,321.80,315.10,,321.80,,,9458589,3037214107.15,111347,F1,1,,,,,
2026-10-05,2026-10-05,CM,NSE,STK,10791,INE096B01018,NUCLEUS,EQ,,,,,NUCLEUS SOFTWARE EXPORTS,648.10,652.45,636.05,637.75,638.20,646.95,,637.75,,,10735,6894222.40,1230,F1,1,,,,,
2026-10-05,2026-10-05,CM,NSE,STK,13680,INE0JM501013,NRL,BE,,,,,NUPUR RECYCLERS LIMITED,154.74,157.00,153.48,157.00,157.00,156.61,,157.00,,,88836,13784441.08,232,F1,1,,,,,
2026-10-05,2026-10-05,CM,NSE,STK,2353,INE0DSF01015,NURECA,BE,,,,,NURECA LIMITED,348.00,348.00,333.20,339.05,342.00,349.85,,339.29,,,7907,2687521.15,295,F1,1,,,,,
2026-10-05,2026-10-05,CM,NSE,STK,18721,INE531F01023,NUVAMA,EQ,,,,,NUVAMA WEALTH MANAGE LTD,1709.40,1865.00,1706.00,1820.80,1810.00,1701.40,,1820.81,,,4036851,7343621939.40,209658,F1,1,,,,,
2026-10-05,2026-10-05,CM,NSE,STK,5426,INE118D01016,NUVOCO,EQ,,,,,NUVOCO VISTAS CORP LTD,324.00,329.45,322.00,326.10,326.65,322.10,,326.10,,,179658,58583701.85,14615,F1,1,,,,,
2026-10-05,2026-10-05,CM,NSE,STK,8797,INE426Z01016,OBCL,EQ,,,,,OBCL LIMITED,55.79,57.80,55.40,55.85,55.85,54.39,,55.48,,,2034,114730.80,29,F1,1,,,,,
2026-10-05,2026-10-05,CM,NSE,STK,20242,INE093I01010,OBEROIRLTY,EQ,,,,,OBEROI REALTY LIMITED,1754.60,1793.70,1749.20,1751.20,1751.20,1754.60,,1751.20,,,419733,741939780.40,18553,F1,1,,,,,
2026-10-05,2026-10-05,CM,NSE,STK,25923,INE0YHV01011,OBSCP,SM,,,,,OBSC PERFECTION LIMITED,899.10,924.90,881.05,888.70,885.00,892.10,,888.70,,,26800,24159040.00,67,F1,400,,,,,
2026-10-05,2026-10-05,CM,NSE,STK,25920,INE0PK601023,OCCLLTD,BE,,,,,OCCL LIMITED,202.90,202.90,185.00,197.79,199.90,193.49,,197.78,,,98621,19236945.68,878,F1,1,,,,,
2026-10-05,2026-10-05,CM,NSE,STK,27571,INE054301028,ODIGMA,EQ,,,,,ODIGMA CONSULTANCY SOL L,21.11,21.50,20.51,20.66,20.58,21.11,,20.70,,,7462,155676.04,352,F1,1,,,,,
2026-10-05,2026-10-05,CM,NSE,STK,764803,INE839E01023,ODYCORP,EQ,,,,,ODYSSEY CORPORATION LTD.,6.97,7.13,6.80,6.85,6.90,6.91,,6.83,,,18370,126975.30,82,F1,1,,,,,
2026-10-05,2026-10-05,CM,NSE,STK,2475,INE213A01029,ONGC,EQ,,,,,OIL AND NATURAL GAS CORP.,222.50,226.69,222.42,224.90,224.90,222.37,,224.90,,,19420879,4357223521.01,106287,F1,1,,,,,
2026-10-05,2026-10-05,CM,NSE,STK,8109,INE591A01010,OILCOUNTUB,BE,,,,,OIL COUNTRY TUBULAR LTD.,79.70,79.70,79.70,79.70,79.70,78.14,,79.55,,,38723,3086223.10,79,F1,1,,,,,
2026-10-05,2026-10-05,CM,NSE,STK,17438,INE274J01014,OIL,EQ,,,,,OIL INDIA LTD,444.00,450.65,441.05,446.50,446.50,444.00,,446.50,,,2225503,993946646.90,36031,F1,1,,,,,
2026-10-05,2026-10-05,CM,NSE,STK,24777,INE0LXG01040,OLAELEC,EQ,,,,,OLA ELECTRIC MOBILITY LTD,37.08,37.27,36.52,36.68,36.67,37.08,,36.68,,,35609938,1312331732.80,100726,F1,1,,,,,
2026-10-05,2026-10-05,CM,NSE,STK,10637,INE260D01016,OLECTRA,EQ,,,,,OLECTRA GREENTECH LIMITED,1108.00,1115.50,1069.90,1078.40,1076.00,1096.20,,1078.41,,,409750,445009812.80,21955,F1,1,,,,,
2026-10-05,2026-10-05,CM,NSE,STK,759411,INE1BZC01019,OMFREIGHT,EQ,,,,,OM FREIGHT FORWARDERS LTD,103.99,103.99,96.00,100.95,101.00,97.50,,100.96,,,47465,4740274.97,461,F1,1,,,,,
2026-10-05,2026-10-05,CM,NSE,STK,24231,INE239D01028,OMINFRAL,EQ,,,,,OM INFRA LIMITED,76.08,77.55,74.00,74.84,74.75,76.08,,74.84,,,46344,3499018.18,1514,F1,1,,,,,
2026-10-05,2026-10-05,CM,NSE,STK,762432,INE25E901019,OMPOWER,EQ,,,,,OM POWER TRANSMISSION LTD,160.00,160.00,150.20,152.06,151.00,157.74,,152.10,,,76219,11810632.41,1519,F1,1,,,,,
2026-10-05,2026-10-05,CM,NSE,STK,10922,INE090B01011,OMAXAUTO,EQ,,,,,OMAX AUTOS LTD,200.14,210.78,197.52,201.44,199.71,201.14,,201.47,,,59335,12042799.49,1117,F1,1,,,,,
2026-10-05,2026-10-05,CM,NSE,STK,14853,INE800H01010,OMAXE,EQ,,,,,OMAXE LIMITED,109.50,110.25,105.99,107.43,106.00,108.78,,107.44,,,322612,34770943.30,5220,F1,1,,,,,
2026-10-05,2026-10-05,CM,NSE,STK,760865,INE0UH301010,OMNI,EQ,,,,,OMNITECH ENGINEERING LTD,620.00,644.00,611.65,632.15,635.00,608.65,,632.15,,,1584512,1002178444.25,56486,F1,1,,,,,
2026-10-05,2026-10-05,CM,NSE,STK,6705,INE982J01020,PAYTM,EQ,,,,,ONE 97 COMMUNICATIONS LTD,1656.00,1694.00,1654.90,1684.00,1684.00,1656.00,,1683.93,,,2267650,3804438975.60,77196,F1,1,,,,,
2026-10-05,2026-10-05,CM,NSE,STK,765242,INE670O01013,ONEGLOBAL,EQ,,,,,ONE GLOBAL SERVICE PROV L,545.90,550.00,528.95,547.20,548.80,525.40,,546.69,,,9461,5124236.95,716,F1,1,,,,,
2026-10-05,2026-10-05,CM,NSE,STK,28046,INE0HLU01028,MOBIKWIK,EQ,,,,,ONE MOBIKWIK SYSTEMS LTD,196.02,205.27,196.02,201.79,202.12,196.23,,201.79,,,1321942,267547228.33,19980,F1,1,,,,,
2026-10-05,2026-10-05,CM,NSE,STK,9939,INE840Y01029,ONEPOINT,EQ,,,,,ONE POINT ONE SOL LTD,75.10,81.00,74.30,78.33,78.60,74.37,,78.33,,,10495734,824132487.24,63278,F1,1,,,,,
2026-10-05,2026-10-05,CM,NSE,STK,19386,INE0OPS01011,OLIL,SM,,,,,ONECLICK LOGISTICS IND L,438.05,447.00,438.05,443.65,444.00,454.50,,443.65,,,11600,5127220.00,18,F1,400,,,,,
2026-10-05,2026-10-05,CM,NSE,STK,25496,INE912L01015,ONELIFECAP,BE,,,,,ONELIFE CAP ADVISORS LTD,43.59,43.64,42.40,43.52,43.52,41.57,,43.52,,,175810,7641237.49,259,F1,1,,,,,
2026-10-05,2026-10-05,CM,NSE,STK,763294,INE12F801023,KISSHT,EQ,,,,,ONEMI TECHNOLOGY SOL LTD,377.15,388.15,370.05,379.20,380.00,371.15,,379.20,,,1755374,664753168.45,39462,F1,1,,,,,
2026-10-05,2026-10-05,CM,NSE,STK,29224,INE013P01021,ONESOURCE,EQ,,,,,ONESOURCE SPECL PHARMA L,1510.00,1516.50,1470.50,1488.30,1489.10,1508.00,,1488.33,,,151299,225213214.30,19461,F1,1,,,,,
2026-10-05,2026-10-05,CM,NSE,STK,2202,INE831A01028,ONIDA,EQ,,,,,ONIDA ELECTRONICS LIMITED,31.35,32.13,30.50,31.06,30.65,31.34,,31.06,,,347326,10877407.24,3252,F1,1,,,,,
2026-10-05,2026-10-05,CM,NSE,STK,764808,INE173M01012,ONIXSOLAR,EQ,,,,,ONIX SOLAR ENERGY LTD.,340.00,344.85,322.75,334.60,332.90,339.70,,335.37,,,247853,82644141.70,2333,F1,1,,,,,
2026-10-05,2026-10-05,CM,NSE,STK,15282,INE809I01019,ONMOBILE,BE,,,,,ONMOBILE GLOBAL LTD.,48.54,49.30,48.00,48.23,48.50,48.78,,48.23,,,19962,965888.86,249,F1,1,,,,,
2026-10-05,2026-10-05,CM,NSE,STK,2481,INE229A01017,ONWARDTEC,EQ,,,,,ONWARD TECHNOLOGIES LTD,291.00,293.00,285.40,290.75,287.85,291.30,,290.77,,,24399,7078650.30,1000,F1,1,,,,,
2026-10-05,2026-10-05,CM,NSE,STK,27143,INE0WVU01018,ONYX,ST,,,,,ONYX BIOTEC LIMITED,37.55,37.55,37.50,37.50,37.50,37.55,,37.50,,,6000,225200.00,3,F1,2000,,,,,
2026-10-05,2026-10-05,CM,NSE,STK,21469,INE350C01017,OPTIEMUS,EQ,,,,,OPTIEMUS INFRACOM LTD,817.00,833.90,781.50,786.20,788.90,803.70,,786.20,,,500498,407329454.35,24665,F1,1,,,,,
2026-10-05,2026-10-05,CM,NSE,STK,764813,INE031G01022,OPTIFIN,EQ,,,,,OPTIMUS FINANCE LTD.,14.61,15.44,14.47,14.66,14.76,14.47,,14.64,,,85029,1249866.03,220,F1,1,,,,,
2026-10-05,2026-10-05,CM,NSE,STK,764528,INE1JZB01022,OPTIMYSTIX,SM,,,,,OPTIMYSTIX ENT INDIA LTD,128.10,134.00,128.00,133.00,133.00,132.00,,133.00,,,15200,1992240.00,19,F1,800,,,,,
2026-10-05,2026-10-05,CM,NSE,STK,758903,INE15B101011,OPTIVALUE,ST,,,,,OPTIVALUE TEK CONSULT LTD,214.00,224.70,213.00,224.70,224.70,214.00,,224.70,,,59200,13011280.00,33,F1,1600,,,,,
2026-10-05,2026-10-05,CM,NSE,STK,10738,INE881D01027,OFSS,EQ,,,,,ORACLE FIN SERV SOFT LTD.,10525.00,10655.00,10364.00,10470.00,10470.00,10420.00,,10469.97,,,158183,1662017858.00,30487,F1,1,,,,,
2026-10-05,2026-10-05,CM,NSE,STK,31475,INE231G01010,ORBTEXP,EQ,,,,,ORBIT EXPORTS LIMITED,245.00,249.50,236.05,240.40,240.00,243.65,,240.40,,,7504,1817820.35,228,F1,1,,,,,
2026-10-05,2026-10-05,CM,NSE,STK,29492,INE215B01022,ORCHASP,EQ,,,,,ORCHASP LIMITED,1.34,1.34,1.22,1.24,1.29,1.28,,1.24,,,202245,260881.25,208,F1,1,,,,,
2026-10-05,2026-10-05,CM,NSE,STK,926,INE191A01027,ORCHPHARMA,EQ,,,,,ORCHID PHARMA LIMITED,990.45,1003.20,960.00,965.90,965.95,990.00,,965.94,,,68202,66353507.40,7935,F1,1,,,,,
2026-10-05,2026-10-05,CM,NSE,STK,17882,INE0OUT01027,ORIANA,SM,,,,,ORIANA POWER LIMITED,305.00,309.00,290.00,298.90,302.00,303.45,,298.90,,,262875,78405918.75,574,F1,375,,,,,
2026-10-05,2026-10-05,CM,NSE,STK,10159,INE730A01022,ORICONENT,EQ,,,,,ORICON ENTERPRISES LTD,49.98,53.00,49.43,52.44,52.44,49.98,,52.44,,,93292,4831176.89,1184,F1,1,,,,,
2026-10-05,2026-10-05,CM,NSE,STK,14278,INE607D01018,ORIENTBELL,EQ,,,,,ORIENT BELL LIMITED,408.60,428.80,402.50,417.10,420.00,398.55,,416.85,,,86469,35949011.05,4317,F1,1,,,,,
2026-10-05,2026-10-05,CM,NSE,STK,766377,INE0J1N01028,ORIENTCABL,EQ,,,,,ORIENT CABLES (INDIA) LTD,450.00,464.85,405.00,405.00,405.00,272.00,,403.97,,,13566765,5910224462.55,152663,F1,1,,,,,
2026-10-05,2026-10-05,CM,NSE,STK,30089,INE876N01018,ORIENTCEM,EQ,,,,,ORIENT CEMENT LTD.,116.09,119.00,115.24,116.16,116.05,115.91,,116.16,,,147810,17143014.75,2264,F1,1,,,,,
2026-10-05,2026-10-05,CM,NSE,STK,13111,INE569C01020,ORIENTCER,EQ,,,,,ORIENT CERATECH LIMITED,44.50,45.70,42.30,43.61,43.49,44.12,,43.62,,,123904,5393751.47,1434,F1,1,,,,,
2026-10-05,2026-10-05,CM,NSE,STK,2972,INE142Z01019,ORIENTELEC,EQ,,,,,ORIENT ELECTRIC LIMITED,155.80,160.99,151.65,157.71,157.65,154.46,,157.68,,,258174,40831156.43,5331,F1,1,,,,,
2026-10-05,2026-10-05,CM,NSE,STK,20110,INE999K01014,GREENPOWER,EQ,,,,,ORIENT GREEN POWER CO LTD,8.78,8.85,8.62,8.66,8.67,8.77,,8.66,,,1454330,12685094.54,4642,F1,1,,,,,
2026-10-05,2026-10-05,CM,NSE,STK,2493,INE750A01020,ORIENTHOT,EQ,,,,,ORIENT HOTELS LTD,139.60,141.80,137.61,140.87,141.20,140.00,,140.87,,,149684,21102835.78,1858,F1,1,,,,,
2026-10-05,2026-10-05,CM,NSE,STK,2496,INE592A01026,ORIENTPPR,EQ,,,,,ORIENT PAPER AND INDS LTD,16.11,16.49,16.03,16.17,16.23,16.23,,16.17,,,124998,2019815.69,526,F1,1,,,,,
2026-10-05,2026-10-05,CM,NSE,STK,18211,INE609C01024,ORIENTLTD,BE,,,,,ORIENT PRESS LIMITED,75.10,77.92,75.10,75.52,75.52,77.92,,75.52,,,547,41317.14,14,F1,1,,,,,
2026-10-05,2026-10-05,CM,NSE,STK,24961,INE0PPK01015,ORIENTTECH,EQ,,,,,ORIENT TECHNOLOGIES LTD,232.00,237.80,221.20,222.47,222.41,229.25,,222.47,,,148888,33424404.24,4806,F1,1,,,,,
2026-10-05,2026-10-05,CM,NSE,STK,10768,INE959C01023,OAL,EQ,,,,,ORIENTAL AROMATICS LTD,540.00,540.00,495.40,515.10,510.30,532.20,,515.14,,,56880,29033479.95,3802,F1,1,,,,,
2026-10-05,2026-10-05,CM,NSE,STK,764818,INE457G01029,ORIRAIL,EQ,,,,,ORIENTAL RAIL INFRA L,126.50,126.50,121.00,122.39,122.10,124.15,,122.36,,,42451,5221643.75,1011,F1,1,,,,,
2026-10-05,2026-10-05,CM,NSE,STK,14346,INE998H01012,ORIENTALTL,EQ,,,,,ORIENTAL TRIMEX LTD,5.03,5.03,4.77,4.83,4.89,4.81,,4.84,,,42532,206762.30,209,F1,1,,,,,
2026-10-05,2026-10-05,CM,NSE,STK,19931,INE725E01024,ORISSAMINE,EQ,,,,,ORISSA MIN DEV CO LTD,3538.60,3627.40,3492.90,3522.20,3515.00,3538.60,,3521.98,,,5324,18846218.40,1315,F1,1,,,,,
2026-10-05,2026-10-05,CM,NSE,STK,759569,INE16NZ01023,ORKLAINDIA,EQ,,,,,ORKLA INDIA LIMITED,548.35,548.35,535.10,539.20,537.05,537.20,,539.16,,,43931,23652504.75,4673,F1,1,,,,,
2026-10-05,2026-10-05,CM,NSE,STK,2979,INE749B01020,ORTINGLOBE,EQ,,,,,ORTIN GLOBAL LIMITED,14.36,14.84,13.82,13.82,13.82,14.52,,13.82,,,25484,358799.24,64,F1,1,,,,,
2026-10-05,2026-10-05,CM,NSE,STK,25386,INE0RMF01018,OSELDEVICE,SM,,,,,OSEL DEVICES LIMITED,370.00,381.95,356.15,365.80,367.00,368.55,,365.80,,,25400,9258680.00,99,F1,200,,,,,
2026-10-05,2026-10-05,CM,NSE,STK,766359,INE06IR01021,OSIAHYPER,BZ,,,,,OSIA HYPER RETAIL LIMITED,2.09,2.19,2.09,2.09,2.10,2.20,,2.09,,,474149,994927.88,485,F1,1,,,,,
2026-10-05,2026-10-05,CM,NSE,STK,2514,INE142A01012,OSWALAGRO,EQ,,,,,OSWAL AGRO MILLS LTD,33.15,33.70,32.70,32.98,33.29,33.11,,32.99,,,38253,1265239.94,244,F1,1,,,,,
2026-10-05,2026-10-05,CM,NSE,STK,471,INE143A01010,OSWALGREEN,EQ,,,,,OSWAL GREENTECH LIMITED,19.50,19.70,19.00,19.14,19.10,19.28,,19.14,,,121806,2356174.39,2112,F1,1,,,,,
2026-10-05,2026-10-05,CM,NSE,STK,756802,INE0BYP01024,OSWALPUMPS,EQ,,,,,OSWAL PUMPS LIMITED,265.00,268.45,261.60,265.10,263.85,264.25,,265.10,,,278244,73692068.65,6250,F1,1,,,,,
2026-10-05,2026-10-05,CM,NSE,STK,22911,INE0R8M01017,OWAIS,SM,,,,,OWAIS METAL & MINERAL,68.40,68.40,65.85,67.50,67.50,67.10,,67.50,,,4800,322545.00,33,F1,100,,,,,
2026-10-05,2026-10-05,CM,NSE,STK,765145,INE501F01018,PBMPOLY,EQ,,,,,P B M POLYTEX LTD.,60.32,60.32,57.00,58.02,57.02,58.85,,58.58,,,390,22828.64,23,F1,1,,,,,
2026-10-05,2026-10-05,CM,NSE,STK,25312,INE953R01016,PNGJL,EQ,,,,,P N GADGIL JEWELLERS LTD,586.95,587.10,571.75,573.30,573.10,581.95,,573.30,,,514316,297075115.85,23785,F1,1,,,,,
2026-10-05,2026-10-05,CM,NSE,STK,764845,INE035S01028,POEL,EQ,,,,,P O C L ENTERPRISES LTD.,141.13,141.95,136.00,136.27,137.95,136.45,,136.27,,,26509,3674044.46,1511,F1,1,,,,,
2026-10-05,2026-10-05,CM,NSE,STK,29662,INE0XUS01020,PSRAJ,SM,,,,,P S RAJ STEELS LIMITED,100.50,100.50,98.00,98.00,98.00,100.70,,98.00,,,7500,746250.00,3,F1,2500,,,,,
2026-10-05,2026-10-05,CM,NSE,STK,2535,INE179A01014,PGHH,EQ,,,,,P&G HYGIENE & HEALTH CARE,6636.00,6785.00,6611.00,6768.00,6750.00,6639.00,,6767.81,,,11457,76777577.50,4247,F1,1,,,,,
2026-10-05,2026-10-05,CM,NSE,STK,8735,INE0KN801013,PROPEQUITY,SM,,,,,P. E. ANALYTICS LIMITED,185.00,207.70,184.95,207.70,207.70,184.00,,207.70,,,7200,1390140.00,12,F1,600,,,,,
2026-10-05,2026-10-05,CM,NSE,STK,759342,INE0S3G01027,PACEDIGITK,EQ,,,,,PACE DIGITEK LIMITED,168.00,169.86,162.26,164.04,164.14,167.35,,164.04,,,915203,150584503.19,13254,F1,1,,,,,
2026-10-05,2026-10-05,CM,NSE,STK,764823,INE883C01025,PACIFICI,EQ,,,,,PACIFIC INDUSTRIES LTD.,144.99,148.95,138.00,139.50,139.50,135.99,,139.50,,,1376,197851.03,79,F1,1,,,,,
2026-10-05,2026-10-05,CM,NSE,STK,14413,INE761H01022,PAGEIND,EQ,,,,,PAGE INDUSTRIES LTD,37000.00,37830.00,36520.00,37465.00,37465.00,36660.00,,37464.89,,,24628,920867810.00,9760,F1,1,,,,,
2026-10-05,2026-10-05,CM,NSE,STK,25468,INE420C01059,PAISALO,EQ,,,,,PAISALO DIGITAL LIMITED,80.50,81.59,78.95,81.13,81.00,79.90,,81.13,,,13369295,1079981323.93,33638,F1,1,,,,,
2026-10-05,2026-10-05,CM,NSE,STK,17197,INE551D01018,PAKKA,EQ,,,,,PAKKA LIMITED,73.00,73.20,69.43,69.79,70.10,72.26,,69.81,,,146654,10314480.10,1802,F1,1,,,,,
2026-10-05,2026-10-05,CM,NSE,STK,21383,INE471W01019,PALASHSECU,EQ,,,,,PALASH SECURITIES LTD,84.10,90.00,83.10,87.94,88.90,84.50,,87.94,,,2831,242623.45,66,F1,1,,,,,
2026-10-05,2026-10-05,CM,NSE,STK,17062,INE218G01033,PALREDTEC,EQ,,,,,PALRED TECHNOLOGIES LTD,41.78,43.74,41.00,43.67,43.67,41.77,,43.76,,,407,16983.14,13,F1,1,,,,,
2026-10-05,2026-10-05,CM,NSE,STK,4055,INE922B01023,PANACEABIO,EQ,,,,,PANACEA BIOTEC LTD,360.10,362.10,347.70,350.25,350.00,359.05,,350.20,,,51467,18155533.05,2082,F1,1,,,,,
2026-10-05,2026-10-05,CM,NSE,STK,16355,INE895W01019,PANACHE,BE,,,,,PANACHE DIGILIFE LIMITED,541.95,541.95,531.50,541.95,541.95,516.15,,541.95,,,16255,8796247.90,178,F1,1,,,,,
2026-10-05,2026-10-05,CM,NSE,STK,25392,INE305C01029,PANAMAPET,EQ,,,,,PANAMA PETROCHEM LTD,491.00,497.00,480.00,482.20,486.80,487.10,,482.20,,,109018,52942619.95,5627,F1,1,,,,,
2026-10-05,2026-10-05,CM,NSE,STK,765140,INE258R01028,PANORAMA,EQ,,,,,PANORAMA STUDIOS INTL. L,65.51,69.50,62.01,63.50,64.31,60.91,,63.50,,,13683999,902035334.70,54170,F1,1,,,,,
2026-10-05,2026-10-05,CM,NSE,STK,6141,INE697V01011,PANSARI,EQ,,,,,PANSARI DEVELOPERS LTD,260.00,264.00,250.60,254.30,250.60,260.00,,254.30,,,853,220068.15,32,F1,1,,,,,
2026-10-05,2026-10-05,CM,NSE,STK,5637,INE04LG01015,PAR,BE,,,,,PAR DRUGS AND CHEM LTD,123.95,126.95,118.01,125.79,125.90,123.95,,125.79,,,11159,1384012.24,176,F1,1,,,,,
2026-10-05,2026-10-05,CM,NSE,STK,9741,INE088F01024,PARADEEP,EQ,,,,,PARADEEP PHOSPHATES LTD,151.85,154.21,150.00,153.60,153.79,151.22,,153.59,,,1604847,244841493.06,21887,F1,1,,,,,
2026-10-05,2026-10-05,CM,NSE,STK,17130,INE883N01014,PARAGMILK,EQ,,,,,PARAG MILK FOODS LTD.,267.00,283.40,267.00,281.00,282.55,264.00,,280.98,,,2320736,639924388.90,32655,F1,1,,,,,
2026-10-05,2026-10-05,CM,NSE,STK,19779,INE0N4G01012,PARAGON,SM,,,,,PARAGON FINE S.C. LTD.,48.50,49.50,48.50,49.50,49.50,49.05,,49.50,,,2400,117600.00,2,F1,1200,,,,,
2026-10-05,2026-10-05,CM,NSE,STK,25069,INE0S2W01018,PARAMATRIX,SM,,,,,PARAMATRIX TECHNOLOGIES L,56.00,56.00,54.00,54.90,55.00,56.00,,54.90,,,15600,858000.00,9,F1,1200,,,,,
2026-10-05,2026-10-05,CM,NSE,STK,13951,INE074B01023,PARACABLES,EQ,,,,,PARAMOUNT COMM LTD,58.00,58.00,55.52,56.08,55.58,56.51,,56.07,,,729507,41121162.96,5512,F1,1,,,,,
2026-10-05,2026-10-05,CM,NSE,STK,5911,INE045601023,PARAS,EQ,,,,,PARAS DEF AND SPCE TECH L,1276.10,1297.80,1252.50,1266.20,1270.00,1276.00,,1266.19,,,532009,675967705.20,39297,F1,1,,,,,
2026-10-05,2026-10-05,CM,NSE,STK,3972,INE162C01024,PARASPETRO,EQ,,,,,PARAS PETROFILS LTD.,2.02,2.09,2.00,2.06,2.08,2.02,,2.06,,,91167,187056.35,260,F1,1,,,,,
2026-10-05,2026-10-05,CM,NSE,STK,766227,INE00U801010,PARIN,EQ,,,,,PARIN ENTERPRISES LIMITED,710.60,719.00,694.55,701.50,705.00,703.85,,701.50,,,5691,4016017.70,438,F1,1,,,,,
2026-10-05,2026-10-05,CM,NSE,STK,760351,INE119201023,PARKHOSPS,EQ,,,,,PARK MEDI WORLD LIMITED,270.35,274.00,261.00,267.75,270.00,270.80,,267.68,,,1099956,294346360.90,14773,F1,1,,,,,
2026-10-05,2026-10-05,CM,NSE,STK,22649,INE988S01028,PARKHOTELS,EQ,,,,,PARKHOTELS,105.10,105.11,100.60,103.83,103.30,103.55,,103.83,,,194819,19978594.62,5375,F1,1,,,,,
2026-10-05,2026-10-05,CM,NSE,STK,764833,INE383L01019,PARNAXLAB,EQ,,,,,PARNAX LAB LTD.,113.00,117.90,111.12,113.23,112.50,113.14,,113.31,,,972,111138.31,24,F1,1,,,,,
2026-10-05,2026-10-05,CM,NSE,STK,13795,INE561H01026,PARSVNATH,BE,,,,,PARSVNATH DEVELOPER LTD,2.17,2.17,2.17,2.17,2.17,2.13,,2.18,,,20570,44636.90,40,F1,1,,,,,
2026-10-05,2026-10-05,CM,NSE,STK,758217,INE1H7V01011,PARTH,SM,,,,,PARTH ELEC & ENG LTD,513.30,518.50,504.00,504.05,504.05,510.75,,504.05,,,4400,2244020.00,11,F1,400,,,,,
2026-10-05,2026-10-05,CM,NSE,STK,2599,INE06ZX01015,PARTYCRUS,SM,,,,,PARTY CRUISERS LIMITED,98.00,98.00,97.05,97.05,97.05,98.00,,97.05,,,2000,195050.00,2,F1,1000,,,,,
2026-10-05,2026-10-05,CM,NSE,STK,766247,INE06ZX20015,PARTY-RE,ST,,,,,PARTY CRUISERS LTD,0.25,0.25,0.25,0.25,0.25,0.20,,0.25,,,773892,193473.00,119,F1,166,,,,,
2026-10-05,2026-10-05,CM,NSE,STK,757955,INE124Y01028,PASHUPATI,EQ,,,,,PASHUPATI COTSPIN LIMITED,80.00,81.60,72.39,74.03,74.30,78.99,,74.02,,,576055,44334360.71,3827,F1,1,,,,,
2026-10-05,2026-10-05,CM,NSE,STK,6045,INE818B01023,PASUPTAC,EQ,,,,,PASUPATI ACRYLON LIMITED,69.00,71.45,66.33,67.51,67.00,69.64,,67.54,,,150318,10316023.69,2193,F1,1,,,,,
2026-10-05,2026-10-05,CM,NSE,STK,17029,INE619A01035,PATANJALI,EQ,,,,,PATANJALI FOODS LIMITED,356.00,358.80,348.85,355.70,355.70,355.15,,355.70,,,7070094,2499462302.40,40883,F1,1,,,,,
2026-10-05,2026-10-05,CM,NSE,STK,11699,INE244B01030,PATELENG,EQ,,,,,PATEL ENGINEERING LTD.,26.04,26.41,25.56,25.73,25.70,25.92,,25.73,,,1542421,40072765.65,6111,F1,1,,,,,
2026-10-05,2026-10-05,CM,NSE,STK,15219,INE529D01014,PATINTLOG,EQ,,,,,PATEL INT. LOG. LTD,13.23,13.40,12.75,13.02,13.02,13.23,,13.04,,,53255,691611.44,281,F1,1,,,,,
2026-10-05,2026-10-05,CM,NSE,STK,759439,INE0R8B01010,PATELRMART,EQ,,,,,PATEL RETAIL LIMITED,213.65,224.00,210.89,222.90,223.00,211.00,,222.88,,,133406,29228956.63,2747,F1,1,,,,,
2026-10-05,2026-10-05,CM,NSE,STK,756966,INE17GV01016,PATILAUTOM,ST,,,,,PATIL AUTOMATION LIMITED,330.00,330.00,310.00,320.35,320.00,325.55,,320.35,,,29400,9413760.00,41,F1,600,,,,,
2026-10-05,2026-10-05,CM,NSE,STK,762834,INE291E01019,PML,EQ,,,,,PAUL MERCHANTS LTD.,479.60,493.95,473.00,486.95,480.00,472.65,,486.99,,,92,44645.55,8,F1,1,,,,,
2026-10-05,2026-10-05,CM,NSE,STK,759969,INE111F01024,PAUSHAKLTD,EQ,,,,,PAUSHAK LIMITED,654.00,672.00,645.00,657.45,664.00,650.30,,657.47,,,22958,15141668.40,1790,F1,1,,,,,
2026-10-05,2026-10-05,CM,NSE,STK,16192,INE07S101038,PAVNAIND,EQ,,,,,PAVNA INDUSTRIES LIMITED,15.94,15.94,15.30,15.45,15.50,15.36,,15.45,,,12433,192765.88,117,F1,1,,,,,
2026-10-05,2026-10-05,CM,NSE,STK,6656,INE417T01026,POLICYBZR,EQ,,,,,PB FINTECH LIMITED,984.90,1006.30,945.10,976.20,976.20,980.00,,976.24,,,13249741,12962486449.90,364271,F1,1,,,,,
2026-10-05,2026-10-05,CM,NSE,STK,29124,INE785M01021,PCJEWELLER,EQ,,,,,PC JEWELLER LTD,13.00,13.32,12.86,13.06,13.09,12.82,,13.06,,,199713384,2611934704.12,120038,F1,1,,,,,
2026-10-05,2026-10-05,CM,NSE,STK,2649,INE602A01031,PCBL,EQ,,,,,PCBL CHEMICAL LIMITED,322.85,327.20,318.60,320.35,320.80,321.50,,320.36,,,457281,147242671.35,15301,F1,1,,,,,
2026-10-05,2026-10-05,CM,NSE,STK,761819,INE389Z07104,9PCPL28A,N0,,,,,PCPL 9% 2028,9800.00,9800.00,9800.00,9800.00,9800.00,10000.00,,9800.00,,,1,9800.00,1,F1,1,,,,,
2026-10-05,2026-10-05,CM,NSE,STK,5264,INE111Q01021,PDSL,EQ,,,,,PDS LIMITED,351.10,354.90,339.15,342.30,345.00,347.55,,342.32,,,94396,32486592.60,4733,F1,1,,,,,
2026-10-05,2026-10-05,CM,NSE,STK,14260,INE940H01022,PGIL,EQ,,,,,PEARL GLOBAL IND LIMITED,1267.50,1289.30,1255.00,1266.50,1275.00,1263.00,,1266.60,,,114074,144815021.30,19943,F1,1,,,,,
2026-10-05,2026-10-05,CM,NSE,STK,2610,INE844A01013,PEARLPOLY,EQ,,,,,PEARL POLYMERS LTD,17.78,17.78,16.62,17.22,17.25,17.09,,17.22,,,4266,73079.96,40,F1,1,,,,,
2026-10-05,2026-10-05,CM,NSE,STK,25408,INE0VG601013,PELATRO,SM,,,,,PELATRO LIMITED,376.50,376.50,359.00,363.45,363.50,359.90,,363.45,,,6600,2417025.00,19,F1,300,,,,,
2026-10-05,2026-10-05,CM,NSE,STK,2256,INE138A01028,PENINLAND,EQ,,,,,PENINSULA LAND LIMITED,14.81,14.95,14.22,14.50,14.55,14.62,,14.53,,,133469,1943256.34,540,F1,1,,,,,
2026-10-05,2026-10-05,CM,NSE,STK,20621,INE932A01024,PENIND,EQ,,,,,PENNAR INDUSTRIES LTD,175.53,180.54,174.42,178.71,178.69,173.62,,178.70,,,571235,101688936.16,10750,F1,1,,,,,
2026-10-05,2026-10-05,CM,NSE,STK,17139,INE0ORS01017,PENTAGON,ST,,,,,PENTAGON RUBBER LIMITED,77.10,84.80,77.00,84.80,84.80,80.80,,84.80,,,3000,238900.00,3,F1,1000,,,,,
2026-10-05,2026-10-05,CM,NSE,STK,764838,INE418E01018,PERMAGN,EQ,,,,,PERMANENT MAGNETS LTD.,880.00,903.80,837.60,859.00,856.00,861.30,,858.73,,,4426,3803657.35,537,F1,1,,,,,
2026-10-05,2026-10-05,CM,NSE,STK,18365,INE262H01021,PERSISTENT,EQ,,,,,PERSISTENT SYSTEMS LTD,5448.00,5620.00,5387.50,5530.00,5530.00,5367.00,,5530.02,,,768988,4251998716.50,65767,F1,1,,,,,
2026-10-05,2026-10-05,CM,NSE,STK,24290,INE998U01015,PCCL,SM,,,,,PETRO CARBON AND CHEMI L,404.90,415.90,404.90,415.90,415.90,406.00,,415.90,,,3200,1300200.00,6,F1,400,,,,,
2026-10-05,2026-10-05,CM,NSE,STK,11351,INE347G01014,PETRONET,EQ,,,,,PETRONET LNG LIMITED,287.50,294.00,286.50,290.00,290.00,285.50,,290.00,,,2861154,832312278.00,53930,F1,1,,,,,
2026-10-05,2026-10-05,CM,NSE,STK,760824,INE134E07DJ3,PFCL41A,NE,,,,,PFCL 0% 2041 SR V,1000.00,1000.00,1000.00,1000.00,1000.00,1000.00,,1000.00,,,25,25000.00,1,F1,1,,,,,
2026-10-05,2026-10-05,CM,NSE,STK,760801,INE134E07DP0,7PFCL31,N3,,,,,PFCL 7.00% 2031 SR I,1001.00,1001.01,1001.00,1001.01,1001.01,1015.00,,1001.01,,,11,11011.10,2,F1,1,,,,,
2026-10-05,2026-10-05,CM,NSE,STK,760804,INE134E07DO3,720PFCL36,N6,,,,,PFCL 7.20% 2036 SR II,1002.00,1002.00,1002.00,1002.00,1002.00,1000.58,,1002.00,,,10,10020.00,1,F1,1,,,,,
2026-10-05,2026-10-05,CM,NSE,STK,2643,INE182A01018,PFIZER,EQ,,,,,PFIZER LTD,3858.90,3878.00,3809.60,3842.20,3878.00,3858.90,,3842.11,,,49211,188556161.50,14657,F1,1,,,,,
2026-10-05,2026-10-05,CM,NSE,STK,25358,INE457L01029,PGEL,EQ,,,,,PG ELECTROPLAST LTD,487.55,500.80,485.00,487.70,487.70,481.10,,487.61,,,1475580,725036933.05,27593,F1,1,,,,,
2026-10-05,2026-10-05,CM,NSE,STK,11612,INE0MLZ01019,PHANTOMFX,SM,,,,,PHANTOM DIGITAL EFF LTD,89.00,91.00,84.00,84.90,84.50,86.20,,84.90,,,17400,1514070.00,43,F1,300,,,,,
2026-10-05,2026-10-05,CM,NSE,STK,2658,INE245B01011,PHOENXINTL,EQ,,,,,PHOENIX INTERNATIONAL LTD,29.00,29.00,27.85,28.15,28.39,28.15,,28.15,,,2758,77512.42,52,F1,1,,,,,
2026-10-05,2026-10-05,CM,NSE,STK,759723,INE0LP301011,PWL,EQ,,,,,PHYSICSWALLAH LIMITED,120.71,133.47,120.71,131.10,131.00,120.17,,131.11,,,28246518,3621079283.02,164391,F1,1,,,,,
2026-10-05,2026-10-05,CM,NSE,STK,24184,INE603J01030,PIIND,EQ,,,,,PI INDUSTRIES LTD,2243.90,2287.90,2199.60,2220.00,2220.00,2236.00,,2219.83,,,210128,469189404.50,20873,F1,1,,,,,
2026-10-05,2026-10-05,CM,NSE,STK,757754,INE546C01010,PICCADIL,EQ,,,,,PICCADILY AGRO INDUSTRI L,581.00,595.00,579.10,588.45,593.00,581.05,,588.46,,,144930,85067436.35,8803,F1,1,,,,,
2026-10-05,2026-10-05,CM,NSE,STK,24785,INE0YAL01017,PPSL,SM,,,,,PICTUREPOST STUDIOS LTD,2.75,2.85,2.75,2.85,2.85,2.75,,2.85,,,30000,84300.00,9,F1,3000,,,,,
2026-10-05,2026-10-05,CM,NSE,STK,2664,INE318A01026,PIDILITIND,EQ,,,,,PIDILITE INDUSTRIES LTD,1464.20,1487.70,1458.20,1487.70,1487.70,1464.00,,1487.69,,,843401,1241119399.60,49005,F1,1,,,,,
2026-10-05,2026-10-05,CM,NSE,STK,30835,INE600A01035,PILITA,EQ,,,,,PIL ITALICA LIFESTYLE LTD,7.40,7.50,7.31,7.39,7.31,7.45,,7.39,,,19487,144137.28,172,F1,1,,,,,
2026-10-05,2026-10-05,CM,NSE,STK,11445,INE417C01014,PILANIINVS,EQ,,,,,PILANI INV & IND COR LTD,3975.00,4033.00,3933.00,3984.70,4000.00,3892.30,,3984.56,,,3139,12556776.70,1369,F1,1,,,,,
2026-10-05,2026-10-05,CM,NSE,STK,759820,INE15B701018,PINELABS,EQ,,,,,PINE LABS LIMITED,169.50,171.48,166.27,167.16,166.80,167.59,,167.17,,,9150895,1544172077.82,65581,F1,1,,,,,
2026-10-05,2026-10-05,CM,NSE,STK,13463,INE156C01018,PIONEEREMB,EQ,,,,,PIONEER EMBROIDERIES LTD,19.86,20.98,19.86,20.13,20.39,20.07,,20.13,,,2014,40657.47,46,F1,1,,,,,
2026-10-05,2026-10-05,CM,NSE,STK,762832,INE746D01014,PIONRINV,BE,,,,,PIONEER INVESTCORP LTD.,70.00,70.00,69.35,69.35,69.35,73.00,,69.35,,,11338,786345.75,62,F1,1,,,,,
2026-10-05,2026-10-05,CM,NSE,STK,759551,INE202B01038,PIRAMALFIN,EQ,,,,,PIRAMAL FINANCE LIMITED,2024.00,2046.00,1986.50,2002.60,1995.00,2023.30,,2002.60,,,185520,373129160.80,22794,F1,1,,,,,
2026-10-05,2026-10-05,CM,NSE,STK,11571,INE0DK501011,PPLPHARMA,EQ,,,,,PIRAMAL PHARMA LIMITED,197.97,201.65,194.28,194.89,194.64,197.97,,194.89,,,1898343,373393296.40,29598,F1,1,,,,,
2026-10-05,2026-10-05,CM,NSE,STK,14134,INE450D01021,PITTIENG,EQ,,,,,PITTI ENGINEERING LIMITED,1128.00,1143.10,1117.60,1127.30,1129.00,1123.80,,1127.24,,,44959,50816867.40,4665,F1,1,,,,,
2026-10-05,2026-10-05,CM,NSE,STK,9087,INE751B01018,PIXTRANS,EQ,,,,,PIX TRANSMISSIONS LIMITED,1818.30,1860.00,1815.00,1834.20,1820.20,1809.30,,1834.55,,,82916,152203385.10,11981,F1,1,,,,,
2026-10-05,2026-10-05,CM,NSE,STK,19492,INE0PXD01014,PLADAINFO,SM,,,,,PLADA INFOTECH SERVICES L,13.00,13.00,13.00,13.00,13.00,13.00,,13.00,,,3000,39000.00,1,F1,3000,,,,,
2026-10-05,2026-10-05,CM,NSE,STK,13920,INE083C01022,PLASTIBLEN,EQ,,,,,PLASTIBLENDS INDIA LTD,195.00,203.45,195.00,197.79,197.15,193.62,,197.82,,,39678,7905509.46,1251,F1,1,,,,,
2026-10-05,2026-10-05,CM,NSE,STK,22930,INE0PT501018,PLATIND,EQ,,,,,PLATINUM INDUSTRIES LTD,205.10,207.00,198.50,203.83,204.00,202.00,,203.83,,,538128,109959663.08,2592,F1,1,,,,,
2026-10-05,2026-10-05,CM,NSE,STK,19458,INE0INJ01017,PLAZACABLE,EQ,,,,,PLAZA WIRES LIMITED,56.02,57.99,54.50,55.32,55.00,57.12,,55.36,,,82221,4554777.57,1471,F1,1,,,,,
2026-10-05,2026-10-05,CM,NSE,STK,8736,INE859A01011,PNBGILTS,EQ,,,,,PNB GILTS LIMITED,72.00,73.85,71.30,71.72,71.38,71.63,,71.73,,,311935,22614666.55,3183,F1,1,,,,,
2026-10-05,2026-10-05,CM,NSE,STK,18908,INE572E01012,PNBHOUSING,EQ,,,,,PNB HOUSING FIN LTD.,1092.00,1116.00,1088.30,1105.80,1105.80,1092.00,,1105.83,,,638892,705038764.20,33088,F1,1,,,,,
2026-10-05,2026-10-05,CM,NSE,STK,9385,INE195J01029,PNCINFRA,EQ,,,,,PNC INFRATECH LTD.,140.23,140.23,136.45,137.03,136.47,138.16,,137.03,,,400817,55375316.44,11815,F1,1,,,,,
2026-10-05,2026-10-05,CM,NSE,STK,9342,INE392B01011,PNC,EQ,,,,,PNC MEDIA AND ENT LTD,18.27,18.27,16.60,17.22,17.22,18.09,,17.22,,,8826,152168.41,325,F1,1,,,,,
2026-10-05,2026-10-05,CM,NSE,STK,760242,INE1RDG01013,PNGSREVA,EQ,,,,,PNGS REVA DIAMOND JEWEL L,507.55,539.85,505.10,535.30,539.00,504.40,,535.26,,,481628,254416685.65,18847,F1,1,,,,,
2026-10-05,2026-10-05,CM,NSE,STK,19036,INE371C01013,PODDARMENT,EQ,,,,,PODDAR PIGMENTS LIMITED,254.05,264.00,251.00,251.95,255.50,253.65,,251.95,,,1070,273780.85,67,F1,1,,,,,
2026-10-05,2026-10-05,CM,NSE,STK,17651,INE637C01025,POKARNA,EQ,,,,,POKARNA LIMITED,702.60,719.80,690.45,699.20,693.15,699.10,,699.21,,,43352,30248011.00,3379,F1,1,,,,,
2026-10-05,2026-10-05,CM,NSE,STK,25718,INE205C01021,POLYMED,EQ,,,,,POLY MEDICURE LIMITED,1630.00,1639.10,1595.10,1619.60,1622.00,1638.10,,1619.49,,,126764,205113096.60,14916,F1,1,,,,,
2026-10-05,2026-10-05,CM,NSE,STK,9590,INE455K01017,POLYCAB,EQ,,,,,POLYCAB INDIA LIMITED,7990.00,8186.00,7980.50,8080.00,8080.00,7990.00,,8080.00,,,424158,3434098477.50,44774,F1,1,,,,,
2026-10-05,2026-10-05,CM,NSE,STK,2687,INE633B01018,POLYPLEX,EQ,,,,,POLYPLEX CORPORATION LTD,1028.00,1041.10,1015.00,1020.50,1038.50,1028.00,,1020.49,,,28871,29669393.90,2776,F1,1,,,,,
2026-10-05,2026-10-05,CM,NSE,STK,22711,INE517M01028,POLYSIL,SM,,,,,POLYSIL IRRIGATION SYST L,57.45,60.00,55.70,55.85,55.70,58.60,,55.85,,,18500,1049500.00,25,F1,500,,,,,
2026-10-05,2026-10-05,CM,NSE,STK,765150,INE914G01029,POLYSPIN,EQ,,,,,POLYSPIN EXPORTS LTD.,28.00,32.36,28.00,28.87,28.87,29.50,,28.87,,,766,22112.40,29,F1,1,,,,,
2026-10-05,2026-10-05,CM,NSE,STK,14385,INE063E01061,POCL,EQ,,,,,PONDY OXIDES & CHEM LTD,441.60,448.95,437.00,439.55,439.00,437.00,,439.57,,,208064,91867550.60,7774,F1,1,,,,,
2026-10-05,2026-10-05,CM,NSE,STK,10661,INE838E01017,PONNIERODE,EQ,,,,,PONNIE SUGARS (ERODE) LTD,375.15,386.70,366.30,368.40,367.05,372.35,,368.45,,,53786,19965385.20,2299,F1,1,,,,,
2026-10-05,2026-10-05,CM,NSE,STK,766292,INE1C2Q01017,POOJALOGIS,ST,,,,,POOJA LOGISTICS LIMITED,122.00,122.00,115.90,119.20,119.00,122.00,,119.20,,,174000,20692200.00,92,F1,1200,,,,,
2026-10-05,2026-10-05,CM,NSE,STK,11403,INE511C01022,POONAWALLA,EQ,,,,,POONAWALLA FINCORP LTD,438.05,453.90,436.50,451.95,453.00,433.40,,451.95,,,1365007,611595574.70,45249,F1,1,,,,,
2026-10-05,2026-10-05,CM,NSE,STK,23142,INE772T01024,PVSL,EQ,,,,,POPULAR VEHICLES N SER L,89.10,92.19,89.10,91.08,90.80,89.86,,91.00,,,15818,1436729.65,509,F1,1,,,,,
2026-10-05,2026-10-05,CM,NSE,STK,24864,INE0S3H01017,POSITRON,SM,,,,,POSITRON ENERGY LIMITED,222.20,222.20,217.15,217.15,217.15,228.55,,217.15,,,7500,1640460.00,24,F1,300,,,,,
2026-10-05,2026-10-05,CM,NSE,STK,14299,INE134E01011,PFC,EQ,,,,,POWER FIN CORP LTD.,320.10,323.35,317.70,322.00,322.00,318.00,,322.01,,,11353503,3641305380.95,95145,F1,1,,,,,
2026-10-05,2026-10-05,CM,NSE,STK,14977,INE752E01010,POWERGRID,EQ,,,,,POWER GRID CORP. LTD.,255.40,259.50,255.40,257.00,257.00,254.55,,257.00,,,7327971,1884705897.50,44990,F1,1,,,,,
2026-10-05,2026-10-05,CM,NSE,STK,15716,INE557Z01018,PIGL,EQ,,,,,POWER INSTRUMENT (G) LTD,93.87,96.98,93.00,94.55,95.50,93.87,,94.81,,,27104,2569876.19,563,F1,1,,,,,
2026-10-05,2026-10-05,CM,NSE,STK,10473,INE211R01019,POWERMECH,EQ,,,,,POWER MECH PROJECTS LTD.,2476.10,2492.40,2410.10,2431.50,2428.50,2476.20,,2431.41,,,37067,90449075.40,7092,F1,1,,,,,
2026-10-05,2026-10-05,CM,NSE,STK,3494,INE0GGX23010,PGINVIT,IV,,,,,POWERGRID INFRA. INVITS,101.90,102.25,101.00,102.10,102.24,101.84,,102.10,,,1522715,155103868.16,8726,F1,1,,,,,
2026-10-05,2026-10-05,CM,NSE,STK,761680,INE921L01032,POWERICA,EQ,,,,,POWERICA LIMITED,589.05,600.35,584.00,587.15,587.00,589.15,,587.02,,,100209,59152949.95,4888,F1,1,,,,,
2026-10-05,2026-10-05,CM,NSE,STK,15213,INE095I01015,PPAP,BE,,,,,PPAP AUTOMOTIVE LIMITED,225.11,232.45,225.00,228.56,229.70,228.49,,228.96,,,4634,1058982.31,80,F1,1,,,,,
2026-10-05,2026-10-05,CM,NSE,STK,30134,INE0I0M01023,PRABHA,EQ,,,,,PRABHA ENERGY LIMITED,216.43,222.00,213.82,214.90,215.26,218.31,,214.90,,,72107,15625733.39,1865,F1,1,,,,,
2026-10-05,2026-10-05,CM,NSE,STK,762839,INE770A01010,PRADPME,EQ,,,,,PRADEEP METALS LTD.,465.00,479.00,450.05,470.65,465.00,449.25,,470.66,,,8630,4010218.45,264,F1,1,,,,,
2026-10-05,2026-10-05,CM,NSE,STK,2705,INE074A01025,PRAJIND,EQ,,,,,PRAJ INDUSTRIES LTD,303.30,309.75,303.10,304.05,304.45,303.25,,304.01,,,392337,120239674.60,15635,F1,1,,,,,
2026-10-05,2026-10-05,CM,NSE,STK,13941,INE505C01016,PRAENG,EQ,,,,,PRAJAY ENG. SYN. LTD.,20.00,20.50,18.21,19.01,19.25,20.09,,19.03,,,96275,1862028.96,461,F1,1,,,,,
2026-10-05,2026-10-05,CM,NSE,STK,2708,INE603A01013,PRAKASH,EQ,,,,,PRAKASH INDUSTRIES LTD,119.00,121.22,116.76,119.72,120.00,118.69,,119.69,,,413992,49201392.27,4680,F1,1,,,,,
2026-10-05,2026-10-05,CM,NSE,STK,10297,INE050001010,PPL,EQ,,,,,PRAKASH PIPES LIMITED,243.95,269.90,243.65,253.10,252.50,243.55,,253.10,,,117672,30541751.50,3469,F1,1,,,,,
2026-10-05,2026-10-05,CM,NSE,STK,19599,INE696K01024,PRAKASHSTL,EQ,,,,,PRAKASH STEELAGE LTD,3.51,3.62,3.51,3.51,3.53,3.56,,3.53,,,45516,162094.10,322,F1,1,,,,,
2026-10-05,2026-10-05,CM,NSE,STK,18514,INE0O7A01017,PRAMARA,SM,,,,,PRAMARA PROMOTIONS LTD,104.50,104.50,98.50,101.25,101.25,102.10,,101.25,,,7000,706350.00,14,F1,500,,,,,
2026-10-05,2026-10-05,CM,NSE,STK,765287,INE2JG601017,PRAMODINI,SM,,,,,PRAMODINI MEDICARE LTD,115.15,119.90,113.00,113.50,113.50,115.05,,113.50,,,74400,8530320.00,58,F1,1200,,,,,
2026-10-05,2026-10-05,CM,NSE,STK,766000,INE0H4201019,PRANAV,EQ,,,,,PRANAV CONSTRUCTIONS LTD,100.00,100.50,91.80,93.21,92.40,97.21,,93.24,,,2359841,224485191.85,23439,F1,1,,,,,
2026-10-05,2026-10-05,CM,NSE,STK,25818,INE0VJG01014,PRANIK,SM,,,,,PRANIK LOGISTICS LIMITED,44.05,44.05,44.05,44.05,44.05,44.05,,44.05,,,1600,70480.00,1,F1,1600,,,,,
2026-10-05,2026-10-05,CM,NSE,STK,766016,INE455U01024,PRASOLCHEM,EQ,,,,,PRASOL CHEMICALS LIMITED,822.70,827.25,782.15,789.05,795.00,814.05,,789.13,,,288218,230138609.95,15426,F1,1,,,,,
2026-10-05,2026-10-05,CM,NSE,STK,21840,INE393P01035,DIAMONDYD,EQ,,,,,PRATAAP SNACKS LIMITED,1068.70,1105.10,1041.50,1058.80,1061.50,1073.00,,1058.79,,,23745,25158435.50,1391,F1,1,,,,,
2026-10-05,2026-10-05,CM,NSE,STK,23113,INE0QA601016,PRATHAM,SM,,,,,PRATHAM EPC PROJECTS LTD,120.10,124.00,120.10,124.00,124.00,127.50,,124.00,,,10800,1317440.00,7,F1,400,,,,,
2026-10-05,2026-10-05,CM,NSE,STK,762844,INE722B01019,PRAVEG,EQ,,,,,PRAVEG LTD.,239.10,243.80,230.25,232.42,231.99,238.10,,232.43,,,178581,41786138.12,1504,F1,1,,,,,
2026-10-05,2026-10-05,CM,NSE,STK,1204,INE546Y01022,PRAXIS,EQ,,,,,PRAXIS HOME RETAIL LTD,4.39,4.59,4.22,4.41,4.48,4.39,,4.43,,,29052,129983.95,111,F1,1,,,,,
2026-10-05,2026-10-05,CM,NSE,STK,12603,INE484I01029,PRECAM,EQ,,,,,PRECISION CAMSHAFTS LTD.,109.90,112.65,107.70,108.91,108.65,109.90,,108.86,,,135479,14809320.23,3468,F1,1,,,,,
2026-10-05,2026-10-05,CM,NSE,STK,7963,INE0HKW01018,PRECISION,ST,,,,,PRECISION METALIKS LTD,6.80,7.05,6.50,6.85,6.50,6.80,,6.85,,,48000,332200.00,11,F1,2000,,,,,
2026-10-05,2026-10-05,CM,NSE,STK,2717,INE372C01037,PRECWIRE,EQ,,,,,PRECISION WIRES INDIA LTD,506.00,524.00,504.85,507.40,508.35,501.40,,507.41,,,934457,481501669.25,45088,F1,1,,,,,
2026-10-05,2026-10-05,CM,NSE,STK,2711,INE283A01014,PRECOT,EQ,,,,,PRECOT LIMITED,648.70,649.00,594.60,605.10,602.50,638.35,,605.10,,,7150,4445419.00,305,F1,1,,,,,
2026-10-05,2026-10-05,CM,NSE,STK,762849,INE001E01012,PREMCO,EQ,,,,,PREMCO GLOBAL LTD.,399.95,399.95,394.10,398.80,398.70,399.95,,394.71,,,196,77692.00,26,F1,1,,,,,
2026-10-05,2026-10-05,CM,NSE,STK,25049,INE0BS701011,PREMIERENE,EQ,,,,,PREMIER ENERGIES LIMITED,885.45,893.60,864.00,891.95,891.95,878.05,,891.87,,,985692,866424030.70,27748,F1,1,,,,,
2026-10-05,2026-10-05,CM,NSE,STK,17397,INE863B01029,PREMEXPLN,EQ,,,,,PREMIER EXPLOSIVES LTD,682.05,688.95,682.05,685.05,685.00,682.05,,685.05,,,155880,106759436.45,2925,F1,1,,,,,
2026-10-05,2026-10-05,CM,NSE,STK,6248,INE342A01018,PREMIER,BE,,,,,PREMIER LIMITED,2.73,2.73,2.47,2.52,2.65,2.60,,2.52,,,38122,95788.79,105,F1,1,,,,,
2026-10-05,2026-10-05,CM,NSE,STK,3908,INE309M01020,PREMIERPOL,EQ,,,,,PREMIER POLYFILM LTD,91.02,106.05,89.81,101.54,102.00,90.64,,101.56,,,5042542,506079206.81,59523,F1,1,,,,,
2026-10-05,2026-10-05,CM,NSE,STK,23764,INE0CFG01012,PRLIND,SM,,,,,PREMIER ROADLINES LIMITED,44.20,46.45,44.00,44.55,44.55,44.00,,44.55,,,34000,1538950.00,17,F1,1000,,,,,
2026-10-05,2026-10-05,CM,NSE,STK,25898,INE0M1F01011,PREMIUM,SM,,,,,PREMIUM PLAST LIMITED,44.90,46.20,44.00,46.20,46.20,44.90,,46.20,,,15000,678600.00,4,F1,3000,,,,,
2026-10-05,2026-10-05,CM,NSE,STK,20506,INE0R1601012,PRESSTONIC,ST,,,,,PRESSTONIC ENGINEERING L,46.30,46.30,44.00,44.05,44.00,46.30,,44.05,,,49600,2194600.00,46,F1,800,,,,,
2026-10-05,2026-10-05,CM,NSE,STK,20302,INE811K01011,PRESTIGE,EQ,,,,,PRESTIGE ESTATE LTD,1484.40,1499.60,1445.00,1445.00,1445.00,1486.10,,1445.00,,,745266,1085458491.90,19822,F1,1,,,,,
2026-10-05,2026-10-05,CM,NSE,STK,19631,INE726V01018,PRICOLLTD,EQ,,,,,PRICOL LIMITED,743.35,746.90,699.00,704.45,707.00,734.50,,704.45,,,697878,493213460.50,30089,F1,1,,,,,
2026-10-05,2026-10-05,CM,NSE,STK,759075,INE0CQA01020,PRIMECAB,ST,,,,,PRIME CABLE INDUSTRIES L,212.00,216.50,195.95,203.95,202.00,206.25,,203.95,,,121600,24956960.00,69,F1,1600,,,,,
2026-10-05,2026-10-05,CM,NSE,STK,13496,INE367G01038,PFOCUS,EQ,,,,,PRIME FOCUS LIMITED,303.00,303.20,282.65,285.65,282.80,301.55,,285.71,,,4184306,1210860728.60,44098,F1,1,,,,,
2026-10-05,2026-10-05,CM,NSE,STK,11864,INE032B01021,PRIMESECU,EQ,,,,,PRIME SECURITIES LIMITED,301.50,305.00,295.00,298.80,300.85,301.50,,299.77,,,15156,4558271.70,480,F1,1,,,,,
2026-10-05,2026-10-05,CM,NSE,STK,756925,INE607A01022,PRIMO,EQ,,,,,PRIMO CHEMICALS LIMITED,26.85,26.90,25.55,26.08,26.12,25.41,,26.08,,,414021,10819303.19,1324,F1,1,,,,,
2026-10-05,2026-10-05,CM,NSE,STK,16045,INE689W01016,PRINCEPIPE,EQ,,,,,PRINCE PIPES FITTINGS LTD,246.90,251.00,243.20,247.45,248.50,246.90,,247.44,,,125575,31044053.20,4437,F1,1,,,,,
2026-10-05,2026-10-05,CM,NSE,STK,765558,INE15EH01014,PRIORITY,EQ,,,,,PRIORITY JEWELS LIMITED,294.00,315.90,287.05,291.20,289.00,290.45,,291.24,,,508895,153456040.45,14618,F1,1,,,,,
2026-10-05,2026-10-05,CM,NSE,STK,2739,INE010A01011,PRSMJOHNSN,EQ,,,,,PRISM JOHNSON LIMITED,104.47,104.59,101.70,102.06,102.00,103.61,,102.06,,,215104,22124899.59,4703,F1,1,,,,,
2026-10-05,2026-10-05,CM,NSE,STK,765155,INE286N01028,PRISMX,EQ,,,,,PRISMX GLOBAL VENTURES L,0.52,0.52,0.49,0.50,0.51,0.52,,0.51,,,477178,239288.65,190,F1,1,,,,,
2026-10-05,2026-10-05,CM,NSE,STK,8304,INE974Z01015,PRITI,EQ,,,,,PRITI INTERNATIONAL LTD,30.91,32.95,30.91,32.04,32.22,32.79,,32.04,,,2125,68329.33,85,F1,1,,,,,
2026-10-05,2026-10-05,CM,NSE,STK,5292,INE583R01029,PRITIKAUTO,EQ,,,,,PRITIKA AUTO INDUS LTD,16.05,16.73,15.85,16.02,16.14,16.11,,16.02,,,138076,2237270.13,806,F1,1,,,,,
2026-10-05,2026-10-05,CM,NSE,STK,8825,INE959A01019,PRIVISCL,EQ,,,,,PRIVI SPECIALITY CHE LTD,3570.00,3593.00,3424.10,3442.20,3430.30,3573.00,,3442.30,,,186750,649177889.30,27510,F1,1,,,,,
2026-10-05,2026-10-05,CM,NSE,STK,24511,INE0V9N01017,PRIZOR,ST,,,,,PRIZOR VIZTECH LIMITED,1200.00,1253.70,1200.00,1253.70,1253.70,1194.00,,1253.70,,,18800,23506800.00,46,F1,400,,,,,
2026-10-05,2026-10-05,CM,NSE,STK,940,INE199A01012,PGHL,EQ,,,,,PROCTER & GAMBLE HEALTH L,5360.00,5403.50,5280.00,5300.00,5300.00,5360.00,,5300.02,,,8910,47627849.50,2790,F1,1,,,,,
2026-10-05,2026-10-05,CM,NSE,STK,764345,INE1FFX01018,PROPSHOP,SM,,,,,PROPSHOP EVENTS AND EXH L,68.95,70.50,68.95,70.50,70.50,66.50,,70.50,,,82000,5720600.00,13,F1,2000,,,,,
2026-10-05,2026-10-05,CM,NSE,STK,758173,INE0BX301013,PROSTARM,EQ,,,,,PROSTARM INFO SYSTEMS LTD,136.80,140.20,131.15,132.00,132.33,135.41,,132.00,,,374129,50908563.84,7319,F1,1,,,,,
2026-10-05,2026-10-05,CM,NSE,STK,29472,INE004A01022,PROTEAN,EQ,,,,,PROTEAN EGOV TECHNO LTD,643.00,657.65,635.00,639.05,642.00,639.75,,639.05,,,346309,223628334.65,14946,F1,1,,,,,
2026-10-05,2026-10-05,CM,NSE,STK,28859,INE195N01013,PROZONER,EQ,,,,,PROZONE REALTY LIMITED,53.00,53.69,49.52,50.54,50.40,52.53,,50.53,,,267154,13523126.72,2644,F1,1,,,,,
2026-10-05,2026-10-05,CM,NSE,STK,9553,INE00F201020,PRUDENT,EQ,,,,,PRUDENT CORP ADV SER LTD,3128.70,3153.50,3082.90,3108.10,3118.60,3119.10,,3108.08,,,12341,38400340.60,5148,F1,1,,,,,
2026-10-05,2026-10-05,CM,NSE,STK,20527,INE024D01016,PRUDMOULI,EQ,,,,,PRUDENTIAL SUGAR CORPORAT,13.63,14.00,13.45,13.87,13.87,13.49,,13.92,,,15810,219262.58,153,F1,1,,,,,
2026-10-05,2026-10-05,CM,NSE,STK,20877,INE488V01015,PSPPROJECT,EQ,,,,,PSP PROJECTS LIMITED,759.65,782.00,754.80,764.55,760.60,747.10,,764.54,,,58824,45188430.45,3071,F1,1,,,,,
2026-10-05,2026-10-05,CM,NSE,STK,22602,INE560K01014,PFS,EQ,,,,,PTC INDIA FIN SERV LTD,28.81,29.50,28.00,28.19,28.11,28.81,,28.19,,,774445,21882522.70,7546,F1,1,,,,,
2026-10-05,2026-10-05,CM,NSE,STK,11355,INE877F01012,PTC,EQ,,,,,PTC INDIA LIMITED,156.45,157.90,155.00,157.52,157.30,154.79,,157.51,,,3047215,476884306.29,33461,F1,1,,,,,
2026-10-05,2026-10-05,CM,NSE,STK,16682,INE596F01018,PTCIL,EQ,,,,,PTC INDUSTRIES LIMITED,22025.00,22620.00,21665.00,22530.00,22590.00,22025.00,,22530.14,,,18625,413318115.00,6268,F1,1,,,,,
2026-10-05,2026-10-05,CM,NSE,STK,14101,INE034D01049,PTL,EQ,,,,,PTL ENTERPRISES LTD,37.88,38.50,37.88,38.21,38.22,37.87,,38.21,,,20109,769203.89,751,F1,1,,,,,
2026-10-05,2026-10-05,CM,NSE,STK,15377,INE865T01018,PDMJEPAPER,EQ,,,,,PUDUMJEE PAPER PRO. LTD,96.29,97.68,94.25,95.85,96.50,95.56,,95.85,,,124848,11973235.75,2277,F1,1,,,,,
2026-10-05,2026-10-05,CM,NSE,STK,21001,INE608A01012,PSB,EQ,,,,,PUNJAB & SIND BANK,21.06,21.38,20.92,21.02,21.01,20.96,,21.02,,,907370,19146874.05,3495,F1,1,,,,,
2026-10-05,2026-10-05,CM,NSE,STK,4344,INE277B01014,PUNJABCHEM,EQ,,,,,PUNJAB CHEM & CROP PROT L,1040.00,1080.00,1032.10,1036.90,1044.00,1040.90,,1036.90,,,1385,1442160.80,312,F1,1,,,,,
2026-10-05,2026-10-05,CM,NSE,STK,10666,INE160A01022,PNB,EQ,,,,,PUNJAB NATIONAL BANK,110.65,113.58,110.50,112.35,112.35,109.57,,112.34,,,12282429,1379692894.18,66058,F1,1,,,,,
2026-10-05,2026-10-05,CM,NSE,STK,14922,INE323I01011,PURVA,EQ,,,,,PURAVANKARA LIMITED,205.00,209.80,201.41,206.93,208.00,204.64,,206.94,,,126827,26049342.15,2515,F1,1,,,,,
2026-10-05,2026-10-05,CM,NSE,STK,765568,INE0I1B01016,PERNIASPOP,EQ,,,,,PURPLE STYLE LABS LIMITED,525.00,535.00,518.00,523.75,522.00,544.70,,524.03,,,111092,58094860.10,5488,F1,1,,,,,
2026-10-05,2026-10-05,CM,NSE,STK,28028,INE0P5R01014,PURPLEUTED,SM,,,,,PURPLE UNITED SALES LTD,472.00,472.25,472.00,472.25,472.25,449.80,,472.25,,,6250,2950812.50,16,F1,250,,,,,
2026-10-05,2026-10-05,CM,NSE,STK,22938,INE0R6C01012,PURVFLEXI,SM,,,,,PURV FLEXIPACK LIMITED,42.00,42.00,42.00,42.00,42.00,40.00,,42.00,,,1600,67200.00,2,F1,800,,,,,
2026-10-05,2026-10-05,CM,NSE,STK,757683,INE154801018,PUSHPA,SM,,,,,PUSHPA JEWELLERS LIMITED,117.00,122.00,116.05,120.00,120.00,116.00,,120.00,,,222000,26254850.00,115,F1,1000,,,,,
2026-10-05,2026-10-05,CM,NSE,STK,4010,INE362A01016,PVP,EQ,,,,,PVP VENTURES LIMITED,47.95,47.95,47.95,47.95,47.95,50.47,,47.96,,,150380,7210721.00,506,F1,1,,,,,
2026-10-05,2026-10-05,CM,NSE,STK,13147,INE191H01014,PVRINOX,EQ,,,,,PVR INOX LIMITED,1236.80,1249.90,1216.00,1231.40,1230.00,1215.30,,1231.36,,,279083,343549204.80,24130,F1,1,,,,,
2026-10-05,2026-10-05,CM,NSE,STK,18250,INE0MIS01010,PYRAMID,EQ,,,,,PYRAMID TECHNOPLAST LTD,152.90,160.00,151.80,157.88,157.00,154.34,,158.03,,,75463,11720540.60,917,F1,1,,,,,
2026-10-05,2026-10-05,CM,NSE,STK,763594,INE1G2W01011,QLINE,SM,,,,,Q-LINE BIOTECH LIMITED,668.00,668.00,650.00,663.55,668.00,661.10,,663.55,,,60800,40214540.00,132,F1,400,,,,,
2026-10-05,2026-10-05,CM,NSE,STK,751653,INE0FMW01018,QMSMEDI,BE,,,,,QMS MEDICAL ALLIED S LTD,194.70,194.70,185.89,185.89,185.89,195.67,,185.89,,,18972,3533000.61,118,F1,1,,,,,
2026-10-05,2026-10-05,CM,NSE,STK,29087,INE0LRY01011,QUADFUTURE,EQ,,,,,QUADRANT FUTURE TEK LTD,536.00,546.95,524.00,529.25,531.00,531.40,,529.30,,,319071,170694976.15,12801,F1,1,,,,,
2026-10-05,2026-10-05,CM,NSE,STK,765985,INE1XJ401012,QUALIANCE,SM,,,,,QUALIANCE INTERNATIONAL L,180.00,183.05,172.80,174.60,172.80,179.50,,174.60,,,42000,7455900.00,42,F1,1000,,,,,
2026-10-05,2026-10-05,CM,NSE,STK,29711,INE0SII01026,QPOWER,EQ,,,,,QUALITY POWER ELEC EQUP L,1569.80,1640.00,1569.80,1620.20,1624.00,1564.60,,1620.30,,,336640,546032620.40,18968,F1,1,,,,,
2026-10-05,2026-10-05,CM,NSE,STK,15330,INF082J01408,QGOLDHALF,EQ,,,,,QUANTUM GOLD ETF,122.37,122.37,120.85,121.83,121.85,121.63,,121.83,,,308208,37513949.14,1118,F1,1,,,,,
2026-10-05,2026-10-05,CM,NSE,STK,16819,INF082J01499,QNIFTY,EQ,,,,,QUANTUM NIFTY 50 ETF,252.65,252.65,247.20,248.85,248.80,247.70,,248.85,,,20626,5124621.70,286,F1,1,,,,,
2026-10-05,2026-10-05,CM,NSE,STK,765392,INF966L01EI5,SILVER001,EQ,,,,,QUANT_AMC - SILVER001,22.39,22.43,22.11,22.33,22.41,21.99,,22.33,,,24556,548430.78,67,F1,1,,,,,
2026-10-05,2026-10-05,CM,NSE,STK,17704,INE615P01015,QUESS,EQ,,,,,QUESS CORP LIMITED,337.60,345.95,335.10,341.85,342.90,336.20,,341.86,,,262863,89568926.50,17608,F1,1,,,,,
2026-10-05,2026-10-05,CM,NSE,STK,23793,INE0TNW01017,QUESTLAB,SM,,,,,QUEST LABORATORIES LTD,94.00,97.00,94.00,96.00,96.00,91.85,,96.00,,,13200,1266240.00,11,F1,1200,,,,,
2026-10-05,2026-10-05,CM,NSE,STK,13116,INE306L01010,QUICKHEAL,EQ,,,,,QUICK HEAL TECH LTD,140.00,141.18,137.21,137.91,138.70,138.15,,137.93,,,67554,9413761.16,1956,F1,1,,,,,
2026-10-05,2026-10-05,CM,NSE,STK,15285,INE0K4D01020,QUICKTOUCH,SM,,,,,QUICKTOUCH TECHNOLOGIES L,14.55,14.55,14.50,14.50,14.55,15.25,,14.50,,,12000,174400.00,13,F1,500,,,,,
2026-10-05,2026-10-05,CM,NSE,STK,762857,INE641R01017,QUINT,BE,,,,,QUINT DIGITAL LTD.,66.00,66.00,65.31,65.31,65.31,68.74,,65.22,,,3378,221528.80,34,F1,1,,,,,
2026-10-05,2026-10-05,CM,NSE,STK,9355,INE033B01011,QUINTEGRA,EQ,,,,,QUINTEGRA SOLUTIONS LTD.,1.40,1.40,1.40,1.40,1.40,1.34,,1.50,,,41644,58301.60,14,F1,1,,,,,
2026-10-05,2026-10-05,CM,NSE,STK,24957,INE0KZF01015,QVCEL,SM,,,,,QVC EXPORTS LIMITED,25.20,25.20,25.15,25.15,25.15,24.00,,25.15,,,3200,80560.00,2,F1,1600,,,,,
2026-10-05,2026-10-05,CM,NSE,STK,23043,INE0NQ801033,RKSWAMY,EQ,,,,,R K SWAMY LIMITED,89.50,89.50,85.23,86.07,86.00,86.46,,86.08,,,15497,1336207.34,376,F1,1,,,,,
2026-10-05,2026-10-05,CM,NSE,STK,757836,INE219Y01026,RMDRIP,BE,,,,,R M DRIP & SPRINK SYS LTD,23.69,23.69,22.57,23.36,23.68,23.49,,23.36,,,295204,6868896.51,559,F1,1,,,,,
2026-10-05,2026-10-05,CM,NSE,STK,762864,INE951M01037,RRIL,EQ,,,,,R R I L LTD.,15.47,15.49,15.15,15.21,15.20,15.11,,15.16,,,8335,127784.10,103,F1,1,,,,,
2026-10-05,2026-10-05,CM,NSE,STK,18566,INE777K01022,RRKABEL,EQ,,,,,R R KABEL LIMITED,2541.50,2654.90,2533.10,2648.00,2654.00,2518.20,,2647.97,,,635507,1668656409.80,58233,F1,1,,,,,
2026-10-05,2026-10-05,CM,NSE,STK,762872,INE616F01022,RSDFIN,BE,,,,,R S D FINANCE LTD.,93.18,95.89,92.00,94.00,94.00,91.35,,89.44,,,72,6717.79,7,F1,1,,,,,
2026-10-05,2026-10-05,CM,NSE,STK,13414,INE411H01032,RSYSTEMS,EQ,,,,,R SYS INTERNATIONAL LTD,264.00,264.50,248.00,249.90,248.50,263.60,,249.90,,,2005620,511407614.00,33295,F1,1,,,,,
2026-10-05,2026-10-05,CM,NSE,STK,764858,INE005C01017,RTSPOWR,BE,,,,,R T S POWER CORPN. LTD.,109.00,109.00,108.40,108.40,108.40,114.10,,108.40,,,2430,263492.30,65,F1,1,,,,,
2026-10-05,2026-10-05,CM,NSE,STK,758984,INE012Q01039,RNBDENIMS,BE,,,,,R&B DENIMS LIMITED,9.03,9.29,8.72,8.97,9.00,9.03,,8.97,,,144309,1285618.41,389,F1,1,,,,,
2026-10-05,2026-10-05,CM,NSE,STK,6429,INE165B01029,RSSOFTWARE,EQ,,,,,R. S. SOFTWARE (INDIA) LI,30.90,30.90,29.70,29.79,29.94,30.04,,29.83,,,11665,349844.48,103,F1,1,,,,,
2026-10-05,2026-10-05,CM,NSE,STK,20760,INE324L01013,RPPINFRA,EQ,,,,,R.P.P INFRA PROJECTS LTD,53.25,53.25,50.41,50.82,50.85,52.60,,50.84,,,37515,1916139.00,677,F1,1,,,,,
2026-10-05,2026-10-05,CM,NSE,STK,762244,INE2PB023011,RIIT,IV,,,,,RAAJMARG INFRA INVEST T,119.67,121.49,119.67,120.39,120.75,119.67,,120.39,,,172856,20909296.61,12821,F1,1,,,,,
2026-10-05,2026-10-05,CM,NSE,STK,15391,INE084Q01012,RACE,EQ,,,,,RACE ECO CHAIN LIMITED,117.00,117.00,108.12,108.95,110.00,113.18,,108.94,,,26720,2982452.39,811,F1,1,,,,,
2026-10-05,2026-10-05,CM,NSE,STK,9854,INE02OY01016,RILINFRA,SM,,,,,RACHANA INFRA LTD,32.60,33.65,32.30,33.15,33.25,31.80,,33.15,,,12200,399720.00,48,F1,100,,,,,
2026-10-05,2026-10-05,CM,NSE,STK,27171,INE704B01017,RACLGEAR,EQ,,,,,RACL GEARTECH LIMITED,1539.80,1575.00,1522.60,1550.40,1575.00,1538.20,,1550.44,,,17316,26683126.10,3438,F1,1,,,,,
2026-10-05,2026-10-05,CM,NSE,STK,10932,INE874F01027,RADAAN,EQ,,,,,RADAAN MEDIAWORKS (I) LTD,2.98,3.01,2.86,2.99,3.00,2.98,,2.99,,,27071,79605.27,85,F1,1,,,,,
2026-10-05,2026-10-05,CM,NSE,STK,10347,INE583V01021,RADHIKAJWE,BE,,,,,RADHIKA JEWELTECH LIMITED,69.00,69.00,67.21,67.82,67.99,68.98,,67.78,,,102302,6944796.25,918,F1,1,,,,,
2026-10-05,2026-10-05,CM,NSE,STK,13580,INE855R01021,RADIANTCMS,EQ,,,,,RADIANT CASH MGMT SER LTD,35.75,35.98,34.70,34.92,35.03,35.89,,34.93,,,108260,3803083.22,1291,F1,1,,,,,
2026-10-05,2026-10-05,CM,NSE,STK,10990,INE944F01028,RADICO,EQ,,,,,RADICO KHAITAN LTD,4242.00,4307.00,4238.50,4289.10,4289.10,4237.00,,4289.08,,,395032,1691022840.90,46377,F1,1,,,,,
2026-10-05,2026-10-05,CM,NSE,STK,23445,INE430U01019,RADIOWALLA,ST,,,,,RADIOWALLA NETWORK LTD,28.05,28.05,28.05,28.05,28.05,28.60,,28.05,,,1600,44880.00,1,F1,1600,,,,,
2026-10-05,2026-10-05,CM,NSE,STK,24735,INE912T01018,RPEL,EQ,,,,,RAGHAV PRODUCTIVITY ENH L,1848.50,1880.00,1773.10,1825.30,1850.00,1818.90,,1823.53,,,83683,153376808.70,11740,F1,1,,,,,
2026-10-05,2026-10-05,CM,NSE,STK,9552,INE415G01027,RVNL,EQ,,,,,RAIL VIKAS NIGAM LIMITED,198.00,199.90,195.34,196.95,196.95,197.00,,196.94,,,2937181,580455859.32,32188,F1,1,,,,,
2026-10-05,2026-10-05,CM,NSE,STK,2431,INE0DD101019,RAILTEL,EQ,,,,,RAILTEL CORP OF IND LTD,258.00,260.40,251.15,252.30,253.95,257.20,,252.30,,,495278,126056589.15,18051,F1,1,,,,,
2026-10-05,2026-10-05,CM,NSE,STK,15337,INE855B01025,RAIN,EQ,,,,,RAIN INDUSTRIES LIMITED,209.03,213.57,206.32,208.02,206.70,208.52,,208.03,,,1705460,358075685.70,20171,F1,1,,,,,
2026-10-05,2026-10-05,CM,NSE,STK,9408,INE961O01016,RAINBOW,EQ,,,,,RAINBOW CHILDRENS MED LTD,1285.80,1299.90,1263.60,1269.30,1275.00,1279.80,,1269.31,,,137076,174551517.70,30179,F1,1,,,,,
2026-10-05,2026-10-05,CM,NSE,STK,359,INE294G01026,ROML,EQ,,,,,RAJ OIL MILLS LIMITED,44.40,44.40,42.14,43.00,43.00,43.34,,43.01,,,5073,217666.20,39,F1,1,,,,,
2026-10-05,2026-10-05,CM,NSE,STK,8428,INE533D01032,RAJRILTD,BE,,,,,RAJ RAYON INDUSTRIES LTD,20.35,20.40,19.60,19.62,19.60,20.00,,19.63,,,26292,522921.39,255,F1,1,,,,,
2026-10-05,2026-10-05,CM,NSE,STK,14407,INE952H01027,RAJTV,BE,,,,,RAJ TV NETWORK LTD,10.34,11.14,10.34,10.64,10.85,10.80,,10.64,,,7371,79095.82,58,F1,1,,,,,
2026-10-05,2026-10-05,CM,NSE,STK,762859,INE296E01026,RAJPALAYAM,EQ,,,,,RAJAPALAYAM MILLS LTD.,715.00,750.00,715.00,734.35,732.00,738.00,,734.35,,,410,300066.90,50,F1,1,,,,,
2026-10-05,2026-10-05,CM,NSE,STK,181,INE610C01014,ARENTERP,EQ,,,,,RAJDARSHAN INDUSTRIES LTD,33.79,33.79,33.79,33.79,33.79,33.79,,33.79,,,330,11150.70,4,F1,1,,,,,
2026-10-05,2026-10-05,CM,NSE,STK,760461,INE343B01030,RAJESHEXPO,BZ,,,,,RAJESH EXPORTS LTD,64.00,64.03,61.25,62.35,62.65,64.03,,62.36,,,155445,9695103.07,3106,F1,1,,,,,
2026-10-05,2026-10-05,CM,NSE,STK,19681,INE0BZQ01011,RCDL,SM,,,,,RAJGOR CASTOR DERIVATI L,16.15,16.15,16.15,16.15,16.15,17.00,,16.15,,,21000,339150.00,2,F1,3000,,,,,
2026-10-05,2026-10-05,CM,NSE,STK,2168,INE00KV01022,RAJMET,EQ,,,,,RAJNANDINI METAL LIMITED,3.06,3.10,3.06,3.06,3.06,3.08,,3.06,,,178433,547782.19,609,F1,1,,,,,
2026-10-05,2026-10-05,CM,NSE,STK,757049,INE535F01024,RAJOOENG,EQ,,,,,RAJOO ENGINEERS LIMITED,54.95,56.25,53.57,54.97,55.00,53.21,,54.95,,,581746,31908293.62,2575,F1,1,,,,,
2026-10-05,2026-10-05,CM,NSE,STK,27269,INE0VHU01019,RAJPUTANA,SM,,,,,RAJPUTANA BIODIESEL LTD,187.10,214.00,187.10,206.05,206.05,199.75,,206.05,,,5500,1143150.00,11,F1,500,,,,,
2026-10-05,2026-10-05,CM,NSE,STK,761439,INE313L01016,RSL,EQ,,,,,RAJPUTANA STAINLESS LTD,175.51,183.87,174.75,175.57,175.99,174.43,,175.55,,,256813,45854310.01,4174,F1,1,,,,,
2026-10-05,2026-10-05,CM,NSE,STK,18962,INE451D01029,RAJRATAN,EQ,,,,,RAJRATAN GLOBAL WIRE LTD,453.55,460.70,450.90,454.60,454.30,453.55,,454.57,,,46941,21399988.85,5474,F1,1,,,,,
2026-10-05,2026-10-05,CM,NSE,STK,6915,INE760W01023,RPPL,BE,,,,,RAJSHREE POLYPACK LTD,18.95,18.99,18.62,18.72,18.95,19.60,,18.72,,,29437,554010.95,144,F1,1,,,,,
2026-10-05,2026-10-05,CM,NSE,STK,2809,INE562B01019,RAJSREESUG,EQ,,,,,RAJSHREE SUGAR & CHEMICAL,27.73,29.30,27.51,28.39,28.45,27.73,,28.39,,,62446,1765611.29,520,F1,1,,,,,
2026-10-05,2026-10-05,CM,NSE,STK,2816,INE613A01020,RALLIS,EQ,,,,,RALLIS INDIA LTD,200.00,200.88,197.00,197.16,197.10,199.69,,197.16,,,299393,59318192.51,10099,F1,1,,,,,
2026-10-05,2026-10-05,CM,NSE,STK,10485,INE207E01023,RAMRAT,EQ,,,,,RAM RATNA WIRES LIMITED,626.00,662.85,626.00,635.20,638.00,616.55,,635.20,,,1507421,970736230.45,74679,F1,1,,,,,
2026-10-05,2026-10-05,CM,NSE,STK,10568,INE809A01032,RAMAPHO,EQ,,,,,RAMA PHOSPHATES LIMITED,123.43,123.43,118.75,119.07,119.01,120.05,,119.08,,,9567,1146440.22,291,F1,1,,,,,
2026-10-05,2026-10-05,CM,NSE,STK,10304,INE230R01035,RAMASTEEL,BE,,,,,RAMA STEEL TUBES LIMITED,4.39,4.39,4.39,4.39,4.39,4.47,,4.40,,,224049,983575.11,1078,F1,1,,,,,
2026-10-05,2026-10-05,CM,NSE,STK,757777,INE14W901010,RTL,SM,,,,,RAMA TELECOM LIMITED,75.95,75.95,71.50,73.00,73.00,76.00,,73.00,,,12000,879400.00,6,F1,2000,,,,,
2026-10-05,2026-10-05,CM,NSE,STK,4587,INE614A01028,RAMCOIND,EQ,,,,,RAMCO INDUSTRIES LIMITED,302.50,308.90,296.60,298.50,300.00,302.30,,298.50,,,64263,19274639.20,2306,F1,1,,,,,
2026-10-05,2026-10-05,CM,NSE,STK,7851,INE246B01019,RAMCOSYS,EQ,,,,,RAMCO SYSTEMS LTD.,546.00,562.80,546.00,555.30,558.50,546.25,,555.31,,,39282,21813730.80,2234,F1,1,,,,,
2026-10-05,2026-10-05,CM,NSE,STK,23565,INE0RJH01010,RBS,SM,,,,,RAMDEVBABA SOLVENT LTD,80.00,80.00,80.00,80.00,80.00,81.00,,80.00,,,800,64000.00,1,F1,800,,,,,
2026-10-05,2026-10-05,CM,NSE,STK,11411,INE399G01023,RKFORGE,EQ,,,,,RAMKRISHNA FORGINGS LTD,695.45,704.05,692.00,700.45,700.10,695.45,,700.43,,,291847,203874684.00,17834,F1,1,,,,,
2026-10-05,2026-10-05,CM,NSE,STK,20134,INE874I01013,RAMKY,EQ,,,,,RAMKY INFRA LTD,278.70,284.80,274.80,280.95,282.00,274.60,,281.04,,,30641,8545225.15,1132,F1,1,,,,,
2026-10-05,2026-10-05,CM,NSE,STK,2837,INE625B01014,RANASUG,EQ,,,,,RANA SUGARS LTD.,13.10,13.69,13.10,13.62,13.69,13.08,,13.62,,,325768,4415733.28,704,F1,1,,,,,
2026-10-05,2026-10-05,CM,NSE,STK,11975,INE050H01012,RML,EQ,,,,,RANE (MADRAS) LIMITED,1356.00,1384.90,1348.90,1372.20,1368.00,1343.20,,1372.19,,,36714,50244538.20,3892,F1,1,,,,,
2026-10-05,2026-10-05,CM,NSE,STK,2844,INE384A01010,RANEHOLDIN,EQ,,,,,RANE HOLDINGS LIMITED,1512.30,1554.90,1512.30,1550.80,1536.00,1518.70,,1550.80,,,6828,10474312.70,898,F1,1,,,,,
2026-10-05,2026-10-05,CM,NSE,STK,30460,INE0QX901013,RAPIDFLEET,SM,,,,,RAPID FLEET MGT SERVICE L,200.00,200.65,196.00,196.00,196.00,199.40,,196.00,,,7200,1439640.00,12,F1,600,,,,,
2026-10-05,2026-10-05,CM,NSE,STK,25610,INE0MVO01012,RAPPID,SM,,,,,RAPPID VALVES (INDIA) LTD,338.10,338.10,322.00,327.35,327.00,347.00,,327.35,,,16800,5564820.00,28,F1,600,,,,,
2026-10-05,2026-10-05,CM,NSE,STK,22670,INE0J1F01024,RPTECH,EQ,,,,,RASHI PERIPHERALS LIMITED,963.50,978.00,935.10,943.45,937.00,953.15,,943.46,,,268559,255402481.50,20435,F1,1,,,,,
2026-10-05,2026-10-05,CM,NSE,STK,2866,INE027A01015,RCF,EQ,,,,,RASHTRIYA CHEMICALS & FER,106.99,108.47,106.30,106.69,107.12,106.80,,106.69,,,704178,75483886.32,8845,F1,1,,,,,
2026-10-05,2026-10-05,CM,NSE,STK,7177,INE0CLI01024,RATEGAIN,EQ,,,,,RATEGAIN TRAVEL TECHN LTD,840.65,858.50,835.20,849.45,846.00,840.65,,849.45,,,304666,258699834.85,23158,F1,1,,,,,
2026-10-05,2026-10-05,CM,NSE,STK,13451,INE703B01027,RATNAMANI,EQ,,,,,RATNAMANI MET & TUB LTD.,2619.40,2619.50,2550.00,2564.90,2580.00,2619.40,,2564.70,,,36107,93231412.10,8462,F1,1,,,,,
2026-10-05,2026-10-05,CM,NSE,STK,18423,INE05CZ01011,RATNAVEER,EQ,,,,,RATNAVEER PRECISION ENG L,347.60,357.70,337.20,339.35,340.35,345.45,,339.35,,,3923098,1354940161.70,43670,F1,1,,,,,
2026-10-05,2026-10-05,CM,NSE,STK,27297,INE834M01019,RTNINDIA,EQ,,,,,RATTANINDIA ENT LIMITED,25.55,25.80,25.10,25.46,25.65,25.32,,25.46,,,840323,21319816.61,4886,F1,1,,,,,
2026-10-05,2026-10-05,CM,NSE,STK,17520,INE399K01017,RTNPOWER,EQ,,,,,RATTANINDIA POWER LIMITED,6.74,6.83,6.69,6.73,6.71,6.74,,6.73,,,10445792,70596727.08,12898,F1,1,,,,,
2026-10-05,2026-10-05,CM,NSE,STK,20950,INE722J01012,RKDL,EQ,,,,,RAVI KUMAR DIST. LTD.,17.15,17.98,16.85,17.05,17.24,17.24,,17.17,,,18146,311786.13,139,F1,1,,,,,
2026-10-05,2026-10-05,CM,NSE,STK,1565,INE09E501017,RVHL,EQ,,,,,RAVINDER HEIGHTS LIMITED,36.81,37.99,36.81,37.46,37.58,37.23,,37.46,,,2957,110422.77,83,F1,1,,,,,
2026-10-05,2026-10-05,CM,NSE,STK,24596,INE206N01018,RELTD,EQ,,,,,RAVINDRA ENERGY LIMITED,147.01,148.39,138.50,144.18,143.99,146.98,,144.18,,,285987,40859174.89,4566,F1,1,,,,,
2026-10-05,2026-10-05,CM,NSE,STK,25073,INE02ID01020,RAYMONDLSL,EQ,,,,,RAYMOND LIFESTYLE LIMITED,631.00,640.00,621.85,628.85,632.25,627.70,,628.84,,,185665,116737591.20,11886,F1,1,,,,,
2026-10-05,2026-10-05,CM,NSE,STK,2859,INE301A01014,RAYMOND,EQ,,,,,RAYMOND LTD,1198.00,1316.90,1198.00,1300.70,1313.00,1197.20,,1300.88,,,2241963,2824639785.50,81864,F1,1,,,,,
2026-10-05,2026-10-05,CM,NSE,STK,758551,INE1SY401010,RAYMONDREL,EQ,,,,,RAYMOND REALTY LIMITED,655.35,696.70,655.35,691.85,689.00,648.45,,691.85,,,2022158,1377354127.60,62492,F1,1,,,,,
2026-10-05,2026-10-05,CM,NSE,STK,765936,INE1FCO01014,MOMSBELIEF,EQ,,,,,RAYS OF BELIEF LIMITED,227.00,237.00,220.00,228.74,227.00,226.92,,228.73,,,244611,55659348.45,3694,F1,1,,,,,
2026-10-05,2026-10-05,CM,NSE,STK,18391,INE976G01028,RBLBANK,EQ,,,,,RBL BANK LIMITED,418.05,419.90,410.20,416.55,416.55,411.40,,416.56,,,4238401,1761567181.70,49170,F1,1,,,,,
2026-10-05,2026-10-05,CM,NSE,STK,13570,INE0NA301016,RBMINFRA,SM,,,,,RBM INFRACON LIMITED,245.00,252.00,241.20,243.05,242.50,242.00,,243.05,,,5000,1230860.00,25,F1,200,,,,,
2026-10-05,2026-10-05,CM,NSE,STK,20893,INE0PEQ01016,RBZJEWEL,BE,,,,,RBZ JEWELLERS LIMITED,187.03,200.30,187.03,187.03,187.04,196.87,,187.04,,,96544,18238432.99,846,F1,1,,,,,
2026-10-05,2026-10-05,CM,NSE,STK,764850,INE0AK901016,RRECL,EQ,,,,,RDB REAL ESTATE CONS L,130.00,135.00,130.00,134.62,135.00,131.46,,133.47,,,252,33312.20,10,F1,1,,,,,
2026-10-05,2026-10-05,CM,NSE,STK,29561,INE10QL01011,READYMIX,SM,,,,,READYMIX CONSTRU MACHI L,59.55,59.55,53.90,54.70,55.00,59.55,,54.70,,,51000,2838800.00,41,F1,1000,,,,,
2026-10-05,2026-10-05,CM,NSE,STK,15355,INE020B01018,RECLTD,EQ,,,,,REC LIMITED,288.00,296.80,287.30,295.65,295.65,287.75,,295.64,,,8639552,2535464563.10,63398,F1,1,,,,,
2026-10-05,2026-10-05,CM,NSE,STK,14255,INE891D01026,REDINGTON,EQ,,,,,REDINGTON LIMITED,400.45,416.90,400.45,412.75,411.45,397.95,,412.75,,,10144724,4171485111.00,132806,F1,1,,,,,
2026-10-05,2026-10-05,CM,NSE,STK,17859,INE0LXT01019,REDTAPE,EQ,,,,,REDTAPE LIMITED,115.20,115.90,113.34,113.85,113.40,115.29,,113.85,,,239207,27360692.52,4678,F1,1,,,,,
2026-10-05,2026-10-05,CM,NSE,STK,17764,INE056I01025,REFEX,EQ,,,,,REFEX INDUSTRIES LIMITED,272.20,275.95,267.05,271.30,270.85,271.30,,271.32,,,451891,122680787.45,4848,F1,1,,,,,
2026-10-05,2026-10-05,CM,NSE,STK,23718,INE0TNX01015,REFRACTORY,SM,,,,,REFRACTORY SHAPES LIMITED,39.70,39.70,39.70,39.70,39.70,38.65,,39.70,,,1000,39700.00,1,F1,1000,,,,,
2026-10-05,2026-10-05,CM,NSE,STK,758680,INE0MHO01029,REGAAL,EQ,,,,,REGAAL RESOURCES LIMITED,85.75,87.44,85.05,85.78,85.05,85.99,,85.77,,,116458,10051555.21,1999,F1,1,,,,,
2026-10-05,2026-10-05,CM,NSE,STK,4130,INE277C01012,REGENCERAM,EQ,,,,,REGENCY CERAMICS LTD.,32.00,33.00,31.20,32.53,32.60,31.98,,32.53,,,9583,308942.54,71,F1,1,,,,,
2026-10-05,2026-10-05,CM,NSE,STK,24225,INE131B01039,RELAXO,EQ,,,,,RELAXO FOOT LTD.,285.20,288.45,280.80,281.95,281.35,285.35,,281.90,,,79688,22662216.00,7077,F1,1,,,,,
2026-10-05,2026-10-05,CM,NSE,STK,3172,INF204KC1030,GILT5YBEES,EQ,,,,,RELCAPAMC - NETFGILT5Y,64.42,65.73,64.42,65.63,65.58,65.73,,65.63,,,335466,22028299.80,1210,F1,1,,,,,
2026-10-05,2026-10-05,CM,NSE,STK,24378,INE375Y01018,RELIABLE,EQ,,,,,RELIABLE DATA SERVICE LTD,141.96,144.89,140.75,142.39,142.50,140.73,,142.37,,,13416,1912493.17,339,F1,1,,,,,
2026-10-05,2026-10-05,CM,NSE,STK,9652,INE750D01016,RELCHEMQ,EQ,,,,,RELIANCE CHEMOTEX IND LTD,113.27,116.50,111.57,113.27,113.00,114.36,,113.27,,,1711,194055.59,131,F1,1,,,,,
2026-10-05,2026-10-05,CM,NSE,STK,13188,INE330H01018,RCOM,BE,,,,,RELIANCE COMMUNICATIONS L,0.86,0.87,0.85,0.85,0.86,0.86,,0.85,,,2586280,2215324.66,2414,F1,1,,,,,
2026-10-05,2026-10-05,CM,NSE,STK,759204,INE217K01011,RHFL,BZ,,,,,RELIANCE HOME FINANCE LTD,1.62,1.63,1.54,1.56,1.57,1.59,,1.56,,,597958,953897.81,949,F1,1,,,,,
2026-10-05,2026-10-05,CM,NSE,STK,2912,INE046A01015,RIIL,EQ,,,,,RELIANCE INDUSTRIAL INFRA,671.50,681.75,657.00,664.10,660.20,666.85,,664.11,,,36561,24404107.95,2875,F1,1,,,,,
2026-10-05,2026-10-05,CM,NSE,STK,2885,INE002A01018,RELIANCE,EQ,,,,,RELIANCE INDUSTRIES LTD,1171.20,1193.00,1171.20,1186.40,1186.40,1167.70,,1186.40,,,14254907,16844086844.00,302759,F1,1,,,,,
2026-10-05,2026-10-05,CM,NSE,STK,4791,INE036A01016,RELINFRA,BE,,,,,RELIANCE INFRASTRUCTU LTD,48.80,48.80,48.80,48.80,48.80,46.48,,48.80,,,114132,5569641.60,477,F1,1,,,,,
2026-10-05,2026-10-05,CM,NSE,STK,15259,INE614G01033,RPOWER,EQ,,,,,RELIANCE POWER LTD.,19.44,20.55,19.44,20.09,20.17,19.41,,20.09,,,44727097,894757591.04,83255,F1,1,,,,,
2026-10-05,2026-10-05,CM,NSE,STK,765330,INF205KA1CB9,IVZBANKNF,EQ,,,,,RELIGARAMC - IVZBANKNF,55.13,55.14,54.23,54.57,54.57,54.50,,54.57,,,431,23565.30,9,F1,1,,,,,
2026-10-05,2026-10-05,CM,NSE,STK,765327,INF205KA1CA1,IVZSENSEX,EQ,,,,,RELIGARAMC - IVZSENSEX,72.87,72.87,72.00,72.45,72.45,71.97,,72.25,,,303,21971.44,11,F1,1,,,,,
2026-10-05,2026-10-05,CM,NSE,STK,15068,INE621H01010,RELIGARE,EQ,,,,,RELIGARE ENTER. LTD.,224.85,227.29,222.36,223.44,223.21,224.59,,223.45,,,435896,97616628.79,8751,F1,1,,,,,
2026-10-05,2026-10-05,CM,NSE,STK,3965,INE474C01023,REMSONSIND,EQ,,,,,REMSONS INDUSTRIES LTD,114.80,116.55,108.37,109.71,109.25,112.55,,109.69,,,254135,28572383.49,3565,F1,1,,,,,
2026-10-05,2026-10-05,CM,NSE,STK,16154,INE0O5T01011,REMUS,SM,,,,,REMUS PHARMACEUTICALS L,895.00,895.00,861.35,867.75,865.00,861.85,,867.75,,,1500,1310050.00,15,F1,100,,,,,
2026-10-05,2026-10-05,CM,NSE,STK,15129,INE722H01024,RGL,EQ,,,,,RENAISSANCE GLOBAL LTD,161.70,165.21,160.00,161.52,160.10,162.50,,161.52,,,294768,47967873.76,6401,F1,1,,,,,
2026-10-05,2026-10-05,CM,NSE,STK,758157,INE0VZX01015,RNPL,SM,,,,,RENOL POLYCHEM LIMITED,72.35,72.35,72.35,72.35,72.35,68.95,,72.35,,,12000,868200.00,8,F1,1200,,,,,
2026-10-05,2026-10-05,CM,NSE,STK,766077,INE08T701025,RENTOMOJO,EQ,,,,,RENTOMOJO LIMITED,529.70,538.60,508.10,510.95,512.60,524.60,,510.94,,,1564388,817596675.15,50390,F1,1,,,,,
2026-10-05,2026-10-05,CM,NSE,STK,29598,INE612J01015,REPCOHOME,EQ,,,,,REPCO HOME FINANCE LTD,337.05,342.45,327.05,329.25,330.80,337.75,,329.26,,,77171,25616841.65,4360,F1,1,,,,,
2026-10-05,2026-10-05,CM,NSE,STK,13126,INE461B01014,REPRO,EQ,,,,,REPRO INDIA LIMITED,302.05,309.90,291.10,294.25,293.45,303.90,,294.29,,,14475,4325452.65,865,F1,1,,,,,
2026-10-05,2026-10-05,CM,NSE,STK,20323,INE688D01026,RESPONIND,EQ,,,,,RESPONSIVE INDUSTRIES LTD,160.04,163.21,157.45,158.17,158.99,162.59,,158.17,,,150939,24124735.31,2306,F1,1,,,,,
2026-10-05,2026-10-05,CM,NSE,STK,1494,INE07T201019,RBA,EQ,,,,,RESTAURANT BRAND ASIA LTD,92.00,95.98,91.45,93.99,93.00,92.22,,94.00,,,4841004,457679054.42,45832,F1,1,,,,,
2026-10-05,2026-10-05,CM,NSE,STK,25157,INE0DAB01012,RVTH,EQ,,,,,REVATHI EQUIPMENT INDIA L,797.90,803.00,721.10,726.45,721.10,776.70,,726.97,,,4355,3342983.30,460,F1,1,,,,,
2026-10-05,2026-10-05,CM,NSE,STK,29270,INE113601012,REXPRO,SM,,,,,REXPRO ENTERPRISES LTD,35.00,35.00,35.00,35.00,35.00,33.50,,35.00,,,1000,35000.00,1,F1,1000,,,,,
2026-10-05,2026-10-05,CM,NSE,STK,763468,INE0V2V01015,RFBL,ST,,,,,RFBL FLEXI PACK LIMITED,111.70,112.45,111.50,112.40,112.45,107.10,,112.40,,,36000,4041150.00,12,F1,3000,,,,,
2026-10-05,2026-10-05,CM,NSE,STK,759062,INE0KKN01029,RHETAN,EQ,,,,,RHETAN TMT LIMITED,15.81,15.81,15.81,15.81,15.81,16.64,,15.81,,,135708,2145543.48,653,F1,1,,,,,
2026-10-05,2026-10-05,CM,NSE,STK,31163,INE743M01012,RHIM,EQ,,,,,RHI MAGNESITA INDIA LTD,384.85,387.45,371.65,372.75,372.50,384.85,,372.75,,,289249,109398211.40,12378,F1,1,,,,,
2026-10-05,2026-10-05,CM,NSE,STK,8208,INE0J1P01015,RICHA,SM,,,,,RICHA INFO SYSTEMS LTD,80.50,80.50,80.50,80.50,80.50,80.70,,80.50,,,1000,80500.00,1,F1,1000,,,,,
2026-10-05,2026-10-05,CM,NSE,STK,2909,INE209B01025,RICOAUTO,EQ,,,,,RICO AUTO INDUSTRIES LTD,121.63,124.00,119.41,120.52,119.50,121.63,,120.52,,,847055,103207301.76,8265,F1,1,,,,,
2026-10-05,2026-10-05,CM,NSE,STK,764121,INE302D01024,RIR,EQ,,,,,RIR POWER ELECTRONICS L,178.87,179.56,172.93,174.61,176.16,176.97,,174.52,,,406622,71710682.26,8152,F1,1,,,,,
2026-10-05,2026-10-05,CM,NSE,STK,18417,INE0N2P01017,RISHABH,EQ,,,,,RISHABH INSTRUMENTS LTD,709.30,714.00,680.00,686.20,687.15,698.80,,686.23,,,99703,68811699.30,7310,F1,1,,,,,
2026-10-05,2026-10-05,CM,NSE,STK,8944,INE01EG01016,RITCO,EQ,,,,,RITCO LOGISTICS LIMITED,281.85,288.60,277.25,284.35,287.20,276.70,,284.63,,,107523,30479709.35,1553,F1,1,,,,,
2026-10-05,2026-10-05,CM,NSE,STK,3761,INE320J01015,RITES,EQ,,,,,RITES LIMITED,211.56,212.00,203.59,205.74,204.51,209.48,,205.75,,,1278686,262994604.31,23373,F1,1,,,,,
2026-10-05,2026-10-05,CM,NSE,STK,1553,INE786W01010,RKEC,BE,,,,,RKEC PROJECTS LIMITED,21.93,21.94,20.85,20.85,20.85,21.94,,20.85,,,31418,667888.70,137,F1,1,,,,,
2026-10-05,2026-10-05,CM,NSE,STK,762346,INE655V01019,RMC,EQ,,,,,RMC SWITCHGEARS LIMITED,203.90,209.98,190.00,194.15,194.90,202.57,,193.99,,,83250,16365123.87,3809,F1,1,,,,,
2026-10-05,2026-10-05,CM,NSE,STK,24589,INE0SA001017,RNFI,SM,,,,,RNFI SERVICES LIMITED,309.00,315.95,308.00,313.35,315.00,303.35,,313.35,,,18000,5588040.00,22,F1,600,,,,,
2026-10-05,2026-10-05,CM,NSE,STK,15157,INE508K01013,RHL,EQ,,,,,ROBUST HOTELS LIMITED,165.00,169.00,161.00,164.80,164.80,162.92,,164.80,,,1002,164096.16,26,F1,1,,,,,
2026-10-05,2026-10-05,CM,NSE,STK,760033,IN90PTR01010,ROCKPP,E1,,,,,ROCKINGDCE RS.5 PPD UP,62.90,62.90,62.90,62.90,62.90,57.20,,62.90,,,1000,62900.00,1,F1,1000,,,,,
2026-10-05,2026-10-05,CM,NSE,STK,5279,INE645S01024,ROLEXRINGS,EQ,,,,,ROLEX RINGS LIMITED,199.00,199.00,189.10,189.77,189.60,196.36,,189.76,,,2142313,413935898.91,39739,F1,1,,,,,
2026-10-05,2026-10-05,CM,NSE,STK,19108,INE927A01040,ROLLT,BE,,,,,ROLLATAINERS LIMITED,4.66,4.97,4.65,4.97,4.97,4.74,,4.97,,,716180,3522850.85,513,F1,1,,,,,
2026-10-05,2026-10-05,CM,NSE,STK,19410,INE02A801020,ROSSARI,EQ,,,,,ROSSARI BIOTECH LIMITED,430.00,435.90,417.80,430.90,434.90,427.55,,430.87,,,57876,24811933.10,5506,F1,1,,,,,
2026-10-05,2026-10-05,CM,NSE,STK,28913,INE847C01020,ROSSELLIND,EQ,,,,,ROSSELL INDIA LIMITED,49.97,51.40,48.98,50.10,49.83,50.22,,50.10,,,30670,1539911.04,487,F1,1,,,,,
2026-10-05,2026-10-05,CM,NSE,STK,27353,INE0OJW01016,ROSSTECH,EQ,,,,,ROSSELL TECHSYS LIMITED,1525.00,1624.90,1508.70,1607.20,1595.00,1522.30,,1607.26,,,314638,493074745.80,27116,F1,1,,,,,
2026-10-05,2026-10-05,CM,NSE,STK,9049,INE535D01037,ROTO,EQ,,,,,ROTO PUMPS LIMITED,62.89,63.94,61.81,62.26,62.06,62.66,,62.26,,,252108,15798098.34,2376,F1,1,,,,,
2026-10-05,2026-10-05,CM,NSE,STK,128,INE450U01017,ROUTE,EQ,,,,,ROUTE MOBILE LIMITED,438.35,446.65,429.50,431.10,431.00,436.40,,431.20,,,160190,69826112.20,7835,F1,1,,,,,
2026-10-05,2026-10-05,CM,NSE,STK,20167,INE0PDJ01013,ROXHITECH,SM,,,,,ROX HI TECH LIMITED,53.10,62.45,52.65,62.45,62.45,52.05,,62.45,,,470400,28019040.00,243,F1,1600,,,,,
2026-10-05,2026-10-05,CM,NSE,STK,13182,INE283H01019,ROHLTD,EQ,,,,,ROYAL ORCHID HOTELS LTD,305.00,305.00,294.00,295.10,297.00,298.65,,295.11,,,19878,5899857.10,737,F1,1,,,,,
2026-10-05,2026-10-05,CM,NSE,STK,16725,INE105J01010,RPGLIFE,EQ,,,,,RPG LIFE SCIENCES LTD,2983.50,2983.50,2832.60,2896.40,2905.00,2930.70,,2896.24,,,23013,66441213.00,3904,F1,1,,,,,
2026-10-05,2026-10-05,CM,NSE,STK,8119,INE425Y01011,RPSGVENT,EQ,,,,,RPSG VENTURES LIMITED,848.00,849.00,820.95,833.90,839.00,829.85,,833.95,,,23182,19293298.80,1045,F1,1,,,,,
2026-10-05,2026-10-05,CM,NSE,STK,2794,INE611A01016,RSWM,EQ,,,,,RSWM LIMITED,204.35,209.99,201.44,203.03,202.10,202.21,,203.02,,,30003,6109719.33,786,F1,1,,,,,
2026-10-05,2026-10-05,CM,NSE,STK,24730,INE642C01025,RUBFILA,EQ,,,,,RUBFILA INTERNATIONAL LTD,63.63,64.99,62.64,63.18,62.70,63.25,,63.20,,,50488,3229107.11,592,F1,1,,,,,
2026-10-05,2026-10-05,CM,NSE,STK,759316,INE506V01022,RUBICON,EQ,,,,,RUBICON RESEARCH LIMITED,1646.00,1646.00,1560.30,1608.50,1609.90,1630.90,,1608.55,,,159926,255246613.90,16734,F1,1,,,,,
2026-10-05,2026-10-05,CM,NSE,STK,4566,INE413B01023,RUCHINFRA,EQ,,,,,RUCHI INFRASTRUCTURE LTD,4.96,4.97,4.85,4.85,4.85,4.84,,4.85,,,32153,157544.14,176,F1,1,,,,,
2026-10-05,2026-10-05,CM,NSE,STK,13821,INE803H01014,RUCHIRA,EQ,,,,,RUCHIRA PAPERS LIMITED,101.77,105.00,101.41,103.39,103.05,101.31,,103.41,,,11460,1181949.76,408,F1,1,,,,,
2026-10-05,2026-10-05,CM,NSE,STK,760392,INE027T01023,RUDRA,EQ,,,,,RUDRA GLOBAL INFRA PROD L,18.53,18.92,18.00,18.00,18.00,18.23,,18.06,,,12942,234917.64,81,F1,1,,,,,
2026-10-05,2026-10-05,CM,NSE,STK,1480,INE364Z01019,REPL,EQ,,,,,RUDRABHISHEK ENTERP LTD,58.06,59.99,55.00,56.24,55.30,57.99,,56.24,,,3152,180617.22,78,F1,1,,,,,
2026-10-05,2026-10-05,CM,NSE,STK,23830,INE0R7301013,RULKA,SM,,,,,RULKA ELECTRICALS LIMITED,110.10,111.00,104.25,108.00,108.00,107.30,,108.00,,,6600,707070.00,13,F1,300,,,,,
2026-10-05,2026-10-05,CM,NSE,STK,766391,INE804W01029,RUNWALENTR,EQ,,,,,RUNWAL ENTERPRISES LTD,305.00,307.75,281.20,301.45,304.90,305.00,,301.32,,,13471588,4013295906.00,134157,F1,1,,,,,
2026-10-05,2026-10-05,CM,NSE,STK,25724,INE895B01021,RUPA,EQ,,,,,RUPA & COMPANY LTD,130.11,132.58,126.67,128.40,128.06,130.58,,128.40,,,182693,23630271.77,6639,F1,1,,,,,
2026-10-05,2026-10-05,CM,NSE,STK,24595,INE573K01025,RUSHIL,EQ,,,,,RUSHIL DECOR LIMITED,15.68,16.10,15.37,15.46,15.44,15.90,,15.46,,,122974,1914112.06,664,F1,1,,,,,
2026-10-05,2026-10-05,CM,NSE,STK,24674,INE0BSN01013,SATECH,SM,,,,,S A TECH SOFTWARE INDIA L,35.00,36.95,35.00,36.95,36.95,35.00,,36.95,,,4000,142950.00,4,F1,1000,,,,,
2026-10-05,2026-10-05,CM,NSE,STK,20698,INE807K01035,SCHAND,EQ,,,,,S CHAND AND COMPANY LTD,147.50,147.50,139.10,140.50,140.50,143.57,,140.54,,,23644,3368610.61,726,F1,1,,,,,
2026-10-05,2026-10-05,CM,NSE,STK,25528,INE0X6F01017,SDREAMS,SM,,,,,S D RETAIL LIMITED,84.90,85.00,84.90,85.00,85.00,81.00,,85.00,,,2000,169900.00,2,F1,1000,,,,,
2026-10-05,2026-10-05,CM,NSE,STK,11212,INE500L01026,SHK,EQ,,,,,S H KELKAR AND CO. LTD.,138.00,140.89,136.00,137.42,136.50,137.86,,137.42,,,195849,26944756.04,3914,F1,1,,,,,
2026-10-05,2026-10-05,CM,NSE,STK,20542,INE0F3301020,SJLOGISTIC,SM,,,,,S J LOGISTICS (INDIA) LTD,311.85,318.50,311.50,314.85,315.00,311.50,,314.85,,,12250,3864887.50,45,F1,250,,,,,
2026-10-05,2026-10-05,CM,NSE,STK,764940,INE159L01013,SVGLOBAL,EQ,,,,,S V GLOBAL MILL LTD.,145.90,145.90,134.06,135.70,141.89,132.93,,135.77,,,3764,529273.19,68,F1,1,,,,,
2026-10-05,2026-10-05,CM,NSE,STK,2951,INE902B01017,S&SPOWER,EQ,,,,,S&S POWER SWITCHGEARS LTD,294.10,298.70,280.00,294.55,288.55,294.10,,294.38,,,5695,1629464.50,208,F1,1,,,,,
2026-10-05,2026-10-05,CM,NSE,STK,18252,INE212I01016,SPAL,EQ,,,,,S. P. APPARELS LIMITED,965.15,969.65,930.05,937.90,937.00,935.60,,937.90,,,26626,25048756.45,3574,F1,1,,,,,
2026-10-05,2026-10-05,CM,NSE,STK,11634,INE658G01014,SALSTEEL,EQ,,,,,S.A.L. STEEL LTD.,98.92,100.42,93.98,93.98,93.98,98.92,,93.97,,,697076,66802205.12,3300,F1,1,,,,,
2026-10-05,2026-10-05,CM,NSE,STK,19112,INE0PSK01027,SAAKSHI,ST,,,,,SAAKSHI MEDTEC N PANELS L,362.05,362.05,358.60,358.60,358.60,365.00,,358.60,,,2400,862710.00,4,F1,600,,,,,
2026-10-05,2026-10-05,CM,NSE,STK,759057,INE13B501022,SAATVIKGL,EQ,,,,,SAATVIK GREEN ENERGY LTD,403.55,407.40,399.00,400.85,401.90,405.55,,400.85,,,51181,20605001.80,3224,F1,1,,,,,
2026-10-05,2026-10-05,CM,NSE,STK,757409,INE1ARD01016,SACHEEROME,SM,,,,,SACHEEROME LIMITED,529.00,536.00,493.05,500.05,497.95,499.65,,500.05,,,48000,24787965.00,137,F1,300,,,,,
2026-10-05,2026-10-05,CM,NSE,STK,13236,INE226H01026,SADBHAV,EQ,,,,,SADBHAV ENGINEERING LTD,6.82,6.99,6.61,6.86,6.89,6.80,,6.86,,,124754,855081.77,355,F1,1,,,,,
2026-10-05,2026-10-05,CM,NSE,STK,10618,INE764L01010,SADBHIN,EQ,,,,,SADBHAV INFRA PROJ LTD.,2.60,2.63,2.56,2.61,2.63,2.62,,2.61,,,151589,393928.63,261,F1,1,,,,,
2026-10-05,2026-10-05,CM,NSE,STK,15349,INE888C01040,SADHNANIQ,BE,,,,,SADHANA NITROCHEM LIMITED,2.52,2.59,2.47,2.59,2.59,2.47,,2.64,,,1003078,2568248.51,653,F1,1,,,,,
2026-10-05,2026-10-05,CM,NSE,STK,22897,INE0K5H01010,SADHAV,SM,,,,,SADHAV SHIPPING LIMITED,119.90,125.00,115.00,115.50,115.50,117.15,,115.50,,,18000,2147280.00,27,F1,600,,,,,
2026-10-05,2026-10-05,CM,NSE,STK,13035,INE429E01023,SAFARI,EQ,,,,,SAFARI IND (INDIA) LTD,1389.50,1389.50,1300.00,1308.60,1305.80,1378.80,,1308.71,,,51092,67833789.80,9648,F1,1,,,,,
2026-10-05,2026-10-05,CM,NSE,STK,757583,INE17D601016,SAFEENTP,SM,,,,,SAFE ENTER RETAIL FIX LTD,247.25,255.00,246.50,254.40,255.00,247.25,,254.40,,,72000,18017650.00,81,F1,500,,,,,
2026-10-05,2026-10-05,CM,NSE,STK,14068,INE229C01021,SAGCEM,EQ,,,,,SAGAR CEMENTS LIMITED,150.01,153.51,147.01,148.68,147.31,150.01,,148.64,,,13697,2046923.29,718,F1,1,,,,,
2026-10-05,2026-10-05,CM,NSE,STK,8175,INE976T01013,SAGARDEEP,EQ,,,,,SAGARDEEP ALLOYS LIMITED,22.52,23.19,22.00,22.10,22.00,22.52,,22.10,,,8473,189823.90,70,F1,1,,,,,
2026-10-05,2026-10-05,CM,NSE,STK,27052,INE0W2G01015,SAGILITY,EQ,,,,,SAGILITY LIMITED,43.25,43.82,42.21,42.57,42.57,43.17,,42.57,,,17899984,766105730.67,26141,F1,1,,,,,
2026-10-05,2026-10-05,CM,NSE,STK,24478,INE0P4701011,SAHAJSOLAR,SM,,,,,SAHAJ SOLAR LIMITED,87.05,89.90,87.05,87.60,87.25,86.55,,87.60,,,8800,775320.00,22,F1,400,,,,,
2026-10-05,2026-10-05,CM,NSE,STK,16711,INE0LEX01011,SAHANA,SM,,,,,SAHANA SYSTEM LIMITED,801.00,920.05,801.00,889.60,896.00,794.55,,889.60,,,90300,80368282.50,452,F1,150,,,,,
2026-10-05,2026-10-05,CM,NSE,STK,25668,INE0RBQ01018,SAHASRA,SM,,,,,SAHASRA ELECTRONIC SOLU L,494.95,500.90,485.00,500.90,500.90,477.05,,500.90,,,190400,94834780.00,408,F1,400,,,,,
2026-10-05,2026-10-05,CM,NSE,STK,14900,INE280H01015,SAHYADRI,EQ,,,,,SAHYADRI INDUSTRIES LTD,363.00,369.85,348.35,361.40,362.90,355.65,,361.33,,,10662,3833122.65,668,F1,1,,,,,
2026-10-05,2026-10-05,CM,NSE,STK,764865,INE531X01018,SAICAPI,EQ,,,,,SAI CAPITAL LTD.,155.00,155.00,147.10,155.00,155.00,155.00,,153.10,,,232,34969.00,13,F1,1,,,,,
2026-10-05,2026-10-05,CM,NSE,STK,27839,INE570L01029,SAILIFE,EQ,,,,,SAI LIFE SCIENCES LIMITED,1549.50,1557.90,1501.00,1511.30,1506.00,1541.20,,1511.31,,,325814,494679110.70,40900,F1,1,,,,,
2026-10-05,2026-10-05,CM,NSE,STK,761675,INE0H9F01037,SAIPARENT,EQ,,,,,SAI PARENTERALS LIMITED,520.65,520.65,494.00,498.70,495.00,523.65,,498.74,,,143394,72512779.60,5119,F1,1,,,,,
2026-10-05,2026-10-05,CM,NSE,STK,18755,INE438K01021,KALAMANDIR,EQ,,,,,SAI SILKS (KALAMANDIR) L,74.28,78.25,74.06,74.98,74.90,74.37,,74.98,,,666784,50832129.21,7663,F1,1,,,,,
2026-10-05,2026-10-05,CM,NSE,STK,764880,INE068B01017,SEKURITIND,EQ,,,,,SAINT GOBAIN SEKUR IND L,108.30,113.20,108.01,108.72,108.01,109.19,,108.54,,,20206,2231160.20,665,F1,1,,,,,
2026-10-05,2026-10-05,CM,NSE,STK,25715,INE00MT01022,SAJHOTELS,ST,,,,,SAJ HOTELS LIMITED,28.85,29.00,28.75,29.00,29.00,28.75,,29.00,,,8000,230700.00,4,F1,2000,,,,,
2026-10-05,2026-10-05,CM,NSE,STK,9539,INE732S01012,SAKAR,EQ,,,,,SAKAR HEALTHCARE LIMITED,1075.00,1094.00,985.00,1006.80,1014.50,1075.00,,1006.80,,,204117,208131213.10,14725,F1,1,,,,,
2026-10-05,2026-10-05,CM,NSE,STK,11794,INE667G01023,SAKSOFT,EQ,,,,,SAKSOFT LIMITED,139.65,144.00,138.56,140.72,142.00,139.33,,140.72,,,259830,36586446.11,5437,F1,1,,,,,
2026-10-05,2026-10-05,CM,NSE,STK,2969,INE623A01011,SAKHTISUG,EQ,,,,,SAKTHI SUGARS LTD,17.51,18.35,17.50,17.80,17.76,17.58,,17.80,,,106089,1896123.24,666,F1,1,,,,,
2026-10-05,2026-10-05,CM,NSE,STK,13251,INE190H01024,SAKUMA,EQ,,,,,SAKUMA EXPORTS LIMITED,1.58,1.59,1.53,1.54,1.55,1.54,,1.54,,,807962,1260755.56,968,F1,1,,,,,
2026-10-05,2026-10-05,CM,NSE,STK,1995,INE00Y701026,SECL,SZ,,,,,SALASAR EXTERIOR CONT LTD,2.70,2.75,2.70,2.75,2.75,2.75,,2.75,,,18750,51250.00,3,F1,6250,,,,,
2026-10-05,2026-10-05,CM,NSE,STK,21362,INE170V01027,SALASAR,EQ,,,,,SALASAR TECHNO ENGG. LTD.,4.22,4.22,4.01,4.04,4.06,4.13,,4.04,,,3745201,15289850.06,4592,F1,1,,,,,
2026-10-05,2026-10-05,CM,NSE,STK,17351,INE498E01010,SALONA,EQ,,,,,SALONA COTSPIN LTD.,254.80,274.70,254.80,268.25,268.75,254.35,,268.24,,,388,102088.85,41,F1,1,,,,,
2026-10-05,2026-10-05,CM,NSE,STK,11399,INE457F01013,SALZERELEC,EQ,,,,,SALZER ELECTRONICS LTD,526.85,535.90,520.20,525.05,523.00,530.90,,525.03,,,33922,17861865.00,2748,F1,1,,,,,
2026-10-05,2026-10-05,CM,NSE,STK,764870,INE304D01012,SAMBANDAM,EQ,,,,,SAMBANDAM SPINNING MILL L,107.10,107.10,102.15,102.15,102.15,107.10,,102.15,,,93,9796.53,6,F1,1,,,,,
2026-10-05,2026-10-05,CM,NSE,STK,4127,INE699B01027,SAMBHAAV,EQ,,,,,SAMBHAAV MEDIA LTD,5.88,5.88,5.22,5.30,5.22,5.42,,5.29,,,100521,541651.11,206,F1,1,,,,,
2026-10-05,2026-10-05,CM,NSE,STK,757767,INE12NJ01018,SAMBHV,EQ,,,,,SAMBHV STEEL TUBES LTD,163.00,171.70,162.41,164.66,164.79,161.45,,164.66,,,5203406,866021953.16,54666,F1,1,,,,,
2026-10-05,2026-10-05,CM,NSE,STK,21096,INE0PZA01015,SAIFL,SM,,,,,SAMEERA AGRO AND INFRA L,4.05,4.40,4.05,4.20,4.20,4.10,,4.20,,,156000,649400.00,29,F1,4000,,,,,
2026-10-05,2026-10-05,CM,NSE,STK,18614,INE08U801020,SAMHI,EQ,,,,,SAMHI HOTELS LIMITED,154.35,155.99,150.00,150.41,150.30,154.37,,150.41,,,397768,60376297.24,5572,F1,1,,,,,
2026-10-05,2026-10-05,CM,NSE,STK,30125,INE148I01020,SAMMAANCAP,EQ,,,,,SAMMAAN CAPITAL LIMITED,135.05,138.75,132.51,133.11,133.15,132.48,,133.11,,,7143240,966768101.27,43395,F1,1,,,,,
2026-10-05,2026-10-05,CM,NSE,STK,27303,INE735M01018,SAMPANN,EQ,,,,,SAMPANN UTPADAN INDIA LTD,24.01,24.79,23.82,23.91,24.07,24.01,,24.04,,,5459,131811.19,52,F1,1,,,,,
2026-10-05,2026-10-05,CM,NSE,STK,4204,INE775A01035,MOTHERSON,EQ,,,,,SAMVRDHNA MTHRSN INTL LTD,157.00,159.39,154.76,156.50,156.50,157.03,,156.54,,,14480075,2263133560.44,106253,F1,1,,,,,
2026-10-05,2026-10-05,CM,NSE,STK,28805,INE0JPD01013,SANATHAN,EQ,,,,,SANATHAN TEXTILES LIMITED,511.00,532.30,506.50,528.35,523.00,504.35,,528.28,,,103861,54303196.50,4881,F1,1,,,,,
2026-10-05,2026-10-05,CM,NSE,STK,2988,INE583B01015,SANDESH,EQ,,,,,SANDESH LTD,991.55,1022.00,990.00,1013.95,1000.10,990.05,,1013.71,,,496,500090.75,110,F1,1,,,,,
2026-10-05,2026-10-05,CM,NSE,STK,2397,INE278H01035,SANDHAR,EQ,,,,,SANDHAR TECHNOLOGIES LTD,568.00,572.75,552.00,555.30,554.65,563.85,,555.46,,,100180,56087020.60,5951,F1,1,,,,,
2026-10-05,2026-10-05,CM,NSE,STK,18359,INE149K01016,SANDUMA,EQ,,,,,SANDUR MANG & IRON ORES L,177.70,181.48,176.25,177.35,176.25,177.67,,177.34,,,513160,91437152.65,11068,F1,1,,,,,
2026-10-05,2026-10-05,CM,NSE,STK,4184,INE495C01010,SANGAMIND,EQ,,,,,SANGAM (INDIA) LTD,670.00,670.00,627.00,631.75,639.45,634.55,,631.63,,,37447,23892480.35,2107,F1,1,,,,,
2026-10-05,2026-10-05,CM,NSE,STK,18035,INE0OVI01010,SANGANI,SM,,,,,SANGANI HOSPITALS LIMITED,55.00,56.85,55.00,56.85,56.85,54.15,,56.85,,,69000,3866325.00,11,F1,1500,,,,,
2026-10-05,2026-10-05,CM,NSE,STK,14058,INE989A01032,SANGHVIMOV,EQ,,,,,SANGHVI MOVERS LTD,430.35,443.00,405.10,409.90,412.00,429.50,,409.96,,,665789,280293901.00,20727,F1,1,,,,,
2026-10-05,2026-10-05,CM,NSE,STK,25222,INE0UOS01011,SANOFICONR,EQ,,,,,SANOFI CONS HEALTHC IND L,3787.20,3787.90,3729.20,3752.70,3760.10,3787.20,,3752.49,,,4708,17666694.60,1901,F1,1,,,,,
2026-10-05,2026-10-05,CM,NSE,STK,1442,INE058A01010,SANOFI,EQ,,,,,SANOFI INDIA LIMITED,3040.00,3069.00,3016.80,3024.20,3020.00,3037.40,,3024.23,,,7594,23047395.70,1958,F1,1,,,,,
2026-10-05,2026-10-05,CM,NSE,STK,5751,INE953O01021,SANSERA,EQ,,,,,SANSERA ENGINEERING LTD,4282.50,4348.00,4212.70,4291.30,4266.00,4276.60,,4291.43,,,300321,1288973031.10,46322,F1,1,,,,,
2026-10-05,2026-10-05,CM,NSE,STK,24582,INE08NE01025,SANSTAR,EQ,,,,,SANSTAR LIMITED,105.00,107.19,102.85,104.73,103.35,103.00,,104.73,,,124564,13031485.61,4131,F1,1,,,,,
2026-10-05,2026-10-05,CM,NSE,STK,46,INE890C01046,SANWARIA,BZ,,,,,SANWARIA CONSUMER LIMITED,0.20,0.20,0.19,0.19,0.19,0.19,,0.19,,,296075,58247.43,159,F1,1,,,,,
2026-10-05,2026-10-05,CM,NSE,STK,6718,INE806T01020,SAPPHIRE,EQ,,,,,SAPPHIRE FOODS INDIA LTD,210.00,213.51,208.29,212.64,212.65,209.82,,212.64,,,417142,87860250.47,12843,F1,1,,,,,
2026-10-05,2026-10-05,CM,NSE,STK,19863,INE0PUC01020,SARTELE,SM,,,,,SAR TELEVENTURE LIMITED,94.10,105.00,94.10,97.70,97.00,96.85,,97.70,,,86500,8689675.00,133,F1,500,,,,,
2026-10-05,2026-10-05,CM,NSE,STK,762985,INE967G01019,ZSARACOM,EQ,,,,,SARASWATI COMM (INDIA) L,10000.00,10000.00,9605.00,9787.00,9850.00,10017.00,,9787.00,,,29,283724.00,20,F1,1,,,,,
2026-10-05,2026-10-05,CM,NSE,STK,24856,INE0PQ101010,SSDL,EQ,,,,,SARASWATI SAREE DEPOT LTD,69.38,76.00,68.41,69.75,69.01,69.39,,69.76,,,141885,10139180.48,2329,F1,1,,,,,
2026-10-05,2026-10-05,CM,NSE,STK,17758,INE385C01021,SARDAEN,EQ,,,,,SARDA ENERGY & MIN LTD,495.00,503.50,490.00,501.00,498.55,494.75,,501.01,,,207207,102890517.30,9186,F1,1,,,,,
2026-10-05,2026-10-05,CM,NSE,STK,4892,INE979A01025,SAREGAMA,EQ,,,,,SAREGAMA INDIA LIMITED,497.95,500.05,488.85,497.10,498.75,494.75,,497.10,,,171908,85177697.35,12425,F1,1,,,,,
2026-10-05,2026-10-05,CM,NSE,STK,14043,INE453D01025,SARLAPOLY,EQ,,,,,SARLA PERF. FIBERS LTD,93.30,96.03,92.40,95.10,95.00,92.02,,95.09,,,62596,5909947.72,806,F1,1,,,,,
2026-10-05,2026-10-05,CM,NSE,STK,6843,INE017W01010,SMLT,EQ,,,,,SARTHAK METALS LIMITED,82.40,88.79,77.00,78.72,78.88,74.18,,78.77,,,519788,41826163.85,7128,F1,1,,,,,
2026-10-05,2026-10-05,CM,NSE,STK,12913,INE324X01026,SARVESHWAR,EQ,,,,,SARVESHWAR FOODS LIMITED,3.41,3.50,3.41,3.46,3.47,3.44,,3.46,,,1300127,4503912.97,2062,F1,1,,,,,
2026-10-05,2026-10-05,CM,NSE,STK,11983,INE231F01020,SASKEN,EQ,,,,,SASKEN TECHNOLOGIES LTD,1750.00,1784.00,1675.40,1683.20,1678.10,1720.50,,1683.22,,,20074,34540354.20,3193,F1,1,,,,,
2026-10-05,2026-10-05,CM,NSE,STK,29151,INE0NB801022,SATKARTAR,SM,,,,,SAT KARTAR LIFE LIMITED,182.50,194.80,180.00,180.85,180.00,184.10,,180.85,,,37600,6984400.00,46,F1,800,,,,,
2026-10-05,2026-10-05,CM,NSE,STK,24697,INE0RFP01011,SSEGL,SM,,,,,SATHLOKHAR SYN E&C GLOB L,386.00,390.00,362.15,385.65,389.00,385.05,,385.65,,,92600,34964400.00,336,F1,200,,,,,
2026-10-05,2026-10-05,CM,NSE,STK,24504,INE0RPM01017,SATIPOLY,SM,,,,,SATI POLY PLAST LIMITED,32.50,32.50,32.50,32.50,32.50,32.50,,32.50,,,500,16250.00,1,F1,500,,,,,
2026-10-05,2026-10-05,CM,NSE,STK,11045,INE170E01023,SATIA,EQ,,,,,SATIA INDUSTRIES LIMITED,68.00,69.00,68.00,68.51,68.05,68.34,,68.51,,,70953,4858026.14,890,F1,1,,,,,
2026-10-05,2026-10-05,CM,NSE,STK,10453,INE836B01017,SATIN,EQ,,,,,SATIN CREDIT NET LTD,226.15,230.97,215.00,216.29,215.47,227.47,,216.30,,,1194660,261924615.31,19924,F1,1,,,,,
2026-10-05,2026-10-05,CM,NSE,STK,758960,INE14DW01018,SATTVAENGG,SM,,,,,SATTVA ENGINEERING CSTN L,57.90,57.90,57.40,57.40,57.40,55.05,,57.40,,,3200,184480.00,2,F1,1600,,,,,
2026-10-05,2026-10-05,CM,NSE,STK,3018,INE626A01014,SAURASHCEM,EQ,,,,,SAURASHTRA CEMENT LIMITED,53.32,53.95,50.40,51.40,51.00,53.37,,51.41,,,127808,6665940.21,860,F1,1,,,,,
2026-10-05,2026-10-05,CM,NSE,STK,3021,INE035D01020,SOTL,EQ,,,,,SAVITA OIL TECHNOLO. LTD,735.00,736.00,716.80,727.20,723.20,729.50,,727.21,,,200693,145848602.95,14968,F1,1,,,,,
2026-10-05,2026-10-05,CM,NSE,STK,757704,INE0UCN01017,SAVY,SM,,,,,SAVY INFRA AND LOGI LTD,134.85,134.85,134.85,134.85,134.85,134.85,,134.85,,,2400,323640.00,2,F1,1200,,,,,
2026-10-05,2026-10-05,CM,NSE,STK,758444,INE10VS01016,SAWALIYA,SM,,,,,SAWALIYA FOOD PRODUCTS L,178.00,182.50,172.60,174.90,182.50,178.00,,174.90,,,271200,48074130.00,151,F1,600,,,,,
2026-10-05,2026-10-05,CM,NSE,STK,762879,INE318C01014,SAYAJIHOTL,EQ,,,,,SAYAJI HOTELS LTD.,328.60,328.95,302.00,306.50,306.50,304.00,,306.50,,,335,105762.35,14,F1,1,,,,,
2026-10-05,2026-10-05,CM,NSE,STK,764875,INE327G01032,SAYAJIIND,EQ,,,,,SAYAJI INDUSTRIES LTD.,118.95,120.00,118.95,120.00,120.00,119.50,,115.05,,,806,96174.11,6,F1,1,,,,,
2026-10-05,2026-10-05,CM,NSE,STK,6792,INE04AK01028,SBC,EQ,,,,,SBC EXPORTS LIMITED,59.57,63.14,57.36,62.04,61.90,58.54,,62.04,,,32139550,1943481582.60,52305,F1,1,,,,,
2026-10-05,2026-10-05,CM,NSE,STK,18026,INE423Y01016,SBFC,EQ,,,,,SBFC FINANCE LIMITED,84.19,87.18,82.40,82.83,82.70,84.19,,82.84,,,3511188,292656957.87,22467,F1,1,,,,,
2026-10-05,2026-10-05,CM,NSE,STK,17971,INE018E01016,SBICARD,EQ,,,,,SBI CARDS & PAY SER LTD,565.25,577.15,561.25,566.00,566.00,563.20,,566.02,,,778398,441242775.10,26346,F1,1,,,,,
2026-10-05,2026-10-05,CM,NSE,STK,764173,INE640G01020,SBIFUNDS,EQ,,,,,SBI FUNDS MANAGEMENT LTD,501.95,503.40,494.00,495.40,495.60,500.35,,495.41,,,986442,491996200.50,40520,F1,1,,,,,
2026-10-05,2026-10-05,CM,NSE,STK,21808,INE123W01016,SBILIFE,EQ,,,,,SBI LIFE INSURANCE CO LTD,1721.60,1741.40,1709.50,1709.50,1709.50,1721.60,,1709.56,,,1322426,2283845532.00,40116,F1,1,,,,,
2026-10-05,2026-10-05,CM,NSE,STK,17272,INF200KA16D8,SETFGOLD,EQ,,,,,SBI-ETF GOLD,125.35,125.55,123.70,125.41,125.40,125.35,,125.41,,,5771979,722129036.79,22314,F1,1,,,,,
2026-10-05,2026-10-05,CM,NSE,STK,10176,INF200KA1FS1,SETFNIF50,EQ,,,,,SBI-ETF NIFTY 50,243.50,248.36,241.85,243.13,244.01,242.31,,243.14,,,2028660,493098339.06,9631,F1,1,,,,,
2026-10-05,2026-10-05,CM,NSE,STK,7361,INF200KA1580,SETFNIFBK,EQ,,,,,SBI-ETF NIFTY BANK,561.93,567.79,559.18,561.27,562.30,560.84,,561.44,,,324824,182629912.15,1014,F1,1,,,,,
2026-10-05,2026-10-05,CM,NSE,STK,7353,INF200KA1598,SETFNN50,EQ,,,,,SBI-ETF NIFTY NEXT 50,741.60,747.65,738.41,742.05,742.75,742.49,,742.05,,,25972,19298725.83,2231,F1,1,,,,,
2026-10-05,2026-10-05,CM,NSE,STK,19705,INF200KA13Z8,LIQUIDSBI,EQ,,,,,SBIAMC - LIQUIDSBI,999.99,1000.01,999.99,1000.01,1000.01,1000.00,,1000.00,,,9649,9649003.94,48,F1,1,,,,,
2026-10-05,2026-10-05,CM,NSE,STK,30290,INF200KB1712,SBIBPB,EQ,,,,,SBIAMC - SBIBPB,47.19,47.19,46.31,46.48,46.60,46.37,,46.48,,,31613,1481071.24,504,F1,1,,,,,
2026-10-05,2026-10-05,CM,NSE,STK,5168,INF200KA1X17,SBIETFCON,EQ,,,,,SBIAMC - SBIETFCON,109.34,113.68,109.34,112.72,112.73,112.15,,112.72,,,3765,423773.98,143,F1,1,,,,,
2026-10-05,2026-10-05,CM,NSE,STK,740,INF200KA1S14,SBIETFIT,EQ,,,,,SBIAMC - SBIETFIT,313.61,318.80,311.25,312.96,314.66,313.26,,312.96,,,7113,2242634.02,278,F1,1,,,,,
2026-10-05,2026-10-05,CM,NSE,STK,722,INF200KA1S22,SBIETFPB,EQ,,,,,SBIAMC - SBIETFPB,278.25,278.25,272.11,273.52,274.79,278.26,,273.52,,,2611,715485.27,165,F1,1,,,,,
2026-10-05,2026-10-05,CM,NSE,STK,7218,INF200KA1WX6,SBIETFQLTY,EQ,,,,,SBIAMC - SBIETFQLTY,209.04,209.04,205.32,206.58,206.75,209.05,,206.58,,,2585,533785.60,144,F1,1,,,,,
2026-10-05,2026-10-05,CM,NSE,STK,758496,INF200KB1969,SBILIQETF,EQ,,,,,SBIAMC - SBILIQETF,1058.75,1058.77,1058.75,1058.76,1058.77,1058.58,,1058.76,,,242742,257007483.29,100,F1,1,,,,,
2026-10-05,2026-10-05,CM,NSE,STK,761095,INF200KB1AJ0,SBIMIDMOM,EQ,,,,,SBIAMC - SBIMIDMOM,60.86,61.10,60.48,60.65,60.52,60.26,,60.65,,,49637,3010690.67,219,F1,1,,,,,
2026-10-05,2026-10-05,CM,NSE,STK,24524,INF200KB1282,SBINEQWETF,EQ,,,,,SBIAMC - SBINEQWETF,31.56,31.56,31.00,31.27,31.15,31.41,,31.27,,,116182,3608912.77,407,F1,1,,,,,
2026-10-05,2026-10-05,CM,NSE,STK,761741,INF200KB1AK8,SBINMID150,EQ,,,,,SBIAMC - SBINMID150,21.94,21.95,21.69,21.75,21.72,21.69,,21.75,,,13928,303937.93,235,F1,1,,,,,
2026-10-05,2026-10-05,CM,NSE,STK,24366,INF200KB1217,SBISILVER,EQ,,,,,SBIAMC - SBISILVER,215.01,217.61,214.85,217.32,217.15,214.14,,217.32,,,827532,178994643.11,7305,F1,1,,,,,
2026-10-05,2026-10-05,CM,NSE,STK,763543,INF200KB1AY9,SBISMLETF,EQ,,,,,SBIAMC - SBISMLETF,18.17,18.44,17.52,17.83,17.75,18.01,,17.83,,,77369,1371562.16,520,F1,1,,,,,
2026-10-05,2026-10-05,CM,NSE,STK,763546,INF200KB1AX1,SBIVALETF,EQ,,,,,SBIAMC - SBIVALETF,14.17,14.20,13.81,13.92,13.96,14.22,,13.92,,,19749,275578.86,113,F1,1,,,,,
2026-10-05,2026-10-05,CM,NSE,STK,17395,INF200KA1JT1,SETF10GILT,EQ,,,,,SBIAMC - SETF10GILT,261.00,261.00,258.10,260.58,260.93,261.00,,260.58,,,14141,3673499.18,87,F1,1,,,,,
2026-10-05,2026-10-05,CM,NSE,STK,762887,INE099G01011,SCANSTL,BE,,,,,SCAN STEELS LTD.,48.70,49.85,45.79,47.15,47.87,48.19,,47.11,,,93029,4371928.35,209,F1,1,,,,,
2026-10-05,2026-10-05,CM,NSE,STK,1011,INE513A01022,SCHAEFFLER,EQ,,,,,SCHAEFFLER INDIA LIMITED,3888.60,3908.60,3825.30,3845.00,3843.20,3885.60,,3845.02,,,38172,146945375.00,10421,F1,1,,,,,
2026-10-05,2026-10-05,CM,NSE,STK,31234,INE839M01018,SCHNEIDER,EQ,,,,,SCHNEIDER ELECTRIC INFRA,1286.80,1318.80,1261.00,1268.10,1281.70,1275.40,,1268.05,,,444623,574604869.80,40334,F1,1,,,,,
2026-10-05,2026-10-05,CM,NSE,STK,757460,INE148I07XG8,865SCL27,N4,,,,,SCL 8.65% 2027 SR II,1000.00,1000.00,1000.00,1000.00,1000.00,985.00,,997.50,,,4,4000.00,1,F1,1,,,,,
2026-10-05,2026-10-05,CM,NSE,STK,760284,INE148I07YI2,879SCL30,N0,,,,,SCL 8.7923% 2030 SR I,100000.00,100000.00,100000.00,100000.00,100000.00,98000.00,,99000.00,,,1,100000.00,1,F1,1,,,,,
2026-10-05,2026-10-05,CM,NSE,STK,28920,INE148I07VJ6,902SCL27Q,N1,,,,,SCL 9.02% 2027 SR V,990.48,990.48,990.00,990.00,990.00,990.48,,990.00,,,500,495048.00,2,F1,1,,,,,
2026-10-05,2026-10-05,CM,NSE,STK,30230,INE148I07WP1,971SCL30,N1,,,,,SCL 9.71% SR VIII,1020.13,1020.13,1020.13,1020.13,1020.13,1011.00,,1020.13,,,2,2040.26,1,F1,1,,,,,
2026-10-05,2026-10-05,CM,NSE,STK,757478,INE090501011,SCODATUBES,EQ,,,,,SCODA TUBES LIMITED,123.00,127.90,120.98,124.62,124.00,123.00,,124.62,,,278884,34502331.11,3286,F1,1,,,,,
2026-10-05,2026-10-05,CM,NSE,STK,23817,IN1020240223,74AP41,SG,,,,,SDL AP 7.4% 2041,95.11,95.11,95.11,95.11,95.11,100.00,,95.11,,,200,19022.00,2,F1,100,,,,,
2026-10-05,2026-10-05,CM,NSE,STK,20190,IN1020230604,769AP42,SG,,,,,SDL AP 7.69% 2042,98.00,98.00,97.90,97.90,97.90,98.00,,97.90,,,300,29390.00,2,F1,100,,,,,
2026-10-05,2026-10-05,CM,NSE,STK,755652,IN3920260020,775DL41,SG,,,,,SDL DL 7.75% 2041,99.72,99.72,99.72,99.72,99.72,99.12,,99.72,,,100,9972.00,1,F1,100,,,,,
2026-10-05,2026-10-05,CM,NSE,STK,20926,IN1520230146,74GJ26,SG,,,,,SDL GJ 7.4% 2026,101.79,101.79,101.79,101.79,101.79,99.00,,101.79,,,100,10179.00,1,F1,100,,,,,
2026-10-05,2026-10-05,CM,NSE,STK,20367,IN1520230104,758GJ26,SG,,,,,SDL GJ 7.58% 2026,101.00,101.00,101.00,101.00,101.00,101.00,,101.00,,,100,10100.00,1,F1,100,,,,,
2026-10-05,2026-10-05,CM,NSE,STK,23999,IN1720240036,744HP34,SG,,,,,SDL HP 7.44% 2034,96.34,96.34,96.34,96.34,96.34,96.31,,96.34,,,100,9634.00,1,F1,100,,,,,
2026-10-05,2026-10-05,CM,NSE,STK,23995,IN1720240044,746HP36,SG,,,,,SDL HP 7.46% 2036,95.42,95.42,95.42,95.42,95.42,95.40,,95.42,,,100,9542.00,1,F1,100,,,,,
2026-10-05,2026-10-05,CM,NSE,STK,24005,IN1620240045,743HR34,SG,,,,,SDL HR 7.43% 2034,96.28,96.28,96.28,96.28,96.28,96.25,,96.28,,,100,9628.00,1,F1,100,,,,,
2026-10-05,2026-10-05,CM,NSE,STK,763197,IN2020260047,783KL49,SG,,,,,SDL KL 7.83% 2049,99.93,99.93,99.93,99.93,99.93,100.00,,99.93,,,100,9993.00,1,F1,100,,,,,
2026-10-05,2026-10-05,CM,NSE,STK,759740,IN2220250376,725MH37,SG,,,,,SDL MH 7.25% 2037,95.13,95.13,95.13,95.13,95.13,100.00,,95.13,,,300,28539.00,1,F1,100,,,,,
2026-10-05,2026-10-05,CM,NSE,STK,22992,IN2220230279,74MH35,SG,,,,,SDL MH 7.4% 2035,95.13,95.13,95.13,95.13,95.13,100.00,,95.13,,,100,9513.00,1,F1,100,,,,,
2026-10-05,2026-10-05,CM,NSE,STK,23540,IN2220230311,742MH34,SG,,,,,SDL MH 7.42% 2034,91.00,91.00,91.00,91.00,91.00,95.01,,91.00,,,100,9100.00,1,F1,100,,,,,
2026-10-05,2026-10-05,CM,NSE,STK,24008,IN2820240116,747PN37,SG,,,,,SDL PN 7.47% 2037,95.13,95.13,95.13,95.13,95.13,95.11,,95.13,,,100,9513.00,1,F1,100,,,,,
2026-10-05,2026-10-05,CM,NSE,STK,24007,IN2820240108,748PN35,SG,,,,,SDL PN 7.48% 2035,96.04,96.04,96.04,96.04,96.04,96.02,,96.04,,,200,19208.00,1,F1,100,,,,,
2026-10-05,2026-10-05,CM,NSE,STK,14381,IN2820220217,769PN39,SG,,,,,SDL PN 7.69% 2039,95.13,95.13,95.13,95.13,95.13,100.00,,95.13,,,100,9513.00,1,F1,100,,,,,
2026-10-05,2026-10-05,CM,NSE,STK,23814,IN2920240065,741RJ34,SG,,,,,SDL RJ 7.41% 2034,97.77,97.77,97.77,97.77,97.77,102.80,,97.77,,,500,48885.00,1,F1,100,,,,,
2026-10-05,2026-10-05,CM,NSE,STK,23813,IN2920240057,742RJ32,SG,,,,,SDL RJ 7.42% 2032,97.78,97.78,97.78,97.78,97.78,100.00,,97.78,,,100,9778.00,1,F1,100,,,,,
2026-10-05,2026-10-05,CM,NSE,STK,23997,IN2920240115,743RJ34,SG,,,,,SDL RJ 7.43% 2034,96.28,96.28,96.28,96.28,96.28,96.25,,96.28,,,100,9628.00,1,F1,100,,,,,
2026-10-05,2026-10-05,CM,NSE,STK,24009,IN2920240123,745RJ40,SG,,,,,SDL RJ 7.45% 2040,93.21,95.13,93.21,95.13,95.13,95.11,,95.13,,,300,28347.00,3,F1,100,,,,,
2026-10-05,2026-10-05,CM,NSE,STK,23996,IN4520240099,744TS40,SG,,,,,SDL TS 7.44% 2040,95.11,95.11,95.11,95.11,95.11,95.09,,95.11,,,200,19022.00,1,F1,100,,,,,
2026-10-05,2026-10-05,CM,NSE,STK,15320,IN3420230010,747WB43,SG,,,,,SDL WB 7.47% 2043,95.11,95.11,95.11,95.11,95.11,100.00,,95.11,,,100,9511.00,1,F1,100,,,,,
2026-10-05,2026-10-05,CM,NSE,STK,764250,IN3420260041,758WB35,SG,,,,,SDL WB 7.58% 2035,97.00,97.00,97.00,97.00,97.00,97.00,,97.00,,,100,9700.00,1,F1,100,,,,,
2026-10-05,2026-10-05,CM,NSE,STK,2616,INE497B01018,SEAMECLTD,EQ,,,,,SEAMEC LIMITED,1594.70,1611.90,1552.40,1577.90,1574.00,1594.70,,1577.90,,,48124,75786704.80,5278,F1,1,,,,,
2026-10-05,2026-10-05,CM,NSE,STK,7674,INE477L07AS8,IIFLHF29,NE,,,,,SEC RE NCD 0% SR.VIII,1402.70,1402.70,1350.00,1350.00,1350.00,1401.65,,1350.00,,,10,13763.50,2,F1,1,,,,,
2026-10-05,2026-10-05,CM,NSE,STK,24139,INE413U07293,10IIFLSF27,NB,,,,,SEC RE NCD 10.00% SR IV,1000.00,1010.00,1000.00,1009.50,1009.50,1000.00,,1009.50,,,390,391829.00,10,F1,1,,,,,
2026-10-05,2026-10-05,CM,NSE,STK,20779,INE413U07269,1003ISFL28,N4,,,,,SEC RE NCD 10.03% SR 5,1005.51,1009.97,1005.00,1005.38,1005.00,1005.50,,1005.38,,,579,583373.61,16,F1,1,,,,,
2026-10-05,2026-10-05,CM,NSE,STK,24141,INE413U07301,1003IIFL29,NC,,,,,SEC RE NCD 10.03% SR V,1000.00,1024.50,1000.00,1024.50,1024.50,1024.80,,1024.50,,,1118,1123624.00,11,F1,1,,,,,
2026-10-05,2026-10-05,CM,NSE,STK,20116,INE148I07QX7,1003SCL30A,NV,,,,,SEC RE NCD 10.03% SR X,720.00,720.00,720.00,720.00,720.00,790.00,,720.00,,,50,36000.00,2,F1,1,,,,,
2026-10-05,2026-10-05,CM,NSE,STK,14710,INE148I07OH5,1015SCL28A,AL,,,,,SEC RE NCD 10.15% SR.VII,450.00,450.00,450.00,450.00,450.00,450.00,,450.00,,,1,450.00,1,F1,1,,,,,
2026-10-05,2026-10-05,CM,NSE,STK,25914,INE583D07521,1025UCL26A,N1,,,,,SEC RE NCD 10.25% SR II,1015.00,1015.00,1015.00,1015.00,1015.00,995.02,,1015.00,,,5,5075.00,1,F1,1,,,,,
2026-10-05,2026-10-05,CM,NSE,STK,25575,INE148I07UV3,1025SCL34B,N1,,,,,SEC RE NCD 10.25% SR XII,1010.00,1010.00,1010.00,1010.00,1010.00,990.00,,1010.00,,,1,1010.00,1,F1,1,,,,,
2026-10-05,2026-10-05,CM,NSE,STK,21056,INE148I07RZ0,835SCL23B,YM,,,,,SEC RE NCD 10.25% SR XII,1005.00,1015.00,1005.00,1015.00,1015.00,1015.00,,1015.00,,,808,814364.00,5,F1,1,,,,,
2026-10-05,2026-10-05,CM,NSE,STK,18906,INE148I07PV3,888SCL25E,N4,,,,,SEC RE NCD 10.25% SR XII,600.30,600.30,600.30,600.30,600.30,600.00,,600.30,,,2,1200.60,1,F1,1,,,,,
2026-10-05,2026-10-05,CM,NSE,STK,20130,INE148I07RB1,965SCL25F,NZ,,,,,SEC RE NCD 10.25% SR XII,800.10,800.10,800.10,800.10,800.10,997.00,,800.10,,,5,4000.50,1,F1,1,,,,,
2026-10-05,2026-10-05,CM,NSE,STK,25916,INE583D07513,1040UCL27B,N1,,,,,SEC RE NCD 10.40% SR III,1006.20,1006.20,1006.20,1006.20,1006.20,1005.12,,1003.10,,,248,249537.60,4,F1,1,,,,,
2026-10-05,2026-10-05,CM,NSE,STK,23311,INE148I07SM6,1050SCFL31,Z2,,,,,SEC RE NCD 10.5% SR IX,1035.00,1035.00,1035.00,1035.00,1035.00,985.00,,1035.00,,,25,25875.00,1,F1,1,,,,,
2026-10-05,2026-10-05,CM,NSE,STK,24143,INE413U07319,1050IIFL29,ND,,,,,SEC RE NCD 10.50% SR VI,1025.00,1025.00,1025.00,1025.00,1025.00,1010.00,,1025.00,,,502,514550.00,3,F1,1,,,,,
2026-10-05,2026-10-05,CM,NSE,STK,15249,INE244L07556,1003SFIL28,NX,,,,,SEC RE NCD 10.50% SR.VII,461.90,461.90,379.00,422.44,379.00,412.48,,422.44,,,118,50638.00,9,F1,1,,,,,
2026-10-05,2026-10-05,CM,NSE,STK,23123,INE342T07460,1065NFL27,NC,,,,,SEC RE NCD 10.65% SR.IV,1001.10,1009.44,1001.10,1008.99,1008.99,1001.10,,1014.50,,,245,247097.70,5,F1,1,,,,,
2026-10-05,2026-10-05,CM,NSE,STK,3451,INE219X07249,769IGT28,NH,,,,,SEC RE NCD 7.69% SR.IV,1013.99,1013.99,1013.99,1013.99,1013.99,1013.99,,1013.99,,,35,35489.65,2,F1,1,,,,,
2026-10-05,2026-10-05,CM,NSE,STK,11658,INE0H7R07017,79NHIT35,N1,,,,,SEC RE NCD 7.90% STRPP A,313.88,313.88,304.11,309.00,309.00,311.77,,309.00,,,3022,930945.15,13,F1,1,,,,,
2026-10-05,2026-10-05,CM,NSE,STK,11665,INE0H7R07025,79NHIT40,N2,,,,,SEC RE NCD 7.90% STRPP B,311.00,311.20,309.00,311.00,311.00,311.10,,311.00,,,2210,685298.64,11,F1,1,,,,,
2026-10-05,2026-10-05,CM,NSE,STK,11669,INE0H7R07033,79NHIT47,N3,,,,,SEC RE NCD 7.90% STRPP C,418.98,418.98,405.00,405.02,405.02,418.98,,410.01,,,2033,836166.34,9,F1,1,,,,,
2026-10-05,2026-10-05,CM,NSE,STK,3476,INE219X07280,797IGT31,NL,,,,,SEC RE NCD 7.97% SR.VI,1000.00,1000.00,1000.00,1000.00,1000.00,1054.96,,1000.00,,,1,1000.00,1,F1,1,,,,,
2026-10-05,2026-10-05,CM,NSE,STK,7648,INE477L07AN9,820IIFL27,N9,,,,,SEC RE NCD 8.20% SR.III,998.00,998.00,998.00,998.00,998.00,997.00,,998.00,,,50,49900.00,1,F1,1,,,,,
2026-10-05,2026-10-05,CM,NSE,STK,17958,INE121A07RE9,84CIFCL28,NA,,,,,SEC RE NCD 8.40% SR 5,1015.00,1015.00,1015.00,1015.00,1015.00,1026.00,,1015.00,,,50,50750.00,1,F1,1,,,,,
2026-10-05,2026-10-05,CM,NSE,STK,15374,INE121A07QY9,840CIFCL28,N4,,,,,SEC RE NCD 8.40% SR.V,1029.00,1043.00,1029.00,1038.00,1038.00,1029.00,,1038.00,,,842,871412.50,12,F1,1,,,,,
2026-10-05,2026-10-05,CM,NSE,STK,22551,INE121A07RT7,85CIFC27,NL,,,,,SEC RE NCD 8.50% SR 3,1045.20,1045.20,1044.20,1044.20,1044.20,1041.20,,1044.20,,,150,156680.00,2,F1,1,,,,,
2026-10-05,2026-10-05,CM,NSE,STK,17039,INE530B07385,865IFL28,NZ,,,,,SEC RE NCD 8.65% SR.V,986.50,994.00,985.05,994.00,994.00,986.50,,991.50,,,268,265065.50,6,F1,1,,,,,
2026-10-05,2026-10-05,CM,NSE,STK,13852,INE530B07310,865IIFL28,NS,,,,,SEC RE NCD 8.65% SR.V,991.80,994.85,991.00,992.68,994.85,990.00,,992.68,,,464,460314.00,17,F1,1,,,,,
2026-10-05,2026-10-05,CM,NSE,STK,7671,INE477L07AR0,875IHFL29,ND,,,,,SEC RE NCD 8.75% SR.VII,1030.30,1035.00,1030.30,1030.94,1030.81,1048.00,,1030.94,,,360,371038.55,5,F1,1,,,,,
2026-10-05,2026-10-05,CM,NSE,STK,9277,INE148I07LV2,889SCL27,YT,,,,,SEC RE NCD 8.89% SR.VIII,999.99,999.99,999.99,999.99,999.99,999.99,,999.99,,,1,999.99,1,F1,1,,,,,
2026-10-05,2026-10-05,CM,NSE,STK,28869,INE477L07BG1,89IHFL29,N1,,,,,SEC RE NCD 8.90% SR VI,988.00,988.00,988.00,988.00,988.00,984.00,,988.00,,,200,197600.00,2,F1,1,,,,,
2026-10-05,2026-10-05,CM,NSE,STK,13854,INE530B07260,9IIFL28A,NT,,,,,SEC RE NCD 9% SR.VI,1059.90,1059.99,1059.90,1059.98,1059.98,1049.00,,1043.05,,,1620,1717094.14,14,F1,1,,,,,
2026-10-05,2026-10-05,CM,NSE,STK,7769,INE148I07LC2,925SCFL27,YA,,,,,SEC RE NCD 9.25% SR.VII,1063.80,1063.80,1063.80,1063.80,1063.80,1063.80,,1063.80,,,50,53190.00,1,F1,1,,,,,
2026-10-05,2026-10-05,CM,NSE,STK,23708,INE338I07107,935MOFSL29,N5,,,,,SEC RE NCD 9.35% SR VI,1040.00,1048.00,1040.00,1047.75,1047.00,1049.10,,1047.75,,,2872,2995643.70,63,F1,1,,,,,
2026-10-05,2026-10-05,CM,NSE,STK,13497,INE148I07ND6,965SCL25C,N0,,,,,SEC RE NCD 9.39% SR.VIII,420.80,420.80,420.80,420.80,420.80,420.80,,420.80,,,3,1262.40,3,F1,1,,,,,
2026-10-05,2026-10-05,CM,NSE,STK,21000,INE148I07RJ4,948SCL26B,Y8,,,,,SEC RE NCD 9.48% SR V,996.12,996.12,996.12,996.12,996.12,996.12,,996.12,,,349,347645.88,11,F1,1,,,,,
2026-10-05,2026-10-05,CM,NSE,STK,25552,INE148I07UC3,948SCL27D,N1,,,,,SEC RE NCD 9.48% SR V,998.50,1000.00,995.50,1000.00,1000.00,990.50,,1000.00,,,120,119805.00,3,F1,1,,,,,
2026-10-05,2026-10-05,CM,NSE,STK,11361,INE148I07ME6,915SCL27,Z7,,,,,SEC RE NCD 9.55% SR.VII,985.05,985.05,985.05,985.05,985.05,975.45,,985.05,,,1,985.05,1,F1,1,,,,,
2026-10-05,2026-10-05,CM,NSE,STK,25294,INE423A07336,956AEL29,N6,,,,,SEC RE NCD 9.56% SR VI,1029.50,1050.00,1026.01,1034.00,1050.00,1030.04,,1034.00,,,900,928052.00,31,F1,1,,,,,
2026-10-05,2026-10-05,CM,NSE,STK,24137,INE413U07327,957IIFLS27,NA,,,,,SEC RE NCD 9.57% SR III,1020.00,1020.00,990.00,990.00,990.00,1000.00,,990.00,,,35,34770.00,6,F1,1,,,,,
2026-10-05,2026-10-05,CM,NSE,STK,25287,INE423A07328,965AEL27,N4,,,,,SEC RE NCD 9.65% SR IV,1011.00,1013.31,1009.01,1011.50,1011.50,1011.00,,1011.50,,,292,295472.42,9,F1,1,,,,,
2026-10-05,2026-10-05,CM,NSE,STK,18487,INE741K07579,970CAGL28,ND,,,,,SEC RE NCD 9.70% SR VII,1019.00,1020.00,1019.00,1019.00,1019.00,1015.00,,1019.00,,,387,394734.00,18,F1,1,,,,,
2026-10-05,2026-10-05,CM,NSE,STK,17564,INE148I07OT0,971SCL28I,BC,,,,,SEC RE NCD 9.71% SR VIII,440.00,440.00,440.00,440.00,440.00,440.00,,440.00,,,1,440.00,1,F1,1,,,,,
2026-10-05,2026-10-05,CM,NSE,STK,14038,INE244L07416,985SFIL28,NO,,,,,SEC RE NCD 9.85% SR.VIII,384.00,385.01,384.00,385.01,385.01,431.80,,385.01,,,28,10762.10,3,F1,1,,,,,
2026-10-05,2026-10-05,CM,NSE,STK,23944,INE148I07TF8,99SCL27,ZH,,,,,SEC RE NCD 9.9% SR IV,1030.80,1030.80,1030.80,1030.80,1030.80,1029.80,,1030.80,,,44,45355.20,2,F1,1,,,,,
2026-10-05,2026-10-05,CM,NSE,STK,25296,INE423A07344,99AEL29,N7,,,,,SEC RE NCD 9.90% SR VII,1042.50,1042.50,1042.00,1042.00,1042.00,1050.00,,1042.00,,,111,115664.00,3,F1,1,,,,,
2026-10-05,2026-10-05,CM,NSE,STK,28854,INE477L07BA4,IHFL261224,N1,,,,,SEC RE NCD SR II,1143.21,1143.21,1143.21,1143.21,1143.21,1150.80,,1143.21,,,50,57160.50,1,F1,1,,,,,
2026-10-05,2026-10-05,CM,NSE,STK,14219,INE00QS24043,IMC1,N1,,,,,SEC RE NCGB 8.25% STRPP B,252.99,252.99,252.99,252.99,252.99,252.99,,252.99,,,1,252.99,1,F1,1,,,,,
2026-10-05,2026-10-05,CM,NSE,STK,14224,INE00QS24027,IMC1,N2,,,,,SEC RE NCGB 8.25% STRPP C,250.30,250.30,250.30,250.30,250.30,250.30,,250.30,,,1,250.30,1,F1,1,,,,,
2026-10-05,2026-10-05,CM,NSE,STK,7975,INE804IA7014,1015ECL29,NR,,,,,SEC RED NCD 10.15% SR. VI,1021.00,1022.99,1019.00,1021.50,1021.50,1020.00,,1021.75,,,607,619893.10,10,F1,1,,,,,
2026-10-05,2026-10-05,CM,NSE,STK,16870,INE033L07GS6,81TCHF28,N8,,,,,SEC RED NCD 8.10% SR.IV,1010.00,1010.00,1010.00,1010.00,1010.00,1010.00,,1010.00,,,157,158570.00,7,F1,1,,,,,
2026-10-05,2026-10-05,CM,NSE,STK,16874,INE033L07GU2,84TCHF28,NA,,,,,SEC RED NCD 8.40% SR.V,1069.75,1069.75,1069.75,1069.75,1069.75,1067.43,,1069.75,,,1,1069.75,1,F1,1,,,,,
2026-10-05,2026-10-05,CM,NSE,STK,498,INE721A07NU1,903SFL28,YI,,,,,SEC RED NCD 9.03% SR. II,1026.00,1026.00,1026.00,1026.00,1026.00,1026.00,,1026.00,,,10,10260.00,1,F1,1,,,,,
2026-10-05,2026-10-05,CM,NSE,STK,6149,INE721A07OC7,930SFL28,YP,,,,,SEC RED NCD 9.30% SR. II,1022.01,1022.01,1022.01,1022.01,1022.01,1051.99,,1022.01,,,39,39858.39,1,F1,1,,,,,
2026-10-05,2026-10-05,CM,NSE,STK,4288,INE804I078Y8,943ECL28,NJ,,,,,SEC RED NCD 9.43% SR. VI,1001.00,1002.00,1001.00,1002.00,1002.00,1001.50,,1002.00,,,175,175225.00,5,F1,1,,,,,
2026-10-05,2026-10-05,CM,NSE,STK,4292,INE804I079Y6,985ECL28,NK,,,,,SEC RED NCD 9.85% SR. VII,1012.00,1012.00,1010.00,1010.00,1010.00,1005.11,,1010.00,,,16,16162.00,2,F1,1,,,,,
2026-10-05,2026-10-05,CM,NSE,STK,19496,INE0BTM01013,SECMARK,EQ,,,,,SECMARK CONSULTANCY LTD,142.00,142.00,134.10,137.41,134.40,137.48,,137.41,,,1258,174115.30,28,F1,1,,,,,
2026-10-05,2026-10-05,CM,NSE,STK,11058,INE650K01021,SECURKLOUD,EQ,,,,,SECUREKLOUD TECH LIMITED,16.98,17.03,15.80,16.13,16.20,16.77,,16.16,,,45723,737652.45,328,F1,1,,,,,
2026-10-05,2026-10-05,CM,NSE,STK,761153,INE00XB01019,SEDEMAC,EQ,,,,,SEDEMAC MECHATRONICS LTD,3607.80,3650.00,3355.00,3372.30,3360.10,3432.80,,3372.34,,,233050,807164885.80,33930,F1,1,,,,,
2026-10-05,2026-10-05,CM,NSE,STK,7091,INE955I01044,SEJALLTD,EQ,,,,,SEJAL GLASS LIMITED,657.20,661.50,638.10,651.20,660.00,656.50,,651.20,,,6161,4009248.20,387,F1,1,,,,,
2026-10-05,2026-10-05,CM,NSE,STK,6274,INE105I01020,SELMC,BE,,,,,SEL MANUFACTURING CO LTD,24.02,24.97,23.84,23.84,23.84,25.09,,23.84,,,24005,573149.03,162,F1,1,,,,,
2026-10-05,2026-10-05,CM,NSE,STK,757982,INE0IJF01013,SELLOWRAP,SM,,,,,SELLOWRAP INDUSTRIES LTD,64.00,64.00,62.00,62.00,62.00,62.00,,62.00,,,4800,304000.00,3,F1,1600,,,,,
2026-10-05,2026-10-05,CM,NSE,STK,11961,INE617A01013,SEMAC,EQ,,,,,SEMAC CONSTRUCTION LTD,242.40,242.40,237.00,239.04,239.04,241.99,,242.50,,,321,77479.12,32,F1,1,,,,,
2026-10-05,2026-10-05,CM,NSE,STK,17271,INE602W01027,SENCO,EQ,,,,,SENCO GOLD LIMITED,317.40,319.90,312.90,316.95,317.00,317.40,,316.96,,,767941,242465549.20,23919,F1,1,,,,,
2026-10-05,2026-10-05,CM,NSE,STK,28888,INE0RB801010,SENORES,EQ,,,,,SENORES PHARMACEUTICALS L,1355.00,1375.00,1300.10,1321.20,1315.00,1349.60,,1321.25,,,272680,360637088.50,27058,F1,1,,,,,
2026-10-05,2026-10-05,CM,NSE,STK,15308,INE964H01014,SEPC,EQ,,,,,SEPC LIMITED,5.20,5.23,5.07,5.11,5.12,5.08,,5.11,,,5180319,26550862.42,3575,F1,1,,,,,
2026-10-05,2026-10-05,CM,NSE,STK,20715,INE027E07BC8,865LTF26,NN,,,,,SERENCD 8.65% SR.VI OP12,1070.00,1070.00,1068.99,1068.99,1068.99,1070.00,,1068.99,,,126,134717.99,4,F1,1,,,,,
2026-10-05,2026-10-05,CM,NSE,STK,20655,INE027E07998,898LTF29,N7,,,,,SERENCD 8.98% SR.VI OP2,1076.44,1076.44,1070.00,1070.00,1070.00,1076.44,,1086.58,,,2,2146.44,2,F1,1,,,,,
2026-10-05,2026-10-05,CM,NSE,STK,21197,INE306N07LM5,865TCAPS27,N8,,,,,SERENCD8.65%SR.IIICIII&IV,992.55,1018.00,992.55,1010.50,1010.50,1018.00,,1012.00,,,16,16018.50,6,F1,1,,,,,
2026-10-05,2026-10-05,CM,NSE,STK,4942,INE244L07184,92SFIL28,ND,,,,,SERENCD9.20%SRVIICIII&IV,954.55,954.55,954.55,954.55,954.55,1010.55,,954.55,,,17,16227.35,1,F1,1,,,,,
2026-10-05,2026-10-05,CM,NSE,STK,17399,INE0P1Q01015,SERVICE,SM,,,,,SERVICE CARE LIMITED,71.70,71.70,66.05,69.20,69.20,68.75,,69.20,,,22000,1523000.00,10,F1,2000,,,,,
2026-10-05,2026-10-05,CM,NSE,STK,5507,INE782X01033,SERVOTECH,EQ,,,,,SERVOTECH REN POW SYS LTD,70.00,72.70,69.77,71.93,71.84,69.20,,71.93,,,744174,52975991.07,6712,F1,1,,,,,
2026-10-05,2026-10-05,CM,NSE,STK,759934,INE04VU01023,STYL,EQ,,,,,SESHAASAI TECHNOLOGIES L,365.35,368.65,356.00,358.55,356.00,366.00,,358.54,,,43034,15602404.65,2297,F1,1,,,,,
2026-10-05,2026-10-05,CM,NSE,STK,3066,INE630A01024,SESHAPAPER,EQ,,,,,SESHASAYEE PAPER & BOARDS,238.55,240.00,233.00,234.76,235.00,236.35,,235.34,,,80921,19053610.72,1133,F1,1,,,,,
2026-10-05,2026-10-05,CM,NSE,STK,17518,INE878E01021,SETCO,BE,,,,,SETCO AUTOMOTIVE LTD,18.18,18.72,17.52,17.60,17.99,18.13,,17.60,,,31576,571140.23,226,F1,1,,,,,
2026-10-05,2026-10-05,CM,NSE,STK,18024,INE023M01027,SETUINFRA,BZ,,,,,SETUBANDHAN INFRA LTD,0.50,0.50,0.50,0.50,0.50,0.51,,0.50,,,22010,11005.00,25,F1,1,,,,,
2026-10-05,2026-10-05,CM,NSE,STK,10836,INE573R01012,SEYAIND,BE,,,,,SEYA INDUSTRIES LIMITED,13.45,13.45,12.93,13.12,13.10,13.19,,13.00,,,1065,13918.69,24,F1,1,,,,,
2026-10-05,2026-10-05,CM,NSE,STK,758853,INE618R01015,SGFIN,EQ,,,,,SG FINSERVE LIMITED,659.35,697.00,647.60,677.95,679.00,631.85,,677.97,,,3245313,2205680528.95,106384,F1,1,,,,,
2026-10-05,2026-10-05,CM,NSE,STK,758889,INE385F01024,SGMART,EQ,,,,,SG MART LIMITED,750.00,758.30,730.90,737.65,740.00,742.20,,737.61,,,397450,297226201.40,29431,F1,1,,,,,
2026-10-05,2026-10-05,CM,NSE,STK,765247,INE967B01028,SGLRES,EQ,,,,,SGL RESOURCES LIMITED,2.22,2.38,2.18,2.23,2.19,2.27,,2.25,,,57778,129539.51,147,F1,1,,,,,
2026-10-05,2026-10-05,CM,NSE,STK,761469,INE12UN01015,SHADOWFAX,EQ,,,,,SHADOWFAX TECHNOLOGIES L,274.05,290.50,274.05,289.05,289.05,273.15,,289.05,,,5956547,1709254022.25,87210,F1,1,,,,,
2026-10-05,2026-10-05,CM,NSE,STK,11859,INE640C01011,SHAHALLOYS,BE,,,,,SHAH ALLOYS LIMITED,85.10,85.10,81.30,82.00,82.00,85.37,,82.00,,,19540,1608225.78,213,F1,1,,,,,
2026-10-05,2026-10-05,CM,NSE,STK,20296,INE482J01021,SHAH,EQ,,,,,SHAH METACORP LIMITED,3.03,3.10,2.99,3.07,3.09,3.03,,3.07,,,511995,1553779.36,618,F1,1,,,,,
2026-10-05,2026-10-05,CM,NSE,STK,8727,INE151G01028,SHAILY,EQ,,,,,SHAILY ENG PLASTICS LTD,3020.00,3079.00,2979.30,3012.80,3020.00,3009.10,,3012.67,,,105774,320532463.50,25274,F1,1,,,,,
2026-10-05,2026-10-05,CM,NSE,STK,25574,INE908D01010,SHAKTIPUMP,EQ,,,,,SHAKTI PUMPS (I) LTD,455.95,463.50,441.15,443.40,442.20,454.10,,443.42,,,431828,195261429.65,17739,F1,1,,,,,
2026-10-05,2026-10-05,CM,NSE,STK,714,INE597J01018,SHALBY,EQ,,,,,SHALBY LIMITED,133.00,135.49,132.51,134.01,133.60,133.55,,134.00,,,36205,4853526.24,1639,F1,1,,,,,
2026-10-05,2026-10-05,CM,NSE,STK,761688,INE861D01011,SAHLIBHFI,EQ,,,,,SHALIBHADRA FINANCE LTD,78.74,78.74,75.99,76.70,76.90,78.74,,77.13,,,34289,2640607.06,144,F1,1,,,,,
2026-10-05,2026-10-05,CM,NSE,STK,15346,INE849C01026,SHALPAINTS,BE,,,,,SHALIM PAINTS LTD,78.34,79.02,74.76,75.17,76.20,78.34,,75.18,,,150821,11507042.73,525,F1,1,,,,,
2026-10-05,2026-10-05,CM,NSE,STK,25737,INE01NE01012,SRD,EQ,,,,,SHANKAR LAL RAMPAL LTD,38.30,38.98,37.40,37.70,37.40,38.08,,37.70,,,17406,661226.55,203,F1,1,,,,,
2026-10-05,2026-10-05,CM,NSE,STK,20321,INE274V01019,SHANKARA,EQ,,,,,SHANKARA BLDG PRODUCT LTD,124.00,124.00,117.00,118.16,118.25,124.40,,118.16,,,107711,12957646.06,1623,F1,1,,,,,
2026-10-05,2026-10-05,CM,NSE,STK,760594,INE24OJ01011,BUILDPRO,EQ,,,,,SHANKARA BUILDPRO LIMITED,1269.60,1284.00,1236.20,1265.90,1278.90,1249.20,,1266.02,,,80785,101399574.20,5544,F1,1,,,,,
2026-10-05,2026-10-05,CM,NSE,STK,765382,INE1WFC01025,SHANKESH,EQ,,,,,SHANKESH JEWELLERS LTD,89.24,91.30,87.50,88.24,88.50,87.93,,88.24,,,1386109,123384395.32,12911,F1,1,,,,,
2026-10-05,2026-10-05,CM,NSE,STK,19752,INE0Q9Q01017,SHANTHALA,SM,,,,,SHANTHALA FMCG PRODUCTS L,13.25,13.90,13.05,13.90,13.90,13.60,,13.90,,,15600,206040.00,5,F1,1200,,,,,
2026-10-05,2026-10-05,CM,NSE,STK,3078,INE631A01022,SHANTIGEAR,EQ,,,,,SHANTHI GEARS LTD,582.60,599.00,572.05,591.75,590.65,573.65,,591.76,,,58856,34629343.50,2696,F1,1,,,,,
2026-10-05,2026-10-05,CM,NSE,STK,762889,INE440T01028,SEIL,EQ,,,,,SHANTI EDU INITIATIVES L,183.10,188.18,181.82,183.52,183.90,186.68,,183.67,,,48887,9018735.12,1095,F1,1,,,,,
2026-10-05,2026-10-05,CM,NSE,STK,758002,INE06ZD01017,SHANTIGOLD,EQ,,,,,SHANTI GOLD INTERNATION L,310.00,323.50,308.50,316.60,317.70,303.55,,316.60,,,3136803,989175611.00,37467,F1,1,,,,,
2026-10-05,2026-10-05,CM,NSE,STK,765577,INE1ZEE01019,SHANTIINOR,SM,,,,,SHANTI INORGANICS LIMITED,167.00,175.50,167.00,168.05,168.55,172.95,,168.05,,,371200,62698320.00,63,F1,1600,,,,,
2026-10-05,2026-10-05,CM,NSE,STK,5650,INE933X01016,SHANTI,EQ,,,,,SHANTI OVERSEAS INDIA LTD,5.07,5.69,5.07,5.44,5.48,5.50,,5.44,,,17641,94760.64,105,F1,1,,,,,
2026-10-05,2026-10-05,CM,NSE,STK,762904,INE220Z01013,SHINDL,EQ,,,,,SHARAT INDUSTRIES LTD.,159.04,159.59,155.25,158.41,157.10,159.12,,158.42,,,77098,12201370.10,888,F1,1,,,,,
2026-10-05,2026-10-05,CM,NSE,STK,4992,INE221J01015,SHARDACROP,EQ,,,,,SHARDA CROPCHEM LTD.,712.50,729.70,711.25,720.10,718.90,709.20,,720.06,,,91626,66044210.70,10775,F1,1,,,,,
2026-10-05,2026-10-05,CM,NSE,STK,10530,INE597I01028,SHARDAMOTR,EQ,,,,,SHARDA MOTOR INDS LTD,929.90,938.60,910.30,918.60,918.00,928.80,,918.59,,,27384,25269398.15,4063,F1,1,,,,,
2026-10-05,2026-10-05,CM,NSE,STK,762897,INE037B01020,SHARDUL,BE,,,,,SHARDUL SECURITIES LTD.,58.40,58.60,57.00,58.11,58.15,57.98,,58.11,,,38922,2253868.54,116,F1,1,,,,,
2026-10-05,2026-10-05,CM,NSE,STK,104,INE932X01026,SHAREINDIA,EQ,,,,,SHARE IND. SECURITIES LTD,208.20,219.00,204.51,206.06,205.50,205.09,,206.06,,,2810914,597520201.82,39257,F1,1,,,,,
2026-10-05,2026-10-05,CM,NSE,STK,19469,INE460Q01014,SCML,SM,,,,,SHARP CHUCKS N MACHINES L,86.00,100.20,86.00,100.20,100.20,83.50,,100.20,,,96000,9262100.00,82,F1,1000,,,,,
2026-10-05,2026-10-05,CM,NSE,STK,759407,INE0YJV01017,SHEEL,SM,,,,,SHEEL BIOTECH LIMITED,60.00,60.00,60.00,60.00,60.00,60.20,,60.00,,,2000,120000.00,1,F1,2000,,,,,
2026-10-05,2026-10-05,CM,NSE,STK,19184,INE916U01025,SFL,EQ,,,,,SHEELA FOAM LIMITED,622.85,634.85,615.70,620.45,618.05,616.65,,620.45,,,140174,87022590.60,10095,F1,1,,,,,
2026-10-05,2026-10-05,CM,NSE,STK,12081,INE501Y01019,SCPL,BE,,,,,SHEETAL COOL PRODUCTS LTD,633.70,633.70,610.35,617.85,618.50,620.45,,617.85,,,3408,2105920.75,173,F1,1,,,,,
2026-10-05,2026-10-05,CM,NSE,STK,20415,INE04VX01019,SHEETAL,SM,,,,,SHEETAL UNIVERSAL LIMITED,358.50,358.70,358.50,358.65,358.70,359.00,,358.65,,,2000,717200.00,3,F1,500,,,,,
2026-10-05,2026-10-05,CM,NSE,STK,21099,INE268L01046,SHEKHAWATI,BE,,,,,SHEKHAWATI INDUSTRIES LTD,28.60,28.60,28.60,28.60,28.60,30.10,,28.86,,,4882,139625.20,71,F1,1,,,,,
2026-10-05,2026-10-05,CM,NSE,STK,5068,INE363M01019,SHEMAROO,EQ,,,,,SHEMAROO ENTER. LTD.,116.36,117.89,109.99,110.56,110.22,115.21,,110.55,,,17297,1946098.04,176,F1,1,,,,,
2026-10-05,2026-10-05,CM,NSE,STK,14172,INE0MM001019,SHERA,SM,,,,,SHERA ENERGY LIMITED,194.00,198.00,187.00,187.00,187.00,190.00,,187.00,,,32000,6107150.00,31,F1,1000,,,,,
2026-10-05,2026-10-05,CM,NSE,STK,764890,INE011D01013,SHERVANI,EQ,,,,,SHERVANI INDUSTRIAL SYN L,315.00,315.05,299.25,315.00,315.00,335.00,,335.00,,,64,20077.60,7,F1,1,,,,,
2026-10-05,2026-10-05,CM,NSE,STK,8394,INE03KJ01013,SHIGAN,SM,,,,,SHIGAN QUANTUM TECH LTD,62.60,63.60,62.35,62.80,62.80,62.60,,62.80,,,13500,848325.00,7,F1,1500,,,,,
2026-10-05,2026-10-05,CM,NSE,STK,759847,INE024F01011,SHILCTECH,EQ,,,,,SHILCHAR TECHNOLOGIES LTD,4035.00,4078.30,3969.00,4032.90,4050.00,4033.00,,4032.95,,,13865,55800229.10,3365,F1,1,,,,,
2026-10-05,2026-10-05,CM,NSE,STK,764895,INE960A01017,SHILGRAVQ,EQ,,,,,SHILP GRAVURES LTD.,137.65,148.10,137.00,142.87,139.10,139.35,,141.31,,,773,107323.37,60,F1,1,,,,,
2026-10-05,2026-10-05,CM,NSE,STK,17752,INE790G01031,SHILPAMED,EQ,,,,,SHILPA MEDICARE LTD,1069.00,1081.90,1020.20,1031.20,1029.50,1064.10,,1031.20,,,870692,907047337.20,35667,F1,1,,,,,
2026-10-05,2026-10-05,CM,NSE,STK,23127,INE0PB301013,SCILAL,EQ,,,,,SHIPPING CORP OF ILA LTD,37.00,37.49,36.26,37.26,37.30,36.65,,37.26,,,287269,10628155.00,4141,F1,1,,,,,
2026-10-05,2026-10-05,CM,NSE,STK,3048,INE109A01011,SCI,EQ,,,,,SHIPPING CORP OF INDIA LT,272.00,292.60,271.45,290.60,290.90,267.05,,290.60,,,24814404,7057354005.50,259740,F1,1,,,,,
2026-10-05,2026-10-05,CM,NSE,STK,765282,INE0FOO01011,SHIPROCKET,EQ,,,,,SHIPROCKET LIMITED,120.99,124.50,120.05,123.00,124.00,119.98,,123.03,,,3116897,381913497.59,49557,F1,1,,,,,
2026-10-05,2026-10-05,CM,NSE,STK,759747,INE719F01016,SHIVAUM,EQ,,,,,SHIV AUM STEELS LIMITED,535.50,563.90,525.05,558.95,560.00,554.60,,558.95,,,20380,11211173.50,641,F1,1,,,,,
2026-10-05,2026-10-05,CM,NSE,STK,765160,INE555C01029,SHIVACEM,EQ,,,,,SHIVA CEMENT LTD.,13.30,13.30,12.45,12.70,12.60,13.34,,12.71,,,216275,2773939.95,888,F1,1,,,,,
2026-10-05,2026-10-05,CM,NSE,STK,764900,INE960E01019,SHIVAAGRO,EQ,,,,,SHIVA GLOBAL AGRO INDS. L,39.00,39.00,38.40,38.70,38.70,39.22,,38.70,,,949,36553.40,19,F1,1,,,,,
2026-10-05,2026-10-05,CM,NSE,STK,1497,INE644Y01017,SHIVAMILLS,EQ,,,,,SHIVA MILLS LIMITED,58.00,59.41,57.00,59.32,59.32,56.59,,58.56,,,1618,94739.30,47,F1,1,,,,,
2026-10-05,2026-10-05,CM,NSE,STK,804,INE705C01020,SHIVATEX,EQ,,,,,SHIVA TEXYARN LIMITED,169.00,171.00,165.01,165.01,165.01,172.60,,165.01,,,4797,795184.34,60,F1,1,,,,,
2026-10-05,2026-10-05,CM,NSE,STK,24249,INE0T7B01010,SPCL,SM,,,,,SHIVALIC POWER CONTROL L,64.25,64.25,61.35,61.80,61.35,61.95,,61.80,,,8400,520950.00,13,F1,600,,,,,
2026-10-05,2026-10-05,CM,NSE,STK,4656,INE386D01027,SBCL,EQ,,,,,SHIVALIK BIMETAL CON. LTD,1087.30,1108.00,1070.00,1076.50,1074.10,1066.40,,1076.48,,,139325,151284412.00,13654,F1,1,,,,,
2026-10-05,2026-10-05,CM,NSE,STK,7016,INE788J01021,SHIVALIK,EQ,,,,,SHIVALIK RASAYAN LIMITED,400.80,401.95,374.20,375.30,374.60,394.05,,375.30,,,46656,17856178.50,2644,F1,1,,,,,
2026-10-05,2026-10-05,CM,NSE,STK,13756,INE637H01024,SHIVAMAUTO,EQ,,,,,SHIVAM AUTO.LTD,17.41,17.41,16.60,16.67,16.65,17.07,,16.66,,,41370,697999.73,240,F1,1,,,,,
2026-10-05,2026-10-05,CM,NSE,STK,758744,INE1DLF01018,SHIVASHRIT,SM,,,,,SHIVASHRIT FOODS LIMITED,112.70,120.50,111.50,115.95,115.00,113.75,,115.95,,,118000,13818200.00,97,F1,1000,,,,,
2026-10-05,2026-10-05,CM,NSE,STK,11813,INE498B01024,SHOPERSTOP,EQ,,,,,SHOPPERS STOP LIMITED,397.15,407.35,395.20,395.50,395.20,404.70,,395.51,,,40206,15991192.80,1675,F1,1,,,,,
2026-10-05,2026-10-05,CM,NSE,STK,764905,INE311M01018,SHRADDHA,EQ,,,,,SHRADDHA PRIME PROJECTS L,160.10,179.00,157.10,164.79,163.00,155.10,,164.92,,,91009,15353774.70,2057,F1,1,,,,,
2026-10-05,2026-10-05,CM,NSE,STK,708,INE715Y01031,SHRADHA,EQ,,,,,SHRADHA REALTY LIMITED,29.89,31.02,28.50,29.36,29.30,29.89,,29.36,,,8474,246424.58,122,F1,1,,,,,
2026-10-05,2026-10-05,CM,NSE,STK,10588,INE712K01011,SHREEPUSHK,EQ,,,,,SHRE PUSH CHEM & FERT LTD,500.00,506.90,491.85,494.55,493.00,491.50,,495.20,,,43640,21731177.10,2339,F1,1,,,,,
2026-10-05,2026-10-05,CM,NSE,STK,762874,INE185C01017,SAPPL,EQ,,,,,SHREE AJIT PULP & PAPER L,315.00,335.00,305.90,327.10,320.10,308.50,,325.85,,,9600,3097234.25,258,F1,1,,,,,
2026-10-05,2026-10-05,CM,NSE,STK,3103,INE070A01015,SHREECEM,EQ,,,,,SHREE CEMENT LIMITED,21750.00,22100.00,21720.00,21990.00,21990.00,21900.00,,21990.00,,,39075,854332495.00,13283,F1,1,,,,,
2026-10-05,2026-10-05,CM,NSE,STK,3099,INE232A01011,SHREDIGCEM,EQ,,,,,SHREE DIGVIJAY CEM CO LTD,66.69,67.20,65.57,66.33,66.00,66.69,,66.34,,,52935,3514886.37,1004,F1,1,,,,,
2026-10-05,2026-10-05,CM,NSE,STK,764885,INE414Y01015,SGRL,EQ,,,,,SHREE GANESH REMEDIES LTD,700.00,709.30,669.05,680.40,690.00,694.25,,680.48,,,12588,8582035.30,1299,F1,1,,,,,
2026-10-05,2026-10-05,CM,NSE,STK,23074,INE0S4Y01010,SHREEKARNI,SM,,,,,SHREE KARNI FABCOM LTD,372.00,377.00,372.00,377.00,377.00,378.00,,377.00,,,300,112350.00,2,F1,150,,,,,
2026-10-05,2026-10-05,CM,NSE,STK,20603,INE02S501018,SHREEOSFM,SM,,,,,SHREE OSFM E-MOBILITY LTD,56.00,61.90,56.00,59.95,60.00,55.10,,59.95,,,53000,3176850.00,49,F1,1000,,,,,
2026-10-05,2026-10-05,CM,NSE,STK,760188,INE19GK01015,SRTL,EQ,,,,,SHREE RAM TWISTEX LIMITED,36.01,37.28,36.00,36.10,36.14,36.40,,36.09,,,12343,446992.75,302,F1,1,,,,,
2026-10-05,2026-10-05,CM,NSE,STK,7627,INE879A01019,SHREERAMA,EQ,,,,,SHREE RAMA MULTI TECH LTD,44.00,44.60,42.72,43.09,42.98,43.16,,43.09,,,38309,1682346.21,965,F1,1,,,,,
2026-10-05,2026-10-05,CM,NSE,STK,13565,INE278B01020,RAMANEWS,EQ,,,,,SHREE RAMA NEWSPRINT LTD,29.07,30.29,29.07,29.36,29.49,29.38,,29.36,,,7460,221024.38,117,F1,1,,,,,
2026-10-05,2026-10-05,CM,NSE,STK,12026,INE087H01022,RENUKA,EQ,,,,,SHREE RENUKA SUGARS LTD,21.61,22.36,21.61,21.76,21.72,21.34,,21.76,,,9972873,218104841.36,19965,F1,1,,,,,
2026-10-05,2026-10-05,CM,NSE,STK,25203,INE0S2G01011,BALAJEE,EQ,,,,,SHREE TIRUPATI BALAJEE L,24.40,25.40,24.40,24.80,24.97,25.20,,24.80,,,46462,1152753.12,250,F1,1,,,,,
2026-10-05,2026-10-05,CM,NSE,STK,15121,INE00CE01017,SVLL,EQ,,,,,SHREE VASU LOGISTICS LTD,786.75,859.95,786.75,822.20,834.40,786.75,,822.20,,,763,621355.00,91,F1,1,,,,,
2026-10-05,2026-10-05,CM,NSE,STK,762159,INE0K3301012,SHREEDHAR,ST,,,,,SHREEDHAR SPINNERS LTD,160.00,160.00,158.00,158.00,158.00,157.15,,158.00,,,8000,1271900.00,4,F1,2000,,,,,
2026-10-05,2026-10-05,CM,NSE,STK,759802,INE1FL101016,SHETHJI,SM,,,,,SHREEJI GLOBAL FMCG LTD,184.50,186.70,181.50,184.05,181.50,184.15,,184.05,,,28000,5165350.00,23,F1,1000,,,,,
2026-10-05,2026-10-05,CM,NSE,STK,759448,INE1B6101010,SHREEJISPG,EQ,,,,,SHREEJI SHIPPING GLOBAL L,779.80,788.10,768.80,779.85,782.50,775.35,,779.85,,,915863,713821742.90,18583,F1,1,,,,,
2026-10-05,2026-10-05,CM,NSE,STK,14305,INE00IK01029,OSWALSEEDS,EQ,,,,,SHREEOSWAL S AND CHE LTD,12.22,12.60,12.15,12.18,12.16,12.39,,12.18,,,66839,819841.33,246,F1,1,,,,,
2026-10-05,2026-10-05,CM,NSE,STK,760252,INE632X01030,SHRENIK,BZ,,,,,SHRENIK LIMITED,0.28,0.29,0.28,0.28,0.29,0.28,,0.28,,,650128,183266.40,197,F1,1,,,,,
2026-10-05,2026-10-05,CM,NSE,STK,3126,INE231C01019,SHREYANIND,EQ,,,,,SHREYANS INDUSTRIES LTD,125.66,129.65,125.66,129.00,129.00,126.29,,129.00,,,8211,1059137.19,218,F1,1,,,,,
2026-10-05,2026-10-05,CM,NSE,STK,756406,INE0DM401012,SHRIAHIMSA,SM,,,,,SHRI AHIMSA NATURALS LTD,416.05,445.00,416.05,441.65,445.00,422.50,,441.65,,,12000,5179620.00,20,F1,600,,,,,
2026-10-05,2026-10-05,CM,NSE,STK,762899,INE402H01015,SHBAJRG,EQ,,,,,SHRI BAJRANG ALLIANCE L,174.05,176.00,161.71,164.79,161.71,172.33,,164.75,,,11077,1868019.34,426,F1,1,,,,,
2026-10-05,2026-10-05,CM,NSE,STK,758568,INE0NON01025,SHKSIL,SM,,,,,SHRI HARE-KRI SPO IRON L,31.05,31.50,31.05,31.50,31.50,31.95,,31.50,,,6000,188100.00,3,F1,2000,,,,,
2026-10-05,2026-10-05,CM,NSE,STK,764910,INE564J01026,SHRJAGP,EQ,,,,,SHRI JAGDAMBA POLYMERS L,684.00,708.90,680.00,685.00,685.00,673.00,,688.58,,,716,497919.25,87,F1,1,,,,,
2026-10-05,2026-10-05,CM,NSE,STK,760202,INE1V4601019,SHRIKANHA,SM,,,,,SHRI KANHA STAINLESS LTD,22.00,23.00,22.00,22.95,22.95,21.95,,22.95,,,4800,108720.00,3,F1,1600,,,,,
2026-10-05,2026-10-05,CM,NSE,STK,762909,INE997I01012,SHRIKRISH,EQ,,,,,SHRI KRISHNA DEVCON LTD.,34.15,35.85,32.56,34.05,32.77,35.96,,34.05,,,3897,132705.83,35,F1,1,,,,,
2026-10-05,2026-10-05,CM,NSE,STK,765210,INE574G01013,VASUPRADA,EQ,,,,,SHRI VASUPRADA PLANTATI L,96.00,96.25,96.00,96.25,96.25,95.52,,96.25,,,93,8928.75,2,F1,1,,,,,
2026-10-05,2026-10-05,CM,NSE,STK,759093,INE1B3L01017,SHRINGARMS,EQ,,,,,SHRINGAR HOU OF MANGALS L,222.85,223.28,218.11,219.36,220.50,221.31,,219.36,,,290081,63849691.76,3695,F1,1,,,,,
2026-10-05,2026-10-05,CM,NSE,STK,24374,INF680P01422,LIQUIDSHRI,EQ,,,,,SHRIRAM - LIQUIDSHRI,1124.28,1124.28,1124.26,1124.28,1124.28,1124.12,,1124.28,,,3644,4096835.46,31,F1,1,,,,,
2026-10-05,2026-10-05,CM,NSE,STK,4306,INE721A01047,SHRIRAMFIN,EQ,,,,,SHRIRAM FINANCE LIMITED,964.00,973.50,954.00,971.40,971.40,945.00,,971.41,,,5092892,4920676305.15,94768,F1,1,,,,,
2026-10-05,2026-10-05,CM,NSE,STK,7200,INE217L01019,SHRIRAMPPS,EQ,,,,,SHRIRAM PROPERTIES LTD,67.45,68.34,66.40,67.52,67.80,67.36,,67.52,,,309049,20831000.70,3274,F1,1,,,,,
2026-10-05,2026-10-05,CM,NSE,STK,6451,INE01Z401013,SHUBHLAXMI,SM,,,,,SHUBHLAXMI JEWEL ART LTD,16.45,16.45,16.45,16.45,16.45,17.25,,16.45,,,1000,16450.00,1,F1,1000,,,,,
2026-10-05,2026-10-05,CM,NSE,STK,25240,INE0UL701015,SHUBHSHREE,SM,,,,,SHUBHSHREE BIOFUELS ENE L,322.00,322.00,322.00,322.00,322.00,334.00,,322.00,,,300,96600.00,1,F1,300,,,,,
2026-10-05,2026-10-05,CM,NSE,STK,764537,INE551C01044,SHUKRAPHAR,EQ,,,,,SHUKRA PHARMACEUTICALS L,62.84,73.88,62.50,70.49,71.00,61.80,,70.47,,,55171960,3817450492.18,292029,F1,1,,,,,
2026-10-05,2026-10-05,CM,NSE,STK,10188,INE979R01011,SHYAMCENT,EQ,,,,,SHYAM CENTURY FERROUS LTD,5.45,5.45,4.90,5.07,5.10,5.00,,5.07,,,93969,479210.20,1233,F1,1,,,,,
2026-10-05,2026-10-05,CM,NSE,STK,4693,INE810G01011,SHYAMMETL,EQ,,,,,SHYAM METALICS AND ENGY L,1054.00,1057.60,1015.00,1020.20,1019.80,1047.80,,1020.16,,,527412,544929000.70,27925,F1,1,,,,,
2026-10-05,2026-10-05,CM,NSE,STK,13740,INE635A01023,SHYAMTEL,EQ,,,,,SHYAM TELECOM LIMITED,10.79,11.30,10.50,10.93,11.20,10.32,,10.93,,,6059,65508.79,42,F1,1,,,,,
2026-10-05,2026-10-05,CM,NSE,STK,16875,INE176J01011,SICAGEN,EQ,,,,,SICAGEN INDIA LIMITED,51.40,53.30,50.10,52.37,52.20,50.96,,52.39,,,8560,444552.97,98,F1,1,,,,,
2026-10-05,2026-10-05,CM,NSE,STK,19440,INE075B01020,SICALLOG,BE,,,,,SICAL LOGISTICS LIMITED,87.77,91.40,87.20,88.68,88.50,87.08,,88.73,,,20373,1835180.09,124,F1,1,,,,,
2026-10-05,2026-10-05,CM,NSE,STK,759053,INE0SVO01019,SIDDHICOTS,SM,,,,,SIDDHI COTSPIN LIMITED,26.00,26.00,26.00,26.00,26.00,26.00,,26.00,,,4800,124800.00,3,F1,1200,,,,,
2026-10-05,2026-10-05,CM,NSE,STK,3148,INE0A1E01018,SIDDHIKA,SM,,,,,SIDDHIKA COATINGS LIMITED,211.00,211.00,210.50,211.00,211.00,214.25,,211.00,,,3000,632500.00,4,F1,500,,,,,
2026-10-05,2026-10-05,CM,NSE,STK,756871,INE1NPP01017,ENRIN,EQ,,,,,SIEMENS ENERGY INDIA LTD,3357.10,3408.90,3316.40,3316.40,3316.40,3334.00,,3316.49,,,616768,2069854260.40,60353,F1,1,,,,,
2026-10-05,2026-10-05,CM,NSE,STK,3150,INE003A01024,SIEMENS,EQ,,,,,SIEMENS LTD,3804.00,3842.00,3700.00,3701.10,3701.10,3804.00,,3701.10,,,184140,691568793.10,22035,F1,1,,,,,
2026-10-05,2026-10-05,CM,NSE,STK,6663,INE0D0K01022,SIGACHI,EQ,,,,,SIGACHI INDUSTRIES LTD,28.49,28.93,28.06,28.72,28.90,28.34,,28.72,,,1604708,45794469.83,5786,F1,1,,,,,
2026-10-05,2026-10-05,CM,NSE,STK,14797,INE933B01012,SIGMAADV,BE,,,,,SIGMA ADVANCED SYSTEM LTD,1130.70,1130.70,1036.00,1130.60,1130.70,1076.90,,1130.49,,,835410,924419382.90,12259,F1,1,,,,,
2026-10-05,2026-10-05,CM,NSE,STK,16658,INE0A0S01028,SIGMA,EQ,,,,,SIGMA SOLVE LIMITED,46.00,46.15,43.31,43.83,44.31,44.91,,43.85,,,100749,4492142.38,1584,F1,1,,,,,
2026-10-05,2026-10-05,CM,NSE,STK,18743,INE903U01023,SIGNATURE,EQ,,,,,SIGNATUREGLOBAL INDIA LTD,736.80,744.80,732.00,738.20,737.00,737.45,,738.19,,,337538,248681773.85,5930,F1,1,,,,,
2026-10-05,2026-10-05,CM,NSE,STK,4517,INE529F01035,SIGIND,BE,,,,,SIGNET INDUSTRIES LIMITED,69.99,69.99,64.05,64.06,65.94,67.42,,64.06,,,31422,2034232.47,137,F1,1,,,,,
2026-10-05,2026-10-05,CM,NSE,STK,23150,INE0RDE01010,SIGNORIA,ST,,,,,SIGNORIA CREATION LIMITED,140.00,149.30,140.00,149.30,149.30,143.00,,149.30,,,2000,289300.00,2,F1,1000,,,,,
2026-10-05,2026-10-05,CM,NSE,STK,22656,INE0KGZ01021,SIGNPOST,EQ,,,,,SIGNPOST INDIA LIMITED,265.70,265.70,256.20,260.85,258.70,259.40,,260.85,,,16214,4217333.90,813,F1,1,,,,,
2026-10-05,2026-10-05,CM,NSE,STK,762914,INE438E01032,SIKA,EQ,,,,,SIKA INTERPLANT SYSTEMS L,1028.20,1038.00,1015.00,1022.60,1018.00,1018.20,,1022.72,,,16720,17132494.90,1955,F1,1,,,,,
2026-10-05,2026-10-05,CM,NSE,STK,6226,INE112X01025,SIKKO,BE,,,,,SIKKO INDUSTRIES LIMITED,6.22,6.32,5.91,6.21,6.09,6.22,,6.21,,,382053,2314031.20,716,F1,1,,,,,
2026-10-05,2026-10-05,CM,NSE,STK,4105,INE923A01015,SILINV,EQ,,,,,SIL INVESTMENTS LIMITED,418.80,451.00,418.80,445.75,440.00,424.55,,445.65,,,3970,1725984.55,183,F1,1,,,,,
2026-10-05,2026-10-05,CM,NSE,STK,2492,INE01II01013,SILGO,EQ,,,,,SILGO RETAIL LIMITED,70.89,71.70,68.75,69.49,68.75,70.17,,69.49,,,5571,389287.41,122,F1,1,,,,,
2026-10-05,2026-10-05,CM,NSE,STK,23736,INE0STN01015,SILKFLEX,SM,,,,,SILKFLEX POLYMERS INDIA L,297.80,300.80,285.00,300.15,300.80,286.75,,300.15,,,16000,4742750.00,16,F1,1000,,,,,
2026-10-05,2026-10-05,CM,NSE,STK,9422,INE625X01026,SILVERTUC,EQ,,,,,SILVER TOUCH TECHNO LTD,138.50,142.00,136.77,137.41,139.00,138.68,,137.48,,,66478,9225236.80,1822,F1,1,,,,,
2026-10-05,2026-10-05,CM,NSE,STK,758836,INE748T01016,SIMBHALS,BZ,,,,,SIMBHAOLI SUGARS LTD.,7.05,7.05,7.05,7.05,7.05,6.72,,7.10,,,4750,33487.50,6,F1,1,,,,,
2026-10-05,2026-10-05,CM,NSE,STK,763378,INE1K4J01018,SIMCA,ST,,,,,SIMCA ADVERTISING LIMITED,303.80,303.95,300.00,302.00,302.00,290.05,,302.00,,,25200,7607400.00,37,F1,600,,,,,
2026-10-05,2026-10-05,CM,NSE,STK,3162,INE059B01024,SIMPLEXINF,EQ,,,,,SIMPLEX INFRASTRUCTURES L,254.90,263.00,248.11,249.61,250.00,245.01,,249.60,,,280280,71468276.52,6505,F1,1,,,,,
2026-10-05,2026-10-05,CM,NSE,STK,764915,INE167H01014,SIMPLXREA,EQ,,,,,SIMPLEX REALTY LTD.,124.00,129.00,117.36,117.43,117.36,123.50,,117.43,,,99,12737.86,7,F1,1,,,,,
2026-10-05,2026-10-05,CM,NSE,STK,23480,INE985A01022,SINCLAIR,EQ,,,,,SINCLAIRS HOTELS LIMITED,76.75,78.95,75.12,75.87,76.80,76.71,,75.90,,,24830,1894422.38,700,F1,1,,,,,
2026-10-05,2026-10-05,CM,NSE,STK,16859,INE325D01025,SINDHUTRAD,EQ,,,,,SINDHU TRADE LINKS LTD,22.13,22.82,21.82,22.13,22.06,22.23,,22.13,,,361160,7964774.80,910,F1,1,,,,,
2026-10-05,2026-10-05,CM,NSE,STK,761420,INE638A01035,SINGERIND,EQ,,,,,SINGER INDIA LIMITED,74.05,77.07,74.05,74.60,74.21,74.66,,74.70,,,56846,4289775.21,1702,F1,1,,,,,
2026-10-05,2026-10-05,CM,NSE,STK,381,INE129Z01016,SINTERCOM,EQ,,,,,SINTERCOM INDIA LIMITED,75.90,75.90,75.90,75.90,75.90,75.87,,75.90,,,1,75.90,1,F1,1,,,,,
2026-10-05,2026-10-05,CM,NSE,STK,11050,INE792Z01011,SIRCA,EQ,,,,,SIRCA PAINT INDIA LIMITED,401.60,404.80,400.15,401.70,401.90,401.55,,401.70,,,122332,49225495.75,2280,F1,1,,,,,
2026-10-05,2026-10-05,CM,NSE,STK,21501,INE285J01028,SIS,EQ,,,,,SIS LIMITED,413.45,419.90,411.60,414.70,412.50,412.85,,414.72,,,57546,24016746.10,6968,F1,1,,,,,
2026-10-05,2026-10-05,CM,NSE,STK,29210,INE965H01011,SITINET,BZ,,,,,SITI NETWORKS LIMITED,0.27,0.28,0.26,0.26,0.27,0.27,,0.26,,,1109785,293028.32,327,F1,1,,,,,
2026-10-05,2026-10-05,CM,NSE,STK,14096,INE076B01028,SIYSIL,EQ,,,,,SIYARAM SILK MILLS LTD,535.80,544.00,531.50,540.15,544.00,531.55,,540.12,,,20499,11005121.95,1638,F1,1,,,,,
2026-10-05,2026-10-05,CM,NSE,STK,6643,INE284S01014,SJS,EQ,,,,,SJS ENTERPRISES LIMITED,2159.80,2175.00,2022.20,2039.60,2027.00,2159.80,,2039.50,,,380923,787002124.90,49024,F1,1,,,,,
2026-10-05,2026-10-05,CM,NSE,STK,18883,INE002L01015,SJVN,EQ,,,,,SJVN LTD,58.30,58.50,57.01,57.16,57.10,57.91,,57.16,,,2071448,119292702.69,28721,F1,1,,,,,
2026-10-05,2026-10-05,CM,NSE,STK,760101,INE2J8701016,SKFINDUS,EQ,,,,,SKF IND (INDUSTRIAL) LTD,2759.90,2759.90,2670.10,2729.50,2705.10,2734.20,,2729.58,,,21506,58347470.90,5795,F1,1,,,,,
2026-10-05,2026-10-05,CM,NSE,STK,3186,INE640A01023,SKFINDIA,EQ,,,,,SKF INDIA LTD,1420.00,1458.90,1420.00,1445.90,1440.40,1450.20,,1445.87,,,43200,62353449.50,8089,F1,1,,,,,
2026-10-05,2026-10-05,CM,NSE,STK,24107,INE429F01012,SKIL,BZ,,,,,SKIL INFRASTRUCTURE LTD.,1.01,1.01,1.01,1.01,1.01,0.97,,0.98,,,41651,42067.51,16,F1,1,,,,,
2026-10-05,2026-10-05,CM,NSE,STK,9428,INE439E01022,SKIPPER,EQ,,,,,SKIPPER LIMITED,543.00,551.90,534.00,538.90,536.75,541.20,,538.95,,,402506,218094236.00,18602,F1,1,,,,,
2026-10-05,2026-10-05,CM,NSE,STK,4732,INE411D01023,SKMEGGPROD,EQ,,,,,SKM EGG PROD EXPORT(I) LT,204.00,206.38,199.30,201.40,201.90,205.29,,201.45,,,170126,34398240.23,3872,F1,1,,,,,
2026-10-05,2026-10-05,CM,NSE,STK,10325,INE0KZA01016,SKP,SM,,,,,SKP BEARING INDUSTRI. LTD,165.00,165.50,162.00,165.00,165.00,163.00,,165.00,,,18500,3043075.00,29,F1,500,,,,,
2026-10-05,2026-10-05,CM,NSE,STK,13631,INE01IU01018,SKYGOLD,EQ,,,,,SKY GOLD AND DIAMONDS LTD,818.00,839.00,814.00,825.90,823.50,810.65,,825.86,,,1050336,867344914.90,38496,F1,1,,,,,
2026-10-05,2026-10-05,CM,NSE,STK,765333,INE0VFE01017,SKYTECH,SM,,,,,SKYTECH INFINITE PLATFM L,40.80,40.80,39.40,40.70,40.75,38.90,,40.70,,,83200,3376960.00,49,F1,1600,,,,,
2026-10-05,2026-10-05,CM,NSE,STK,765480,INE0PX301025,SKYWAYS,EQ,,,,,SKYWAYS AIR SERVICES LTD,111.70,113.42,108.85,109.48,109.77,110.29,,109.48,,,1317759,146140027.74,16815,F1,1,,,,,
2026-10-05,2026-10-05,CM,NSE,STK,23689,INE0SMA01017,SLONE,SM,,,,,SLONE INFOSYSTEMS LIMITED,161.00,164.00,160.00,162.90,162.90,161.00,,162.90,,,2400,387960.00,6,F1,400,,,,,
2026-10-05,2026-10-05,CM,NSE,STK,757619,INE14GK01016,SMARTEN,SM,,,,,SMARTEN POWER SYSTEMS LTD,59.10,59.10,55.10,55.65,55.90,57.95,,55.65,,,45600,2525340.00,36,F1,1200,,,,,
2026-10-05,2026-10-05,CM,NSE,STK,9893,INE178C01020,SMARTLINK,BE,,,,,SMARTLINK HOLDINGS LTD,220.00,222.70,216.71,222.70,222.70,212.10,,222.70,,,4925,1089790.63,90,F1,1,,,,,
2026-10-05,2026-10-05,CM,NSE,STK,757965,INE0NAZ01010,SMARTWORKS,EQ,,,,,SMARTWORKS COWORKING SP L,515.00,515.00,496.10,497.80,500.00,510.65,,497.80,,,70592,35465509.50,4719,F1,1,,,,,
2026-10-05,2026-10-05,CM,NSE,STK,2320,INE103C01036,SMCGLOBAL,EQ,,,,,SMC GLOBAL SECURITIES LTD,100.00,118.80,96.22,114.50,114.90,99.06,,114.50,,,85008573,9488035118.32,497976,F1,1,,,,,
2026-10-05,2026-10-05,CM,NSE,STK,3387,INE294B01019,SMLMAH,EQ,,,,,SML MAHINDRA LIMITED,6390.00,6459.00,6280.00,6354.00,6339.50,6251.00,,6354.10,,,41005,260863825.00,8029,F1,1,,,,,
2026-10-05,2026-10-05,CM,NSE,STK,14329,INE812G01025,SMSPHARMA,EQ,,,,,SMS PHARMACEUTICALS LTD.,479.00,489.00,472.50,477.85,476.10,471.30,,477.83,,,535364,257041440.55,15307,F1,1,,,,,
2026-10-05,2026-10-05,CM,NSE,STK,758946,INE1OIC01018,SNEHAA,SM,,,,,SNEHAA ORGANICS LIMITED,44.35,44.35,44.35,44.35,44.35,44.35,,44.35,,,1000,44350.00,1,F1,1000,,,,,
2026-10-05,2026-10-05,CM,NSE,STK,4843,INE734N01019,SNOWMAN,EQ,,,,,SNOWMAN LOGISTICS LTD.,34.11,34.50,33.51,33.99,33.80,34.11,,34.00,,,74733,2532088.51,939,F1,1,,,,,
2026-10-05,2026-10-05,CM,NSE,STK,13826,INE671H01015,SOBHA,EQ,,,,,SOBHA LIMITED,1214.00,1229.80,1187.80,1198.20,1190.30,1213.10,,1198.20,,,136038,164229917.20,13079,F1,1,,,,,
2026-10-05,2026-10-05,CM,NSE,STK,8266,INE728Z01015,SOFTTECH,EQ,,,,,SOFTTECH ENGINEERS LTD,477.25,487.45,455.35,462.15,462.00,474.30,,462.17,,,4795,2248001.20,213,F1,1,,,,,
2026-10-05,2026-10-05,CM,NSE,STK,13332,INE343H01029,SOLARINDS,EQ,,,,,SOLAR INDUSTRIES (I) LTD,19450.00,19616.00,19275.00,19540.00,19540.00,19400.00,,19539.46,,,114870,2227943567.00,28188,F1,1,,,,,
2026-10-05,2026-10-05,CM,NSE,STK,3672,INE624Z01016,SOLARA,EQ,,,,,SOLARA ACTIVE PHA SCI LTD,720.00,724.80,673.10,676.90,680.00,714.85,,676.89,,,290504,199171456.35,13583,F1,1,,,,,
2026-10-05,2026-10-05,CM,NSE,STK,759929,INE0TY101024,SOLARWORLD,EQ,,,,,SOLARWORLD ENERGY SOL LTD,127.00,128.08,122.92,123.94,124.50,125.55,,123.97,,,221817,27689600.29,4252,F1,1,,,,,
2026-10-05,2026-10-05,CM,NSE,STK,759397,INE880Y01017,SOLEX,EQ,,,,,SOLEX ENERGY LIMITED,683.75,692.65,676.00,682.20,688.95,670.95,,682.32,,,47131,32213583.05,4072,F1,1,,,,,
2026-10-05,2026-10-05,CM,NSE,STK,1338,INE480C01038,SDBL,EQ,,,,,SOM DIST & BREW LTD,75.40,76.00,72.82,73.21,73.45,74.94,,73.21,,,717652,53045413.98,6457,F1,1,,,,,
2026-10-05,2026-10-05,CM,NSE,STK,4201,INE314C01013,SOMATEX,EQ,,,,,SOMA TEXTILES & INDUST LT,77.78,77.78,74.50,75.65,76.37,75.76,,75.65,,,5686,430742.13,149,F1,1,,,,,
2026-10-05,2026-10-05,CM,NSE,STK,3880,INE355A01028,SOMANYCERA,EQ,,,,,SOMANY CERAMICS LIMITED,614.00,627.80,608.25,610.90,609.30,614.20,,610.89,,,85158,52576950.45,5319,F1,1,,,,,
2026-10-05,2026-10-05,CM,NSE,STK,17794,INE323J01019,SOMICONVEY,EQ,,,,,SOMI CONVEYOR BELT. LTD.,84.25,88.75,82.90,83.43,83.94,83.73,,83.27,,,78797,6765600.73,1446,F1,1,,,,,
2026-10-05,2026-10-05,CM,NSE,STK,4684,INE073K01018,SONACOMS,EQ,,,,,SONA BLW PRECISION FRGS L,803.75,803.75,785.60,797.00,797.00,805.00,,796.87,,,2049996,1627012919.20,52308,F1,1,,,,,
2026-10-05,2026-10-05,CM,NSE,STK,23052,INE0Q6H01012,SONAMAC,SM,,,,,SONA MACHINERY LIMITED,31.30,31.30,30.05,30.05,30.05,29.85,,30.05,,,4000,123950.00,4,F1,1000,,,,,
2026-10-05,2026-10-05,CM,NSE,STK,8817,INE00LM01029,SONAMLTD,BE,,,,,SONAM LIMITED,70.20,70.20,67.00,69.94,69.99,68.95,,69.94,,,84663,5873730.14,256,F1,1,,,,,
2026-10-05,2026-10-05,CM,NSE,STK,766203,INE0LLZ01011,SONA,BE,,,,,SONASELECTION INDIA LTD,91.00,93.45,88.10,92.60,92.50,92.47,,92.60,,,144824,13255029.78,980,F1,1,,,,,
2026-10-05,2026-10-05,CM,NSE,STK,6596,INE269A01021,SONATSOFTW,EQ,,,,,SONATA SOFTWARE LTD,258.85,263.20,252.30,254.00,253.90,254.05,,254.01,,,963732,247923370.30,26563,F1,1,,,,,
2026-10-05,2026-10-05,CM,NSE,STK,9678,INE980Y01015,SOUTHWEST,EQ,,,,,SOUTH WEST PINNACLE LTD,186.00,201.00,179.45,195.58,201.00,181.70,,195.74,,,377507,72382807.90,6546,F1,1,,,,,
2026-10-05,2026-10-05,CM,NSE,STK,8521,INE0JW501011,SPRL,SM,,,,,SP REFRACTORIES LIMITED,153.50,153.50,140.00,140.25,140.00,146.20,,140.25,,,8000,1163560.00,10,F1,800,,,,,
2026-10-05,2026-10-05,CM,NSE,STK,19372,INE970N01027,SPCENET,EQ,,,,,SPACENET ENTERS IND LTD,3.33,3.38,3.13,3.22,3.20,3.24,,3.22,,,490373,1591196.67,593,F1,1,,,,,
2026-10-05,2026-10-05,CM,NSE,STK,11435,INE572J01011,SPANDANA,EQ,,,,,SPANDANA SPHOORTY FIN LTD,217.00,218.57,211.02,213.52,213.50,216.34,,213.52,,,162492,34755063.08,6638,F1,1,,,,,
2026-10-05,2026-10-05,CM,NSE,STK,27111,INE247M01014,SPECIALITY,BE,,,,,SPECIALITY REST LTD,157.00,157.00,151.00,154.91,153.55,153.50,,154.97,,,17708,2728395.66,171,F1,1,,,,,
2026-10-05,2026-10-05,CM,NSE,STK,766218,INE0GAN01010,SPECTRAA,ST,,,,,SPECTRAA TECH SOLUTIONS L,240.10,250.00,233.10,247.25,248.50,241.10,,247.25,,,84000,20590620.00,66,F1,1200,,,,,
2026-10-05,2026-10-05,CM,NSE,STK,30457,INE01EO01010,SPECTRUM,BE,,,,,SPECTRUM ELECTRIC IND LTD,3898.20,3958.50,3660.80,3839.10,3860.00,3853.40,,3838.19,,,7191,27212212.80,715,F1,1,,,,,
2026-10-05,2026-10-05,CM,NSE,STK,16876,INE0OL001018,SPECTSTM,SM,,,,,SPECTRUM TALENT MGMT LTD,59.90,60.00,58.00,58.95,59.40,59.90,,58.95,,,4000,237440.00,5,F1,800,,,,,
2026-10-05,2026-10-05,CM,NSE,STK,764923,INE252A01019,SPELS,BE,,,,,SPEL SEMICONDUCTOR LTD,118.65,118.65,118.65,118.65,118.65,124.89,,118.68,,,13971,1657659.15,622,F1,1,,,,,
2026-10-05,2026-10-05,CM,NSE,STK,8163,INE020801028,SPENCERS,EQ,,,,,SPENCER S RETAIL LIMITED,26.20,26.80,25.52,26.39,26.30,26.24,,26.39,,,15074,398064.36,207,F1,1,,,,,
2026-10-05,2026-10-05,CM,NSE,STK,3252,INE147A01011,SPIC,EQ,,,,,SPIC LTD,62.05,63.72,61.44,62.19,62.00,62.23,,62.21,,,238526,14848688.11,2629,F1,1,,,,,
2026-10-05,2026-10-05,CM,NSE,STK,11935,INE978G01016,SPLIL,EQ,,,,,SPL INDUSTRIES LIMITED,29.60,29.60,28.01,28.94,28.91,28.50,,28.94,,,8177,237215.10,89,F1,1,,,,,
2026-10-05,2026-10-05,CM,NSE,STK,3321,INE937A01023,SPMLINFRA,EQ,,,,,SPML INFRA LIMITED,159.31,165.90,156.10,158.29,157.96,159.31,,158.29,,,153588,24371229.83,3526,F1,1,,,,,
2026-10-05,2026-10-05,CM,NSE,STK,10733,INE885H01029,SPORTKING,EQ,,,,,SPORTKING INDIA LIMITED,205.10,208.54,192.00,193.53,193.35,208.54,,193.54,,,613909,121763629.87,11782,F1,1,,,,,
2026-10-05,2026-10-05,CM,NSE,STK,25306,INE0QR801013,SPPPOLY,SM,,,,,SPP POLYMER LIMITED,11.90,11.90,11.90,11.90,11.90,11.95,,11.90,,,2000,23800.00,1,F1,2000,,,,,
2026-10-05,2026-10-05,CM,NSE,STK,17186,INE526E01018,SHRIPISTON,EQ,,,,,SPR AUTO TECHNOLOGIES LTD,4550.00,4567.10,4369.00,4398.80,4397.00,4490.50,,4398.87,,,75521,334272798.10,19238,F1,1,,,,,
2026-10-05,2026-10-05,CM,NSE,STK,757865,INE19QH01010,SPUNWEB,SM,,,,,SPUNWEB NONWOVEN LIMITED,99.00,103.00,99.00,102.40,102.80,97.00,,102.40,,,28800,2895780.00,19,F1,1200,,,,,
2026-10-05,2026-10-05,CM,NSE,STK,14582,INE917H01012,SRHHYPOLTD,EQ,,,,,SREE RAYALSEEMA HHP LTD.,548.00,554.95,532.90,537.30,540.00,543.60,,538.01,,,19380,10440533.65,1691,F1,1,,,,,
2026-10-05,2026-10-05,CM,NSE,STK,31841,INE099F01013,SREEL,BE,,,,,SREELEATHERS LIMITED,298.85,298.85,282.20,290.80,291.00,292.60,,290.73,,,9154,2652743.80,171,F1,1,,,,,
2026-10-05,2026-10-05,CM,NSE,STK,3273,INE647A01010,SRF,EQ,,,,,SRF LTD,2484.90,2495.00,2442.00,2460.00,2460.00,2486.20,,2459.97,,,204482,502881482.50,13417,F1,1,,,,,
2026-10-05,2026-10-05,CM,NSE,STK,18119,INE559N01010,SRGHFL,EQ,,,,,SRG HOUSING FINANCE L,137.00,138.65,128.99,128.99,128.99,135.77,,129.11,,,6758,882117.27,228,F1,1,,,,,
2026-10-05,2026-10-05,CM,NSE,STK,7457,INE293B01029,HAVISHA,EQ,,,,,SRI HAVISHA HOSP & INFR L,1.31,1.40,1.31,1.40,1.40,1.35,,1.34,,,13315,17934.28,62,F1,1,,,,,
2026-10-05,2026-10-05,CM,NSE,STK,765168,INE009C01019,SRIKPRIND,BE,,,,,SRI KPR INDUSTRIES LTD.,27.49,27.75,26.12,26.12,26.12,27.49,,26.12,,,3726,99308.60,34,F1,1,,,,,
2026-10-05,2026-10-05,CM,NSE,STK,758147,INE0V9Q01010,LOTUSDEV,BE,,,,,SRI LOTUS DEVLPRS N RTY L,234.00,240.40,227.90,237.89,236.48,230.07,,237.88,,,3260516,759948756.15,5972,F1,1,,,,,
2026-10-05,2026-10-05,CM,NSE,STK,761393,INE0TPJ01019,SPCON,SM,,,,,SRINIBAS PRADHAN CONST L,165.00,165.00,165.00,165.00,165.00,170.00,,165.00,,,16800,2772000.00,5,F1,1200,,,,,
2026-10-05,2026-10-05,CM,NSE,STK,18059,INE0ON201012,SSFL,ST,,,,,SRIVARI SPICES N FOODS L,285.00,288.95,280.00,286.00,286.00,284.95,,286.00,,,5500,1572450.00,10,F1,500,,,,,
2026-10-05,2026-10-05,CM,NSE,STK,14416,INE0NPI01014,SRIVASAVI,ST,,,,,SRIVASAVI ADHESIVE TAPE L,70.20,77.45,70.15,77.45,77.45,73.80,,77.45,,,12000,885950.00,10,F1,1000,,,,,
2026-10-05,2026-10-05,CM,NSE,STK,23402,INE0R6Z01013,SRM,EQ,,,,,SRM CONTRACTORS LIMITED,405.25,405.60,394.10,398.65,396.35,398.75,,398.81,,,35369,14156780.00,2380,F1,1,,,,,
2026-10-05,2026-10-05,CM,NSE,STK,766176,INE1EQW01028,SSRETAIL,EQ,,,,,SS RETAIL LIMITED,712.05,712.05,666.40,677.15,673.90,714.35,,677.55,,,6132724,4215880106.75,162155,F1,1,,,,,
2026-10-05,2026-10-05,CM,NSE,STK,29205,INE0RYC01010,STALLION,BE,,,,,STALLION IND FLUOROCHEM L,231.00,235.00,220.22,224.61,225.50,231.81,,224.65,,,232450,52882823.30,2294,F1,1,,,,,
2026-10-05,2026-10-05,CM,NSE,STK,29075,INE0M4D01010,SETL,EQ,,,,,STANDARD ENGNG TCNLGY LTD,421.70,437.75,417.15,430.05,430.50,416.95,,430.02,,,821094,354564091.95,11148,F1,1,,,,,
2026-10-05,2026-10-05,CM,NSE,STK,11297,INE173A01025,SIL,EQ,,,,,STANDARD INDUSTRIES LTD.,15.51,16.48,15.51,15.98,16.02,15.83,,15.94,,,16385,260990.14,324,F1,1,,,,,
2026-10-05,2026-10-05,CM,NSE,STK,24226,INE01A001028,STANLEY,EQ,,,,,STANLEY LIFESTYLES LTD,136.22,139.05,133.72,135.11,134.11,136.22,,135.11,,,63052,8582477.89,1290,F1,1,,,,,
2026-10-05,2026-10-05,CM,NSE,STK,21091,INE460H01021,STARCEMENT,EQ,,,,,STAR CEMENT LIMITED,178.00,179.28,175.26,176.03,175.50,178.39,,176.02,,,78392,13823039.78,2800,F1,1,,,,,
2026-10-05,2026-10-05,CM,NSE,STK,7083,INE575P01011,STARHEALTH,EQ,,,,,STAR HEALTH & AL INS CO L,535.25,541.60,531.10,535.25,533.75,537.70,,535.24,,,407562,218333727.55,27615,F1,1,,,,,
2026-10-05,2026-10-05,CM,NSE,STK,3291,INE733A01018,STARPAPER,EQ,,,,,STAR PAPER MILLS LTD,151.00,155.51,150.02,152.01,153.00,151.81,,151.68,,,2960,448701.03,134,F1,1,,,,,
2026-10-05,2026-10-05,CM,NSE,STK,9305,INE992I01013,STARTECK,EQ,,,,,STARTECK FINANCE LIMITED,298.00,302.95,265.70,275.45,276.70,290.95,,273.87,,,769,216705.25,122,F1,1,,,,,
2026-10-05,2026-10-05,CM,NSE,STK,3045,INE062A01020,SBIN,EQ,,,,,STATE BANK OF INDIA,959.00,969.45,956.00,958.00,958.00,954.10,,958.00,,,8165087,7844722029.80,180329,F1,1,,,,,
2026-10-05,2026-10-05,CM,NSE,STK,766065,INE0FRO01022,STEAMHOUSE,EQ,,,,,STEAMHOUSE INDIA LIMITED,109.10,110.71,105.85,107.66,107.90,106.51,,107.66,,,2981543,323037169.74,23647,F1,1,,,,,
2026-10-05,2026-10-05,CM,NSE,STK,2963,INE114A01011,SAIL,EQ,,,,,STEEL AUTHORITY OF INDIA,174.21,180.44,173.28,176.95,176.95,174.50,,176.93,,,11407529,2006130026.89,67552,F1,1,,,,,
2026-10-05,2026-10-05,CM,NSE,STK,10406,INE395H01011,STEELCITY,EQ,,,,,STEEL CITY SECURITIES LTD,81.99,83.80,81.50,82.52,82.70,80.11,,82.52,,,5484,450519.15,100,F1,1,,,,,
2026-10-05,2026-10-05,CM,NSE,STK,21339,INE503B01021,STEELXIND,EQ,,,,,STEEL EXCHANGE INDIA LTD,11.23,11.56,11.10,11.12,11.12,11.22,,11.12,,,5966946,66910265.87,5008,F1,1,,,,,
2026-10-05,2026-10-05,CM,NSE,STK,765170,INE205F01016,STLSTRINF,EQ,,,,,STEEL STRIPS INFRA L,22.99,22.99,21.25,22.10,21.25,21.52,,22.10,,,904,20129.27,38,F1,1,,,,,
2026-10-05,2026-10-05,CM,NSE,STK,11829,INE802C01033,SSWL,EQ,,,,,STEEL STRIPS WHEELS LTD.,393.50,412.40,385.20,410.55,408.60,390.80,,410.54,,,1790927,718234736.45,49360,F1,1,,,,,
2026-10-05,2026-10-05,CM,NSE,STK,6803,INE124E01038,STEELCAS,EQ,,,,,STEELCAST LIMITED,359.90,365.40,346.55,363.70,362.55,356.45,,363.66,,,151454,54153062.90,6510,F1,1,,,,,
2026-10-05,2026-10-05,CM,NSE,STK,21484,INE577L01016,STEL,EQ,,,,,STEL HOLDINGS LIMITED,592.00,592.00,559.80,567.70,575.50,574.15,,567.70,,,1993,1134558.55,202,F1,1,,,,,
2026-10-05,2026-10-05,CM,NSE,STK,4299,INE334A01023,STERTOOLS,EQ,,,,,STERLING TOOLS LIMITED,225.50,229.00,218.00,218.78,218.80,224.28,,218.45,,,27222,6062658.28,823,F1,1,,,,,
2026-10-05,2026-10-05,CM,NSE,STK,9313,INE089C01029,STLTECH,BE,,,,,STERLITE TECHNOLOGIES LTD,952.40,1003.10,932.00,1001.25,1003.10,955.35,,1001.23,,,3877431,3806895194.95,72106,F1,1,,,,,
2026-10-05,2026-10-05,CM,NSE,STK,13367,INE353H01010,SGL,EQ,,,,,STL GLOBAL LIMITED,8.56,8.84,8.56,8.84,8.84,8.50,,8.84,,,22642,194838.28,60,F1,1,,,,,
2026-10-05,2026-10-05,CM,NSE,STK,758958,INE1VXE01018,STLNETWORK,EQ,,,,,STL NETWORKS LIMITED,47.00,47.00,44.83,44.84,44.83,47.18,,44.84,,,13766834,623216301.31,17511,F1,1,,,,,
2026-10-05,2026-10-05,CM,NSE,STK,2107,INE00IN01015,STOVEKRAFT,EQ,,,,,STOVE KRAFT LIMITED,815.00,827.30,802.70,806.40,807.00,809.15,,806.37,,,49778,40602668.55,4787,F1,1,,,,,
2026-10-05,2026-10-05,CM,NSE,STK,761091,INE1XWN01017,STRIDERS,SM,,,,,STRIDERS IMPEX LIMITED,50.40,51.65,50.40,51.65,51.65,49.95,,51.65,,,3200,163280.00,2,F1,1600,,,,,
2026-10-05,2026-10-05,CM,NSE,STK,7374,INE939A01011,STAR,EQ,,,,,STRIDES PHARMA SCI LTD,1087.00,1109.90,1077.60,1086.70,1083.00,1084.80,,1086.65,,,108287,118240268.30,14181,F1,1,,,,,
2026-10-05,2026-10-05,CM,NSE,STK,12489,INE00M201021,SWSOLAR,EQ,,,,,STRLNG & WIL REN ENE LTD,165.00,167.44,163.00,163.72,163.25,164.82,,163.73,,,914130,150700329.59,13038,F1,1,,,,,
2026-10-05,2026-10-05,CM,NSE,STK,759587,INE00Q601028,STUDDS,EQ,,,,,STUDDS ACCESSORIES LTD,396.80,410.85,395.15,403.10,402.05,399.85,,403.11,,,45793,18407360.95,2961,F1,1,,,,,
2026-10-05,2026-10-05,CM,NSE,STK,758527,INE17VO01028,STUDIOLSD,SM,,,,,STUDIO LSD LIMITED,8.55,8.95,8.50,8.55,8.70,8.80,,8.55,,,58000,499100.00,22,F1,2000,,,,,
2026-10-05,2026-10-05,CM,NSE,STK,5186,INE239C01020,STYLAMIND,EQ,,,,,STYLAM INDUSTRIES LIMITED,3268.00,3341.00,3218.10,3325.20,3315.00,3219.90,,3325.17,,,37896,124697237.70,10155,F1,1,,,,,
2026-10-05,2026-10-05,CM,NSE,STK,19,INE189B01011,STYRENIX,EQ,,,,,STYRENIX PERFORMANCE LTD,2064.90,2066.10,1996.10,2015.00,2040.00,2055.00,,2015.08,,,40911,82765036.60,5335,F1,1,,,,,
2026-10-05,2026-10-05,CM,NSE,STK,760112,INE0RYR01018,SUBAHOTELS,SM,,,,,SUBA HOTELS LIMITED,93.95,94.00,90.05,90.95,91.95,92.45,,90.95,,,18000,1661460.00,15,F1,1200,,,,,
2026-10-05,2026-10-05,CM,NSE,STK,967,INE754A01055,SUBEXLTD,EQ,,,,,SUBEX LTD,19.50,20.24,19.11,19.21,19.25,19.34,,19.21,,,8970071,175937443.42,24382,F1,1,,,,,
2026-10-05,2026-10-05,CM,NSE,STK,3324,INE287B01021,SUBROS,EQ,,,,,SUBROS LIMITED,680.10,697.50,672.90,675.85,675.00,684.90,,675.76,,,34316,23306998.35,3064,F1,1,,,,,
2026-10-05,2026-10-05,CM,NSE,STK,3327,INE659A01023,SUDARSCHEM,EQ,,,,,SUDARSHAN CHEMICAL INDS L,1245.00,1260.00,1224.10,1229.20,1231.00,1241.50,,1229.27,,,131105,162231601.00,11562,F1,1,,,,,
2026-10-05,2026-10-05,CM,NSE,STK,715,INE492A01029,SUDARCOLOR,EQ,,,,,SUDARSHAN COLORNT IND LTD,365.10,379.85,365.10,365.65,365.60,368.10,,365.65,,,2203,818022.20,155,F1,1,,,,,
2026-10-05,2026-10-05,CM,NSE,STK,760039,INE0QPI01025,SUDEEPPHRM,EQ,,,,,SUDEEP PHARMA LIMITED,1220.00,1247.90,1155.10,1173.40,1179.00,1199.80,,1173.32,,,159743,190764277.30,18612,F1,1,,,,,
2026-10-05,2026-10-05,CM,NSE,STK,11804,INE450E01029,SUKHJITS,EQ,,,,,SUKHJIT STARCH & CHEM LTD,155.80,155.89,149.08,150.98,149.41,150.93,,150.94,,,6500,980024.76,289,F1,1,,,,,
2026-10-05,2026-10-05,CM,NSE,STK,13218,INE142Q01026,SULA,EQ,,,,,SULA VINEYARDS LIMITED,132.00,133.73,131.41,132.33,132.49,130.94,,132.33,,,130210,17228792.05,3338,F1,1,,,,,
2026-10-05,2026-10-05,CM,NSE,STK,765507,INE11Z001019,SUMAX,SM,,,,,SUMAX ENGINEERING LIMITED,101.25,102.25,96.10,101.30,99.40,101.25,,101.30,,,129600,12922500.00,104,F1,1200,,,,,
2026-10-05,2026-10-05,CM,NSE,STK,765175,INE886B01012,SUMEDHA,EQ,,,,,SUMEDHA FISCAL SERVICES L,43.00,43.75,40.15,42.00,42.00,43.42,,42.07,,,2721,115247.21,64,F1,1,,,,,
2026-10-05,2026-10-05,CM,NSE,STK,20790,INE235C01036,SUMEETINDS,EQ,,,,,SUMEET IND LIMITED,10.60,10.89,10.40,10.89,10.89,10.38,,10.91,,,599994,6409445.73,924,F1,1,,,,,
2026-10-05,2026-10-05,CM,NSE,STK,11140,INE748Z01013,SUMIT,EQ,,,,,SUMIT WOODS LIMITED,51.50,51.50,48.10,50.64,51.00,47.76,,50.64,,,53301,2687611.21,221,F1,1,,,,,
2026-10-05,2026-10-05,CM,NSE,STK,17105,INE258G01013,SUMICHEM,EQ,,,,,SUMITOMO CHEM INDIA LTD,418.45,428.40,411.15,414.70,411.55,417.60,,414.70,,,290766,121021553.30,19904,F1,1,,,,,
2026-10-05,2026-10-05,CM,NSE,STK,21275,INE519C01017,SUMMITSEC,EQ,,,,,SUMMIT SECURITIES LTD,1315.00,1340.90,1305.00,1314.80,1311.00,1315.50,,1314.32,,,1590,2099348.80,411,F1,1,,,,,
2026-10-05,2026-10-05,CM,NSE,STK,14788,INE232I01014,SPARC,EQ,,,,,SUN PHARMA ADV.RES.CO.LTD,194.56,201.59,190.20,191.26,191.90,194.13,,191.21,,,837807,162243152.05,18280,F1,1,,,,,
2026-10-05,2026-10-05,CM,NSE,STK,3351,INE044A01036,SUNPHARMA,EQ,,,,,SUN PHARMACEUTICAL IND L,1785.00,1802.90,1776.70,1779.70,1779.70,1801.00,,1779.71,,,1290843,2304642398.30,66769,F1,1,,,,,
2026-10-05,2026-10-05,CM,NSE,STK,13404,INE424H01027,SUNTV,EQ,,,,,SUN TV NETWORK LIMITED,597.00,635.80,595.20,626.85,618.00,599.90,,626.88,,,4762809,2974533684.40,95633,F1,1,,,,,
2026-10-05,2026-10-05,CM,NSE,STK,4179,INE073D01013,SUNDRMBRAK,EQ,,,,,SUNDARAM BRAK LININGS LTD,693.40,728.00,678.00,681.30,678.00,669.95,,681.30,,,1510,1049207.05,120,F1,1,,,,,
2026-10-05,2026-10-05,CM,NSE,STK,20956,INE0Q3R01026,SUNCLAY,EQ,,,,,SUNDARAM CLAYTON LIMITED,1192.20,1209.00,1172.00,1174.80,1172.70,1183.00,,1174.80,,,5222,6204039.00,471,F1,1,,,,,
2026-10-05,2026-10-05,CM,NSE,STK,3339,INE660A01013,SUNDARMFIN,EQ,,,,,SUNDARAM FINANCE LTD,4400.00,4428.90,4222.30,4268.40,4255.00,4395.90,,4268.38,,,52587,225457283.00,14449,F1,1,,,,,
2026-10-05,2026-10-05,CM,NSE,STK,18931,INE108E01023,SUNDARAM,EQ,,,,,SUNDARAM MULTI PAP LTD,1.11,1.11,1.07,1.09,1.09,1.08,,1.10,,,354338,388341.97,382,F1,1,,,,,
2026-10-05,2026-10-05,CM,NSE,STK,3345,INE387A01021,SUNDRMFAST,EQ,,,,,SUNDRAM FASTENERS LTD,1128.90,1138.00,1110.10,1115.60,1114.60,1123.60,,1115.59,,,72126,80543109.70,10393,F1,1,,,,,
2026-10-05,2026-10-05,CM,NSE,STK,761202,INE0CTB01014,SOCL,SM,,,,,SUNDREX OIL COMPANY LTD,28.60,28.60,27.20,28.50,28.50,28.60,,28.50,,,80000,2271520.00,16,F1,1600,,,,,
2026-10-05,2026-10-05,CM,NSE,STK,1663,INE209A01019,SUNDROP,EQ,,,,,SUNDROP BRANDS LIMITED,749.40,758.00,740.30,748.60,751.00,753.15,,748.59,,,12847,9623431.00,429,F1,1,,,,,
2026-10-05,2026-10-05,CM,NSE,STK,3348,INE947A01014,SUNFLAG,EQ,,,,,SUNFLAG IRON AND STEEL CO,442.00,455.15,412.20,455.00,455.15,433.50,,454.92,,,820271,360501204.40,15600,F1,1,,,,,
2026-10-05,2026-10-05,CM,NSE,STK,18264,INE0O3O01017,SEL,SM,,,,,SUNGARNER ENERGIES LTD,320.00,320.00,320.00,320.00,320.00,310.10,,320.00,,,800,256000.00,4,F1,200,,,,,
2026-10-05,2026-10-05,CM,NSE,STK,765180,INE671C01016,SUNLOC,EQ,,,,,SUNIL HEALTHCARE LTD.,73.90,73.90,66.01,68.00,67.66,70.10,,67.33,,,221,15019.28,15,F1,1,,,,,
2026-10-05,2026-10-05,CM,NSE,STK,24868,INE0U2N01013,SUNLITE,SM,,,,,SUNLITE RECYCLING IND LTD,660.00,689.00,640.00,656.20,651.00,644.40,,656.20,,,18600,12197775.00,61,F1,300,,,,,
2026-10-05,2026-10-05,CM,NSE,STK,764925,INE671K01027,SUNRAKSHAK,EQ,,,,,SUNRAKSHAKK INDUS IND L,361.35,370.00,350.00,356.05,357.00,358.90,,356.05,,,15697,5583227.15,478,F1,1,,,,,
2026-10-05,2026-10-05,CM,NSE,STK,764930,INE199E01014,SUNSHIEL,EQ,,,,,SUNSHIELD CHEMICALS LTD.,1088.00,1100.00,1070.10,1097.00,1099.90,1059.00,,1097.66,,,1725,1880778.40,211,F1,1,,,,,
2026-10-05,2026-10-05,CM,NSE,STK,765387,INE1B3O01011,SUNSHINE,EQ,,,,,SUNSHINE PICTURES LIMITED,453.55,467.85,443.35,447.55,447.10,453.00,,447.57,,,155851,70520409.60,4705,F1,1,,,,,
2026-10-05,2026-10-05,CM,NSE,STK,757763,INE0SGZ01016,SUNTECH,SM,,,,,SUNTECH INFRA SOLUTIONS L,35.50,35.50,35.50,35.50,35.50,36.75,,35.50,,,1600,56800.00,1,F1,1600,,,,,
2026-10-05,2026-10-05,CM,NSE,STK,17641,INE805D01034,SUNTECK,EQ,,,,,SUNTECK REALTY LIMITED,280.90,282.25,276.60,278.15,279.50,279.45,,278.14,,,85315,23798509.50,3240,F1,1,,,,,
2026-10-05,2026-10-05,CM,NSE,STK,8931,INE662A01027,SUPERSPIN,BE,,,,,SUPER SPINNING MILLS LTD,7.51,7.79,7.25,7.26,7.25,7.51,,7.26,,,13257,96465.93,37,F1,1,,,,,
2026-10-05,2026-10-05,CM,NSE,STK,764938,INE460D01038,SUPTANERY,BE,,,,,SUPER TANNERY LTD.,7.90,8.19,7.66,7.69,7.79,8.06,,7.69,,,301228,2329779.20,589,F1,1,,,,,
2026-10-05,2026-10-05,CM,NSE,STK,20616,INE712B01010,SUPERHOUSE,EQ,,,,,SUPERHOUSE LIMITED,154.66,158.00,154.00,155.88,154.15,154.66,,157.06,,,2166,336084.89,105,F1,1,,,,,
2026-10-05,2026-10-05,CM,NSE,STK,3147,INE843L01012,SIEL,EQ,,,,,SUPERIOR INDUSTRIAL ENT L,31.00,31.00,30.05,31.00,31.00,30.46,,31.04,,,209,6467.13,10,F1,1,,,,,
2026-10-05,2026-10-05,CM,NSE,STK,11689,INE399C01030,SUPRAJIT,EQ,,,,,SUPRAJIT ENGINEERING LTD,483.00,483.05,458.15,461.50,461.10,481.05,,461.44,,,78523,36636029.45,8543,F1,1,,,,,
2026-10-05,2026-10-05,CM,NSE,STK,758997,INE319Z01021,SUPREMEENG,BZ,,,,,SUPREME ENGINEERING LTD,4.32,4.32,4.32,4.32,4.32,4.24,,4.32,,,331848,1433583.36,111,F1,1,,,,,
2026-10-05,2026-10-05,CM,NSE,STK,29439,INE822E01011,SUPREME,EQ,,,,,SUPREME HOLDIN N HOSP I L,32.00,32.50,30.50,30.91,31.25,31.08,,30.88,,,6225,196990.78,127,F1,1,,,,,
2026-10-05,2026-10-05,CM,NSE,STK,3363,INE195A01028,SUPREMEIND,EQ,,,,,SUPREME INDUSTRIES LTD,3391.00,3430.90,3370.00,3398.90,3398.90,3380.00,,3398.83,,,53297,180671012.80,12199,F1,1,,,,,
2026-10-05,2026-10-05,CM,NSE,STK,15002,INE550H01011,SUPREMEINF,EQ,,,,,SUPREME INFRA. LTD.,66.00,67.65,60.61,61.59,61.00,66.94,,61.60,,,87421,5574573.03,1664,F1,1,,,,,
2026-10-05,2026-10-05,CM,NSE,STK,9617,INE663A01033,SPLPETRO,EQ,,,,,SUPREME PETROCHEM LIMITED,780.45,805.00,768.30,798.35,793.00,780.45,,798.33,,,205144,161985924.90,18601,F1,1,,,,,
2026-10-05,2026-10-05,CM,NSE,STK,21067,INE0QHG01026,SUPREMEPWR,SM,,,,,SUPREME POWER EQUIPMENT L,214.95,228.00,210.00,227.25,227.85,208.40,,227.25,,,192500,43016925.00,359,F1,500,,,,,
2026-10-05,2026-10-05,CM,NSE,STK,7390,INE07RO01027,SUPRIYA,EQ,,,,,SUPRIYA LIFESCIENCE LTD,938.65,944.95,882.20,899.55,902.00,931.00,,899.56,,,349024,313910020.95,22581,F1,1,,,,,
2026-10-05,2026-10-05,CM,NSE,STK,20822,INE843S01025,SURAJEST,EQ,,,,,SURAJ ESTATE DEVELOPERS L,200.00,215.00,200.00,208.40,210.65,200.15,,208.38,,,145545,30470400.84,3573,F1,1,,,,,
2026-10-05,2026-10-05,CM,NSE,STK,24966,INE713C01016,SURAJLTD,EQ,,,,,SURAJ LIMITED,193.50,195.02,191.25,191.50,193.00,193.51,,191.67,,,1033,199884.20,17,F1,1,,,,,
2026-10-05,2026-10-05,CM,NSE,STK,27334,INE877V01027,SURAKSHA,EQ,,,,,SURAKSHA DIAGNOSTIC LTD,353.95,354.00,330.50,331.85,331.00,350.15,,331.81,,,69134,23290968.40,2782,F1,1,,,,,
2026-10-05,2026-10-05,CM,NSE,STK,21077,INE272L01022,SURANASOL,EQ,,,,,SURANA SOLAR LIMITED,24.45,24.55,24.00,24.07,24.00,24.15,,24.08,,,19944,482855.62,369,F1,1,,,,,
2026-10-05,2026-10-05,CM,NSE,STK,10700,INE130B01031,SURANAT&P,EQ,,,,,SURANA TELECOM AND POW LT,16.00,16.19,15.59,15.65,15.60,15.98,,15.59,,,41243,648978.48,379,F1,1,,,,,
2026-10-05,2026-10-05,CM,NSE,STK,8513,INE01ZJ01015,SURANI,SM,,,,,SURANI STEEL TUBES LTD.,114.90,120.05,114.90,120.05,120.05,100.05,,120.05,,,35800,4286230.00,56,F1,200,,,,,
2026-10-05,2026-10-05,CM,NSE,STK,14139,INE05ST01028,SBGLP,EQ,,,,,SURATWWALA BUS GROUP LTD,22.56,23.93,22.56,23.11,23.13,22.75,,23.11,,,35623,821133.67,241,F1,1,,,,,
2026-10-05,2026-10-05,CM,NSE,STK,3375,INE335A01020,SURYAROSNI,EQ,,,,,SURYA ROSHNI LTD,221.90,226.06,219.76,220.41,220.25,220.67,,220.41,,,530488,117774256.86,10306,F1,1,,,,,
2026-10-05,2026-10-05,CM,NSE,STK,11852,INE713B01026,SURYALAXMI,EQ,,,,,SURYALAKSHMI COT MIL LTD,56.50,59.66,56.50,57.50,57.50,56.07,,57.50,,,2555,146385.67,44,F1,1,,,,,
2026-10-05,2026-10-05,CM,NSE,STK,762924,INE132C01027,SURYALA,EQ,,,,,SURYALATA SPINNING MILL L,377.50,379.85,376.20,377.15,376.20,377.50,,377.17,,,220,83114.20,12,F1,1,,,,,
2026-10-05,2026-10-05,CM,NSE,STK,2970,INE428Q01011,SURYODAY,EQ,,,,,SURYODAY SMALL FIN BK LTD,145.00,150.19,144.04,146.86,147.25,143.55,,146.86,,,549974,81012233.84,9419,F1,1,,,,,
2026-10-05,2026-10-05,CM,NSE,STK,13801,INE645H01027,SUTLEJTEX,EQ,,,,,SUTLEJ TEXT & INDUS LTD,37.50,40.39,35.52,36.97,36.70,36.24,,36.98,,,80117,3086939.79,897,F1,1,,,,,
2026-10-05,2026-10-05,CM,NSE,STK,11233,INE495B01038,SUVEN,EQ,,,,,SUVEN LIFE SCIENCES LTD,309.00,316.00,305.20,306.30,305.40,308.30,,306.28,,,303251,93351349.45,11980,F1,1,,,,,
2026-10-05,2026-10-05,CM,NSE,STK,2998,INE018401013,SUVIDHAA,EQ,,,,,SUVIDHAA INFOSERVE LTD,2.12,2.14,2.09,2.10,2.09,2.07,,2.10,,,61791,130560.30,168,F1,1,,,,,
2026-10-05,2026-10-05,CM,NSE,STK,24851,INE442P01014,SUYOG,EQ,,,,,SUYOG TELEMATICS LIMITED,690.05,694.95,653.90,664.25,653.90,689.90,,663.84,,,9336,6289095.55,857,F1,1,,,,,
2026-10-05,2026-10-05,CM,NSE,STK,12018,INE040H01021,SUZLON,EQ,,,,,SUZLON ENERGY LIMITED,39.00,39.46,38.75,38.92,38.92,38.91,,38.92,,,51123556,1997899947.53,83881,F1,1,,,,,
2026-10-05,2026-10-05,CM,NSE,STK,5020,INE308E01029,SVPGLOB,EQ,,,,,SVP GLOBAL TEXTILES LTD,3.10,3.17,2.95,3.03,3.03,3.10,,3.04,,,54165,163917.90,126,F1,1,,,,,
2026-10-05,2026-10-05,CM,NSE,STK,27095,INE665A01038,SWANCORP,EQ,,,,,SWAN CORP LIMITED,276.90,276.90,261.70,262.90,262.40,272.80,,262.90,,,1059779,281826958.80,22422,F1,1,,,,,
2026-10-05,2026-10-05,CM,NSE,STK,29164,INE542F01020,SWANDEF,BE,,,,,SWAN DEFENCE N HEVY IND L,2700.00,2744.90,2600.00,2728.80,2670.00,2718.20,,2728.72,,,13839,37444433.70,999,F1,1,,,,,
2026-10-05,2026-10-05,CM,NSE,STK,3384,INE277A01016,SWARAJENG,EQ,,,,,SWARAJ ENGINES LTD,3559.90,3573.30,3510.00,3532.20,3549.90,3542.70,,3532.17,,,8535,30148657.50,2518,F1,1,,,,,
2026-10-05,2026-10-05,CM,NSE,STK,764496,INE0GMR01016,SWARAJ,BE,,,,,SWARAJ SUITING LIMITED,375.00,380.00,362.00,369.80,369.95,377.55,,368.17,,,69431,25580476.65,237,F1,1,,,,,
2026-10-05,2026-10-05,CM,NSE,STK,765185,INE967A01012,SWARNSAR,EQ,,,,,SWARNSARITA JEWELS IND L,38.55,40.74,38.55,40.14,39.30,38.44,,40.13,,,5190,203704.09,50,F1,1,,,,,
2026-10-05,2026-10-05,CM,NSE,STK,766301,INE1QJA01015,SWASTIKAIN,BE,,,,,SWASTIKA INFRA LIMITED,208.10,215.00,204.76,208.47,206.00,215.53,,208.55,,,435758,90409644.53,3724,F1,1,,,,,
2026-10-05,2026-10-05,CM,NSE,STK,11909,INE409B01013,SWELECTES,EQ,,,,,SWELECT ENERGY SYS LTD,587.80,611.00,587.80,600.10,601.85,592.90,,600.10,,,22535,13522735.60,1233,F1,1,,,,,
2026-10-05,2026-10-05,CM,NSE,STK,27066,INE00H001014,SWIGGY,EQ,,,,,SWIGGY LIMITED,239.20,246.30,237.40,238.80,238.80,238.00,,238.79,,,11179271,2694846099.70,51709,F1,1,,,,,
2026-10-05,2026-10-05,CM,NSE,STK,765193,INE010C01025,SWISSMLTRY,BE,,,,,SWISS MILITARY CON GOOD L,14.39,14.39,13.91,14.16,14.20,13.95,,14.17,,,31419,442833.33,228,F1,1,,,,,
2026-10-05,2026-10-05,CM,NSE,STK,765485,INE899I01028,SYMBIOTEC,EQ,,,,,SYMBIOTEC PHARMALAB LTD,1205.20,1230.00,1155.00,1169.70,1166.00,1198.00,,1169.66,,,730965,859902272.50,44615,F1,1,,,,,
2026-10-05,2026-10-05,CM,NSE,STK,24190,INE225D01027,SYMPHONY,EQ,,,,,SYMPHONY LIMITED,571.70,579.85,557.00,559.45,560.00,571.70,,559.44,,,58122,32695305.95,7345,F1,1,,,,,
2026-10-05,2026-10-05,CM,NSE,STK,11992,INE312C01025,SYNCOMF,EQ,,,,,SYNCOM FORMU (I) LTD,24.01,24.70,22.70,23.14,23.04,23.96,,23.14,,,20341146,480583055.57,35760,F1,1,,,,,
2026-10-05,2026-10-05,CM,NSE,STK,5114,INE00QT01015,SGIL,EQ,,,,,SYNERGY GREEN IND. LTD,605.00,632.30,596.00,603.00,600.00,613.85,,603.00,,,4999,3046797.80,524,F1,1,,,,,
2026-10-05,2026-10-05,CM,NSE,STK,10243,INE398R01022,SYNGENE,EQ,,,,,SYNGENE INTERNATIONAL LTD,361.00,364.45,355.55,357.40,356.85,361.30,,357.41,,,327748,117414704.90,18166,F1,1,,,,,
2026-10-05,2026-10-05,CM,NSE,STK,10793,INE0DYJ01015,SYRMA,EQ,,,,,SYRMA SGS TECHNOLOGY LTD,1739.70,1757.70,1692.30,1700.40,1702.80,1717.90,,1700.34,,,846292,1453850321.90,50545,F1,1,,,,,
2026-10-05,2026-10-05,CM,NSE,STK,14506,INE0O7R01011,SYSTANGO,SM,,,,,SYSTANGO TECHNOLOGIES LTD,217.05,219.95,213.25,215.30,215.10,219.30,,215.30,,,19600,4234480.00,47,F1,400,,,,,
2026-10-05,2026-10-05,CM,NSE,STK,759358,INE356B01024,SYSTMTXC,BE,,,,,SYSTEMATIX CORP SERVICE L,73.96,73.96,72.50,73.50,73.50,73.96,,73.50,,,8692,632456.90,25,F1,1,,,,,
2026-10-05,2026-10-05,CM,NSE,STK,764955,INE284B01028,TGVSL,EQ,,,,,T G V SRAAC LTD.,123.12,127.50,120.25,121.99,121.50,116.38,,122.00,,,1302916,161828652.43,18098,F1,1,,,,,
2026-10-05,2026-10-05,CM,NSE,STK,14314,INE592B01024,TTL,EQ,,,,,T T LIMITED,8.00,8.00,7.65,7.77,7.80,7.85,,7.77,,,116374,904600.10,364,F1,1,,,,,
2026-10-05,2026-10-05,CM,NSE,STK,762929,INE524T01029,TAALTECH,EQ,,,,,TAAL TECH LTD.,965.00,976.30,922.10,929.70,934.80,944.00,,929.81,,,16399,15339371.20,2394,F1,1,,,,,
2026-10-05,2026-10-05,CM,NSE,STK,23441,INE0SOY01013,TAC,ST,,,,,TAC INFOSEC LIMITED,376.05,395.00,371.05,389.75,389.90,386.40,,389.75,,,70600,26983650.00,281,F1,200,,,,,
2026-10-05,2026-10-05,CM,NSE,STK,3396,INE123C01018,TAINWALCHM,EQ,,,,,TAINWALA CHEMICAL AND PLA,202.30,205.45,195.50,197.18,195.50,203.29,,197.23,,,2765,554469.29,81,F1,1,,,,,
2026-10-05,2026-10-05,CM,NSE,STK,9354,INE586B01026,TAJGVK,EQ,,,,,TAJ GVK HOTELS & RESORTS,314.80,325.00,312.35,315.30,315.00,314.90,,315.29,,,33436,10550014.90,2470,F1,1,,,,,
2026-10-05,2026-10-05,CM,NSE,STK,14917,INE142I01023,TAKE,EQ,,,,,TAKE LIMITED,12.65,12.90,12.02,12.06,12.02,12.65,,12.06,,,1017472,12377944.63,2096,F1,1,,,,,
2026-10-05,2026-10-05,CM,NSE,STK,13648,INE187D01029,TALBROAUTO,EQ,,,,,TALBROS AUTO. COMP. LTD,421.00,422.45,408.00,416.45,417.30,419.70,,416.45,,,115228,47716171.70,6004,F1,1,,,,,
2026-10-05,2026-10-05,CM,NSE,STK,762937,INE864J01012,TAMBOLIIN,BE,,,,,TAMBOLI INDUSTRIES LTD.,291.00,303.00,287.05,296.05,303.00,290.00,,296.05,,,7199,2134723.20,31,F1,1,,,,,
2026-10-05,2026-10-05,CM,NSE,STK,10945,INE668A01016,TMB,EQ,,,,,TAMILNAD MERCA BANK LTD,872.50,917.60,870.00,886.25,880.80,872.05,,886.23,,,420110,376773732.35,37417,F1,1,,,,,
2026-10-05,2026-10-05,CM,NSE,STK,3980,INE107A01015,TNPL,EQ,,,,,TAMILNADU NEWSPRT & PAPER,148.30,151.87,146.04,146.49,147.40,147.63,,146.49,,,73341,10810284.42,1924,F1,1,,,,,
2026-10-05,2026-10-05,CM,NSE,STK,3509,INE148A01019,TNPETRO,EQ,,,,,TAMILNADU PETROPRODUCTS L,124.50,127.48,122.50,122.75,123.45,123.18,,122.75,,,631775,78938330.63,15486,F1,1,,,,,
2026-10-05,2026-10-05,CM,NSE,STK,9884,INE141D01018,TNTELE,BE,,,,,TAMILNADU TELECOMMUNICATI,11.00,11.00,10.99,10.99,10.99,11.56,,10.99,,,6468,71090.53,77,F1,1,,,,,
2026-10-05,2026-10-05,CM,NSE,STK,764945,INE692C01020,TANAA,EQ,,,,,TANEJA AEROSPACE & AVIA L,329.00,339.90,311.30,314.35,314.10,324.15,,314.27,,,45802,14745053.50,2835,F1,1,,,,,
2026-10-05,2026-10-05,CM,NSE,STK,756338,INE0Z7N01017,TANKUP,ST,,,,,TANKUP ENGINEERS LIMITED,1824.15,1824.15,1752.65,1752.65,1752.65,1788.40,,1752.65,,,12750,23132562.50,19,F1,250,,,,,
2026-10-05,2026-10-05,CM,NSE,STK,13976,INE483C01032,TANLA,EQ,,,,,TANLA PLATFORMS LIMITED,492.05,496.00,486.10,488.00,489.00,487.75,,488.00,,,178184,87365004.80,10248,F1,1,,,,,
2026-10-05,2026-10-05,CM,NSE,STK,23512,INE555Z01020,TARACHAND,EQ,,,,,TARA CHAND INFRA SOLN LTD,47.50,47.90,46.25,46.47,46.50,46.35,,46.47,,,69725,3248968.88,943,F1,1,,,,,
2026-10-05,2026-10-05,CM,NSE,STK,18827,INE747K01017,TARAPUR,EQ,,,,,TARAPUR TRANSFORMERS LTD,12.10,12.18,11.13,11.58,11.50,12.20,,11.53,,,19202,226110.03,153,F1,1,,,,,
2026-10-05,2026-10-05,CM,NSE,STK,1581,INE0EK901012,TARC,EQ,,,,,TARC LIMITED,125.21,126.99,122.40,122.84,123.13,125.58,,122.83,,,267733,33437281.44,2349,F1,1,,,,,
2026-10-05,2026-10-05,CM,NSE,STK,14771,INE924H01018,TARMAT,EQ,,,,,TARMAT LIMITED,57.60,58.60,55.02,56.20,56.11,57.23,,56.20,,,10805,609833.14,267,F1,1,,,,,
2026-10-05,2026-10-05,CM,NSE,STK,6943,INE144Z01023,TARSONS,EQ,,,,,TARSONS PRODUCTS LIMITED,329.50,343.45,327.05,335.95,335.00,329.40,,335.94,,,109967,37117119.75,5107,F1,1,,,,,
2026-10-05,2026-10-05,CM,NSE,STK,20092,INE488B01017,TASTYBITE,EQ,,,,,TASTY BITE EATABLES LTD,9415.00,9509.00,9300.00,9377.50,9509.00,9453.50,,9372.40,,,753,7065089.00,363,F1,1,,,,,
2026-10-05,2026-10-05,CM,NSE,STK,759265,INE976I01016,TATACAP,EQ,,,,,TATA CAPITAL LIMITED,319.30,322.85,317.00,317.60,317.00,319.30,,317.61,,,1021767,326144598.00,34700,F1,1,,,,,
2026-10-05,2026-10-05,CM,NSE,STK,3405,INE092A01019,TATACHEM,EQ,,,,,TATA CHEMICALS LTD,607.80,629.90,603.50,617.40,618.00,607.80,,617.38,,,953155,587719180.30,31971,F1,1,,,,,
2026-10-05,2026-10-05,CM,NSE,STK,3721,INE151A01013,TATACOMM,EQ,,,,,TATA COMMUNICATIONS LTD,1683.00,1697.60,1647.70,1677.20,1680.00,1683.00,,1677.17,,,88150,147556532.90,12848,F1,1,,,,,
2026-10-05,2026-10-05,CM,NSE,STK,11536,INE467B01029,TCS,EQ,,,,,TATA CONSULTANCY SERV LT,2114.00,2140.90,2063.60,2114.40,2114.40,2075.00,,2114.35,,,5270768,11105249135.70,158717,F1,1,,,,,
2026-10-05,2026-10-05,CM,NSE,STK,3432,INE192A01025,TATACONSUM,EQ,,,,,TATA CONSUMER PRODUCT LTD,953.85,962.00,945.00,953.75,953.75,957.00,,953.75,,,1540341,1464765245.00,64465,F1,1,,,,,
2026-10-05,2026-10-05,CM,NSE,STK,3411,INE670A01012,TATAELXSI,EQ,,,,,TATA ELXSI LIMITED,3130.50,3148.40,3070.10,3105.00,3105.00,3092.80,,3102.83,,,237392,736506929.20,29801,F1,1,,,,,
2026-10-05,2026-10-05,CM,NSE,STK,1621,INE672A01026,TATAINVEST,EQ,,,,,TATA INVESTMENT CORP LTD,618.05,628.40,614.00,621.75,622.05,615.05,,621.72,,,257410,159891635.90,17334,F1,1,,,,,
2026-10-05,2026-10-05,CM,NSE,STK,759782,INE1TAE01010,TMCV,EQ,,,,,TATA MOTORS LIMITED,415.50,428.85,412.70,426.80,425.95,415.50,,426.80,,,8038049,3388027545.60,126226,F1,1,,,,,
2026-10-05,2026-10-05,CM,NSE,STK,3456,INE155A01022,TMPV,EQ,,,,,TATA MOTORS PASS VEH LTD,280.10,289.80,278.95,288.65,288.65,279.40,,288.63,,,13512719,3865354340.40,146402,F1,1,,,,,
2026-10-05,2026-10-05,CM,NSE,STK,3426,INE245A01021,TATAPOWER,EQ,,,,,TATA POWER CO LTD,350.15,353.95,348.00,351.50,351.50,350.15,,351.50,,,2763239,968363231.85,38647,F1,1,,,,,
2026-10-05,2026-10-05,CM,NSE,STK,3499,INE081A01020,TATASTEEL,EQ,,,,,TATA STEEL LIMITED,179.28,181.28,177.02,178.14,178.14,178.00,,178.14,,,20426029,3646243632.34,161493,F1,1,,,,,
2026-10-05,2026-10-05,CM,NSE,STK,20293,INE142M01025,TATATECH,EQ,,,,,TATA TECHNOLOGIES LIMITED,705.40,716.70,695.00,697.55,698.50,698.80,,697.58,,,615981,434425851.40,38143,F1,1,,,,,
2026-10-05,2026-10-05,CM,NSE,STK,8954,INE517B01013,TTML,EQ,,,,,TATA TELESERV(MAHARASTRA),34.60,34.80,33.91,34.33,34.19,34.82,,34.33,,,2248833,76976162.73,14559,F1,1,,,,,
2026-10-05,2026-10-05,CM,NSE,STK,7838,INF277K015R5,NETF,EQ,,,,,TATAAML - NETF,253.79,253.79,243.16,246.03,247.90,247.60,,246.03,,,5909,1455221.75,304,F1,1,,,,,
2026-10-05,2026-10-05,CM,NSE,STK,12978,INF277K010X4,NPBET,EQ,,,,,TATAAML - NPBET,277.60,282.60,276.10,276.10,276.10,277.60,,276.10,,,730,203228.24,45,F1,1,,,,,
2026-10-05,2026-10-05,CM,NSE,STK,8882,INF277KA1364,TNIDETF,EQ,,,,,TATAAML - TNIDETF,82.95,84.48,79.60,83.14,82.62,81.50,,83.14,,,638358,53603987.66,1110,F1,1,,,,,
2026-10-05,2026-10-05,CM,NSE,STK,21401,INF277KA1976,TATAGOLD,EQ,,,,,TATAAML-TATAGOLD,14.28,14.34,14.17,14.30,14.34,14.28,,14.30,,,45583508,649663500.32,118082,F1,1,,,,,
2026-10-05,2026-10-05,CM,NSE,STK,21428,INF277KA1984,TATSILV,EQ,,,,,TATAAML-TATSILV,21.30,21.57,21.30,21.53,21.52,21.20,,21.53,,,39353216,843403877.41,67987,F1,1,,,,,
2026-10-05,2026-10-05,CM,NSE,STK,5162,INE0GK401011,TATVA,EQ,,,,,TATVA CHIN PHARM CHEM LTD,1755.00,1814.00,1740.00,1799.00,1810.00,1743.20,,1798.51,,,54250,96678985.30,6107,F1,1,,,,,
2026-10-05,2026-10-05,CM,NSE,STK,759759,INE0XWS01018,TAURIAN,ST,,,,,TAURIAN MPS LIMITED,609.90,617.85,597.50,617.85,617.85,588.45,,617.85,,,24800,15195320.00,28,F1,800,,,,,
2026-10-05,2026-10-05,CM,NSE,STK,15112,INE053F07884,735IRFC31,NM,,,,,TAX FREE  7.35% SR. 108,1110.00,1110.00,1110.00,1110.00,1110.00,1124.13,,1110.00,,,15,16650.00,1,F1,1,,,,,
2026-10-05,2026-10-05,CM,NSE,STK,11754,INE053F07835,753IRFC30,NJ,,,,,TAX FREE  7.53% SR. 103 A,1070.40,1070.40,1062.00,1065.72,1065.21,1066.71,,1065.72,,,4567,4864273.55,45,F1,1,,,,,
2026-10-05,2026-10-05,CM,NSE,STK,15168,INE053F07900,764IRFC31,NO,,,,,TAX FREE  7.64% SR. 108A,1079.94,1079.94,1076.00,1076.25,1076.00,1074.13,,1076.25,,,1531,1648757.56,38,F1,1,,,,,
2026-10-05,2026-10-05,CM,NSE,STK,14529,INE906B07EP5,769NHAI31,NE,,,,,TAX FREE 7.69% SR. IIB,1076.10,1081.90,1076.10,1077.04,1076.62,1076.10,,1077.04,,,1118,1203930.20,23,F1,1,,,,,
2026-10-05,2026-10-05,CM,NSE,STK,11757,INE053F07843,750IRFC35,NK,,,,,TAX FREE7.50% SR.104 A,1150.20,1150.20,1150.20,1150.20,1150.20,1222.00,,1150.20,,,40,46008.00,3,F1,1,,,,,
2026-10-05,2026-10-05,CM,NSE,STK,12003,INE906B07EJ8,76NHAI31,NA,,,,,TAX FREE7.60% SR.IIB,1112.97,1113.85,1110.50,1112.69,1113.85,1112.97,,1112.69,,,7411,8233739.74,126,F1,1,,,,,
2026-10-05,2026-10-05,CM,NSE,STK,29111,INE020B07GX4,738REC27TF,N2,,,,,TAXFREE SEC NCD TR1 S2,1079.00,1079.00,1079.00,1079.00,1079.00,1079.68,,1079.00,,,25,26975.00,3,F1,1,,,,,
2026-10-05,2026-10-05,CM,NSE,STK,24019,INE0N2D01013,TBI,SM,,,,,TBI CORN LIMITED,68.55,76.95,66.65,74.65,73.50,67.55,,74.65,,,80400,5922450.00,111,F1,600,,,,,
2026-10-05,2026-10-05,CM,NSE,STK,23740,INE673O01025,TBOTEK,EQ,,,,,TBO TEK LIMITED,1684.80,1700.00,1643.20,1657.00,1650.30,1671.50,,1656.98,,,52113,86830341.70,10129,F1,1,,,,,
2026-10-05,2026-10-05,CM,NSE,STK,761814,INE887D01024,TCC,EQ,,,,,TCC CONCEPT LIMITED,47.83,49.00,46.19,47.07,47.05,47.47,,47.07,,,459771,21837216.49,4503,F1,1,,,,,
2026-10-05,2026-10-05,CM,NSE,STK,19223,INE586V01016,TCIEXP,EQ,,,,,TCI EXPRESS LIMITED,502.30,506.40,484.00,494.20,493.55,504.75,,494.21,,,55221,27198375.25,3249,F1,1,,,,,
2026-10-05,2026-10-05,CM,NSE,STK,4771,INE911B01018,TCIFINANCE,EQ,,,,,TCI FINANCE LTD,14.50,15.49,13.55,14.30,14.31,14.69,,14.30,,,29696,421085.40,146,F1,1,,,,,
2026-10-05,2026-10-05,CM,NSE,STK,184,INE822C01015,TCPLPACK,EQ,,,,,TCPL PACKAGING LIMITED,3988.00,4090.00,3890.10,3933.60,3892.00,3927.10,,3933.48,,,3139,12372790.20,846,F1,1,,,,,
2026-10-05,2026-10-05,CM,NSE,STK,25178,INE419M01035,TDPOWERSYS,EQ,,,,,TD POWER SYSTEMS LTD.,801.00,856.10,796.00,812.90,814.30,792.15,,812.89,,,12561061,10393390565.05,347296,F1,1,,,,,
2026-10-05,2026-10-05,CM,NSE,STK,10717,INE289C01025,TEAMGTY,EQ,,,,,TEAM INDIA GUARANTY LTD,241.95,241.97,235.00,236.15,235.00,235.10,,235.58,,,634,150401.43,16,F1,1,,,,,
2026-10-05,2026-10-05,CM,NSE,STK,12716,INE985S01024,TEAMLEASE,EQ,,,,,TEAMLEASE SERVICES LTD.,1180.70,1194.60,1117.60,1134.60,1138.00,1179.40,,1134.60,,,31212,35483991.50,5193,F1,1,,,,,
2026-10-05,2026-10-05,CM,NSE,STK,17000,INE065J01024,TPHQ,BE,,,,,TEAMO PRODUCTIONS HQ LTD,0.50,0.51,0.49,0.49,0.50,0.50,,0.49,,,702101,352410.26,359,F1,1,,,,,
2026-10-05,2026-10-05,CM,NSE,STK,763571,INE2OL601013,TEAMTECH,ST,,,,,TEAMTECH FORMWORK SOL LTD,152.85,153.20,150.00,153.20,153.20,145.95,,153.20,,,68000,10403700.00,30,F1,2000,,,,,
2026-10-05,2026-10-05,CM,NSE,STK,13538,INE669C01036,TECHM,EQ,,,,,TECH MAHINDRA LIMITED,1543.70,1561.00,1509.70,1535.90,1535.90,1533.00,,1535.90,,,3346008,5136113074.90,102052,F1,1,,,,,
2026-10-05,2026-10-05,CM,NSE,STK,759138,INE0Y5H01014,TECHD,SM,,,,,TECHD CYBERSECURITY LTD,559.95,579.25,550.00,552.00,552.00,531.95,,552.00,,,24900,14124180.00,78,F1,300,,,,,
2026-10-05,2026-10-05,CM,NSE,STK,25652,INE0JQS01019,TECHERA,SM,,,,,TECHERA ENGINEER (IND) L,167.45,169.45,159.10,159.10,159.10,167.45,,159.10,,,88800,14450320.00,100,F1,800,,,,,
2026-10-05,2026-10-05,CM,NSE,STK,6445,INE285K01026,TECHNOE,EQ,,,,,TECHNO ELEC & ENG CO. LTD,999.00,1003.90,972.30,978.60,979.20,998.60,,978.63,,,138238,136099813.20,15856,F1,1,,,,,
2026-10-05,2026-10-05,CM,NSE,STK,14223,INE545H01011,TIIL,EQ,,,,,TECHNOCRAFT IND LTD,2882.10,2920.00,2800.00,2815.30,2800.00,2893.80,,2815.53,,,14101,39981452.10,3511,F1,1,,,,,
2026-10-05,2026-10-05,CM,NSE,STK,764532,INE1D0W01018,TECHNOCRAF,EQ,,,,,TECHNOCRAFT VENTURES LTD,481.00,484.00,465.00,471.10,469.90,478.10,,471.09,,,429819,204262089.55,10820,F1,1,,,,,
2026-10-05,2026-10-05,CM,NSE,STK,762939,INE314H01012,TECHNVISN,EQ,,,,,TECHNVISION VENTURES LTD.,3763.50,3879.70,3575.40,3821.90,3780.10,3763.50,,3824.63,,,697,2511755.30,157,F1,1,,,,,
2026-10-05,2026-10-05,CM,NSE,STK,3453,INE014B01011,TECILCHEM,EQ,,,,,TECIL CHEMICALS,9.29,10.15,8.90,9.56,9.66,9.25,,9.56,,,21261,204194.55,85,F1,1,,,,,
2026-10-05,2026-10-05,CM,NSE,STK,23530,INE0K6601012,TGL,ST,,,,,TEERTH GOPICON LIMITED,12.95,12.95,12.95,12.95,12.95,13.20,,12.95,,,2200,28490.00,11,F1,200,,,,,
2026-10-05,2026-10-05,CM,NSE,STK,7105,INE011K01018,TEGA,EQ,,,,,TEGA INDUSTRIES LIMITED,2119.50,2131.70,2020.00,2064.10,2066.00,2093.40,,2064.00,,,261410,540716075.50,24467,F1,1,,,,,
2026-10-05,2026-10-05,CM,NSE,STK,763825,INE0R1301019,TEJA,SM,,,,,TEJA ENGINEERING IND L,210.35,216.00,209.05,214.20,214.50,213.90,,214.20,,,11400,2428200.00,19,F1,600,,,,,
2026-10-05,2026-10-05,CM,NSE,STK,21131,INE010J01012,TEJASNET,EQ,,,,,TEJAS NETWORKS LIMITED,469.00,481.95,461.45,463.20,464.20,464.80,,463.20,,,1053307,494329516.90,35568,F1,1,,,,,
2026-10-05,2026-10-05,CM,NSE,STK,3275,INE869Y01028,TEMBO,EQ,,,,,TEMBO GLOBAL IND LTD,57.70,57.70,54.90,55.18,55.67,57.16,,55.18,,,857236,47970565.37,4769,F1,1,,,,,
2026-10-05,2026-10-05,CM,NSE,STK,765426,INE1KZI01025,TEMPSENS,EQ,,,,,TEMPSENS INST (INDIA) LTD,513.00,519.20,486.00,493.95,491.40,505.25,,493.90,,,1503141,749347545.90,47298,F1,1,,,,,
2026-10-05,2026-10-05,CM,NSE,STK,759880,INE19RI01016,TENNIND,EQ,,,,,TENNECO CLEAN AIR INDIA L,499.95,499.95,485.40,487.00,487.00,495.40,,487.00,,,277605,136567309.20,27300,F1,1,,,,,
2026-10-05,2026-10-05,CM,NSE,STK,19292,INE482B01010,TERASOFT,EQ,,,,,TERA SOFTWARE LIMITED,212.00,232.00,208.00,227.86,229.99,207.91,,227.75,,,54214,12070515.42,3109,F1,1,,,,,
2026-10-05,2026-10-05,CM,NSE,STK,764950,INE390D01011,TERAI,EQ,,,,,TERAI TEA CO. LTD.,116.00,116.00,116.00,116.00,116.00,116.75,,123.00,,,1,116.00,1,F1,1,,,,,
2026-10-05,2026-10-05,CM,NSE,STK,11549,INE435C01024,TEXINFRA,EQ,,,,,TEXMACO INFRA & HOLDG LTD,120.00,123.35,118.51,120.53,120.86,119.39,,120.51,,,207029,24948960.57,1957,F1,1,,,,,
2026-10-05,2026-10-05,CM,NSE,STK,21828,INE621L01012,TEXRAIL,EQ,,,,,TEXMACO RAIL & ENG. LTD.,128.00,128.99,116.51,117.18,117.03,126.86,,117.19,,,5444925,653443112.59,56212,F1,1,,,,,
2026-10-05,2026-10-05,CM,NSE,STK,18214,INE141K01013,TEXMOPIPES,EQ,,,,,TEXMO PIPE & PRODUCTS LTD,53.70,55.00,50.15,50.37,50.90,53.70,,50.37,,,276688,14198000.34,3424,F1,1,,,,,
2026-10-05,2026-10-05,CM,NSE,STK,10749,INE733E07JV4,753NTPC30E,NC,,,,,TFB 7.53% 2030 SR. 2B,1077.00,1077.00,1060.50,1060.50,1060.50,1077.00,,1060.50,,,91,96720.00,3,F1,1,,,,,
2026-10-05,2026-10-05,CM,NSE,STK,10751,INE733E07JW2,762NTPC35F,ND,,,,,TFB 7.62% 2035 SR. 3B,1146.01,1169.00,1146.01,1157.75,1169.00,1149.37,,1157.75,,,100,115264.04,6,F1,1,,,,,
2026-10-05,2026-10-05,CM,NSE,STK,14607,INE797H01018,TGBHOTELS,EQ,,,,,TGB BANQUETS&HOTELS LTD,9.78,9.90,9.18,9.51,9.50,9.42,,9.51,,,13800,130881.24,96,F1,1,,,,,
2026-10-05,2026-10-05,CM,NSE,STK,22777,INE0QJL01014,TCL,SM,,,,,THAAI CASTING LIMITED,140.15,144.00,136.00,139.30,138.05,140.15,,139.30,,,40800,5762320.00,44,F1,800,,,,,
2026-10-05,2026-10-05,CM,NSE,STK,762949,INE403F01017,THAKDEV,EQ,,,,,THAKKERS DEVELOPERS LTD.,128.74,135.06,128.74,135.06,135.06,128.74,,135.06,,,63,8261.32,10,F1,1,,,,,
2026-10-05,2026-10-05,CM,NSE,STK,18118,INE085J01014,THANGAMAYL,EQ,,,,,THANGAMAYIL JEWELLERY LTD,4870.00,4934.00,4721.00,4747.00,4767.00,4861.00,,4747.08,,,77086,368512710.00,20749,F1,1,,,,,
2026-10-05,2026-10-05,CM,NSE,STK,9014,INE294Z01018,ANUP,EQ,,,,,THE ANUP ENGINEERING LTD,1566.70,1574.90,1523.00,1539.00,1535.00,1566.70,,1539.03,,,21490,33233016.00,4005,F1,1,,,,,
2026-10-05,2026-10-05,CM,NSE,STK,7919,INE319B01014,BYKE,EQ,,,,,THE BYKE HOSPITALITY LTD,28.50,30.25,28.50,29.66,29.79,28.81,,29.66,,,25230,744300.58,137,F1,1,,,,,
2026-10-05,2026-10-05,CM,NSE,STK,13776,INE017A01032,GESHIP,EQ,,,,,THE GE SHPG.LTD,1529.90,1570.50,1523.30,1559.30,1560.00,1530.60,,1559.29,,,823469,1283144963.70,50096,F1,1,,,,,
2026-10-05,2026-10-05,CM,NSE,STK,17770,INE646C01018,GROBTEA,EQ,,,,,THE GROB TEA COMPANY LTD,879.00,879.00,872.00,872.80,872.00,878.50,,872.80,,,10,8759.00,3,F1,1,,,,,
2026-10-05,2026-10-05,CM,NSE,STK,8568,INE127B01011,HITECHGEAR,BE,,,,,THE HI-TECH GEARS LIMITED,602.00,613.45,580.30,584.60,582.00,601.75,,587.11,,,2734,1624553.45,63,F1,1,,,,,
2026-10-05,2026-10-05,CM,NSE,STK,1515,INE383A01012,INDIACEM,EQ,,,,,THE INDIA CEMENTS LIMITED,295.00,302.00,290.00,299.05,298.30,295.15,,299.07,,,143087,42690624.85,8279,F1,1,,,,,
2026-10-05,2026-10-05,CM,NSE,STK,1512,INE053A01029,INDHOTEL,EQ,,,,,THE INDIAN HOTELS CO. LTD,713.00,726.60,713.00,725.00,725.00,718.00,,725.00,,,3696656,2667409532.75,49928,F1,1,,,,,
2026-10-05,2026-10-05,CM,NSE,STK,21427,INE924D01017,THEINVEST,EQ,,,,,THE INVEST TRUST OF IND L,92.15,93.96,89.51,90.10,90.00,90.33,,90.11,,,8379,763668.87,175,F1,1,,,,,
2026-10-05,2026-10-05,CM,NSE,STK,399,INE470Y01017,NIACL,EQ,,,,,THE NEW INDIA ASSU CO LTD,160.21,163.00,157.70,158.36,157.72,160.21,,158.34,,,1226665,196169909.00,22202,F1,1,,,,,
2026-10-05,2026-10-05,CM,NSE,STK,10318,INE431F01018,PKTEA,BE,,,,,THE P K TEA PROD CO LTD,1004.10,1043.90,992.00,1033.00,1033.00,1037.70,,1033.00,,,178,182291.10,35,F1,1,,,,,
2026-10-05,2026-10-05,CM,NSE,STK,14552,INE211B01039,PHOENIXLTD,EQ,,,,,THE PHOENIX MILLS LTD,1911.10,1954.90,1909.20,1935.00,1935.00,1930.00,,1935.00,,,430722,832611629.70,34854,F1,1,,,,,
2026-10-05,2026-10-05,CM,NSE,STK,2043,INE331A01037,RAMCOCEM,EQ,,,,,THE RAMCO CEMENTS LIMITED,832.00,845.65,823.45,837.10,838.70,830.85,,837.06,,,93347,77749716.90,5316,F1,1,,,,,
2026-10-05,2026-10-05,CM,NSE,STK,2939,INE301D01026,RUBYMILLS,EQ,,,,,THE RUBY MILLS LTD,507.90,507.90,486.75,494.20,487.50,499.65,,494.20,,,8647,4265259.10,882,F1,1,,,,,
2026-10-05,2026-10-05,CM,NSE,STK,5948,INE683A01023,SOUTHBANK,EQ,,,,,THE SOUTH INDIAN BANK LTD,48.45,48.70,47.80,48.54,48.60,47.44,,48.54,,,10708341,517996986.89,47253,F1,1,,,,,
2026-10-05,2026-10-05,CM,NSE,STK,10948,INE655A01013,STCINDIA,EQ,,,,,THE STATE TRADING CORPN,106.01,107.50,105.00,105.27,105.50,105.96,,105.26,,,13522,1435161.22,275,F1,1,,,,,
2026-10-05,2026-10-05,CM,NSE,STK,19582,INE071E01023,UGARSUGAR,BE,,,,,THE UGAR SUGAR WORKS LTD,56.00,58.84,56.00,58.84,58.84,56.04,,58.84,,,182707,10655188.47,723,F1,1,,,,,
2026-10-05,2026-10-05,CM,NSE,STK,20481,INE215F01023,WIPL,EQ,,,,,THE WESTERN INDIA PLY LTD,163.00,167.40,160.50,160.81,160.50,161.00,,160.81,,,2277,369713.89,59,F1,1,,,,,
2026-10-05,2026-10-05,CM,NSE,STK,19279,INE121N01019,THEJO,EQ,,,,,THEJO ENGINEERING LIMITED,2071.40,2122.00,2065.90,2095.20,2100.00,2071.40,,2095.20,,,2088,4376847.20,484,F1,1,,,,,
2026-10-05,2026-10-05,CM,NSE,STK,14485,INE083B01024,THEMISMED,EQ,,,,,THEMIS MEDICARE LTD.,115.00,115.00,111.02,112.89,114.56,113.19,,112.87,,,58862,6643829.77,1344,F1,1,,,,,
2026-10-05,2026-10-05,CM,NSE,STK,3475,INE152A01029,THERMAX,EQ,,,,,THERMAX LTD,3364.90,3400.70,3212.00,3228.20,3228.10,3360.60,,3228.47,,,187112,612810199.40,32002,F1,1,,,,,
2026-10-05,2026-10-05,CM,NSE,STK,3496,INE338A01024,TIRUMALCHM,EQ,,,,,THIRUMALAI CHEMICALS LTD,146.20,150.09,141.40,143.35,144.00,146.26,,143.35,,,279997,40512062.10,5135,F1,1,,,,,
2026-10-05,2026-10-05,CM,NSE,STK,3481,INE332A01027,THOMASCOOK,EQ,,,,,THOMAS COOK (INDIA) LTD,100.70,101.95,99.21,99.61,99.85,100.70,,99.61,,,303908,30475448.17,4886,F1,1,,,,,
2026-10-05,2026-10-05,CM,NSE,STK,31017,INE480M01011,THOMASCOTT,EQ,,,,,THOMAS SCOTT (INDIA) LTD,302.00,309.00,272.00,278.85,275.55,300.20,,278.88,,,107168,31429895.85,4190,F1,1,,,,,
2026-10-05,2026-10-05,CM,NSE,STK,17032,INE594H01019,THYROCARE,EQ,,,,,THYROCARE TECH LTD,539.90,544.80,532.15,542.05,537.00,533.60,,542.04,,,207102,111838948.40,14611,F1,1,,,,,
2026-10-05,2026-10-05,CM,NSE,STK,759176,INE906O01029,TIGERLOGS,EQ,,,,,TIGER LOGISTICS (INDIA) L,26.05,26.60,25.82,26.30,26.54,25.69,,26.29,,,16487,430753.89,353,F1,1,,,,,
2026-10-05,2026-10-05,CM,NSE,STK,25486,INE440L01017,TIJARIA,BE,,,,,TIJARIA POLYPIPES LTD,6.58,6.69,6.26,6.62,6.62,6.45,,6.48,,,12637,82282.28,75,F1,1,,,,,
2026-10-05,2026-10-05,CM,NSE,STK,9802,INE806C01018,TIL,BE,,,,,TIL LTD,248.00,252.50,240.00,242.15,244.85,250.05,,242.16,,,42944,10430722.25,442,F1,1,,,,,
2026-10-05,2026-10-05,CM,NSE,STK,19196,INE133E01013,TI,EQ,,,,,TILAKNAGAR INDUSTRIES LTD,543.00,553.15,538.00,540.35,541.40,542.55,,540.37,,,282972,154313805.70,15410,F1,1,,,,,
2026-10-05,2026-10-05,CM,NSE,STK,14707,INE508G01029,TIMETECHNO,EQ,,,,,TIME TECHNOPLAST LTD.,180.30,181.88,177.50,178.71,179.49,179.68,,178.69,,,1107750,199029839.03,15685,F1,1,,,,,
2026-10-05,2026-10-05,CM,NSE,STK,7800,INE0IJY01014,TIMESCAN,SM,,,,,TIMESCAN LOGISTICS IND L,40.00,40.00,40.00,40.00,40.00,40.00,,40.00,,,4000,160000.00,2,F1,2000,,,,,
2026-10-05,2026-10-05,CM,NSE,STK,762954,INE064A01026,TIMEX,EQ,,,,,TIMEX GROUP INDIA LTD.,733.15,744.80,724.50,734.60,739.00,729.50,,734.69,,,462142,339214519.45,33994,F1,1,,,,,
2026-10-05,2026-10-05,CM,NSE,STK,14198,INE325A01013,TIMKEN,EQ,,,,,TIMKEN INDIA LTD.,3110.00,3149.90,3103.80,3132.30,3127.30,3098.80,,3132.26,,,21117,66170219.10,5330,F1,1,,,,,
2026-10-05,2026-10-05,CM,NSE,STK,756020,INE015C01016,TINNARUBR,EQ,,,,,TINNA RUBBER AND INFR LTD,938.85,951.20,922.75,930.15,947.60,938.85,,930.08,,,30521,28462932.40,2799,F1,1,,,,,
2026-10-05,2026-10-05,CM,NSE,STK,11374,INE0LQS01015,TIPSFILMS,EQ,,,,,TIPS FILMS LIMITED,313.05,316.65,306.35,312.25,312.00,315.40,,312.19,,,2993,930215.10,192,F1,1,,,,,
2026-10-05,2026-10-05,CM,NSE,STK,9117,INE716B01029,TIPSMUSIC,EQ,,,,,TIPS MUSIC LIMITED,653.30,653.95,635.70,639.10,638.00,644.20,,639.10,,,152414,98318217.80,15336,F1,1,,,,,
2026-10-05,2026-10-05,CM,NSE,STK,22284,INE319Y01024,TIRUPATIFL,BE,,,,,TIRUPATI FORGE LIMITED,73.66,73.66,73.66,73.66,73.66,75.16,,73.66,,,20721,1526308.86,207,F1,1,,,,,
2026-10-05,2026-10-05,CM,NSE,STK,15414,INE615H01020,TITAGARH,EQ,,,,,TITAGARH RAIL SYSTEMS LTD,809.00,812.95,795.65,809.65,805.90,805.10,,809.59,,,364258,293155718.05,17976,F1,1,,,,,
2026-10-05,2026-10-05,CM,NSE,STK,3506,INE280A01028,TITAN,EQ,,,,,TITAN COMPANY LIMITED,4515.90,4610.00,4505.80,4580.00,4580.00,4515.70,,4580.04,,,731987,3347518400.90,53485,F1,1,,,,,
2026-10-05,2026-10-05,CM,NSE,STK,3837,INE932C01012,TOKYOPLAST,EQ,,,,,TOKYO PLAST INTL LTD,71.10,73.87,69.10,71.06,72.48,71.01,,71.06,,,1544,110402.83,52,F1,1,,,,,
2026-10-05,2026-10-05,CM,NSE,STK,25262,INE0RWQ01014,TOLINS,EQ,,,,,TOLINS TYRES LIMITED,86.00,87.50,84.01,85.12,85.45,84.59,,85.10,,,31946,2710051.09,1343,F1,1,,,,,
2026-10-05,2026-10-05,CM,NSE,STK,3518,INE685A01028,TORNTPHARM,EQ,,,,,TORRENT PHARMACEUTICALS L,4767.30,4795.00,4710.00,4772.00,4772.00,4767.30,,4771.98,,,332068,1576066392.10,47171,F1,1,,,,,
2026-10-05,2026-10-05,CM,NSE,STK,13786,INE813H01021,TORNTPOWER,EQ,,,,,TORRENT POWER LTD,1245.40,1249.10,1226.00,1234.20,1235.00,1242.90,,1234.28,,,191786,236817433.20,17064,F1,1,,,,,
2026-10-05,2026-10-05,CM,NSE,STK,22425,INE336X01012,TOTAL,BE,,,,,TOTAL TRANSPORT SYS LTD,67.20,72.00,67.20,69.23,70.20,70.24,,69.23,,,5853,410242.93,41,F1,1,,,,,
2026-10-05,2026-10-05,CM,NSE,STK,16908,INE486Y01013,TOUCHWOOD,EQ,,,,,TOUCHWOOD ENTERTAIN LTD.,66.40,66.40,57.90,58.53,59.00,57.14,,58.53,,,6095,372408.52,140,F1,1,,,,,
2026-10-05,2026-10-05,CM,NSE,STK,3466,INE305A01023,TFCILTD,EQ,,,,,TOURISM FINANCE CORP. OF,139.60,141.47,138.32,139.65,139.77,138.79,,139.67,,,15041651,2095276438.13,30421,F1,1,,,,,
2026-10-05,2026-10-05,CM,NSE,STK,765195,INE457P01020,TOYAMSL,EQ,,,,,TOYAM SPORTS LTD.,0.70,0.71,0.66,0.66,0.66,0.69,,0.66,,,1201986,815048.43,381,F1,1,,,,,
2026-10-05,2026-10-05,CM,NSE,STK,9219,INE413G01022,TPLPLASTEH,EQ,,,,,TPL PLASTECH LIMITED,68.91,70.19,67.02,67.86,68.50,68.89,,67.85,,,175395,11918081.02,1722,F1,1,,,,,
2026-10-05,2026-10-05,CM,NSE,STK,11582,INE0HMF01019,TRACXN,EQ,,,,,TRACXN TECHNOLOGIES LTD,31.70,32.49,31.11,31.61,31.59,31.71,,31.58,,,130560,4142612.53,774,F1,1,,,,,
2026-10-05,2026-10-05,CM,NSE,STK,15174,INE763I01026,TARIL,EQ,,,,,TRANS & RECTI. LTD,287.60,297.90,283.25,285.45,284.60,280.80,,285.45,,,13448683,3901805177.60,146774,F1,1,,,,,
2026-10-05,2026-10-05,CM,NSE,STK,765200,INE330E01023,TRANSCOR,EQ,,,,,TRANSCORP INTERNATIONAL L,24.49,24.90,23.52,24.60,24.60,24.18,,24.60,,,1443,34494.00,52,F1,1,,,,,
2026-10-05,2026-10-05,CM,NSE,STK,17795,INE0O3901029,TREL,EQ,,,,,TRANSINDIA REAL ESTATE L,27.29,28.23,26.51,26.99,27.40,27.29,,26.98,,,52412,1411572.06,1036,F1,1,,,,,
2026-10-05,2026-10-05,CM,NSE,STK,7669,INE687A01016,TRANSPEK,BE,,,,,TRANSPEK INDUSTRIES LTD,1300.00,1360.00,1281.60,1313.90,1313.90,1349.00,,1300.25,,,883,1152394.60,54,F1,1,,,,,
2026-10-05,2026-10-05,CM,NSE,STK,10580,INE688A01022,TCI,EQ,,,,,TRANSPORT CORPN OF INDIA,885.00,889.90,866.00,878.75,880.40,877.10,,878.78,,,71248,62326493.25,6479,F1,1,,,,,
2026-10-05,2026-10-05,CM,NSE,STK,28714,INE454P01035,TRANSRAILL,EQ,,,,,TRANSRAIL LIGHTING LTD,476.70,476.85,460.00,462.75,467.00,474.90,,462.76,,,454795,212252042.80,21168,F1,1,,,,,
2026-10-05,2026-10-05,CM,NSE,STK,19801,INE0NVI01020,TRANSTEEL,SM,,,,,TRANSTEEL SEATING TECH L,80.10,80.10,79.50,79.75,79.50,79.40,,79.75,,,9000,719400.00,8,F1,1000,,,,,
2026-10-05,2026-10-05,CM,NSE,STK,14319,INE804H01012,TFL,EQ,,,,,TRANSWARRANTY FIN. LTD.,11.38,12.25,11.38,11.72,11.73,11.82,,12.03,,,2430,28430.19,42,F1,1,,,,,
2026-10-05,2026-10-05,CM,NSE,STK,21260,INE792X01016,TRANSWIND,SM,,,,,TRANSWIND INFRA LIMITED,11.30,11.30,11.30,11.30,11.30,11.30,,11.30,,,4000,45200.00,1,F1,4000,,,,,
2026-10-05,2026-10-05,CM,NSE,STK,8619,INE757B01015,TRANSWORLD,BE,,,,,TRANSWORLD SHIP LINES LTD,157.00,159.91,152.00,154.29,154.55,159.00,,154.45,,,5446,847941.06,79,F1,1,,,,,
2026-10-05,2026-10-05,CM,NSE,STK,757545,INE103V01028,TRAVELFOOD,EQ,,,,,TRAVEL FOOD SERVICES LTD,1208.10,1215.60,1185.00,1204.30,1200.20,1208.10,,1204.31,,,52265,62757529.00,7050,F1,1,,,,,
2026-10-05,2026-10-05,CM,NSE,STK,25082,INE040M01013,TREEHOUSE,EQ,,,,,TREE HOUSE EDU LTD,5.69,5.99,5.50,5.80,5.98,5.68,,5.80,,,29426,172754.18,114,F1,1,,,,,
2026-10-05,2026-10-05,CM,NSE,STK,7518,INE00CA01015,TREJHARA,EQ,,,,,TREJHARA SOLUTIONS LTD,131.66,139.35,129.05,131.36,134.00,131.66,,131.22,,,16934,2237817.37,732,F1,1,,,,,
2026-10-05,2026-10-05,CM,NSE,STK,1964,INE849A01020,TRENT,EQ,,,,,TRENT LTD,2580.00,2608.30,2572.80,2580.00,2580.00,2580.00,,2579.95,,,802316,2076102128.40,66093,F1,1,,,,,
2026-10-05,2026-10-05,CM,NSE,STK,17987,INE391D01019,TRF,EQ,,,,,TRF LIMITED,197.90,198.20,193.01,194.02,194.90,192.33,,193.99,,,14980,2920672.73,537,F1,1,,,,,
2026-10-05,2026-10-05,CM,NSE,STK,27041,INE760L01018,TBZ,BE,,,,,TRIB BHIMJI ZAVERI LTD,604.00,625.00,592.30,597.90,592.30,623.45,,597.01,,,202040,122879661.15,2799,F1,1,,,,,
2026-10-05,2026-10-05,CM,NSE,STK,9685,INE064C01022,TRIDENT,EQ,,,,,TRIDENT LIMITED,22.15,22.33,21.80,21.84,21.87,22.16,,21.84,,,3963387,87017083.95,19808,F1,1,,,,,
2026-10-05,2026-10-05,CM,NSE,STK,21078,INE0QD201012,TECHLABS,SM,,,,,TRIDENT TECHLABS LIMITED,110.45,115.00,109.00,113.90,115.00,110.45,,113.90,,,17250,1947193.75,78,F1,125,,,,,
2026-10-05,2026-10-05,CM,NSE,STK,5428,INE948A01012,TRIGYN,EQ,,,,,TRIGYN TECHNOLOGIES LTD,51.54,52.80,51.02,51.45,51.50,51.80,,51.45,,,18889,976766.86,454,F1,1,,,,,
2026-10-05,2026-10-05,CM,NSE,STK,764960,INE440G01017,TRITONV,EQ,,,,,TRITON VALVES LTD.,1099.00,1100.00,1048.30,1063.20,1056.00,1078.00,,1064.66,,,1226,1303270.20,195,F1,1,,,,,
2026-10-05,2026-10-05,CM,NSE,STK,13081,INE256C01024,TRIVENI,EQ,,,,,TRIVENI ENGG. & INDS. LTD,237.00,241.70,235.06,237.22,237.00,230.92,,237.23,,,749310,178163825.36,25563,F1,1,,,,,
2026-10-05,2026-10-05,CM,NSE,STK,25584,INE152M01016,TRITURBINE,EQ,,,,,TRIVENI TURBINE LIMITED,535.00,540.00,525.05,526.10,526.00,530.00,,526.06,,,208383,110745174.55,18742,F1,1,,,,,
2026-10-05,2026-10-05,CM,NSE,STK,759210,INE0MWH01014,TRUALT,EQ,,,,,TRUALT BIOENERGY LIMITED,444.65,457.15,436.95,442.30,443.80,444.30,,442.37,,,100918,44931937.50,4158,F1,1,,,,,
2026-10-05,2026-10-05,CM,NSE,STK,9378,INE615R01029,TRU,EQ,,,,,TRUCAP FINANCE LIMITED,4.05,4.33,4.05,4.15,4.16,4.22,,4.15,,,41076,173001.66,206,F1,1,,,,,
2026-10-05,2026-10-05,CM,NSE,STK,23417,INE0SWN01019,TRUST,SM,,,,,TRUST FINTECH LIMITED,25.90,26.10,25.80,25.95,25.80,27.10,,25.95,,,9600,249330.00,13,F1,600,,,,,
2026-10-05,2026-10-05,CM,NSE,STK,757861,INE16VK01010,TSC,ST,,,,,TSC INDIA LIMITED,50.25,50.25,50.25,50.25,50.25,50.25,,50.25,,,2000,100500.00,1,F1,2000,,,,,
2026-10-05,2026-10-05,CM,NSE,STK,2183,INE202Z01029,TSFINV,EQ,,,,,TSF INVESTMENTS LIMITED,410.00,415.00,403.60,409.00,407.50,409.15,,409.00,,,69621,28416311.10,4959,F1,1,,,,,
2026-10-05,2026-10-05,CM,NSE,STK,27408,INE1C3207073,935TSI29,N0,,,,,TSI 9.35% 29 SR I-C,104850.00,104850.00,104850.00,104850.00,104850.00,101850.01,,104850.00,,,10,1048500.00,2,F1,1,,,,,
2026-10-05,2026-10-05,CM,NSE,STK,27441,INE1C3207016,935TSI34,N0,,,,,TSI 9.35% 34 SR I-H,104812.51,104812.51,104812.51,104812.51,104812.51,107500.00,,104812.51,,,10,1048125.10,1,F1,1,,,,,
2026-10-05,2026-10-05,CM,NSE,STK,11369,INE910C01018,TTKHLTCARE,EQ,,,,,TTK HEALTHCARE LIMITED,1022.90,1037.00,991.00,1007.40,1005.10,1013.00,,1007.45,,,17885,18126641.40,1936,F1,1,,,,,
2026-10-05,2026-10-05,CM,NSE,STK,3546,INE690A01028,TTKPRESTIG,EQ,,,,,TTK PRESTIGE LTD,508.50,519.45,508.50,512.95,519.45,506.40,,512.84,,,25083,12840609.75,2038,F1,1,,,,,
2026-10-05,2026-10-05,CM,NSE,STK,312,INE974X01010,TIINDIA,EQ,,,,,TUBE INVEST OF INDIA LTD,2346.00,2368.90,2293.80,2320.00,2320.00,2340.00,,2320.00,,,687174,1595434152.20,53888,F1,1,,,,,
2026-10-05,2026-10-05,CM,NSE,STK,24520,INE0OXV01027,TUNWAL,SM,,,,,TUNWAL E-MOTORS LIMITED,26.55,26.55,26.00,26.25,26.25,25.90,,26.25,,,22000,576400.00,11,F1,2000,,,,,
2026-10-05,2026-10-05,CM,NSE,STK,756090,INE0OC301013,TURTLEMINT,EQ,,,,,TURTLEMINT FINTECH SOLS L,71.00,71.49,65.85,68.04,68.50,69.79,,68.04,,,3623714,249058222.61,41004,F1,1,,,,,
2026-10-05,2026-10-05,CM,NSE,STK,765205,INE400A01014,TUTIALKA,EQ,,,,,TUTICORIN ALKAL CH & FE L,55.92,55.92,52.01,52.27,52.34,53.98,,52.25,,,5930,315333.51,157,F1,1,,,,,
2026-10-05,2026-10-05,CM,NSE,STK,11275,INE038F01029,TVTODAY,EQ,,,,,TV TODAY NETWORK LTD,103.70,103.70,101.00,101.49,101.34,101.65,,101.45,,,52602,5342358.86,550,F1,1,,,,,
2026-10-05,2026-10-05,CM,NSE,STK,18508,INE871L01013,TVVISION,BE,,,,,TV VISION LIMITED,2.67,2.67,2.43,2.64,2.65,2.55,,2.64,,,40218,103316.30,50,F1,1,,,,,
2026-10-05,2026-10-05,CM,NSE,STK,11265,INE236G01019,TVSELECT,EQ,,,,,TVS ELECTRONICS LTD,397.15,401.75,387.20,391.70,392.00,397.40,,391.68,,,41961,16476315.05,2300,F1,1,,,,,
2026-10-05,2026-10-05,CM,NSE,STK,29008,INE105A01035,TVSHLTD,EQ,,,,,TVS HOLDINGS LIMITED,11950.00,12021.00,11708.00,11813.00,11780.00,11886.00,,11813.30,,,4718,55810772.00,1746,F1,1,,,,,
2026-10-05,2026-10-05,CM,NSE,STK,8479,INE494B01023,TVSMOTOR,EQ,,,,,TVS MOTOR COMPANY  LTD,4026.00,4040.50,3919.00,4031.00,4031.00,4021.00,,4030.95,,,706602,2820932472.10,68771,F1,1,,,,,
2026-10-05,2026-10-05,CM,NSE,STK,14245,INE421C01016,TVSSRICHAK,EQ,,,,,TVS SRICHAKRA LIMITED,4323.30,4430.70,4256.00,4277.30,4375.00,4349.30,,4275.81,,,3583,15478546.90,1327,F1,1,,,,,
2026-10-05,2026-10-05,CM,NSE,STK,18151,INE395N01027,TVSSCS,EQ,,,,,TVS SUPPLY CHAIN SOL L,128.32,130.99,126.95,127.27,127.13,128.42,,127.27,,,402736,51676823.26,7922,F1,1,,,,,
2026-10-05,2026-10-05,CM,NSE,STK,19503,INE388G01026,TICL,BE,,,,,TWAMEV CONS AND INFRA LTD,8.00,8.17,8.00,8.17,8.17,7.79,,8.21,,,145462,1183335.75,121,F1,1,,,,,
2026-10-05,2026-10-05,CM,NSE,STK,25629,INE152C01025,UYFINCORP,BE,,,,,U. Y. FINCORP LIMITED,23.29,24.00,23.00,23.98,24.00,22.86,,23.94,,,495147,11771340.86,924,F1,1,,,,,
2026-10-05,2026-10-05,CM,NSE,STK,7739,INE139B01016,UCAL,BE,,,,,UCAL LIMITED,139.00,143.30,137.00,137.43,137.00,140.40,,137.44,,,6507,904324.20,95,F1,1,,,,,
2026-10-05,2026-10-05,CM,NSE,STK,755996,INE583D07562,10UCL26,ND,,,,,UCL 10.00% SR I,1002.76,1002.76,1002.76,1002.76,1002.76,995.00,,1002.76,,,7,7019.32,1,F1,1,,,,,
2026-10-05,2026-10-05,CM,NSE,STK,756002,INE583D07588,1025UCL27A,NG,,,,,UCL 10.25% SR IV,1001.00,1001.00,1001.00,1001.00,1001.00,977.83,,1001.00,,,500,500500.00,2,F1,1,,,,,
2026-10-05,2026-10-05,CM,NSE,STK,756004,INE583D07596,1050UCL28,NH,,,,,UCL 10.50% SR V,1015.00,1015.00,1007.00,1007.00,1007.00,1020.00,,1007.00,,,60,60876.00,3,F1,1,,,,,
2026-10-05,2026-10-05,CM,NSE,STK,11223,INE691A01018,UCOBANK,EQ,,,,,UCO BANK,23.05,23.90,22.96,23.16,23.14,22.93,,23.16,,,7010331,163839146.08,22779,F1,1,,,,,
2026-10-05,2026-10-05,CM,NSE,STK,764965,INE551B01012,UDAYJEW,EQ,,,,,UDAY JEWELLERY INDS. LTD.,166.00,166.00,155.90,160.27,155.90,159.06,,160.24,,,11218,1815257.98,846,F1,1,,,,,
2026-10-05,2026-10-05,CM,NSE,STK,14871,INE0N0Y01013,USK,EQ,,,,,UDAYSHIVAKUMAR INFRA LTD,18.97,19.10,18.12,18.53,18.65,18.39,,18.52,,,20205,372736.70,232,F1,1,,,,,
2026-10-05,2026-10-05,CM,NSE,STK,1053,INE516A01017,UFLEX,EQ,,,,,UFLEX LIMITED,651.15,669.35,636.50,639.20,640.10,649.85,,639.20,,,112152,72574615.15,5295,F1,1,,,,,
2026-10-05,2026-10-05,CM,NSE,STK,9039,INE527H01019,UFO,EQ,,,,,UFO MOVIEZ INDIA LTD.,57.02,58.60,56.33,57.18,57.40,56.49,,57.19,,,21649,1241599.04,537,F1,1,,,,,
2026-10-05,2026-10-05,CM,NSE,STK,5313,INE583D01011,UGROCAP,EQ,,,,,UGRO CAPITAL LIMITED,83.90,83.90,81.00,81.89,82.99,82.35,,81.89,,,145752,11962997.43,1801,F1,1,,,,,
2026-10-05,2026-10-05,CM,NSE,STK,23507,INE899L01030,UEL,EQ,,,,,UJAAS ENERGY LIMITED,183.67,183.68,175.40,176.87,177.01,183.67,,176.86,,,7614,1354282.63,550,F1,1,,,,,
2026-10-05,2026-10-05,CM,NSE,STK,15228,INE551W01018,UJJIVANSFB,EQ,,,,,UJJIVAN SMALL FINANC BANK,66.98,67.65,65.92,66.59,66.59,65.60,,66.60,,,16279797,1087087679.34,76308,F1,1,,,,,
2026-10-05,2026-10-05,CM,NSE,STK,5945,INE00F301010,UWCSL,SM,,,,,ULTRA WIRING CONN SYS LTD,121.00,121.00,121.00,121.00,121.00,122.45,,121.00,,,1000,121000.00,1,F1,1000,,,,,
2026-10-05,2026-10-05,CM,NSE,STK,762961,INE405A01021,ULTRAMAR,EQ,,,,,ULTRAMARINE & PIGMENTS L,409.00,409.55,403.50,404.80,404.40,406.15,,404.81,,,92729,37553026.85,1532,F1,1,,,,,
2026-10-05,2026-10-05,CM,NSE,STK,11532,INE481G01011,ULTRACEMCO,EQ,,,,,ULTRATECH CEMENT LIMITED,10736.00,10940.00,10731.00,10850.00,10850.00,10710.00,,10850.05,,,314538,3420359092.00,37017,F1,1,,,,,
2026-10-05,2026-10-05,CM,NSE,STK,13349,INE067901012,UMA,SM,,,,,UMA CONVERTER LIMITED,17.00,17.00,16.60,16.60,16.60,17.80,,16.60,,,12000,202400.00,3,F1,4000,,,,,
2026-10-05,2026-10-05,CM,NSE,STK,8845,INE0GIU01018,UMAEXPORTS,BE,,,,,UMA EXPORTS LIMITED,22.16,22.16,21.00,21.16,21.00,22.05,,21.17,,,32939,708198.08,135,F1,1,,,,,
2026-10-05,2026-10-05,CM,NSE,STK,8998,INE398B01018,UMIYA-MRO,EQ,,,,,UMIYA BUILDCON LIMITED,92.80,93.49,91.12,91.98,91.71,91.76,,91.98,,,8756,803537.84,190,F1,1,,,,,
2026-10-05,2026-10-05,CM,NSE,STK,3579,INE351A01035,UNICHEMLAB,EQ,,,,,UNICHEM LABORATORIES LTD,536.20,545.00,512.00,531.45,531.20,535.05,,531.48,,,116755,61823640.90,6292,F1,1,,,,,
2026-10-05,2026-10-05,CM,NSE,STK,24809,INE00U401027,UNIECOM,EQ,,,,,UNICOMMERCE ESOLUTIONS L,82.52,83.69,81.11,81.54,81.20,82.58,,81.54,,,134369,11046253.13,2140,F1,1,,,,,
2026-10-05,2026-10-05,CM,NSE,STK,18582,INE0PRF01011,UNIHEALTH,SM,,,,,UNIHEALTH HOSPITALS LTD,580.00,588.00,555.00,562.15,556.00,581.20,,562.15,,,20500,11639775.00,39,F1,500,,,,,
2026-10-05,2026-10-05,CM,NSE,STK,7791,INE481Z01011,UNIINFO,EQ,,,,,UNIINFO TELECOM SERVI LTD,11.20,11.20,10.46,10.62,10.46,10.85,,10.62,,,2024,21377.69,34,F1,1,,,,,
2026-10-05,2026-10-05,CM,NSE,STK,25633,INE0B2801011,UNILEX,SM,,,,,UNILEX COLOURS AND CHEM L,30.00,30.50,30.00,30.40,30.40,29.30,,30.40,,,8000,242320.00,5,F1,1600,,,,,
2026-10-05,2026-10-05,CM,NSE,STK,28960,INE0U3I01011,UNIMECH,EQ,,,,,UNIMECH AEROSPACE N MFG L,1790.00,1850.20,1756.00,1845.10,1840.00,1773.00,,1844.73,,,344309,620429920.90,37538,F1,1,,,,,
2026-10-05,2026-10-05,CM,NSE,STK,10753,INE692A01016,UNIONBANK,EQ,,,,,UNION BANK OF INDIA,169.00,171.09,165.68,167.97,167.97,167.59,,167.97,,,7966548,1338396498.58,59745,F1,1,,,,,
2026-10-05,2026-10-05,CM,NSE,STK,29687,INF582M01KS4,UNIONGOLD,EQ,,,,,UNIONAMC - UNIONGOLD,145.00,145.80,142.40,144.00,143.45,143.90,,144.00,,,6965,996395.30,416,F1,1,,,,,
2026-10-05,2026-10-05,CM,NSE,STK,13057,INE244O01017,UNIPARTS,EQ,,,,,UNIPARTS INDIA LIMITED,818.00,847.10,812.25,826.05,827.70,819.30,,826.08,,,84284,70041698.40,8475,F1,1,,,,,
2026-10-05,2026-10-05,CM,NSE,STK,11293,INE037A01022,UNIENTER,EQ,,,,,UNIPHOS ENTERPRISES LTD,90.00,90.00,86.00,86.17,86.19,87.02,,86.17,,,3395,293654.81,92,F1,1,,,,,
2026-10-05,2026-10-05,CM,NSE,STK,3594,INE694A01020,UNITECH,EQ,,,,,UNITECH LTD,3.95,3.99,3.88,3.90,3.91,3.93,,3.90,,,1338911,5260103.93,2864,F1,1,,,,,
2026-10-05,2026-10-05,CM,NSE,STK,16713,INE686F01025,UBL,EQ,,,,,UNITED BREWERIES LTD,1180.20,1192.60,1171.50,1183.30,1186.00,1188.80,,1183.28,,,56186,66347073.00,9867,F1,1,,,,,
2026-10-05,2026-10-05,CM,NSE,STK,201,INE961D01019,UNIDT,EQ,,,,,UNITED DRILLING TOOLS LTD,242.90,242.90,227.61,229.93,229.94,239.65,,229.91,,,36657,8596263.12,1285,F1,1,,,,,
2026-10-05,2026-10-05,CM,NSE,STK,3133,INE382M01027,UFBL,BE,,,,,UNITED FOODBRANDS LIMITED,696.70,704.90,658.50,662.10,660.00,692.75,,662.05,,,33217,22318834.00,880,F1,1,,,,,
2026-10-05,2026-10-05,CM,NSE,STK,25938,INE0SMR01011,UHTL,ST,,,,,UNITED HEAT TRANSFER LTD,192.10,195.90,192.10,195.90,195.90,192.10,,195.90,,,26000,5070600.00,11,F1,2000,,,,,
2026-10-05,2026-10-05,CM,NSE,STK,17999,INE458F01011,UNITEDTEA,EQ,,,,,UNITED NILGIRI TEA LTD,414.90,428.95,414.90,415.00,416.00,416.95,,415.00,,,1641,681470.50,83,F1,1,,,,,
2026-10-05,2026-10-05,CM,NSE,STK,7560,INE368U01029,UNITEDPOLY,EQ,,,,,UNITED POLYFAB GUJ. LTD.,47.13,50.23,43.50,48.43,49.54,47.05,,48.42,,,3171395,150211410.37,6960,F1,1,,,,,
2026-10-05,2026-10-05,CM,NSE,STK,10447,INE854D01024,UNITDSPR,EQ,,,,,UNITED SPIRITS LIMITED,1335.40,1377.90,1329.70,1369.00,1369.00,1335.10,,1369.00,,,1272603,1721066051.30,47556,F1,1,,,,,
2026-10-05,2026-10-05,CM,NSE,STK,10366,INE275F01019,UNIVAFOODS,BE,,,,,UNIVA FOODS LIMITED,9.48,9.48,9.48,9.48,9.48,9.48,,9.48,,,3084,29236.32,9,F1,1,,,,,
2026-10-05,2026-10-05,CM,NSE,STK,18979,INE562X01013,UNIVASTU,BE,,,,,UNIVASTU INDIA LIMITED,135.90,135.90,127.55,127.77,128.99,134.25,,127.77,,,46796,6099465.67,465,F1,1,,,,,
2026-10-05,2026-10-05,CM,NSE,STK,3607,INE279A01012,UNIVCABLES,EQ,,,,,UNIVERSAL CABLES LTD,1459.90,1536.80,1456.00,1520.20,1515.00,1451.30,,1520.18,,,214759,324255324.50,16273,F1,1,,,,,
2026-10-05,2026-10-05,CM,NSE,STK,17661,INE03V001013,UNIVPHOTO,BE,,,,,UNIVERSUS IMAGINGS LTD,514.50,514.50,471.15,488.20,501.00,490.00,,488.20,,,231,116847.75,20,F1,1,,,,,
2026-10-05,2026-10-05,CM,NSE,STK,14154,INE405E01023,UNOMINDA,EQ,,,,,UNO MINDA LIMITED,1111.00,1126.00,1086.20,1101.00,1101.00,1111.00,,1100.98,,,952575,1046959332.20,35931,F1,1,,,,,
2026-10-05,2026-10-05,CM,NSE,STK,2883,INE530B08110,IIFLZC28,NG,,,,,UNSE RE NCD 0% SR.III,1661.01,1671.00,1661.01,1671.00,1671.00,1666.35,,1671.00,,,90,149690.70,3,F1,1,,,,,
2026-10-05,2026-10-05,CM,NSE,STK,2871,INE530B08094,10IIFL28A,NE,,,,,UNSE RE NCD 10% SR.I,1045.26,1060.00,1045.26,1050.00,1050.00,1048.00,,1050.00,,,122,128616.25,9,F1,1,,,,,
2026-10-05,2026-10-05,CM,NSE,STK,5863,INE148I08348,850SCL25A,NW,,,,,UNSE RE NCD 9.35% SR.X,990.00,990.00,990.00,990.00,990.00,990.00,,990.00,,,38,37620.00,3,F1,1,,,,,
2026-10-05,2026-10-05,CM,NSE,STK,2877,INE530B08102,96IIFL28A,NF,,,,,UNSE RE NCD 9.6% SR.II,1000.00,1001.99,998.02,1000.99,1000.99,1000.00,,1001.16,,,978,978640.26,43,F1,1,,,,,
2026-10-05,2026-10-05,CM,NSE,STK,5217,INE477L08162,IIFLZC28C,N6,,,,,UNSEC RE NCD 0% SR.III,1600.20,1600.20,1600.20,1600.20,1600.20,1600.20,,1600.20,,,60,96012.00,2,F1,1,,,,,
2026-10-05,2026-10-05,CM,NSE,STK,5212,INE477L08147,10IIFL28,N4,,,,,UNSEC RE NCD 10% SR.I,1006.00,1018.00,1006.00,1018.00,1018.00,1008.12,,1006.35,,,78,78924.00,4,F1,1,,,,,
2026-10-05,2026-10-05,CM,NSE,STK,5214,INE477L08154,96IIFL28,N5,,,,,UNSEC RE NCD 9.60% SR.II,999.45,1002.96,999.02,1000.13,999.25,999.45,,1000.13,,,2647,2647994.97,25,F1,1,,,,,
2026-10-05,2026-10-05,CM,NSE,STK,19045,INE866I08279,10IIFL29,N6,,,,,UNSEC RED NCD 10.0% SR. V,1014.00,1025.00,1010.00,1011.59,1010.00,1003.72,,1011.59,,,307,310846.00,6,F1,1,,,,,
2026-10-05,2026-10-05,CM,NSE,STK,21225,INE306N08292,910TCAP28,NA,,,,,UNSERENCD9.1%SRIIICIII&IV,1049.99,1049.99,1035.35,1046.00,1046.00,1035.26,,1046.00,,,290,303146.50,6,F1,1,,,,,
2026-10-05,2026-10-05,CM,NSE,STK,19113,INE851I01011,UDS,EQ,,,,,UPDATER SERVICES LIMITED,209.60,211.98,208.43,210.82,211.00,208.55,,210.79,,,78015,16409346.87,2329,F1,1,,,,,
2026-10-05,2026-10-05,CM,NSE,STK,11287,INE628A01036,UPL,EQ,,,,,UPL LIMITED,520.50,526.80,496.05,502.50,502.50,516.80,,502.48,,,5330366,2704009001.00,42874,F1,1,,,,,
2026-10-05,2026-10-05,CM,NSE,STK,17081,INE568Z01015,URAVIDEF,BE,,,,,URAVI DEFENCE &TECH LTD,103.00,103.00,101.16,101.16,101.16,103.00,,101.58,,,463,46946.99,16,F1,1,,,,,
2026-10-05,2026-10-05,CM,NSE,STK,759084,INE0CAZ01013,URBANCO,EQ,,,,,URBAN COMPANY LIMITED,157.00,160.56,157.00,159.59,159.00,156.34,,159.59,,,2694786,428460933.57,47403,F1,1,,,,,
2026-10-05,2026-10-05,CM,NSE,STK,16888,INE0O0201019,URBAN,SM,,,,,URBAN ENVIRO WASTE MGMT L,118.30,121.00,116.10,120.25,120.80,118.15,,120.25,,,20000,2380680.00,25,F1,800,,,,,
2026-10-05,2026-10-05,CM,NSE,STK,20203,INE550C01020,URJA,EQ,,,,,URJA GLOBAL LIMITED,8.56,9.00,8.51,8.69,8.62,8.61,,8.67,,,478430,4126043.72,2523,F1,1,,,,,
2026-10-05,2026-10-05,CM,NSE,STK,25955,INE0LS001014,USHAFIN,ST,,,,,USHA FINANCIAL SERVICES L,46.70,46.70,45.50,46.05,46.05,46.70,,46.05,,,4800,221200.00,3,F1,1600,,,,,
2026-10-05,2026-10-05,CM,NSE,STK,19142,INE240C01028,UMESLTD,EQ,,,,,USHA MARTIN EDU & SOL LTD,4.80,4.80,4.28,4.37,4.49,4.57,,4.37,,,7898,35089.95,77,F1,1,,,,,
2026-10-05,2026-10-05,CM,NSE,STK,8840,INE228A01035,USHAMART,EQ,,,,,USHA MARTIN LTD.,492.00,518.00,492.00,510.50,508.10,491.70,,510.56,,,1068924,542865544.75,33961,F1,1,,,,,
2026-10-05,2026-10-05,CM,NSE,STK,4214,INE00NI01015,UCL,ST,,,,,USHANTI COLOUR CHEM LTD,210.35,218.00,199.90,210.45,210.45,210.35,,210.45,,,10000,2077200.00,5,F1,2000,,,,,
2026-10-05,2026-10-05,CM,NSE,STK,527,INE094J01016,UTIAMC,EQ,,,,,UTI ASSET MNGMT CO LTD,883.70,898.00,879.85,890.30,897.00,883.70,,890.34,,,58676,52221022.00,8991,F1,1,,,,,
2026-10-05,2026-10-05,CM,NSE,STK,765431,INF789F1AG76,NIF500BETA,EQ,,,,,UTIAMC - NIF500BETA,36.60,38.90,35.04,36.30,35.50,34.65,,36.30,,,49278,1781900.10,171,F1,1,,,,,
2026-10-05,2026-10-05,CM,NSE,STK,766104,INF789F1AH42,SECLEDBETA,EQ,,,,,UTIAMC - SECLEDBETA,14.15,14.15,13.68,13.74,13.88,13.66,,13.74,,,15414,212590.10,48,F1,1,,,,,
2026-10-05,2026-10-05,CM,NSE,STK,22440,INF789F1AUV1,BANKBETA,EQ,,,,,UTIAMC-BANKBETA,56.42,57.13,56.40,56.52,56.43,56.42,,56.52,,,2851590,161153028.41,735,F1,1,,,,,
2026-10-05,2026-10-05,CM,NSE,STK,22524,INF789F1AZF3,GILT10BETA,EQ,,,,,UTIAMC-GILT10BETA,25.90,26.64,25.90,26.59,26.63,25.99,,26.59,,,735,19285.59,25,F1,1,,,,,
2026-10-05,2026-10-05,CM,NSE,STK,22521,INF789F1AZE6,GILT5BETA,EQ,,,,,UTIAMC-GILT5BETA,66.51,66.51,64.90,66.20,66.20,66.51,,66.20,,,4106,268850.62,33,F1,1,,,,,
2026-10-05,2026-10-05,CM,NSE,STK,22488,INF789F1AZD8,ITBETA,EQ,,,,,UTIAMC-ITBETA,297.27,303.00,297.24,297.84,297.60,297.27,,297.84,,,196,58558.51,23,F1,1,,,,,
2026-10-05,2026-10-05,CM,NSE,STK,18347,INF789F1AYX9,MIDCAPBETA,EQ,,,,,UTIAMC-MIDCAPBETA,216.45,224.00,216.45,219.14,218.11,222.00,,219.14,,,14121,3095632.95,133,F1,1,,,,,
2026-10-05,2026-10-05,CM,NSE,STK,21478,INF789F1AUW9,NEXT50BETA,EQ,,,,,UTIAMC-NEXT50BETA,74.71,75.88,74.42,75.03,75.69,74.70,,75.03,,,118869,8907591.38,1209,F1,1,,,,,
2026-10-05,2026-10-05,CM,NSE,STK,10511,INF789F1AZC0,NIFTYBETA,EQ,,,,,UTIAMC-NIFTYBETA,249.00,256.15,249.00,250.26,250.14,249.91,,250.26,,,79397,19871582.73,872,F1,1,,,,,
2026-10-05,2026-10-05,CM,NSE,STK,10515,INF789FB1X58,SENSEXBETA,EQ,,,,,UTIAMC-SENSEXBETA,794.00,810.00,794.00,808.67,810.00,797.32,,808.67,,,1265,1014808.53,175,F1,1,,,,,
2026-10-05,2026-10-05,CM,NSE,STK,15085,INF789F1AYK6,SILVERBETA,EQ,,,,,UTIAMC-SILVERBETA,211.50,214.28,211.50,213.84,214.21,210.91,,213.84,,,298446,63644146.29,3445,F1,1,,,,,
2026-10-05,2026-10-05,CM,NSE,STK,9168,INF789F1AUU3,SNXT50BETA,EQ,,,,,UTIAMC-SNXT50BETA,90.13,90.77,88.51,89.24,89.20,89.69,,88.46,,,1482,133093.15,136,F1,1,,,,,
2026-10-05,2026-10-05,CM,NSE,STK,14535,INF789F1AUX7,GOLDBETA,EQ,,,,,UTIAMC-UTIGOLDBETA,123.70,124.25,122.80,123.90,124.00,123.70,,123.90,,,881163,108986519.35,4980,F1,1,,,,,
2026-10-05,2026-10-05,CM,NSE,STK,751587,INE1V1R01014,UTKAL,ST,,,,,UTKAL SPEC INDUS INDIA L,50.00,50.00,45.60,49.75,49.90,48.00,,49.75,,,42000,2042900.00,18,F1,2000,,,,,
2026-10-05,2026-10-05,CM,NSE,STK,17358,INE735W01017,UTKARSHBNK,EQ,,,,,UTKARSH SMALL FIN BANK L,13.43,13.68,13.12,13.22,13.26,13.43,,13.22,,,2920874,39006983.71,4721,F1,1,,,,,
2026-10-05,2026-10-05,CM,NSE,STK,24726,INE06IJ01010,UTSSAV,SM,,,,,UTSSAV CZ GOLD JEWELS LTD,775.00,845.25,775.00,843.35,840.00,766.80,,843.35,,,133200,109840620.00,173,F1,600,,,,,
2026-10-05,2026-10-05,CM,NSE,STK,13376,INE786F01031,UTTAMSUGAR,EQ,,,,,UTTAM SUGAR MILLS LTD.,280.65,298.00,279.00,294.70,294.65,276.10,,294.70,,,362425,105221796.65,11593,F1,1,,,,,
2026-10-05,2026-10-05,CM,NSE,STK,3188,INE0GXK01018,VMARCIND,SM,,,,,V MARC INDIA LIMITED,325.70,325.70,316.10,321.65,321.00,325.00,,321.65,,,102000,32772900.00,64,F1,1500,,,,,
2026-10-05,2026-10-05,CM,NSE,STK,765220,INE222F01029,VTMLTD,EQ,,,,,V T M LTD.,40.40,41.40,37.30,38.27,39.00,38.15,,38.32,,,46362,1761708.52,910,F1,1,,,,,
2026-10-05,2026-10-05,CM,NSE,STK,15362,INE951I01027,VGUARD,EQ,,,,,V-GUARD IND LTD.,297.30,302.70,295.30,296.55,296.05,294.55,,296.54,,,204357,60896072.35,10800,F1,1,,,,,
2026-10-05,2026-10-05,CM,NSE,STK,24606,INE0QXL01015,VLINFRA,SM,,,,,V.L.INFRAPROJECTS LIMITED,23.75,25.15,23.75,25.15,25.15,24.90,,25.15,,,7500,184575.00,5,F1,1500,,,,,
2026-10-05,2026-10-05,CM,NSE,STK,14766,INE945H01021,V2RETAIL,EQ,,,,,V2 RETAIL LIMITED,183.99,183.99,162.33,169.28,167.89,201.39,,169.24,,,18473874,3183657734.38,221803,F1,1,,,,,
2026-10-05,2026-10-05,CM,NSE,STK,20188,INE956G01038,WABAG,EQ,,,,,VA TECH WABAG LTD,2015.00,2032.80,1967.00,1999.50,1999.90,2004.90,,1999.50,,,683349,1357407800.20,33624,F1,1,,,,,
2026-10-05,2026-10-05,CM,NSE,STK,764975,INE693D01018,VADILENT,EQ,,,,,VADILAL ENTERPRISES LTD.,9960.00,9960.00,9860.00,9860.00,9860.00,9910.00,,9860.00,,,9,89180.00,9,F1,1,,,,,
2026-10-05,2026-10-05,CM,NSE,STK,24196,INE694D01016,VADILALIND,EQ,,,,,VADILAL INDUSTRIES LTD,7187.00,7299.50,7000.00,7111.00,7125.00,7187.00,,7111.67,,,6743,47877412.00,1869,F1,1,,,,,
2026-10-05,2026-10-05,CM,NSE,STK,11364,INE884A01027,VAIBHAVGBL,EQ,,,,,VAIBHAV GLOBAL LIMITED,205.00,208.99,198.15,199.43,200.99,203.53,,199.44,,,211892,42554115.56,5628,F1,1,,,,,
2026-10-05,2026-10-05,CM,NSE,STK,8262,INE0JR301013,MADHAVBAUG,ST,,,,,VAIDYA SANE AYUR LAB LTD,179.70,179.70,173.40,173.40,173.40,177.55,,173.40,,,1600,283520.00,4,F1,400,,,,,
2026-10-05,2026-10-05,CM,NSE,STK,16589,INE972X01022,VAISHALI,EQ,,,,,VAISHALI PHARMA LIMITED,8.95,8.95,8.22,8.28,8.32,8.38,,8.28,,,217314,1815568.62,382,F1,1,,,,,
2026-10-05,2026-10-05,CM,NSE,STK,13342,INE051B01021,VAKRANGEE,EQ,,,,,VAKRANGEE LIMITED,5.12,5.70,5.12,5.21,5.20,5.12,,5.21,,,741358,3848179.05,1610,F1,1,,,,,
2026-10-05,2026-10-05,CM,NSE,STK,19220,INE0JWS01017,VALIANTLAB,BE,,,,,VALIANT LABORATORIES LTD,128.85,128.85,119.05,124.58,126.40,125.08,,124.68,,,70647,8681721.22,372,F1,1,,,,,
2026-10-05,2026-10-05,CM,NSE,STK,330,INE565V01010,VALIANTORG,EQ,,,,,VALIANT ORGANICS LIMITED,477.15,503.00,471.05,475.65,475.00,477.15,,475.67,,,461753,227156667.10,13986,F1,1,,,,,
2026-10-05,2026-10-05,CM,NSE,STK,18124,INE879I01012,DBREALTY,EQ,,,,,VALOR ESTATE LIMITED,91.74,92.79,89.25,91.72,91.50,91.70,,91.72,,,903606,82272264.42,11893,F1,1,,,,,
2026-10-05,2026-10-05,CM,NSE,STK,11220,INE116G01013,VARDHACRLC,EQ,,,,,VARDHAMAN ACRYLICS LTD,45.70,45.70,44.11,44.47,44.20,44.34,,44.47,,,39997,1791125.80,344,F1,1,,,,,
2026-10-05,2026-10-05,CM,NSE,STK,11892,INE701A01023,VHL,EQ,,,,,VARDHMAN HOLDINGS LIMITED,3481.00,3525.70,3375.00,3517.80,3510.00,3435.30,,3515.81,,,1519,5295590.20,346,F1,1,,,,,
2026-10-05,2026-10-05,CM,NSE,STK,3646,INE835A01029,VARDMNPOLY,EQ,,,,,VARDHMAN POLYTEX LTD.,5.60,5.75,5.48,5.55,5.59,5.70,,5.56,,,297132,1650332.49,552,F1,1,,,,,
2026-10-05,2026-10-05,CM,NSE,STK,27067,INE050M01012,VSSL,EQ,,,,,VARDHMAN SPC STEEL LTD,381.00,388.35,375.85,386.10,384.00,383.30,,386.10,,,140448,53860567.95,5981,F1,1,,,,,
2026-10-05,2026-10-05,CM,NSE,STK,2073,INE825A01020,VTL,EQ,,,,,VARDHMAN TEXTILES LIMITED,532.00,538.90,527.65,529.90,528.95,529.25,,529.79,,,102074,54300247.15,8016,F1,1,,,,,
2026-10-05,2026-10-05,CM,NSE,STK,766255,INE0M5301040,VARMORA,EQ,,,,,VARMORA GRANITO LIMITED,135.00,138.20,132.11,134.88,133.60,134.30,,134.88,,,1992329,267731936.21,29145,F1,1,,,,,
2026-10-05,2026-10-05,CM,NSE,STK,3857,INE665L01035,VARROC,EQ,,,,,VARROC ENGINEERING LTD.,835.00,843.80,817.00,820.00,819.15,830.60,,820.01,,,169871,140033736.55,15648,F1,1,,,,,
2026-10-05,2026-10-05,CM,NSE,STK,18921,INE200M01039,VBL,EQ,,,,,VARUN BEVERAGES LIMITED,426.30,440.20,426.30,439.60,439.60,425.30,,439.60,,,4643552,2021796026.00,66879,F1,1,,,,,
2026-10-05,2026-10-05,CM,NSE,STK,13771,INE273D01027,VGL,EQ,,,,,VARVEE GLOBAL LIMITED,63.40,65.22,63.40,63.60,63.60,63.11,,63.60,,,33296,2133289.06,380,F1,1,,,,,
2026-10-05,2026-10-05,CM,NSE,STK,16454,INE0N5801013,DENTALKART,SM,,,,,VASA DENTICITY LIMITED,458.00,465.00,437.20,465.00,465.00,459.00,,465.00,,,5750,2608800.00,19,F1,250,,,,,
2026-10-05,2026-10-05,CM,NSE,STK,18110,INE893I01013,VASCONEQ,EQ,,,,,VASCON ENGINEERS LTD,33.00,33.70,32.05,32.27,32.30,32.58,,32.27,,,452260,14736443.12,1889,F1,1,,,,,
2026-10-05,2026-10-05,CM,NSE,STK,25340,INE590L01019,VASWANI,EQ,,,,,VASWANI IND LTD,44.20,45.28,44.01,44.13,44.06,44.36,,44.13,,,8389,373023.06,91,F1,1,,,,,
2026-10-05,2026-10-05,CM,NSE,STK,9027,INE098201036,VCL,BE,,,,,VAXTEX COTFAB LIMITED,1.43,1.43,1.43,1.43,1.43,1.37,,1.43,,,264937,378859.91,149,F1,1,,,,,
2026-10-05,2026-10-05,CM,NSE,STK,757413,INE04HY07294,1025VCCL28,N0,,,,,VCCL 10.25% 2028,97800.00,97800.00,97800.00,97800.00,97800.00,98400.00,,97800.00,,,2,195600.00,1,F1,1,,,,,
2026-10-05,2026-10-05,CM,NSE,STK,25812,INE04HY07179,12VCCL27A,N0,,,,,VCCL 12% 2027 SR C,100020.00,100020.00,100020.00,100020.00,100020.00,100020.00,,100020.00,,,2,200040.00,2,F1,1,,,,,
2026-10-05,2026-10-05,CM,NSE,STK,758338,INE04HY07252,12VCCL27D,N0,,,,,VCCL 12% 2027 SR C,100000.00,100000.00,100000.00,100000.00,100000.00,100000.00,,100000.00,,,1,100000.00,1,F1,1,,,,,
2026-10-05,2026-10-05,CM,NSE,STK,760558,INE04HY08011,125VCCL31,N0,,,,,VCCL 12.5% 2031,98500.00,98500.00,98500.00,98500.00,98500.00,96500.00,,98500.00,,,1,98500.00,1,F1,1,,,,,
2026-10-05,2026-10-05,CM,NSE,STK,25054,INE0U2M01015,VDEAL,SM,,,,,VDEAL SYSTEM LIMITED,111.20,111.20,103.05,103.05,103.05,110.50,,103.05,,,2400,256680.00,4,F1,600,,,,,
2026-10-05,2026-10-05,CM,NSE,STK,8167,INE825V01034,MANYAVAR,EQ,,,,,VEDANT FASHIONS LIMITED,522.60,527.90,507.65,521.30,520.75,519.20,,521.37,,,917319,473506744.40,13940,F1,1,,,,,
2026-10-05,2026-10-05,CM,NSE,STK,750174,INE1CDF01017,VAML,EQ,,,,,VEDANTA ALUMINIUM METAL L,403.50,410.95,391.45,396.60,396.00,402.75,,396.60,,,10726817,4264402705.60,144298,F1,1,,,,,
2026-10-05,2026-10-05,CM,NSE,STK,750290,INE1CLE01013,VISL,EQ,,,,,VEDANTA IRON AND STEEL L,30.99,31.32,30.16,30.74,30.70,31.17,,30.75,,,14830747,456459796.73,42175,F1,1,,,,,
2026-10-05,2026-10-05,CM,NSE,STK,3063,INE205A01025,VEDL,EQ,,,,,VEDANTA LIMITED,253.30,256.60,252.05,255.05,255.05,252.05,,255.05,,,7161255,1822162887.05,63796,F1,1,,,,,
2026-10-05,2026-10-05,CM,NSE,STK,750368,INE704J01044,VOGL,EQ,,,,,VEDANTA OIL AND GAS LTD,31.95,32.14,30.63,30.87,30.88,31.98,,30.87,,,23982297,747237815.09,145271,F1,1,,,,,
2026-10-05,2026-10-05,CM,NSE,STK,750518,INE694L01019,VEDPOWER,EQ,,,,,VEDANTA POWER LIMITED,32.80,33.15,31.49,31.87,31.92,32.77,,31.87,,,15572832,500864484.59,183372,F1,1,,,,,
2026-10-05,2026-10-05,CM,NSE,STK,764980,INE359B01010,VEDAVAAG,EQ,,,,,VEDAVAAG SYSTEMS LTD.,22.16,22.59,21.46,22.33,22.28,22.16,,22.33,,,27473,606652.88,269,F1,1,,,,,
2026-10-05,2026-10-05,CM,NSE,STK,14019,INE484C01030,VEEDOL,EQ,,,,,VEEDOL CORPORATION LTD,1357.00,1365.90,1339.10,1350.40,1350.00,1356.60,,1350.45,,,6337,8537027.80,880,F1,1,,,,,
2026-10-05,2026-10-05,CM,NSE,STK,766097,INE1JTV01015,VEEGALAND,EQ,,,,,VEEGALAND DEVELOPERS LTD,144.09,149.75,142.42,144.74,144.22,141.79,,144.77,,,1476381,215355968.83,8756,F1,1,,,,,
2026-10-05,2026-10-05,CM,NSE,STK,10710,INE0KTW01013,VEEKAYEM,SM,,,,,VEEKAYEM FASH & APP LTD,108.00,108.70,108.00,108.35,108.70,104.00,,108.35,,,4000,432950.00,8,F1,500,,,,,
2026-10-05,2026-10-05,CM,NSE,STK,762969,INE232E01013,VELJAN,BE,,,,,VELJAN DENISON LTD.,2350.00,2410.90,2296.10,2410.90,2410.90,2296.10,,2410.90,,,4186,10058986.20,269,F1,1,,,,,
2026-10-05,2026-10-05,CM,NSE,STK,3757,INE398A01010,VENKEYS,EQ,,,,,VENKY S (INDIA) LIMITED,1618.10,1664.00,1593.00,1642.70,1636.00,1613.00,,1642.81,,,51707,84625644.00,6807,F1,1,,,,,
2026-10-05,2026-10-05,CM,NSE,STK,28847,INE781S01027,VENTIVE,EQ,,,,,VENTIVE HOSPITALITY LTD,546.00,557.90,544.50,548.00,546.25,552.20,,547.99,,,8979,4923468.85,1101,F1,1,,,,,
2026-10-05,2026-10-05,CM,NSE,STK,9592,INE0JA001018,VENUSPIPES,EQ,,,,,VENUS PIPES & TUBES LTD,2204.90,2279.10,2193.80,2206.40,2217.00,2204.90,,2206.36,,,141164,315161321.90,12927,F1,1,,,,,
2026-10-05,2026-10-05,CM,NSE,STK,13856,INE411B01019,VENUSREM,BE,,,,,VENUS REMEDIES LIMITED,1758.00,1819.00,1710.00,1778.00,1800.00,1796.70,,1777.91,,,21176,37211470.10,1088,F1,1,,,,,
2026-10-05,2026-10-05,CM,NSE,STK,8890,INE0IQ001011,VERANDA,EQ,,,,,VERANDA LEARNING SOL LTD,214.00,218.99,207.60,212.76,213.02,213.80,,212.76,,,368190,78164051.79,7788,F1,1,,,,,
2026-10-05,2026-10-05,CM,NSE,STK,23775,INE0SRI01019,VERITAAS,SM,,,,,VERITAAS ADVERTISING LTD,30.05,30.50,30.05,30.05,30.05,31.60,,30.05,,,6000,181380.00,5,F1,1200,,,,,
2026-10-05,2026-10-05,CM,NSE,STK,10757,INE0KXY23015,VERTIS,IV,,,,,VERTIS INFRASTRUCTURE TST,114.00,116.50,114.00,114.00,114.00,116.50,,114.00,,,3825000,443420250.00,16,F1,25000,,,,,
2026-10-05,2026-10-05,CM,NSE,STK,18863,INE188Y01031,VERTOZ,EQ,,,,,VERTOZ LIMITED,36.99,36.99,34.43,34.73,35.00,35.66,,34.73,,,40182,1403730.90,635,F1,1,,,,,
2026-10-05,2026-10-05,CM,NSE,STK,3676,INE386A01023,VESUVIUS,EQ,,,,,VESUVIUS INDIA LTD,404.10,412.65,387.95,389.40,390.00,404.10,,389.41,,,190997,75697320.45,9596,F1,1,,,,,
2026-10-05,2026-10-05,CM,NSE,STK,8652,INE918N01018,VETO,EQ,,,,,VETO SWITCHGEAR CABLE LTD,137.00,140.95,135.35,136.65,136.00,136.79,,136.69,,,45573,6275133.64,1596,F1,1,,,,,
2026-10-05,2026-10-05,CM,NSE,STK,22730,INE0QTF01015,VSTL,EQ,,,,,VIBHOR STEEL TUBES LTD,109.98,110.45,108.05,109.04,109.30,108.85,,109.03,,,5108,557540.07,190,F1,1,,,,,
2026-10-05,2026-10-05,CM,NSE,STK,765252,INE761Q01015,VGCL,EQ,,,,,VIBRANT GLOBAL CAPITAL L,45.65,48.37,45.65,48.02,48.02,47.89,,48.80,,,906,42395.78,51,F1,1,,,,,
2026-10-05,2026-10-05,CM,NSE,STK,23386,INE048C01025,VHLTD,BE,,,,,VICEROY HOTELS LIMITED,131.99,131.99,124.00,126.05,130.00,127.70,,126.20,,,7505,955773.59,92,F1,1,,,,,
2026-10-05,2026-10-05,CM,NSE,STK,760691,INE0F8901022,VICTORYEV,SM,,,,,VICTORY ELEC VEHICL INT L,13.50,13.50,13.30,13.30,13.30,13.50,,13.30,,,9000,120900.00,3,F1,3000,,,,,
2026-10-05,2026-10-05,CM,NSE,STK,13536,INE632C01026,VIDHIING,EQ,,,,,VIDHI SPCLTY F INGRDNTS L,356.50,357.00,350.00,354.00,354.00,350.25,,354.05,,,14038,4975828.10,943,F1,1,,,,,
2026-10-05,2026-10-05,CM,NSE,STK,760224,INE14UN01029,VIDYAWIRES,EQ,,,,,VIDYA WIRES LIMITED,90.95,95.35,90.95,91.27,91.08,90.97,,91.28,,,1296809,120570614.73,8246,F1,1,,,,,
2026-10-05,2026-10-05,CM,NSE,STK,758898,INE1DM601016,VIGOR,SM,,,,,VIGOR PLAST INDIA LIMITED,80.00,80.00,76.00,76.00,76.00,80.00,,76.00,,,35200,2702960.00,22,F1,1600,,,,,
2026-10-05,2026-10-05,CM,NSE,STK,764985,INE362D01010,VIJSOLX,EQ,,,,,VIJAY SOLVEX LTD.,625.05,644.80,625.05,636.95,636.95,623.30,,636.95,,,33,20796.20,11,F1,1,,,,,
2026-10-05,2026-10-05,CM,NSE,STK,5585,INE043W01024,VIJAYA,EQ,,,,,VIJAYA DIAGNOSTIC CEN LTD,1425.00,1444.90,1405.40,1422.20,1420.90,1428.00,,1422.22,,,157254,223726926.10,32074,F1,1,,,,,
2026-10-05,2026-10-05,CM,NSE,STK,760121,INE0WL901019,VIJAYPD,SM,,,,,VIJAYPD CEUTICAL LIMITED,82.00,91.95,76.75,90.35,90.70,80.05,,90.35,,,176000,15182400.00,84,F1,2000,,,,,
2026-10-05,2026-10-05,CM,NSE,STK,17695,INE159N01027,VIJIFIN,BE,,,,,VIJI FINANCE LIMITED,14.41,14.41,14.41,14.41,14.41,15.16,,14.41,,,38311,552061.51,200,F1,1,,,,,
2026-10-05,2026-10-05,CM,NSE,STK,25756,INE806A01020,VIKASECO,EQ,,,,,VIKAS ECOTECH LIMITED,1.03,1.03,1.02,1.02,1.02,1.01,,1.02,,,1522387,1558354.17,1078,F1,1,,,,,
2026-10-05,2026-10-05,CM,NSE,STK,9931,INE161L01027,VIKASLIFE,EQ,,,,,VIKAS LIFECARE LIMITED,1.21,1.23,1.21,1.21,1.21,1.20,,1.21,,,2377351,2889837.06,8062,F1,1,,,,,
2026-10-05,2026-10-05,CM,NSE,STK,759453,INE078V01014,VIKRAMSOLR,EQ,,,,,VIKRAM SOLAR LIMITED,155.00,157.39,151.79,152.52,152.70,154.35,,152.52,,,969664,148679605.04,13190,F1,1,,,,,
2026-10-05,2026-10-05,CM,NSE,STK,758973,INE01R501028,VIKRAN,EQ,,,,,VIKRAN ENGINEERING LTD,59.00,59.56,56.90,57.19,57.12,58.27,,57.19,,,1024492,59241891.31,6563,F1,1,,,,,
2026-10-05,2026-10-05,CM,NSE,STK,23909,INE0AZY01017,VILAS,SM,,,,,VILAS TRANSCORE LIMITED,404.95,406.90,394.00,396.25,395.00,398.75,,396.25,,,46500,18495987.50,106,F1,250,,,,,
2026-10-05,2026-10-05,CM,NSE,STK,16960,INE0L4V01013,VILINBIO,ST,,,,,VILIN BIO MED LIMITED,53.75,53.75,53.75,53.75,53.75,56.50,,53.75,,,4000,215000.00,1,F1,4000,,,,,
2026-10-05,2026-10-05,CM,NSE,STK,13101,INE579C01029,VIMTALABS,EQ,,,,,VIMTA LABS LIMITED,585.00,604.00,570.50,571.75,573.00,584.35,,571.74,,,96965,56288169.25,9030,F1,1,,,,,
2026-10-05,2026-10-05,CM,NSE,STK,17364,INE410B01037,VINATIORGA,EQ,,,,,VINATI ORGANICS LTD,1207.00,1207.90,1171.60,1175.80,1175.80,1208.10,,1175.81,,,43727,51648514.50,7795,F1,1,,,,,
2026-10-05,2026-10-05,CM,NSE,STK,3694,INE707A01012,VINDHYATEL,EQ,,,,,VINDHYA TELELINKS LTD,2611.70,2670.50,2553.50,2577.30,2588.00,2617.00,,2577.24,,,37719,97663179.70,5644,F1,1,,,,,
2026-10-05,2026-10-05,CM,NSE,STK,3807,INE505Y01010,VINEETLAB,EQ,,,,,VINEET LABORATORIES LTD,36.40,37.70,35.49,37.57,37.03,35.91,,37.61,,,95641,3537441.11,495,F1,1,,,,,
2026-10-05,2026-10-05,CM,NSE,STK,763821,INE27V201011,VMOBILE,SM,,,,,VINIT MOBILE LIMITED,53.80,53.80,53.75,53.75,53.75,56.05,,53.75,,,1600,86040.00,2,F1,800,,,,,
2026-10-05,2026-10-05,CM,NSE,STK,12490,INE01KI01027,VINNY,EQ,,,,,VINNY OVERSEAS LIMITED,0.91,0.91,0.90,0.90,0.90,0.90,,0.90,,,202872,182765.77,151,F1,1,,,,,
2026-10-05,2026-10-05,CM,NSE,STK,766061,INE1A5U01014,VINOD,SM,,,,,VINOD TEXWORLD LIMITED,45.80,45.80,45.80,45.80,45.80,50.85,,45.80,,,8400,384720.00,7,F1,1200,,,,,
2026-10-05,2026-10-05,CM,NSE,STK,17905,INE0OSJ01014,VINSYS,ST,,,,,VINSYS IT SERVICES IND LT,585.00,588.00,555.05,574.00,573.00,579.50,,574.00,,,3000,1727262.50,12,F1,250,,,,,
2026-10-05,2026-10-05,CM,NSE,STK,25835,INE498Q01014,VINCOFE,EQ,,,,,VINTAGE COFFEE N BVRGS L,178.80,186.00,175.41,182.59,183.00,178.95,,182.53,,,1009071,182128435.66,14632,F1,1,,,,,
2026-10-05,2026-10-05,CM,NSE,STK,19206,INE0OLS01010,VINYAS,SM,,,,,VINYAS INNOVATIVE TECH L,1361.40,1398.00,1311.00,1374.45,1398.00,1375.15,,1374.45,,,12800,17246930.00,94,F1,100,,,,,
2026-10-05,2026-10-05,CM,NSE,STK,16821,INE250B01029,VINYLINDIA,EQ,,,,,VINYL CHEMICALS (I) LTD.,214.23,220.00,214.00,214.15,214.01,214.23,,214.23,,,2875,616904.37,200,F1,1,,,,,
2026-10-05,2026-10-05,CM,NSE,STK,14843,INE450G01024,VIPCLOTHNG,EQ,,,,,VIP CLOTHING LIMITED,20.11,21.94,20.11,20.19,20.17,20.11,,20.17,,,14474,298734.87,216,F1,1,,,,,
2026-10-05,2026-10-05,CM,NSE,STK,3703,INE054A01027,VIPIND,EQ,,,,,VIP INDUSTRIES LTD,282.95,288.75,279.00,284.30,283.30,280.75,,284.33,,,190807,54104102.50,7303,F1,1,,,,,
2026-10-05,2026-10-05,CM,NSE,STK,8437,INE946H01037,VIPULLTD,BE,,,,,VIPUL LIMITED,10.46,10.55,10.35,10.49,10.50,10.59,,10.49,,,68050,712469.60,157,F1,1,,,,,
2026-10-05,2026-10-05,CM,NSE,STK,764990,INE467D01017,VIRAT,EQ,,,,,VIRAT INDUSTRIES LTD.,336.15,349.90,336.00,345.00,338.40,335.80,,344.79,,,5210,1788115.60,263,F1,1,,,,,
2026-10-05,2026-10-05,CM,NSE,STK,15295,INE539B01017,VIRINCHI,EQ,,,,,VIRINCHI LIMITED,13.30,13.60,12.55,12.78,12.85,13.29,,12.78,,,63452,819120.51,359,F1,1,,,,,
2026-10-05,2026-10-05,CM,NSE,STK,757060,INE0VRH01015,VGINFOTECH,SM,,,,,VIRTUAL GALAXY INFOTECH L,138.00,138.00,136.00,138.00,138.00,139.00,,138.00,,,19000,2604750.00,18,F1,1000,,,,,
2026-10-05,2026-10-05,CM,NSE,STK,765218,INE247C01023,VIRTUALG,BE,,,,,VIRTUAL GLOBAL EDU LTD,0.44,0.45,0.43,0.43,0.44,0.44,,0.43,,,146059,64257.04,133,F1,1,,,,,
2026-10-05,2026-10-05,CM,NSE,STK,761916,INE0I0T01010,VOEPL,EQ,,,,,VIRTUOSO OPTOELECTRONIC L,520.00,553.85,493.00,506.10,505.55,493.00,,506.06,,,2133658,1118296359.55,58777,F1,1,,,,,
2026-10-05,2026-10-05,CM,NSE,STK,13295,INE286H01012,VISACHROME,EQ,,,,,VISA CHROME LIMITED,37.64,37.64,34.12,34.12,34.12,35.91,,34.07,,,24650,860279.33,250,F1,1,,,,,
2026-10-05,2026-10-05,CM,NSE,STK,29877,INE370E01029,VIVIDHA,EQ,,,,,VISAGAR POLYTEX LTD,0.51,0.54,0.50,0.51,0.52,0.50,,0.51,,,580904,300048.90,178,F1,1,,,,,
2026-10-05,2026-10-05,CM,NSE,STK,8150,INE392A01021,VISAKAIND,BE,,,,,VISAKA INDUSTRIES LTD,83.47,83.75,81.11,81.57,81.50,83.58,,81.57,,,71853,5908565.67,479,F1,1,,,,,
2026-10-05,2026-10-05,CM,NSE,STK,24274,INE0BHK01012,VISAMAN,SM,,,,,VISAMAN GLOBAL SALES LTD,25.85,25.85,25.85,25.85,25.85,27.20,,25.85,,,12000,310200.00,7,F1,1000,,,,,
2026-10-05,2026-10-05,CM,NSE,STK,18708,INE0OWX01025,VISDEM,SM,,,,,VISDEM TECHNOSYS LIMITED,99.95,100.00,92.00,99.65,100.00,91.00,,99.65,,,33600,3336540.00,17,F1,1200,,,,,
2026-10-05,2026-10-05,CM,NSE,STK,11773,INE755Q01025,VISHAL,EQ,,,,,VISHAL FABRICS LTD.,18.18,18.18,17.00,17.31,17.44,17.38,,17.30,,,28517,493063.72,397,F1,1,,,,,
2026-10-05,2026-10-05,CM,NSE,STK,27969,INE01EA01019,VMM,EQ,,,,,VISHAL MEGA MART LIMITED,100.60,100.60,98.10,98.25,98.25,99.50,,98.25,,,5980303,590971847.14,26769,F1,1,,,,,
2026-10-05,2026-10-05,CM,NSE,STK,6908,INE270I01022,VISHNU,EQ,,,,,VISHNU CHEMICALS LIMITED,661.55,669.65,645.10,647.75,649.00,658.25,,647.75,,,83979,54776224.70,5651,F1,1,,,,,
2026-10-05,2026-10-05,CM,NSE,STK,18341,INE0AE001013,VPRPL,EQ,,,,,VISHNU PRAKASH R PUNGLI L,28.45,29.17,28.45,28.78,28.60,28.39,,28.78,,,346485,9975980.73,1534,F1,1,,,,,
2026-10-05,2026-10-05,CM,NSE,STK,19300,INE0PQ001012,VISHNUINFR,SM,,,,,VISHNUSURYA PROJ N INFR L,143.15,145.40,143.00,143.00,143.00,148.70,,143.00,,,4000,574525.00,8,F1,500,,,,,
2026-10-05,2026-10-05,CM,NSE,STK,13702,INE430N01022,VISHWARAJ,EQ,,,,,VISHWARAJ SUGAR IND LTD,5.29,5.32,5.20,5.23,5.21,5.18,,5.23,,,195509,1025811.14,487,F1,1,,,,,
2026-10-05,2026-10-05,CM,NSE,STK,25231,INE0TR001017,VIESL,SM,,,,,VISION INFRA EQUIP SOL L,365.00,365.00,358.95,359.80,359.80,365.00,,359.80,,,9600,3468120.00,12,F1,800,,,,,
2026-10-05,2026-10-05,CM,NSE,STK,761148,INE0L4K01016,VITAL,EQ,,,,,VITAL CHEMTECH LIMITED,50.80,53.89,50.80,51.05,52.69,53.46,,51.05,,,3115,158636.47,31,F1,1,,,,,
2026-10-05,2026-10-05,CM,NSE,STK,763636,INE0MEG01014,VIVIANA,EQ,,,,,VIVIANA POWER TECH LTD,819.90,825.00,765.00,815.65,818.05,774.50,,815.65,,,82294,65759447.20,6106,F1,1,,,,,
2026-10-05,2026-10-05,CM,NSE,STK,761768,INE24H301028,VIVIDEL,SM,,,,,VIVID ELECTROMECH LIMITED,1747.65,1750.00,1690.00,1715.00,1715.00,1747.65,,1715.00,,,8400,14423928.00,34,F1,240,,,,,
2026-10-05,2026-10-05,CM,NSE,STK,11968,INE526G01021,VIVIMEDLAB,BE,,,,,VIVIMED LABS LIMITED,5.99,5.99,5.99,5.99,5.99,5.71,,5.99,,,103501,619970.99,63,F1,1,,,,,
2026-10-05,2026-10-05,CM,NSE,STK,764995,INE380K01017,VIVOBIOT,EQ,,,,,VIVO BIO TECH LTD.,17.00,17.83,14.60,15.14,15.30,17.13,,15.07,,,78951,1243651.41,388,F1,1,,,,,
2026-10-05,2026-10-05,CM,NSE,STK,7620,INE0IA701014,VIVO,ST,,,,,VIVO COLLAB SOLUTIONS LTD,147.00,147.00,147.00,147.00,147.00,151.05,,147.00,,,1600,235200.00,1,F1,1600,,,,,
2026-10-05,2026-10-05,CM,NSE,STK,14296,INE807F01027,VIYASH,EQ,,,,,VIYASH SCIENTIFIC LIMITED,234.00,235.00,228.00,229.07,228.10,231.75,,229.08,,,1200304,277272688.20,23363,F1,1,,,,,
2026-10-05,2026-10-05,CM,NSE,STK,18012,INE03HW01020,VLEGOV,EQ,,,,,VL E GOV AND IT SOL LTD,9.42,9.99,9.13,9.32,9.39,9.60,,9.32,,,135280,1274076.95,764,F1,1,,,,,
2026-10-05,2026-10-05,CM,NSE,STK,3715,INE709A01018,VLSFINANCE,EQ,,,,,VLS FINANCE LTD,229.00,234.84,229.00,231.16,231.90,230.87,,231.16,,,10797,2495616.57,145,F1,1,,,,,
2026-10-05,2026-10-05,CM,NSE,STK,29284,INE665J01013,VMART,EQ,,,,,VMART RETAIL LTD,751.00,775.00,744.40,770.95,768.00,746.10,,770.94,,,81245,62090840.00,10998,F1,1,,,,,
2026-10-05,2026-10-05,CM,NSE,STK,759152,INE0SJA01013,VMSTMT,EQ,,,,,VMS TMT LIMITED,46.95,48.00,42.50,44.34,44.57,46.65,,44.35,,,117745,5246403.64,1565,F1,1,,,,,
2026-10-05,2026-10-05,CM,NSE,STK,14366,INE669E01016,IDEA,EQ,,,,,VODAFONE IDEA LIMITED,12.75,12.90,12.56,12.74,12.74,12.64,,12.74,,,460591162,5853041331.32,575476,F1,1,,,,,
2026-10-05,2026-10-05,CM,NSE,STK,765000,INE285C01015,VOITHPAPR,EQ,,,,,VOITH PAPER FABRICS IND L,1416.00,1448.00,1392.30,1437.20,1440.10,1407.30,,1437.20,,,245,349127.60,47,F1,1,,,,,
2026-10-05,2026-10-05,CM,NSE,STK,29658,INE241X01014,VOLERCAR,SM,,,,,VOLER CAR LIMITED,217.00,219.00,216.50,219.00,219.00,216.30,,219.00,,,4800,1045600.00,4,F1,800,,,,,
2026-10-05,2026-10-05,CM,NSE,STK,13577,INE540H01012,VOLTAMP,EQ,,,,,VOLTAMP TRANSFORMERS LTD,10452.00,10638.00,10421.00,10561.00,10555.00,10426.00,,10560.93,,,14532,153447962.00,7618,F1,1,,,,,
2026-10-05,2026-10-05,CM,NSE,STK,3718,INE226A01021,VOLTAS,EQ,,,,,VOLTAS LTD,1055.00,1072.10,1052.90,1061.30,1061.30,1053.20,,1061.26,,,436486,463027391.20,23787,F1,1,,,,,
2026-10-05,2026-10-05,CM,NSE,STK,24321,INE0S2V01010,VRAJ,EQ,,,,,VRAJ IRON AND STEEL LTD,123.35,124.08,121.25,122.18,121.58,121.76,,122.08,,,11118,1358279.24,411,F1,1,,,,,
2026-10-05,2026-10-05,CM,NSE,STK,8696,INE366I01010,VRLLOG,EQ,,,,,VRL LOGISTICS LIMITED,285.60,286.60,283.10,285.00,285.00,285.05,,285.00,,,97202,27690669.30,2717,F1,1,,,,,
2026-10-05,2026-10-05,CM,NSE,STK,3724,INE710A01016,VSTIND,EQ,,,,,VST INDUSTRIES LTD,204.50,204.50,200.10,200.92,201.00,201.14,,200.92,,,101204,20364399.41,3198,F1,1,,,,,
2026-10-05,2026-10-05,CM,NSE,STK,24292,INE764D01017,VSTTILLERS,EQ,,,,,VST TILLERS TRACTORS LTD,4365.00,4379.60,4175.70,4235.10,4202.00,4339.80,,4235.78,,,10200,43405454.90,2831,F1,1,,,,,
2026-10-05,2026-10-05,CM,NSE,STK,765005,INE855A01019,WHBRADY,EQ,,,,,W H BRADY & CO. LTD.,488.00,488.00,456.30,464.40,456.30,465.05,,464.14,,,93,44190.15,20,F1,1,,,,,
2026-10-05,2026-10-05,CM,NSE,STK,762978,INE765D01022,WPIL,EQ,,,,,W P I L LTD.,440.05,449.00,433.00,447.20,448.45,430.65,,447.07,,,157162,69825864.90,4760,F1,1,,,,,
2026-10-05,2026-10-05,CM,NSE,STK,14828,INE100D01014,WSI,EQ,,,,,W.S.INDUSTRIES (I) LTD.,52.20,54.19,50.10,50.66,51.00,53.20,,50.66,,,54043,2798327.06,459,F1,1,,,,,
2026-10-05,2026-10-05,CM,NSE,STK,25907,INE377N01017,WAAREEENER,EQ,,,,,WAAREE ENERGIES LIMITED,2352.00,2363.50,2323.70,2346.50,2346.50,2340.00,,2345.31,,,341571,800474084.30,26806,F1,1,,,,,
2026-10-05,2026-10-05,CM,NSE,STK,756038,INE299N01021,WAAREERTL,EQ,,,,,WAAREE RENEWABLE TECH LTD,809.95,831.00,807.20,809.10,808.60,808.80,,809.10,,,124142,101390527.10,12035,F1,1,,,,,
2026-10-05,2026-10-05,CM,NSE,STK,760259,INE0E7301029,WAKEFIT,EQ,,,,,WAKEFIT INNOVATIONS LTD,140.12,144.50,137.30,138.12,138.10,139.88,,138.13,,,586481,82245670.99,2973,F1,1,,,,,
2026-10-05,2026-10-05,CM,NSE,STK,3736,INE711A01022,WALCHANNAG,EQ,,,,,WALCHANDNAGAR INDUSTRIES,198.00,201.40,193.05,195.05,194.90,196.08,,195.05,,,591665,116384446.87,11759,F1,1,,,,,
2026-10-05,2026-10-05,CM,NSE,STK,5013,INE0G2G01015,WALPAR,SM,,,,,WALPAR NUTRITIONS LIMITED,28.45,28.45,26.10,26.10,26.10,27.40,,26.10,,,14000,372900.00,7,F1,2000,,,,,
2026-10-05,2026-10-05,CM,NSE,STK,14063,INE107F01022,WANBURY,EQ,,,,,WANBURY LIMITED,198.80,198.99,187.00,190.46,189.90,197.99,,190.36,,,517094,99238583.44,9695,F1,1,,,,,
2026-10-05,2026-10-05,CM,NSE,STK,766360,INE945P01024,WARDINMOBI,BZ,,,,,WARDWIZARD INNO & MOB L,5.31,5.55,5.07,5.17,5.20,5.31,,5.15,,,91237,479656.56,355,F1,1,,,,,
2026-10-05,2026-10-05,CM,NSE,STK,3745,INE054C01015,WATERBASE,EQ,,,,,WATERBASE LTD.,47.00,47.00,45.21,45.57,45.24,45.40,,45.56,,,3851,176391.49,95,F1,1,,,,,
2026-10-05,2026-10-05,CM,NSE,STK,762163,INE0LZF01039,CORDELIA,EQ,,,,,WATERWAYS LEISURE TOUR L,101.50,105.95,100.17,100.83,101.30,100.91,,100.83,,,668903,68408845.05,6624,F1,1,,,,,
2026-10-05,2026-10-05,CM,NSE,STK,759215,INE0A3007065,1075WCA28,N0,,,,,WCAPL 10.75% 2028,9960.00,9960.00,9960.00,9960.00,9960.00,9960.00,,9960.00,,,12,119520.00,2,F1,1,,,,,
2026-10-05,2026-10-05,CM,NSE,STK,9862,INE082W01014,WEWIN,EQ,,,,,WE WIN LIMITED,52.10,52.10,50.55,51.00,51.00,51.65,,51.00,,,3493,178428.93,59,F1,1,,,,,
2026-10-05,2026-10-05,CM,NSE,STK,760482,INF2F0001370,TWCGOLDETF,EQ,,,,,WEALTH - TWCGOLDETF,147.00,147.92,145.08,146.47,146.51,146.46,,146.47,,,2839,415832.90,119,F1,1,,,,,
2026-10-05,2026-10-05,CM,NSE,STK,1923,INE658T01017,WEALTH,EQ,,,,,WEALTH FRST PORT. MG. LTD,900.00,913.00,851.50,864.00,866.00,889.95,,864.81,,,705,626644.75,132,F1,1,,,,,
2026-10-05,2026-10-05,CM,NSE,STK,14602,INE855C01023,WEBELSOLAR,EQ,,,,,WEBSOL ENERGY SYSTEM LTD,69.20,69.60,67.21,68.06,68.24,68.70,,68.06,,,1356882,92553047.29,12993,F1,1,,,,,
2026-10-05,2026-10-05,CM,NSE,STK,3748,INE080A01014,WEIZMANIND,EQ,,,,,WEIZMANN LTD,70.35,72.73,68.50,69.40,69.40,71.45,,68.69,,,100,7075.28,28,F1,1,,,,,
2026-10-05,2026-10-05,CM,NSE,STK,11821,INE191B01025,WELCORP,EQ,,,,,WELSPUN CORP LIMITED,2649.90,2672.90,2450.00,2497.50,2501.00,2605.80,,2497.49,,,2352647,5899672050.70,168249,F1,1,,,,,
2026-10-05,2026-10-05,CM,NSE,STK,11626,INE625G01013,WELENT,EQ,,,,,WELSPUN ENTERPRISES LTD.,724.45,734.30,716.70,723.10,723.00,724.45,,723.11,,,154921,112256623.70,9482,F1,1,,,,,
2026-10-05,2026-10-05,CM,NSE,STK,19804,INE389K01018,WELINV,BE,,,,,WELSPUN INV & COMM LTD,2500.00,2500.00,2478.00,2478.00,2478.00,2478.00,,2419.10,,,4,9978.00,4,F1,1,,,,,
2026-10-05,2026-10-05,CM,NSE,STK,11253,INE192B01031,WELSPUNLIV,EQ,,,,,WELSPUN LIVING LIMITED,241.50,243.00,228.01,230.27,230.00,239.17,,230.27,,,5875615,1368612397.93,73572,F1,1,,,,,
2026-10-05,2026-10-05,CM,NSE,STK,762971,INE731F01037,WELSPLSOL,EQ,,,,,WELSPUN SPECIALTY SOL L,52.25,53.40,52.02,52.50,52.25,52.58,,52.50,,,332103,17446798.02,2314,F1,1,,,,,
2026-10-05,2026-10-05,CM,NSE,STK,4235,INE274C01019,WENDT,EQ,,,,,WENDT (INDIA) LIMITED,8130.00,8255.00,8001.00,8016.50,8013.00,8116.00,,8017.79,,,6049,49046221.00,1909,F1,1,,,,,
2026-10-05,2026-10-05,CM,NSE,STK,3799,INE976A01021,WSTCSTPAPR,EQ,,,,,WEST COAST PAPER MILLS LT,733.00,739.90,710.20,717.75,720.00,727.65,,717.75,,,205992,148165889.00,12029,F1,1,,,,,
2026-10-05,2026-10-05,CM,NSE,STK,25403,INE0CJF01024,WCIL,EQ,,,,,WESTERN CARRIERS (IND) L,95.00,95.00,87.25,89.27,89.00,93.01,,89.24,,,330348,30042421.03,3286,F1,1,,,,,
2026-10-05,2026-10-05,CM,NSE,STK,11580,INE274F01020,WESTLIFE,EQ,,,,,WESTLIFE FOODWORLD LTD,591.00,606.50,586.00,590.95,588.60,588.05,,590.99,,,106325,63277072.45,7472,F1,1,,,,,
2026-10-05,2026-10-05,CM,NSE,STK,759434,INE085001019,WEWORK,EQ,,,,,WEWORK INDIA MANAGEMENT L,656.40,664.20,645.05,651.00,650.70,659.60,,651.00,,,62860,40935743.75,7455,F1,1,,,,,
2026-10-05,2026-10-05,CM,NSE,STK,3766,INE715A01015,WHEELS,EQ,,,,,WHEELS INDIA LTD,2260.00,2266.60,2150.20,2206.60,2200.00,2241.30,,2206.72,,,78184,170982020.00,8856,F1,1,,,,,
2026-10-05,2026-10-05,CM,NSE,STK,18011,INE716A01013,WHIRLPOOL,EQ,,,,,WHIRLPOOL OF INDIA LTD,867.60,888.70,850.10,871.75,870.10,861.65,,871.76,,,825507,721036980.20,38181,F1,1,,,,,
2026-10-05,2026-10-05,CM,NSE,STK,3772,INE210A01017,WILLAMAGOR,EQ,,,,,WILLIAMSON MAGOR,21.99,22.82,21.01,21.67,21.67,21.19,,21.65,,,4778,102871.04,31,F1,1,,,,,
2026-10-05,2026-10-05,CM,NSE,STK,5366,INE0H5O01029,WINDLAS,EQ,,,,,WINDLAS BIOTECH LIMITED,1082.40,1094.10,1009.00,1017.90,1017.20,1082.40,,1017.91,,,109660,113639410.20,11610,F1,1,,,,,
2026-10-05,2026-10-05,CM,NSE,STK,24969,INE052A01021,WINDMACHIN,EQ,,,,,WINDSOR MACHINES LIMITED,293.00,299.45,284.65,286.20,287.00,293.15,,286.22,,,29987,8690326.45,1280,F1,1,,,,,
2026-10-05,2026-10-05,CM,NSE,STK,24173,INE0S9101013,WINNY,SM,,,,,WINNY IMMIGRA & EDU SER L,34.05,34.05,34.05,34.05,34.05,32.45,,34.05,,,3000,102150.00,1,F1,500,,,,,
2026-10-05,2026-10-05,CM,NSE,STK,23714,INE0S3D01016,WINSOL,SM,,,,,WINSOL ENGINEERS LIMITED,106.20,106.20,102.60,102.65,102.65,106.00,,102.65,,,4800,498920.00,11,F1,400,,,,,
2026-10-05,2026-10-05,CM,NSE,STK,3787,INE075A01022,WIPRO,EQ,,,,,WIPRO LTD,163.00,164.30,161.43,162.14,162.14,159.35,,162.14,,,30838863,5014441117.96,109890,F1,1,,,,,
2026-10-05,2026-10-05,CM,NSE,STK,22725,INE623Y01011,WTICAB,SM,,,,,WISE TRAVEL INDIA LIMITED,95.05,98.80,95.05,98.75,98.75,95.00,,98.75,,,6500,638050.00,13,F1,500,,,,,
2026-10-05,2026-10-05,CM,NSE,STK,7506,INE049B01025,WOCKPHARMA,EQ,,,,,WOCKHARDT LIMITED,2083.90,2093.90,2003.00,2063.50,2062.00,2083.90,,2063.28,,,803153,1645490434.30,54949,F1,1,,,,,
2026-10-05,2026-10-05,CM,NSE,STK,25602,INE0OO201011,WOL3D,SM,,,,,WOL 3D INDIA LIMITED,134.00,134.00,134.00,134.00,134.00,134.00,,134.00,,,1000,134000.00,1,F1,1000,,,,,
2026-10-05,2026-10-05,CM,NSE,STK,19632,INE0Q9601016,WOMANCART,ST,,,,,WOMANCART LIMITED,95.00,96.20,91.75,94.50,91.75,96.35,,94.50,,,29200,2747540.00,36,F1,400,,,,,
2026-10-05,2026-10-05,CM,NSE,STK,7835,INE02WG01024,WEL,EQ,,,,,WONDER ELECTRICALS LTD,72.88,74.39,72.01,73.30,73.65,71.70,,73.30,,,187482,13795840.58,1386,F1,1,,,,,
2026-10-05,2026-10-05,CM,NSE,STK,3002,INE066O01014,WONDERLA,EQ,,,,,WONDERLA HOLIDAYS LTD.,495.10,503.00,495.10,499.70,497.00,495.10,,499.70,,,22858,11431984.65,1414,F1,1,,,,,
2026-10-05,2026-10-05,CM,NSE,STK,22277,INE196Y01018,WORTHPERI,EQ,,,,,WORTH PERIPHERALS LIMITED,139.00,143.50,139.00,143.41,143.50,143.74,,143.41,,,2658,375043.83,63,F1,1,,,,,
2026-10-05,2026-10-05,CM,NSE,STK,11705,INE692G01013,XCHANGING,EQ,,,,,XCHANGING SOLUTIONS LTD,60.45,61.00,57.28,58.13,58.50,59.73,,58.13,,,111368,6616081.40,1507,F1,1,,,,,
2026-10-05,2026-10-05,CM,NSE,STK,8477,INE01P501012,XELPMOC,EQ,,,,,XELPMOC DESIGN & TECH LTD,96.00,100.52,88.30,89.86,89.49,93.67,,89.86,,,68709,6535288.81,1182,F1,1,,,,,
2026-10-05,2026-10-05,CM,NSE,STK,11407,INE445C01015,XPROINDIA,EQ,,,,,XPRO INDIA LIMITED,1129.10,1158.90,1125.00,1139.00,1125.00,1136.20,,1139.01,,,13727,15626699.50,1928,F1,1,,,,,
2026-10-05,2026-10-05,CM,NSE,STK,25235,INE547B01028,XTGLOBAL,EQ,,,,,XTGLOBAL INFOTECH LIMITED,29.00,29.40,28.00,28.09,28.28,28.69,,28.04,,,21393,606347.59,218,F1,1,,,,,
2026-10-05,2026-10-05,CM,NSE,STK,764312,INE0NG701011,XTRANET,EQ,,,,,XTRANET TECHNOLOGIES LTD,272.60,286.00,266.00,286.00,286.00,272.40,,286.00,,,670465,189489051.65,8404,F1,1,,,,,
2026-10-05,2026-10-05,CM,NSE,STK,760870,INE0U0J01015,YAAP,SM,,,,,YAAP DIGITAL LIMITED,126.95,126.95,125.00,125.00,125.00,122.00,,125.00,,,2000,251950.00,2,F1,1000,,,,,
2026-10-05,2026-10-05,CM,NSE,STK,23451,INE0TO601017,YASHOPTICS,SM,,,,,YASH OPTICS & LENS LTD,135.40,142.00,133.00,133.00,133.00,135.40,,133.00,,,24800,3378040.00,22,F1,800,,,,,
2026-10-05,2026-10-05,CM,NSE,STK,18131,INE616Z01012,YASHO,EQ,,,,,YASHO INDUSTRIES LIMITED,4036.00,4190.00,4005.90,4042.90,4095.00,4036.00,,4042.91,,,23771,97731867.70,5313,F1,1,,,,,
2026-10-05,2026-10-05,CM,NSE,STK,17738,INE0JO301016,YATHARTH,EQ,,,,,YATHARTH HOSP & TRA C S L,1028.60,1039.70,995.00,1003.00,1007.70,1033.70,,1003.07,,,435155,438281258.20,31730,F1,1,,,,,
2026-10-05,2026-10-05,CM,NSE,STK,18760,INE0JR601024,YATRA,EQ,,,,,YATRA ONLINE LIMITED,100.00,102.87,98.56,100.81,100.35,98.83,,100.81,,,1078497,108707014.59,11646,F1,1,,,,,
2026-10-05,2026-10-05,CM,NSE,STK,11915,INE528G01035,YESBANK,EQ,,,,,YES BANK LIMITED,21.05,21.23,20.91,21.06,21.06,20.75,,21.06,,,61113748,1287753557.08,79648,F1,1,,,,,
2026-10-05,2026-10-05,CM,NSE,STK,765010,INE290E01011,YOGI,EQ,,,,,YOGI LTD.,162.85,162.85,158.00,160.00,160.00,159.35,,160.01,,,320,50928.84,9,F1,1,,,,,
2026-10-05,2026-10-05,CM,NSE,STK,5501,INE384C01016,YUKEN,EQ,,,,,YUKEN INDIA LIMITED,1141.40,1145.50,1093.60,1129.00,1111.00,1141.40,,1129.11,,,18275,20541803.60,2191,F1,1,,,,,
2026-10-05,2026-10-05,CM,NSE,STK,4229,INE116C01012,ZFSTEERING,EQ,,,,,Z F STEERING GEAR (I) LTD,711.00,724.00,700.10,703.65,700.10,708.40,,703.52,,,1443,1027779.55,125,F1,1,,,,,
2026-10-05,2026-10-05,CM,NSE,STK,23976,INE0ISZ01012,ZTECH,SM,,,,,Z-TECH (INDIA) LIMITED,442.00,472.00,439.00,470.30,471.95,437.05,,470.30,,,21000,9492945.00,64,F1,300,,,,,
2026-10-05,2026-10-05,CM,NSE,STK,18608,INE07K301024,ZAGGLE,EQ,,,,,ZAGGLE PREPA OCEAN SER L,172.00,175.50,169.29,170.32,170.00,171.73,,170.32,,,621589,106796304.70,10024,F1,1,,,,,
2026-10-05,2026-10-05,CM,NSE,STK,17766,INE0PPS01018,ZEAL,SM,,,,,ZEAL GLOBAL SERVICES LTD,70.00,74.95,70.00,70.70,70.70,68.55,,70.70,,,2400,171690.00,4,F1,600,,,,,
2026-10-05,2026-10-05,CM,NSE,STK,3812,INE256A01028,ZEEL,EQ,,,,,ZEE ENTERTAINMENT ENT LTD,72.09,74.57,72.09,73.57,73.80,71.92,,73.57,,,15449821,1132544836.45,57132,F1,1,,,,,
2026-10-05,2026-10-05,CM,NSE,STK,20852,INE565L01011,ZEELEARN,EQ,,,,,ZEE LEARN LIMITED,6.19,6.55,5.27,6.21,6.26,6.30,,6.21,,,552687,3359183.31,1457,F1,1,,,,,
2026-10-05,2026-10-05,CM,NSE,STK,14003,INE966H01019,ZEEMEDIA,EQ,,,,,ZEE MEDIA CORPORATION LTD,7.27,7.33,7.10,7.15,7.23,7.20,,7.15,,,557866,4005472.53,1186,F1,1,,,,,
2026-10-05,2026-10-05,CM,NSE,STK,7508,INE251B01027,ZENTEC,EQ,,,,,ZEN TECHNOLOGIES LIMITED,1585.00,1606.00,1571.60,1599.50,1598.00,1576.10,,1599.47,,,212581,338559914.00,19488,F1,1,,,,,
2026-10-05,2026-10-05,CM,NSE,STK,22803,INE0QWN01013,ZENITHDRUG,SM,,,,,ZENITH DRUGS LIMITED,42.05,43.60,42.05,42.50,42.50,42.05,,42.50,,,4000,169800.00,5,F1,800,,,,,
2026-10-05,2026-10-05,CM,NSE,STK,4176,INE058B01018,ZENITHEXPO,EQ,,,,,ZENITH EXPORTS LTD,195.01,195.01,192.89,194.90,194.90,203.04,,194.90,,,823,159483.50,45,F1,1,,,,,
2026-10-05,2026-10-05,CM,NSE,STK,14562,INE318D01020,ZENITHSTL,EQ,,,,,ZENITH STEEL PIP IND LTD,5.28,5.28,5.04,5.15,5.12,5.10,,5.16,,,57566,295101.87,256,F1,1,,,,,
2026-10-05,2026-10-05,CM,NSE,STK,1076,INE520A01027,ZENSARTECH,EQ,,,,,ZENSAR TECHNOLOGIES  LTD,441.05,459.35,435.05,451.50,451.00,434.35,,451.47,,,3269410,1476694419.05,95024,F1,1,,,,,
2026-10-05,2026-10-05,CM,NSE,STK,22901,INF0R8F01042,GOLDCASE,EQ,,,,,ZERODHAAMC - GOLDCASE,23.25,23.25,22.92,23.13,23.15,23.18,,23.13,,,34693141,798855355.11,41405,F1,1,,,,,
2026-10-05,2026-10-05,CM,NSE,STK,21750,INF0R8F01034,LIQUIDCASE,EQ,,,,,ZERODHAAMC - LIQUIDCASE,116.24,116.24,116.22,116.22,116.23,116.20,,116.22,,,35961368,4179839875.72,33350,F1,1,,,,,
2026-10-05,2026-10-05,CM,NSE,STK,758705,INF0R8F01133,LTGILTCASE,EQ,,,,,ZERODHAAMC - LTGILTCASE,30.67,30.67,29.47,30.09,30.08,30.07,,30.09,,,283705,8532275.40,904,F1,1,,,,,
2026-10-05,2026-10-05,CM,NSE,STK,24077,INF0R8F01059,MID150CASE,EQ,,,,,ZERODHAAMC - MID150CASE,10.96,11.12,10.80,10.95,10.95,10.90,,10.95,,,1647586,18064836.62,7459,F1,1,,,,,
2026-10-05,2026-10-05,CM,NSE,STK,759302,INF0R8F01166,NIFTYCASE,EQ,,,,,ZERODHAAMC - NIFTYCASE,9.18,9.18,9.01,9.07,9.11,9.03,,9.07,,,1373579,12454569.30,2897,F1,1,,,,,
2026-10-05,2026-10-05,CM,NSE,STK,30274,INF0R8F01091,SILVERCASE,EQ,,,,,ZERODHAAMC - SILVERCASE,22.21,22.49,22.21,22.43,22.48,22.12,,22.43,,,5113317,114327101.46,10317,F1,1,,,,,
2026-10-05,2026-10-05,CM,NSE,STK,758955,INF0R8F01141,SML100CASE,EQ,,,,,ZERODHAAMC - SML100CASE,11.15,11.15,10.77,10.84,10.83,10.83,,10.84,,,1821506,19771122.59,2159,F1,1,,,,,
2026-10-05,2026-10-05,CM,NSE,STK,24081,INF0R8F01067,TOP100CASE,EQ,,,,,ZERODHAAMC - TOP100CASE,10.10,10.10,9.70,9.94,9.90,9.90,,9.94,,,1985882,19697122.42,2288,F1,1,,,,,
2026-10-05,2026-10-05,CM,NSE,STK,16915,INE342J01019,ZFCVINDIA,EQ,,,,,ZF COM VE CTR SYS IND LTD,2250.00,2269.80,2194.00,2201.30,2202.00,2241.00,,2201.34,,,121895,269456360.60,12787,F1,1,,,,,
2026-10-05,2026-10-05,CM,NSE,STK,12384,INE518E01015,ZIMLAB,EQ,,,,,ZIM LABORATORIES LIMITED,137.30,139.49,131.00,137.10,139.00,137.02,,137.06,,,78444,10634121.71,1852,F1,1,,,,,
2026-10-05,2026-10-05,CM,NSE,STK,3821,INE206B01013,ZODIACLOTH,EQ,,,,,ZODIAC CLOTHING CO. LTD.,69.69,69.69,66.20,67.67,66.83,66.71,,67.67,,,5362,361381.95,96,F1,1,,,,,
2026-10-05,2026-10-05,CM,NSE,STK,7129,INE761Y01019,ZODIAC,EQ,,,,,ZODIAC ENERGY LIMITED,216.91,219.89,212.00,215.10,215.00,216.91,,215.02,,,5592,1201812.43,414,F1,1,,,,,
2026-10-05,2026-10-05,CM,NSE,STK,11394,INE358U01012,ZOTA,EQ,,,,,ZOTA HEALTH CARE LIMITED,1280.00,1313.90,1247.40,1297.40,1285.00,1267.80,,1297.40,,,58725,75615203.80,5465,F1,1,,,,,
2026-10-05,2026-10-05,CM,NSE,STK,29050,INE840M01016,ZUARI,EQ,,,,,ZUARI AGRO CHEMICALS LTD,213.05,217.73,210.00,211.46,211.01,212.88,,211.48,,,63262,13482921.92,2321,F1,1,,,,,
2026-10-05,2026-10-05,CM,NSE,STK,3827,INE217A01012,ZUARIIND,EQ,,,,,ZUARI INDUSTRIES LIMITED,284.90,291.05,281.80,283.95,283.00,281.85,,284.10,,,75632,21677560.80,2644,F1,1,,,,,
2026-10-05,2026-10-05,CM,NSE,STK,7929,INE010B01027,ZYDUSLIFE,EQ,,,,,ZYDUS LIFESCIENCES LTD,1145.70,1151.00,1128.10,1139.00,1139.00,1145.70,,1139.00,,,1592973,1813890492.40,43191,F1,1,,,,,
2026-10-05,2026-10-05,CM,NSE,STK,17635,INE768C01028,ZYDUSWELL,EQ,,,,,ZYDUS WELLNESS LIMITED,499.75,502.10,482.00,483.80,484.95,493.25,,483.75,,,126114,61697373.75,11123,F1,1,,,,,
