TradDt,BizDt,Sgmt,Src,FinInstrmTp,FinInstrmId,ISIN,TckrSymb,SctySrs,XpryDt,FininstrmActlXpryDt,StrkPric,OptnTp,FinInstrmNm,OpnPric,HghPric,LwPric,ClsPric,LastPric,PrvsClsgPric,UndrlygPric,SttlmPric,OpnIntrst,ChngInOpnIntrst,TtlTradgVol,TtlTrfVal,TtlNbOfTxsExctd,SsnId,NewBrdLotQty,Rmks,Rsvd1,Rsvd2,Rsvd3,Rsvd4
2026-10-07,2026-10-07,CM,NSE,STK,19078,IN0020200104,SGBJUN28,GB,,,,,2.5%GOLDBONDS2028SR-III,14685.00,14740.00,14620.01,14690.00,14690.00,14685.31,,14700.00,,,162,2376486.72,26,F1,1,,,,,
2026-10-07,2026-10-07,CM,NSE,STK,1342,IN0020200286,SGBN28VIII,GB,,,,,2.5%GOLDBONDS2028SR-VIII,14677.51,14734.90,14675.00,14700.00,14700.00,14735.00,,14700.00,,,32,470362.45,10,F1,1,,,,,
2026-10-07,2026-10-07,CM,NSE,STK,3742,IN0020210053,SGBMAY29I,GB,,,,,2.5%GOLDBONDS2029SR-I,14620.01,14750.00,14620.01,14683.65,14679.99,14706.87,,14683.65,,,546,8029470.06,63,F1,1,,,,,
2026-10-07,2026-10-07,CM,NSE,STK,3743,IN0020210061,SGBJUN29II,GB,,,,,2.5%GOLDBONDS2029SR-II,14610.01,14750.00,14610.01,14661.00,14661.00,14703.64,,14678.00,,,336,4935486.94,60,F1,1,,,,,
2026-10-07,2026-10-07,CM,NSE,STK,3800,IN0020210087,SGBJU29III,GB,,,,,2.5%GOLDBONDS2029SR-III,14700.00,14711.00,14700.00,14711.00,14711.00,14680.00,,14706.50,,,22,323444.00,10,F1,1,,,,,
2026-10-07,2026-10-07,CM,NSE,STK,5575,IN0020210145,SGBSEP29VI,GB,,,,,2.5%GOLDBONDS2029SR-VI,14699.90,14800.00,14699.90,14722.76,14800.00,14705.92,,14722.76,,,184,2706739.84,33,F1,1,,,,,
2026-10-07,2026-10-07,CM,NSE,STK,6518,IN0020210178,SGBNV29VII,GB,,,,,2.5%GOLDBONDS2029SR-VII,14685.00,14766.00,14682.00,14700.30,14682.00,14745.14,,14700.48,,,197,2899523.05,38,F1,1,,,,,
2026-10-07,2026-10-07,CM,NSE,STK,5960,IN0020180249,SGBOCT26,GB,,,,,2.50%GOLDBONDS2026SR-II,14610.01,14699.00,14610.01,14699.00,14699.00,14780.00,,14699.00,,,20,293090.10,2,F1,1,,,,,
2026-10-07,2026-10-07,CM,NSE,STK,6355,IN0020180314,SGBNOV26,GB,,,,,2.50%GOLDBONDS2026SR-III,14770.00,14770.00,14620.00,14620.00,14620.00,14770.00,,14700.50,,,3,44010.00,2,F1,1,,,,,
2026-10-07,2026-10-07,CM,NSE,STK,7654,IN0020180389,SGBDEC26,GB,,,,,2.50%GOLDBONDS2026SR-IV,14889.00,14889.00,14880.00,14880.00,14880.00,14660.00,,14890.00,,,2,29769.00,2,F1,1,,,,,
2026-10-07,2026-10-07,CM,NSE,STK,12904,IN0020190107,SGBAUG27,GB,,,,,2.50%GOLDBONDS2027SR-III,14525.00,14739.99,14525.00,14600.59,14600.01,14616.00,,14600.59,,,67,978547.32,19,F1,1,,,,,
2026-10-07,2026-10-07,CM,NSE,STK,13209,IN0020190115,SGBSEP27,GB,,,,,2.50%GOLDBONDS2027SR-IV,14749.98,14749.98,14749.98,14749.98,14749.98,14700.00,,14749.98,,,2,29499.96,1,F1,1,,,,,
2026-10-07,2026-10-07,CM,NSE,STK,8308,IN0020180462,SGBJAN27,GB,,,,,2.50%GOLDBONDS2027SR-V,14670.00,14670.00,14670.00,14670.00,14670.00,14716.66,,14670.00,,,2,29340.00,1,F1,1,,,,,
2026-10-07,2026-10-07,CM,NSE,STK,13981,IN0020190370,SGBOCT27,GB,,,,,2.50%GOLDBONDS2027SR-V,14720.35,14740.35,14720.35,14735.85,14731.35,14699.00,,14735.85,,,8,117855.80,3,F1,1,,,,,
2026-10-07,2026-10-07,CM,NSE,STK,8766,IN0020180561,SGBFEB27,GB,,,,,2.50%GOLDBONDS2027SR-VI,14561.00,14750.00,14561.00,14670.00,14670.00,14708.17,,14720.00,,,12,176011.00,3,F1,1,,,,,
2026-10-07,2026-10-07,CM,NSE,STK,14252,IN0020190388,SGBOCT27VI,GB,,,,,2.50%GOLDBONDS2027SR-VI,14750.00,14750.00,14750.00,14750.00,14750.00,14650.00,,14675.50,,,1,14750.00,1,F1,1,,,,,
2026-10-07,2026-10-07,CM,NSE,STK,15432,IN0020190461,SGBDC27VII,GB,,,,,2.50%GOLDBONDS2027SR-VII,14700.00,14750.00,14650.00,14714.66,14750.00,14710.00,,14714.66,,,22,323377.00,12,F1,1,,,,,
2026-10-07,2026-10-07,CM,NSE,STK,18862,IN0020200062,SGBAPR28I,GB,,,,,2.50%GOLDBONDS2028SR-I,14775.00,14856.01,14755.00,14827.18,14849.00,14770.00,,14821.38,,,79,1172218.88,32,F1,1,,,,,
2026-10-07,2026-10-07,CM,NSE,STK,18972,IN0020200088,SGBMAY28,GB,,,,,2.50%GOLDBONDS2028SR-II,14661.00,14739.99,14660.00,14739.99,14739.99,14720.61,,14739.99,,,32,470211.00,13,F1,1,,,,,
2026-10-07,2026-10-07,CM,NSE,STK,22242,IN0020200146,SGBJUL28IV,GB,,,,,2.50%GOLDBONDS2028SR-IV,14675.85,14699.00,14650.00,14674.40,14650.00,14675.85,,14674.40,,,139,2039599.45,37,F1,1,,,,,
2026-10-07,2026-10-07,CM,NSE,STK,22385,IN0020200161,SGBAUG28V,GB,,,,,2.50%GOLDBONDS2028SR-V,14672.89,14770.00,14650.00,14688.67,14685.13,14672.89,,14688.53,,,729,10715278.88,124,F1,1,,,,,
2026-10-07,2026-10-07,CM,NSE,STK,149,IN0020200195,SGBSEP28VI,GB,,,,,2.50%GOLDBONDS2028SR-VI,14947.68,14947.68,14635.05,14648.96,14635.05,14651.15,,14649.41,,,186,2732855.94,48,F1,1,,,,,
2026-10-07,2026-10-07,CM,NSE,STK,834,IN0020200203,SGBOC28VII,GB,,,,,2.50%GOLDBONDS2028SR-VII,14750.00,14750.00,14705.00,14716.33,14712.00,14750.00,,14716.33,,,7,103014.00,4,F1,1,,,,,
2026-10-07,2026-10-07,CM,NSE,STK,17110,IN0020190537,SGBJ28VIII,GB,,,,,2.50%GOLDBONDS2028SR-VIII,14650.00,14725.00,14601.00,14615.02,14615.02,14750.00,,14615.02,,,89,1300684.21,13,F1,1,,,,,
2026-10-07,2026-10-07,CM,NSE,STK,18451,IN0020190552,SGBMAR28X,GB,,,,,2.50%GOLDBONDS2028SR-X,14644.41,14669.90,14611.00,14629.58,14626.00,14673.06,,14629.58,,,21,307223.58,11,F1,1,,,,,
2026-10-07,2026-10-07,CM,NSE,STK,5113,IN0020210111,SGBJUL29IV,GB,,,,,2.50%GOLDBONDS2029SR-IV,14680.81,14740.00,14647.29,14651.55,14650.00,14675.74,,14652.72,,,565,8286143.43,40,F1,1,,,,,
2026-10-07,2026-10-07,CM,NSE,STK,1920,IN0020200377,SGBJAN29IX,GB,,,,,2.50%GOLDBONDS2029SR-IX,14636.00,14715.00,14636.00,14663.00,14663.00,14699.10,,14665.63,,,89,1305089.40,30,F1,1,,,,,
2026-10-07,2026-10-07,CM,NSE,STK,5455,IN0020210129,SGBAUG29V,GB,,,,,2.50%GOLDBONDS2029SR-V,14809.50,14885.00,14615.01,14812.50,14823.00,14809.50,,14808.75,,,100,1475125.89,33,F1,1,,,,,
2026-10-07,2026-10-07,CM,NSE,STK,7098,IN0020210228,SGBD29VIII,GB,,,,,2.50%GOLDBONDS2029SR-VIII,14690.00,14841.23,14680.00,14747.35,14745.01,14708.91,,14747.35,,,51,752032.23,30,F1,1,,,,,
2026-10-07,2026-10-07,CM,NSE,STK,2003,IN0020200385,SGBJAN29X,GB,,,,,2.50%GOLDBONDS2029SR-X,14641.01,14710.00,14641.01,14651.82,14642.00,14700.00,,14651.82,,,44,645469.18,14,F1,1,,,,,
2026-10-07,2026-10-07,CM,NSE,STK,2200,IN0020200393,SGBFEB29XI,GB,,,,,2.50%GOLDBONDS2029SR-XI,14693.18,14725.00,14625.00,14675.60,14665.00,14693.18,,14675.60,,,105,1541168.63,24,F1,1,,,,,
2026-10-07,2026-10-07,CM,NSE,STK,2810,IN0020200427,SGBMR29XII,GB,,,,,2.50%GOLDBONDS2029SR-XII,14614.99,14750.00,14614.99,14628.00,14620.00,14695.03,,14628.12,,,210,3079646.12,53,F1,1,,,,,
2026-10-07,2026-10-07,CM,NSE,STK,10232,IN0020220045,SGBJUN30,GB,,,,,2.50%GOLDBONDS2030SR-I,15010.21,15010.21,14803.00,14850.00,14850.00,15010.21,,14850.00,,,47,697970.11,25,F1,1,,,,,
2026-10-07,2026-10-07,CM,NSE,STK,11192,IN0020220078,SGBAUG30,GB,,,,,2.50%GOLDBONDS2030SR-II,14800.00,14969.00,14800.00,14880.00,14880.00,14889.91,,14880.00,,,42,624307.91,22,F1,1,,,,,
2026-10-07,2026-10-07,CM,NSE,STK,13642,IN0020220110,SGBDE30III,GB,,,,,2.50%GOLDBONDS2030SR-III,14813.69,14840.00,14726.00,14825.40,14799.01,14813.69,,14826.35,,,222,3288458.08,80,F1,1,,,,,
2026-10-07,2026-10-07,CM,NSE,STK,7879,IN0020210236,SGBJAN30IX,GB,,,,,2.50%GOLDBONDS2030SR-IX,14772.00,14900.00,14711.02,14714.25,14711.02,14772.00,,14715.84,,,122,1804460.79,36,F1,1,,,,,
2026-10-07,2026-10-07,CM,NSE,STK,8401,IN0020210319,SGBMAR30X,GB,,,,,2.50%GOLDBONDS2030SR-X,14764.39,14849.99,14760.00,14760.00,14760.00,14764.39,,14767.00,,,18,265961.93,5,F1,1,,,,,
2026-10-07,2026-10-07,CM,NSE,STK,17202,IN0020230069,SGBJUN31I,GB,,,,,2.50%GOLDBONDS2031SR-I,15036.13,15069.98,14950.01,14965.15,14965.12,15036.13,,14965.15,,,164,2457139.87,54,F1,1,,,,,
2026-10-07,2026-10-07,CM,NSE,STK,19456,IN0020230093,SGBSEP31II,GB,,,,,2.50%GOLDBONDS2031SR-II,14997.32,15069.98,14861.01,14967.01,14970.00,14997.32,,14965.37,,,1232,18397640.56,256,F1,1,,,,,
2026-10-07,2026-10-07,CM,NSE,STK,22476,IN0020230168,SGBDE31III,GB,,,,,2.50%GOLDBONDS2031SR-III,15123.77,15200.00,15100.01,15120.01,15115.10,15123.77,,15117.93,,,471,7124278.51,137,F1,1,,,,,
2026-10-07,2026-10-07,CM,NSE,STK,14598,IN0020220169,SGBMAR31IV,GB,,,,,2.50%GOLDBONDS2031SR-IV,14941.01,14941.01,14862.00,14879.16,14865.00,14941.01,,14883.57,,,103,1536478.74,31,F1,1,,,,,
2026-10-07,2026-10-07,CM,NSE,STK,22886,IN0020230184,SGBFEB32IV,GB,,,,,2.50%GOLDBONDS2032SR-IV,15481.95,15499.99,15352.00,15393.69,15393.96,15481.95,,15397.22,,,1046,16124038.49,206,F1,1,,,,,
2026-10-07,2026-10-07,CM,NSE,STK,16921,INE144J01027,20MICRONS,EQ,,,,,20 MICRONS LTD,208.00,210.58,203.50,204.56,204.00,207.87,,204.56,,,70093,14415790.61,2203,F1,1,,,,,
2026-10-07,2026-10-07,CM,NSE,STK,4,INE253B01015,21STCENMGM,EQ,,,,,21ST CENTURY MGMT SERVICE,38.40,39.12,37.69,39.12,39.12,38.36,,38.56,,,7291,283338.60,27,F1,1,,,,,
2026-10-07,2026-10-07,CM,NSE,STK,13061,INE466L01038,360ONE,EQ,,,,,360 ONE WAM LIMITED,1060.20,1070.80,1053.70,1063.00,1063.00,1069.50,,1062.97,,,246152,262134480.70,17213,F1,1,,,,,
2026-10-07,2026-10-07,CM,NSE,STK,30105,INF579M01BB5,GOLD360,EQ,,,,,360ONEAMC - GOLD360,143.25,144.25,141.75,142.75,143.30,143.25,,142.75,,,4696,670799.50,175,F1,1,,,,,
2026-10-07,2026-10-07,CM,NSE,STK,763602,INF579M01BP5,MSCI360,EQ,,,,,360ONEAMC - MSCI360,9.58,9.60,9.51,9.51,9.51,9.56,,9.51,,,8657,82704.79,198,F1,1,,,,,
2026-10-07,2026-10-07,CM,NSE,STK,756150,INF579M01BC3,SILVER360,EQ,,,,,360ONEAMC - SILVER360,216.58,216.58,214.67,215.26,214.90,216.58,,215.26,,,3199,690041.40,216,F1,1,,,,,
2026-10-07,2026-10-07,CM,NSE,STK,762518,INE994E01018,3BBLACKBIO,EQ,,,,,3B BLACKBIO DX LTD.,1606.00,1667.90,1576.50,1615.50,1590.30,1575.10,,1613.55,,,11520,18778390.30,2214,F1,1,,,,,
2026-10-07,2026-10-07,CM,NSE,STK,6240,INE748C01038,3IINFOLTD,BE,,,,,3I INFOTECH LIMITED,23.16,23.67,22.65,23.30,23.30,22.81,,23.30,,,124286,2885851.10,514,F1,1,,,,,
2026-10-07,2026-10-07,CM,NSE,STK,474,INE470A01017,3MINDIA,EQ,,,,,3M INDIA LIMITED,30910.00,31250.00,30475.00,30825.00,30800.00,30840.00,,30824.98,,,12866,396331840.00,1746,F1,1,,,,,
2026-10-07,2026-10-07,CM,NSE,STK,2595,INE105C01023,3PLAND,EQ,,,,,3P LAND HOLDINGS LIMITED,30.75,30.90,30.36,30.80,30.80,30.75,,31.20,,,282,8583.18,15,F1,1,,,,,
2026-10-07,2026-10-07,CM,NSE,STK,445,INE618L01018,5PAISA,EQ,,,,,5PAISA CAPITAL LIMITED,349.05,352.95,344.30,348.00,351.00,349.70,,348.02,,,25160,8778243.85,2177,F1,1,,,,,
2026-10-07,2026-10-07,CM,NSE,STK,11868,INE111B01023,63MOONS,EQ,,,,,63 MOONS TECHNOLOGIES LTD,791.00,806.70,775.95,783.20,785.00,792.95,,783.19,,,164400,129819975.50,7328,F1,1,,,,,
2026-10-07,2026-10-07,CM,NSE,STK,29323,INE053F07579,734IRFC28,N4,,,,,7.34 NCD 19FEB28 TR1 SR2,1020.00,1023.00,1020.00,1023.00,1023.00,1021.00,,1023.00,,,393,401139.00,5,F1,1,,,,,
2026-10-07,2026-10-07,CM,NSE,STK,19972,INE134E07570,735PFCL35,N1,,,,,7.35% TAX FREE NCD,1145.00,1145.00,1145.00,1145.00,1145.00,1169.89,,1145.00,,,100,114500.00,1,F1,1,,,,,
2026-10-07,2026-10-07,CM,NSE,STK,20034,INE261F07032,764NABAR31,N2,,,,,7.64% TAX FREE TRI SRIIB,1122.99,1123.00,1120.00,1120.00,1120.00,1124.69,,1120.00,,,760,852936.66,22,F1,1,,,,,
2026-10-07,2026-10-07,CM,NSE,STK,19928,INE031A07AO5,764HUDCO31,N8,,,,,7.64% TAX FREETRI SR2B,1124.00,1124.00,1124.00,1124.00,1124.00,1125.00,,1124.00,,,40,44960.00,1,F1,1,,,,,
2026-10-07,2026-10-07,CM,NSE,STK,19930,INE031A07AT4,769HUDCO31,N9,,,,,7.69% TAX FREETRII SR2B,1141.70,1141.70,1139.05,1140.27,1141.00,1141.50,,1140.27,,,95,108352.45,8,F1,1,,,,,
2026-10-07,2026-10-07,CM,NSE,STK,20030,INE202E07229,774IREDA31,N7,,,,,7.74% TAX FREE NCD,1132.05,1132.05,1132.00,1132.00,1132.00,1135.00,,1132.00,,,360,407528.00,4,F1,1,,,,,
2026-10-07,2026-10-07,CM,NSE,STK,31240,INE031A07840,82HUDCO27,N2,,,,,8.20 NCD05MAR27 FV 1000,1056.00,1056.00,1055.25,1056.00,1056.00,1055.00,,1056.00,,,504,532074.00,3,F1,1,,,,,
2026-10-07,2026-10-07,CM,NSE,STK,20022,INE134E07208,830PFCL27,N5,,,,,8.30% TAX FREE NCD,1005.48,1005.85,1004.00,1004.59,1004.56,1004.99,,1005.30,,,1569,1576516.71,35,F1,1,,,,,
2026-10-07,2026-10-07,CM,NSE,STK,31762,INE733E07JG5,866NTPC33,N3,,,,,8.66%S-R-NCD SERIES 3A,1276.00,1276.00,1276.00,1276.00,1276.00,1275.00,,1276.00,,,200,255200.00,1,F1,1,,,,,
2026-10-07,2026-10-07,CM,NSE,STK,192,INE906B07DF8,875NHAI29,N6,,,,,8.75% TAX FREE TR I S IIB,1119.97,1120.00,1117.10,1117.10,1117.10,1119.97,,1117.10,,,570,638266.29,13,F1,1,,,,,
2026-10-07,2026-10-07,CM,NSE,STK,19968,INE031A07949,876HUDCO28,ND,,,,,8.76% TAX FREETRI SR2B,1063.62,1069.50,1061.50,1064.90,1064.90,1063.62,,1064.93,,,3967,4224988.62,40,F1,1,,,,,
2026-10-07,2026-10-07,CM,NSE,STK,31768,INE733E07JJ9,891NTPC33,N6,,,,,8.91%S-R-NCD SERIES 3B,1286.10,1295.00,1286.10,1295.00,1295.00,1286.10,,1295.00,,,315,407800.40,4,F1,1,,,,,
2026-10-07,2026-10-07,CM,NSE,STK,31487,INE848E07567,892NHPC33,N6,,,,,8.92% SEC RED BOND S3B,1275.00,1275.00,1275.00,1275.00,1275.00,1275.00,,1275.00,,,4,5100.00,2,F1,1,,,,,
2026-10-07,2026-10-07,CM,NSE,STK,19970,INE031A07AB2,901HUDCO34,NE,,,,,9.01% TAX FREETRII SR3B,1290.00,1290.00,1282.25,1286.92,1285.01,1290.00,,1286.92,,,1116,1434206.59,44,F1,1,,,,,
2026-10-07,2026-10-07,CM,NSE,STK,759130,INE08PH01015,ABCOTS,EQ,,,,,A B COTSPIN INDIA LIMITED,195.00,195.00,192.00,192.07,192.01,193.34,,192.07,,,6530,1269911.05,68,F1,1,,,,,
2026-10-07,2026-10-07,CM,NSE,STK,27016,INE00YB01025,ABINFRA,BE,,,,,A B INFRABUILD LIMITED,12.22,12.60,12.11,12.50,12.50,12.25,,12.50,,,129565,1615257.41,230,F1,1,,,,,
2026-10-07,2026-10-07,CM,NSE,STK,762528,INE850B01026,ABMKNO,EQ,,,,,A B M KNOWLEDGEWARE LTD.,165.87,169.99,164.00,169.00,169.00,165.87,,169.00,,,482,81044.44,24,F1,1,,,,,
2026-10-07,2026-10-07,CM,NSE,STK,762536,INE366C01021,ACSTECH,BE,,,,,A C S TECHNOLOGIES LTD.,73.29,73.29,73.29,73.29,73.29,74.78,,73.38,,,52938,3879826.02,60,F1,1,,,,,
2026-10-07,2026-10-07,CM,NSE,STK,762538,INE701G01012,AKCAPIT,EQ,,,,,A K CAPITAL SERVICES LTD.,1730.00,1751.00,1689.40,1747.20,1740.00,1709.10,,1747.20,,,683,1182197.70,49,F1,1,,,,,
2026-10-07,2026-10-07,CM,NSE,STK,766314,INE0OTC01025,AONESTEELS,EQ,,,,,A-ONE STEELS INDIA LTD,387.95,425.00,379.25,420.35,417.80,384.80,,420.36,,,1184043,483545653.00,35956,F1,1,,,,,
2026-10-07,2026-10-07,CM,NSE,STK,20906,INE619I01012,A2ZINFRA,EQ,,,,,A2Z INFRA ENGINEERING LTD,13.71,14.28,13.71,14.10,14.19,14.00,,14.10,,,177440,2491333.67,1006,F1,1,,,,,
2026-10-07,2026-10-07,CM,NSE,STK,12533,INE0D0U01013,AAATECH,EQ,,,,,AAA TECHNOLOGIES LIMITED,103.51,111.00,103.51,106.79,107.14,103.53,,106.80,,,416475,44415880.87,2654,F1,1,,,,,
2026-10-07,2026-10-07,CM,NSE,STK,23729,INE883F01010,AADHARHFC,EQ,,,,,AADHAR HOUSING FINANCE L,451.05,460.25,443.15,455.05,457.00,453.80,,455.09,,,218913,98708405.10,9370,F1,1,,,,,
2026-10-07,2026-10-07,CM,NSE,STK,757579,INE1GYP01013,AAKAAR,SM,,,,,AAKAAR MEDICAL TECHNO LTD,66.00,66.00,66.00,66.00,66.00,65.55,,66.00,,,1600,105600.00,1,F1,1600,,,,,
2026-10-07,2026-10-07,CM,NSE,STK,235,INE087Z01024,AAKASH,EQ,,,,,AAKASH EXPLORATION SER L,8.21,8.40,8.15,8.24,8.38,8.21,,8.24,,,80907,665075.78,356,F1,1,,,,,
2026-10-07,2026-10-07,CM,NSE,STK,758216,INE124401014,AARADHYA,ST,,,,,AARADHYA DISPOSAL INDUS L,118.70,130.00,118.70,122.35,125.00,124.60,,122.35,,,7200,894780.00,6,F1,1200,,,,,
2026-10-07,2026-10-07,CM,NSE,STK,5245,INE198H01019,AAREYDRUGS,EQ,,,,,AAREY DRUGS & PHARM LTD,108.10,110.00,104.48,108.81,107.48,107.85,,108.81,,,497489,54028938.54,1919,F1,1,,,,,
2026-10-07,2026-10-07,CM,NSE,STK,761824,INE750R01016,AARNAV,BE,,,,,AARNAV FASHIONS LIMITED,35.70,37.31,35.70,37.01,37.00,37.31,,37.01,,,34793,1287230.64,69,F1,1,,,,,
2026-10-07,2026-10-07,CM,NSE,STK,1030,INE721Z01010,AARON,EQ,,,,,AARON INDUSTRIES LIMITED,123.63,124.00,120.50,122.50,122.39,122.31,,122.50,,,6844,840553.27,226,F1,1,,,,,
2026-10-07,2026-10-07,CM,NSE,STK,17164,INE01C001026,AARTECH,BE,,,,,AARTECH SOLONICS LIMITED,46.60,48.47,46.51,47.61,47.45,47.33,,47.61,,,18917,896890.63,93,F1,1,,,,,
2026-10-07,2026-10-07,CM,NSE,STK,4481,INE767A01016,AARTIDRUGS,EQ,,,,,AARTI DRUGS LTD.,425.00,429.95,415.00,417.55,418.50,428.80,,417.54,,,147075,61778037.10,6461,F1,1,,,,,
2026-10-07,2026-10-07,CM,NSE,STK,7,INE769A01020,AARTIIND,EQ,,,,,AARTI INDUSTRIES LTD,481.75,492.90,478.40,491.25,492.50,481.15,,491.24,,,570690,278222773.90,18628,F1,1,,,,,
2026-10-07,2026-10-07,CM,NSE,STK,13868,INE0LRU01027,AARTIPHARM,EQ,,,,,AARTI PHARMALABS LIMITED,980.05,980.50,950.00,953.35,954.00,975.00,,953.35,,,522298,502331938.20,36798,F1,1,,,,,
2026-10-07,2026-10-07,CM,NSE,STK,19263,INE09EO01013,AARTISURF,BE,,,,,AARTI SURFACTANTS LIMITED,504.90,504.95,490.00,493.35,493.00,505.45,,493.45,,,4059,2009068.05,152,F1,1,,,,,
2026-10-07,2026-10-07,CM,NSE,STK,19073,INE754X01016,AARVI,EQ,,,,,AARVI ENCON LIMITED,139.30,141.90,136.00,140.71,141.11,138.82,,140.69,,,11004,1540459.94,225,F1,1,,,,,
2026-10-07,2026-10-07,CM,NSE,STK,763800,INE2FMX01012,AASTHA,EQ,,,,,AASTHA SPINTEX LIMITED,29.70,31.00,29.62,30.12,30.32,29.54,,30.13,,,579923,17571443.87,2808,F1,1,,,,,
2026-10-07,2026-10-07,CM,NSE,STK,16961,INE0OB201016,AATMAJ,SM,,,,,AATMAJ HEALTHCARE LIMITED,21.55,22.40,21.55,22.05,22.40,21.55,,22.05,,,10000,218400.00,5,F1,2000,,,,,
2026-10-07,2026-10-07,CM,NSE,STK,5385,INE216P01012,AAVAS,EQ,,,,,AAVAS FINANCIERS LIMITED,1218.00,1236.60,1194.00,1231.70,1232.00,1215.10,,1231.66,,,44345,54149392.00,8918,F1,1,,,,,
2026-10-07,2026-10-07,CM,NSE,STK,7759,INE421A01028,ABAN,BE,,,,,ABAN OFFSHORE LTD.,17.76,17.76,17.76,17.76,17.76,16.92,,17.76,,,21190,376334.40,101,F1,1,,,,,
2026-10-07,2026-10-07,CM,NSE,STK,762523,INE365O01028,ABANSENT,EQ,,,,,ABANS ENTERPRISES LTD.,27.51,27.78,26.75,27.66,27.67,27.51,,27.66,,,3518,96396.24,204,F1,1,,,,,
2026-10-07,2026-10-07,CM,NSE,STK,13288,INE00ZE01026,AFSL,EQ,,,,,ABANS FINANCIAL SRVCS LTD,201.01,202.50,201.00,201.00,201.00,201.00,,201.00,,,1915,385245.45,70,F1,1,,,,,
2026-10-07,2026-10-07,CM,NSE,STK,13,INE117A01022,ABB,EQ,,,,,ABB INDIA LIMITED,7122.50,7122.50,6989.00,7005.00,7005.00,7122.50,,7005.15,,,133622,938432567.00,29524,F1,1,,,,,
2026-10-07,2026-10-07,CM,NSE,STK,17903,INE358A01014,ABBOTINDIA,EQ,,,,,ABBOTT INDIA LIMITED,26150.00,26200.00,25950.00,26095.00,26100.00,26115.00,,26094.86,,,8952,233276040.00,2340,F1,1,,,,,
2026-10-07,2026-10-07,CM,NSE,STK,765463,INE1R2M01019,ABH,SM,,,,,ABH HEALTHCARE LIMITED,47.50,47.90,43.50,47.85,47.90,45.65,,47.85,,,63600,3008940.00,50,F1,1200,,,,,
2026-10-07,2026-10-07,CM,NSE,STK,27284,INE0UYG01015,ABHAPOWER,SM,,,,,ABHA POWER N STEEL LTD,23.00,23.00,22.00,22.40,22.00,23.05,,22.40,,,8000,180720.00,5,F1,1600,,,,,
2026-10-07,2026-10-07,CM,NSE,STK,4626,INE0CAJ01017,AILIMITED,SM,,,,,ABHISHEK INTEGRATIONS LTD,14.30,14.30,14.30,14.30,14.30,14.85,,14.30,,,3000,42900.00,1,F1,3000,,,,,
2026-10-07,2026-10-07,CM,NSE,STK,5551,INE251C01025,ABMINTLLTD,BE,,,,,ABM INTERNATIONAL LTD,43.00,43.00,41.16,41.16,41.16,43.31,,41.16,,,567,23781.96,19,F1,1,,,,,
2026-10-07,2026-10-07,CM,NSE,STK,23783,INE0QRV01016,ABSMARINE,SM,,,,,ABS MARINE SERVICES LTD,323.05,328.05,322.00,324.35,326.55,325.60,,324.35,,,29000,9405700.00,52,F1,500,,,,,
2026-10-07,2026-10-07,CM,NSE,STK,22,INE012A01025,ACC,EQ,,,,,ACC LIMITED,1180.00,1182.70,1160.10,1165.50,1161.20,1177.00,,1165.53,,,95185,111287988.30,10855,F1,1,,,,,
2026-10-07,2026-10-07,CM,NSE,STK,7053,INE793A01012,ACCELYA,EQ,,,,,ACCELYA SOLN INDIA LTD,1102.80,1108.50,1097.00,1100.10,1099.00,1097.50,,1100.09,,,50002,55028920.80,3084,F1,1,,,,,
2026-10-07,2026-10-07,CM,NSE,STK,20488,INE0Q5D01013,ACCENTMIC,SM,,,,,ACCENT MICROCELL LIMITED,673.70,673.70,665.50,666.65,665.50,662.80,,666.65,,,47000,31395725.00,87,F1,500,,,,,
2026-10-07,2026-10-07,CM,NSE,STK,757024,INE0T8T01010,ACCPL,ST,,,,,ACCRETION PHARMA LIMITED,186.00,186.00,184.30,185.30,185.30,193.95,,185.30,,,42000,7754880.00,32,F1,1200,,,,,
2026-10-07,2026-10-07,CM,NSE,STK,1465,INE648Z01023,ACCURACY,EQ,,,,,ACCURACY SHIPPING LIMITED,4.08,4.19,3.97,4.17,4.18,4.10,,4.17,,,106788,439762.09,287,F1,1,,,,,
2026-10-07,2026-10-07,CM,NSE,STK,11779,INE543V01017,ACEINTEG,EQ,,,,,ACE INTEGRATED SOLU. LTD.,17.35,17.35,16.37,16.84,16.80,17.03,,16.84,,,885,14997.76,87,F1,1,,,,,
2026-10-07,2026-10-07,CM,NSE,STK,766382,INE580P01029,ACEVECTOR,EQ,,,,,ACEVECTOR LIMITED,25.80,31.11,25.27,31.11,31.11,25.93,,31.11,,,66714951,1960910979.13,92049,F1,1,,,,,
2026-10-07,2026-10-07,CM,NSE,STK,27061,INE622W01025,ACMESOLAR,EQ,,,,,ACME SOLAR HOLDINGS LTD,450.00,450.00,433.40,436.15,436.50,448.20,,436.15,,,813273,355190830.20,37346,F1,1,,,,,
2026-10-07,2026-10-07,CM,NSE,STK,13587,INE731H01025,ACE,EQ,,,,,ACTION CONST EQUIP LTD,1251.00,1263.00,1235.90,1249.90,1248.80,1252.20,,1249.90,,,245926,307964317.90,20719,F1,1,,,,,
2026-10-07,2026-10-07,CM,NSE,STK,5578,INE00FF01025,ACUTAAS,EQ,,,,,ACUTAAS CHEMICALS LIMITED,3160.00,3194.10,3136.10,3174.20,3168.60,3156.70,,3174.17,,,209529,662042150.90,28199,F1,1,,,,,
2026-10-07,2026-10-07,CM,NSE,STK,10217,INE931S01010,ADANIENSOL,EQ,,,,,ADANI ENERGY SOLUTION LTD,1349.90,1370.50,1305.10,1318.80,1318.80,1350.10,,1318.81,,,1468657,1958530762.10,48249,F1,1,,,,,
2026-10-07,2026-10-07,CM,NSE,STK,25,INE423A01024,ADANIENT,EQ,,,,,ADANI ENTERPRISES LIMITED,2827.00,2848.30,2732.00,2743.00,2743.00,2849.90,,2743.02,,,1738033,4807878952.00,63714,F1,1,,,,,
2026-10-07,2026-10-07,CM,NSE,STK,3563,INE364U01010,ADANIGREEN,EQ,,,,,ADANI GREEN ENERGY LTD,1313.00,1377.80,1310.70,1341.40,1341.40,1313.00,,1341.40,,,6420423,8699853758.30,124425,F1,1,,,,,
2026-10-07,2026-10-07,CM,NSE,STK,15083,INE742F01042,ADANIPORTS,EQ,,,,,ADANI PORT & SEZ LTD,1782.50,1786.00,1739.40,1750.10,1750.10,1783.40,,1750.10,,,1187835,2094861201.90,59427,F1,1,,,,,
2026-10-07,2026-10-07,CM,NSE,STK,17388,INE814H01029,ADANIPOWER,EQ,,,,,ADANI POWER LTD,202.00,203.45,196.00,196.94,196.94,202.40,,196.93,,,18844725,3740741536.38,91396,F1,1,,,,,
2026-10-07,2026-10-07,CM,NSE,STK,6066,INE399L01023,ATGL,EQ,,,,,ADANI TOTAL GAS LIMITED,588.45,595.45,580.20,581.90,581.00,588.45,,581.91,,,570256,334509056.05,20276,F1,1,,,,,
2026-10-07,2026-10-07,CM,NSE,STK,764563,INE757C01021,ADDIND,EQ,,,,,ADDI INDUSTRIES LTD.,80.48,81.00,71.65,73.88,71.65,78.90,,73.69,,,315,24645.63,16,F1,1,,,,,
2026-10-07,2026-10-07,CM,NSE,STK,22471,INE0RDH01021,ADDICTIVE,ST,,,,,ADDICTIVE LEARNING TECH L,42.85,42.85,42.40,42.80,42.80,41.80,,42.80,,,5000,213575.00,8,F1,500,,,,,
2026-10-07,2026-10-07,CM,NSE,STK,19761,INE982B01027,ADFFOODS,EQ,,,,,ADF FOODS LIMITED,295.00,297.90,290.35,291.70,291.10,293.10,,291.69,,,217579,63811946.20,5713,F1,1,,,,,
2026-10-07,2026-10-07,CM,NSE,STK,763156,INE20PL01012,ADISOFT,SM,,,,,ADISOFT TECHNOLOGIES LTD,304.00,322.65,301.00,306.85,308.60,301.65,,306.85,,,128800,39707520.00,154,F1,800,,,,,
2026-10-07,2026-10-07,CM,NSE,STK,6018,INE404A01024,ABSLAMC,EQ,,,,,ADIT BIRL SUN LIF AMC LTD,1009.65,1040.40,1009.65,1015.50,1014.00,1009.65,,1015.52,,,201360,207379946.65,26654,F1,1,,,,,
2026-10-07,2026-10-07,CM,NSE,STK,21614,INE674K01013,ABCAPITAL,EQ,,,,,ADITYA BIRLA CAPITAL LTD.,377.50,380.20,370.05,372.10,372.10,378.90,,372.11,,,4394040,1636432809.10,43898,F1,1,,,,,
2026-10-07,2026-10-07,CM,NSE,STK,30108,INE647O01011,ABFRL,EQ,,,,,ADITYA BIRLA FASHION & RT,45.49,45.55,44.48,44.62,44.65,45.68,,44.62,,,4104346,184538031.71,16516,F1,1,,,,,
2026-10-07,2026-10-07,CM,NSE,STK,756843,INE14LE01019,ABLBL,EQ,,,,,ADITYA BIRLA LIFES BRAN L,73.00,76.46,72.61,73.69,74.24,73.16,,73.53,,,8210032,614129085.71,37461,F1,1,,,,,
2026-10-07,2026-10-07,CM,NSE,STK,15239,INE865C01022,BIRLAMONEY,EQ,,,,,ADITYA BIRLA MONEY LTD,116.45,119.94,115.81,118.98,119.91,116.45,,118.93,,,26003,3076138.04,928,F1,1,,,,,
2026-10-07,2026-10-07,CM,NSE,STK,625,INE055A01016,ABREL,EQ,,,,,ADITYA BIRLA REAL EST LTD,1080.90,1090.00,1040.20,1049.40,1043.70,1078.00,,1049.42,,,209940,222703300.90,22579,F1,1,,,,,
2026-10-07,2026-10-07,CM,NSE,STK,758858,INE819V01029,CPPLUS,EQ,,,,,ADITYA INFOTECH LIMITED,4023.00,4099.00,3945.00,4064.90,4052.00,3976.00,,4064.78,,,208910,842500779.50,28816,F1,1,,,,,
2026-10-07,2026-10-07,CM,NSE,STK,25248,INE01YQ01013,AUSL,SM,,,,,ADITYA ULTRA STEEL LTD,22.75,22.75,22.75,22.75,22.75,23.00,,22.75,,,2000,45500.00,1,F1,2000,,,,,
2026-10-07,2026-10-07,CM,NSE,STK,25984,INE679V01027,AVL,EQ,,,,,ADITYA VISION LIMITED,597.70,625.00,591.15,621.10,620.00,595.10,,621.09,,,180605,110973772.10,18633,F1,1,,,,,
2026-10-07,2026-10-07,CM,NSE,STK,23804,INF209KB18D3,BSLGOLDETF,EQ,,,,,ADITYBIRLA SL GOLD ETF-GR,129.78,129.78,128.85,128.99,129.05,129.39,,128.99,,,395471,51018089.19,1731,F1,1,,,,,
2026-10-07,2026-10-07,CM,NSE,STK,24781,INF209KB19D1,BSLNIFTY,EQ,,,,,ADITYBIRLA SL NIF ETF-GR,26.98,26.98,26.46,26.50,26.53,26.69,,26.50,,,363149,9643174.12,4119,F1,1,,,,,
2026-10-07,2026-10-07,CM,NSE,STK,34,INE045A01017,ADOR,EQ,,,,,ADOR WELDING LTD,1549.80,1574.90,1517.00,1552.10,1560.00,1535.00,,1552.25,,,26360,40807828.50,3731,F1,1,,,,,
2026-10-07,2026-10-07,CM,NSE,STK,766274,INE505M01015,ADROITIND,BE,,,,,ADROIT INDUSTRIES (I) LTD,207.10,223.63,202.35,223.63,223.63,212.99,,223.63,,,1992820,419500482.75,15397,F1,1,,,,,
2026-10-07,2026-10-07,CM,NSE,STK,8644,INE737B01033,ADROITINFO,BE,,,,,ADROIT INFOTECH LIMITED,11.97,12.21,11.97,11.97,11.97,12.59,,11.97,,,249385,2988367.39,370,F1,1,,,,,
2026-10-07,2026-10-07,CM,NSE,STK,760657,INE0ALI01010,ADVAIT,EQ,,,,,ADVAIT ENRGY TRANSITION L,1958.00,1958.00,1883.20,1910.80,1920.00,1946.90,,1910.84,,,29825,57000231.00,5436,F1,1,,,,,
2026-10-07,2026-10-07,CM,NSE,STK,759402,INE1B0W01010,ADVANCE,EQ,,,,,ADVANCE AGROLIFE LIMITED,118.34,120.00,115.28,117.49,118.61,117.76,,117.51,,,100984,11841872.30,1152,F1,1,,,,,
2026-10-07,2026-10-07,CM,NSE,STK,18039,INE837H01020,ADVENZYMES,EQ,,,,,ADVANCED ENZYME TECH LTD,273.10,274.95,269.25,270.05,271.60,273.10,,270.05,,,186349,50591712.35,4781,F1,1,,,,,
2026-10-07,2026-10-07,CM,NSE,STK,14745,INE199C01026,ADVANIHOTR,EQ,,,,,ADVANI HOT.& RES.(I) LTD,47.94,48.40,47.50,47.91,48.16,47.51,,47.90,,,14589,700145.83,373,F1,1,,,,,
2026-10-07,2026-10-07,CM,NSE,STK,759769,INE28GN01010,ADVENTHTL,EQ,,,,,ADVENT HOTELS INTERNATI L,122.50,125.45,120.15,121.77,122.50,122.21,,121.79,,,121576,14970572.91,2870,F1,1,,,,,
2026-10-07,2026-10-07,CM,NSE,STK,765015,INE178T01024,ADVIKCA,EQ,,,,,ADVIK CAPITAL LTD.,0.99,1.01,0.95,0.98,0.98,0.99,,0.98,,,559603,545673.76,342,F1,1,,,,,
2026-10-07,2026-10-07,CM,NSE,STK,762227,INE1SJO01012,RAMBHAJO,EQ,,,,,ADVIT JEWELS LIMITED,329.45,363.35,327.25,360.80,359.40,330.35,,360.86,,,1711528,611309213.60,27248,F1,1,,,,,
2026-10-07,2026-10-07,CM,NSE,STK,40,INE208C01025,AEGISLOG,EQ,,,,,AEGIS LOGISTICS LIMITED,1399.10,1481.00,1383.40,1460.20,1463.70,1395.90,,1460.18,,,1713087,2484484745.00,82476,F1,1,,,,,
2026-10-07,2026-10-07,CM,NSE,STK,757336,INE0INX01018,AEGISVOPAK,EQ,,,,,AEGIS VOPAK TERMINALS LTD,294.00,301.80,290.50,294.25,294.00,293.35,,294.28,,,1371001,407480860.90,29365,F1,1,,,,,
2026-10-07,2026-10-07,CM,NSE,STK,761341,INE423A07500,AEL12126,NI,,,,,AEL 0% 2028 SR II,1035.20,1035.20,1035.20,1035.20,1035.20,1067.98,,1035.20,,,6,6211.20,1,F1,1,,,,,
2026-10-07,2026-10-07,CM,NSE,STK,757873,INE423A07419,AEL170725,ND,,,,,AEL 0% 2028 SR V,1095.00,1100.00,1095.00,1100.00,1100.00,1108.50,,1100.00,,,75,82375.00,2,F1,1,,,,,
2026-10-07,2026-10-07,CM,NSE,STK,761347,INE423A07542,AEL1212026,NO,,,,,AEL 0% 2031 SR VIII,1035.80,1035.80,1035.80,1035.80,1035.80,1035.80,,1035.80,,,122,126367.60,6,F1,1,,,,,
2026-10-07,2026-10-07,CM,NSE,STK,761342,INE423A07492,848AEL29,NJ,,,,,AEL 8.48% 2029 SR III,1021.50,1058.00,1002.00,1002.00,1002.00,1002.00,,1002.00,,,21,21468.50,3,F1,1,,,,,
2026-10-07,2026-10-07,CM,NSE,STK,761340,INE423A07484,860AEL28,NH,,,,,AEL 8.60% 2028 SR I,1050.00,1050.00,1050.00,1050.00,1050.00,1057.80,,1046.28,,,28,29400.00,3,F1,1,,,,,
2026-10-07,2026-10-07,CM,NSE,STK,761343,INE423A07534,875AEL29,NK,,,,,AEL 8.75% 2029 SR IV,1060.00,1067.00,1040.00,1056.81,1065.99,1065.80,,1056.81,,,25,26528.95,8,F1,1,,,,,
2026-10-07,2026-10-07,CM,NSE,STK,761346,INE423A07526,890AEL31,NN,,,,,AEL 8.90% 2031 SR VII,1061.01,1067.00,1060.00,1067.00,1067.00,1061.25,,1067.00,,,694,736380.39,10,F1,1,,,,,
2026-10-07,2026-10-07,CM,NSE,STK,757874,INE423A07443,9AEL30,NE,,,,,AEL 9% 2030 SR VI,1016.50,1024.99,1016.00,1024.40,1024.40,1025.10,,1024.40,,,1131,1150396.55,21,F1,1,,,,,
2026-10-07,2026-10-07,CM,NSE,STK,757872,INE423A07435,915AEL28,NC,,,,,AEL 9.15% 2028 SR IV,1025.00,1025.00,1025.00,1025.00,1025.00,1030.00,,1025.00,,,16,16400.00,2,F1,1,,,,,
2026-10-07,2026-10-07,CM,NSE,STK,760234,INE947N01017,AEQUS,EQ,,,,,AEQUS LIMITED,284.75,292.15,278.55,288.15,287.00,286.10,,288.15,,,4796952,1368267128.65,55798,F1,1,,,,,
2026-10-07,2026-10-07,CM,NSE,STK,12015,INE065D01027,AEROENTER,EQ,,,,,AEROFLEX ENTERPRISES LTD,131.90,131.90,128.20,129.01,128.50,132.56,,129.01,,,422833,54853688.15,5519,F1,1,,,,,
2026-10-07,2026-10-07,CM,NSE,STK,18268,INE024001021,AEROFLEX,EQ,,,,,AEROFLEX INDUSTRIES LTD,566.40,567.00,550.35,563.85,564.20,560.75,,563.84,,,1019697,570726752.10,27001,F1,1,,,,,
2026-10-07,2026-10-07,CM,NSE,STK,13689,INE035801013,AERONEU,EQ,,,,,AEROFLEX NEU LIMITED,69.50,71.00,69.31,70.21,70.00,69.97,,70.22,,,40034,2811235.18,280,F1,1,,,,,
2026-10-07,2026-10-07,CM,NSE,STK,25065,INE0WL801011,AERON,SM,,,,,AERON COMPOSITE LIMITED,87.50,88.75,87.05,87.50,87.05,84.00,,87.50,,,38000,3348050.00,38,F1,1000,,,,,
2026-10-07,2026-10-07,CM,NSE,STK,24830,INE0TSF01011,AESTHETIK,SM,,,,,AESTHETIK ENGINEERS LTD,67.05,67.05,67.00,67.00,67.00,67.05,,67.00,,,6000,402100.00,5,F1,1000,,,,,
2026-10-07,2026-10-07,CM,NSE,STK,9810,INE0BWX01014,AETHER,EQ,,,,,AETHER INDUSTRIES LIMITED,1781.10,1807.90,1770.50,1787.60,1783.00,1799.80,,1787.59,,,273746,490100992.30,23919,F1,1,,,,,
2026-10-07,2026-10-07,CM,NSE,STK,25977,INE101I01011,AFCONS,EQ,,,,,AFCONS INFRASTRUCTURE LTD,240.95,245.70,240.17,244.38,243.11,242.15,,244.39,,,230744,56181367.01,6863,F1,1,,,,,
2026-10-07,2026-10-07,CM,NSE,STK,11343,INE00WC01027,AFFLE,EQ,,,,,AFFLE 3I LIMITED,1450.20,1453.00,1428.00,1436.00,1436.00,1450.20,,1435.90,,,116544,167822850.70,13467,F1,1,,,,,
2026-10-07,2026-10-07,CM,NSE,STK,25855,INE692Z01013,AFFORDABLE,EQ,,,,,AFFORD ROBO & AUTO LTD,163.00,168.00,161.86,165.30,166.00,163.67,,165.10,,,6653,1096320.13,435,F1,1,,,,,
2026-10-07,2026-10-07,CM,NSE,STK,764159,INE916Y07099,115AFIL28A,N0,,,,,AFIL 11.50% 2028,9926.51,9926.51,9926.51,9926.51,9926.51,9941.78,,9926.51,,,6,59559.06,2,F1,1,,,,,
2026-10-07,2026-10-07,CM,NSE,STK,760641,INE916Y07073,1150AFIL29,N0,,,,,AFIL 11.50% 2029,9852.02,9880.77,9852.02,9880.77,9880.77,9816.15,,9880.77,,,2,19732.79,2,F1,1,,,,,
2026-10-07,2026-10-07,CM,NSE,STK,759098,INE916Y07040,12AFIL27A,N0,,,,,AFIL 12% 2027,9987.81,9994.00,9987.81,9994.00,9994.00,9990.00,,9994.00,,,3,29975.81,2,F1,1,,,,,
2026-10-07,2026-10-07,CM,NSE,STK,759446,INE916Y07032,12AFIL27,N0,,,,,AFIL 12% 2027 SR 1,9940.80,9940.80,9940.80,9940.80,9940.80,10035.62,,9940.80,,,3,29822.40,1,F1,1,,,,,
2026-10-07,2026-10-07,CM,NSE,STK,759283,INE916Y07057,12AFIL28,N0,,,,,AFIL 12% 2028,9836.90,9954.00,9836.90,9887.40,9888.28,9954.00,,9887.40,,,9,89004.46,7,F1,1,,,,,
2026-10-07,2026-10-07,CM,NSE,STK,3389,INE204E01012,AGARIND,EQ,,,,,AGARWAL INDS CORP LTD.,396.50,397.35,387.55,388.90,388.00,396.50,,388.91,,,18567,7275603.20,1204,F1,1,,,,,
2026-10-07,2026-10-07,CM,NSE,STK,27309,INE0P8X01016,AGARWALTUF,SM,,,,,AGARWAL TOUGH GLASS IND L,174.00,181.00,172.05,175.55,178.25,175.55,,175.55,,,157200,27543360.00,71,F1,1200,,,,,
2026-10-07,2026-10-07,CM,NSE,STK,11033,INE753W01010,AGASTYAEN,BE,,,,,AGASTYA ENE AND INFRA LTD,65.47,65.47,65.47,65.47,65.47,66.80,,65.47,,,50798,3325745.06,127,F1,1,,,,,
2026-10-07,2026-10-07,CM,NSE,STK,1412,INE415A01038,AGI,EQ,,,,,AGI GREENPAC LIMITED,786.00,795.75,773.30,787.50,782.00,786.40,,787.55,,,85348,67030879.00,7303,F1,1,,,,,
2026-10-07,2026-10-07,CM,NSE,STK,24445,INE976R01033,AGIIL,EQ,,,,,AGI INFRA LIMITED,259.00,259.65,255.30,257.15,257.15,259.10,,257.15,,,199474,51354465.95,3510,F1,1,,,,,
2026-10-07,2026-10-07,CM,NSE,STK,10491,INE0LF301013,AGNI,SM,,,,,AGNI GREEN POWER LTD,14.10,14.50,14.10,14.30,14.30,14.30,,14.30,,,15000,214125.00,6,F1,2500,,,,,
2026-10-07,2026-10-07,CM,NSE,STK,11072,INE449G01018,AGRITECH,EQ,,,,,AGRI-TECH (INDIA) LIMITED,89.99,89.99,86.15,87.10,86.85,87.68,,87.28,,,4222,368635.95,101,F1,1,,,,,
2026-10-07,2026-10-07,CM,NSE,STK,9046,INE740V01019,AGROPHOS,EQ,,,,,AGRO PHOS INDIA LIMITED,21.92,23.97,21.92,23.38,23.50,21.92,,23.38,,,29816,689837.61,233,F1,1,,,,,
2026-10-07,2026-10-07,CM,NSE,STK,759202,INE583L01014,AGSTRA,BZ,,,,,AGS TRANSACT TECH LTD,2.41,2.41,2.41,2.41,2.41,2.45,,2.41,,,20746,49997.86,64,F1,1,,,,,
2026-10-07,2026-10-07,CM,NSE,STK,2004,INE00PV01013,AHLADA,EQ,,,,,AHLADA ENGINEERS LIMITED,39.78,39.79,35.75,38.80,38.80,38.33,,38.80,,,9920,373265.15,142,F1,1,,,,,
2026-10-07,2026-10-07,CM,NSE,STK,17833,INE758C01029,AHLUCONT,EQ,,,,,AHLUWALIA CONT IND LTD,574.95,574.95,558.00,561.50,559.75,576.05,,561.52,,,28075,15858922.25,2814,F1,1,,,,,
2026-10-07,2026-10-07,CM,NSE,STK,13086,INE212H01026,AIAENG,EQ,,,,,AIA ENGINEERING LIMITED,3933.00,3933.00,3825.60,3858.00,3870.00,3914.70,,3858.00,,,45135,174737987.10,13057,F1,1,,,,,
2026-10-07,2026-10-07,CM,NSE,STK,23984,INE0RUV01018,AIMTRON,SM,,,,,AIMTRON ELECTRONICS LTD,1900.90,1920.00,1823.00,1835.90,1835.00,1900.90,,1835.90,,,34200,63595140.00,155,F1,200,,,,,
2026-10-07,2026-10-07,CM,NSE,STK,9878,INE805A01014,GOLDTECH,BE,,,,,AION-TECH SOLUTIONS LTD,41.25,41.61,41.25,41.40,41.40,42.07,,41.43,,,10807,448405.47,44,F1,1,,,,,
2026-10-07,2026-10-07,CM,NSE,STK,9897,INE645W01026,AIRAN,EQ,,,,,AIRAN LIMITED,15.40,15.77,15.12,15.32,15.43,15.40,,15.37,,,45744,703652.85,249,F1,1,,,,,
2026-10-07,2026-10-07,CM,NSE,STK,6068,INE801L01010,AIROLAM,EQ,,,,,AIRO LAM LIMITED,88.02,95.11,88.02,91.07,90.00,88.29,,91.07,,,15611,1457481.00,317,F1,1,,,,,
2026-10-07,2026-10-07,CM,NSE,STK,8124,INE031B01049,AJANTPHARM,EQ,,,,,AJANTA PHARMA LIMITED,3573.40,3611.00,3529.30,3569.80,3570.00,3573.40,,3569.79,,,93213,333647960.90,25941,F1,1,,,,,
2026-10-07,2026-10-07,CM,NSE,STK,29624,INE274Y01021,AJAXENGG,EQ,,,,,AJAX ENGINEERING LIMITED,589.00,589.00,579.00,582.75,584.60,585.85,,582.72,,,33509,19541492.55,3877,F1,1,,,,,
2026-10-07,2026-10-07,CM,NSE,STK,17307,INE298G01035,AJMERA,EQ,,,,,AJMERA REALTY & INF I LTD,116.50,118.85,115.01,117.99,117.80,116.24,,117.99,,,151319,17757207.58,2097,F1,1,,,,,
2026-10-07,2026-10-07,CM,NSE,STK,3403,INE820Y01021,AJOONI,EQ,,,,,AJOONI BIOTECH LIMITED,3.06,3.11,2.95,3.01,3.01,3.08,,3.01,,,1091559,3291449.75,870,F1,1,,,,,
2026-10-07,2026-10-07,CM,NSE,STK,21121,INE0PCY01014,AKANKSHA,SM,,,,,AKANKSHA POWER N INFRA L,182.00,191.00,178.05,190.00,189.00,182.20,,190.00,,,225000,42258600.00,176,F1,1000,,,,,
2026-10-07,2026-10-07,CM,NSE,STK,13510,INE737W01013,AKASH,EQ,,,,,AKASH INFRA-PROJECTS LTD,25.15,25.90,24.40,24.66,24.62,24.81,,24.66,,,5765,144502.79,50,F1,1,,,,,
2026-10-07,2026-10-07,CM,NSE,STK,2176,INE00Y801016,AKG,EQ,,,,,AKG EXIM LIMITED,9.42,9.46,9.32,9.38,9.39,9.38,,9.38,,,30881,289450.76,87,F1,1,,,,,
2026-10-07,2026-10-07,CM,NSE,STK,14895,INE642Z01026,AKI,BE,,,,,AKI INDIA LIMITED,6.05,6.24,5.90,6.01,6.10,6.01,,6.01,,,264827,1611471.13,227,F1,1,,,,,
2026-10-07,2026-10-07,CM,NSE,STK,24304,INE0PMR01017,AKIKO,SM,,,,,AKIKO GLOBAL SERVICES L,408.00,421.00,405.00,413.00,415.00,420.00,,413.00,,,12000,4939920.00,15,F1,800,,,,,
2026-10-07,2026-10-07,CM,NSE,STK,24159,INE916Y01027,AFIL,EQ,,,,,AKME FINTRADE (INDIA) LTD,7.93,7.95,6.95,7.54,7.64,7.90,,7.54,,,1086225,8066026.35,1663,F1,1,,,,,
2026-10-07,2026-10-07,CM,NSE,STK,8595,INE523B01011,AKSHOPTFBR,BE,,,,,AKSH OPTIFIBRE  LTD,7.69,7.73,7.68,7.73,7.73,7.37,,7.77,,,339881,2625232.13,325,F1,1,,,,,
2026-10-07,2026-10-07,CM,NSE,STK,9558,INE256Z01025,AKSHAR,EQ,,,,,AKSHAR SPINTEX LIMITED,0.41,0.43,0.41,0.42,0.43,0.41,,0.43,,,1144299,480284.16,227,F1,1,,,,,
2026-10-07,2026-10-07,CM,NSE,STK,20194,INE542B01011,AKSHARCHEM,BE,,,,,AKSHARCHEM INDIA LIMITED,370.00,386.00,370.00,374.30,379.95,374.20,,374.39,,,1722,648234.25,57,F1,1,,,,,
2026-10-07,2026-10-07,CM,NSE,STK,24715,INE09XN01023,AKUMS,EQ,,,,,AKUMS DRUGS AND PHARMA L,819.80,833.00,814.65,822.55,826.50,814.65,,822.54,,,153950,126920148.40,11753,F1,1,,,,,
2026-10-07,2026-10-07,CM,NSE,STK,9921,INE914E01040,ALANKIT,EQ,,,,,ALANKIT LIMITED,7.58,8.25,7.55,7.71,7.72,7.58,,7.71,,,177413,1377122.45,447,F1,1,,,,,
2026-10-07,2026-10-07,CM,NSE,STK,17256,INE155C01010,ALBERTDAVD,EQ,,,,,ALBERT DAVID LIMITED,827.30,838.55,807.20,812.75,810.00,839.10,,812.76,,,4818,3941415.40,434,F1,1,,,,,
2026-10-07,2026-10-07,CM,NSE,STK,79,INE426A01027,ALEMBICLTD,EQ,,,,,ALEMBIC LIMITED,105.00,105.28,102.81,103.57,103.39,104.99,,103.56,,,360068,37410940.24,4757,F1,1,,,,,
2026-10-07,2026-10-07,CM,NSE,STK,25328,INE901L01018,APLLTD,EQ,,,,,ALEMBIC PHARMA LTD,834.10,839.00,821.25,833.80,832.30,834.20,,833.79,,,135889,112937413.20,17948,F1,1,,,,,
2026-10-07,2026-10-07,CM,NSE,STK,764573,INE782D01027,ALFREDHE,EQ,,,,,ALFRED HERBERT INDIA L,2727.20,2770.00,2727.20,2769.60,2769.60,2750.00,,2773.30,,,10,27454.00,7,F1,1,,,,,
2026-10-07,2026-10-07,CM,NSE,STK,761270,INE598D01035,ALGOQUANT,EQ,,,,,ALGOQUANT FINTECH LIMITED,70.56,73.73,69.37,70.20,70.00,70.56,,70.23,,,1930088,137867913.61,7460,F1,1,,,,,
2026-10-07,2026-10-07,CM,NSE,STK,13656,INE062D01024,ALICON,EQ,,,,,ALICON CASTALLOY LIMITED,871.20,909.00,855.00,901.40,906.05,866.90,,901.34,,,131461,116855674.75,10877,F1,1,,,,,
2026-10-07,2026-10-07,CM,NSE,STK,5265,INE03Q201024,ALIVUS,EQ,,,,,ALIVUS LIFE SCIENCES LTD,1389.90,1389.90,1361.60,1370.20,1380.00,1384.00,,1370.20,,,79355,109148752.10,12369,F1,1,,,,,
2026-10-07,2026-10-07,CM,NSE,STK,16963,INE773I01017,ALKALI,BE,,,,,ALKALI METALS LTD,86.30,90.17,86.30,88.71,89.98,85.88,,88.71,,,18019,1602810.00,161,F1,1,,,,,
2026-10-07,2026-10-07,CM,NSE,STK,11703,INE540L01014,ALKEM,EQ,,,,,ALKEM LABORATORIES LTD.,5297.00,5404.50,5292.00,5350.50,5350.50,5292.00,,5350.51,,,205152,1097354359.50,22033,F1,1,,,,,
2026-10-07,2026-10-07,CM,NSE,STK,4487,INE150B01039,ALKYLAMINE,EQ,,,,,ALKYL AMINES CHEM. LTD,1925.20,1930.00,1886.10,1918.90,1906.50,1962.20,,1918.88,,,189986,362493161.10,20644,F1,1,,,,,
2026-10-07,2026-10-07,CM,NSE,STK,13203,INE0M2X01012,ALLETEC,SM,,,,,ALL E TECHNOLOGIES LTD,121.50,123.30,119.00,119.45,120.00,121.50,,119.45,,,24800,2975100.00,52,F1,400,,,,,
2026-10-07,2026-10-07,CM,NSE,STK,758448,INE0GV601021,ALLTIME,EQ,,,,,ALL TIME PLASTICS LIMITED,184.79,188.80,181.55,184.43,184.03,184.36,,184.43,,,66197,12198816.35,1994,F1,1,,,,,
2026-10-07,2026-10-07,CM,NSE,STK,763784,INE1YPB01014,AGL,EQ,,,,,ALLCARGO GLOBAL LIMITED,12.71,13.13,12.51,12.63,12.71,12.77,,12.63,,,853864,10909797.29,2406,F1,1,,,,,
2026-10-07,2026-10-07,CM,NSE,STK,13501,INE418H01029,ALLCARGO,EQ,,,,,ALLCARGO LOGISTICS LTD,10.50,10.52,10.22,10.28,10.31,10.50,,10.28,,,3180670,32860827.01,4490,F1,1,,,,,
2026-10-07,2026-10-07,CM,NSE,STK,17778,INE0NN701020,ATL,EQ,,,,,ALLCARGO TERMINALS LTD,24.67,26.00,24.24,25.67,25.94,24.71,,25.68,,,381121,9642488.69,3030,F1,1,,,,,
2026-10-07,2026-10-07,CM,NSE,STK,11798,INE835G01018,ALLDIGI,EQ,,,,,ALLDIGI TECH LIMITED,772.10,790.00,768.65,783.80,786.00,768.10,,783.63,,,4506,3516272.30,560,F1,1,,,,,
2026-10-07,2026-10-07,CM,NSE,STK,24308,INE552Z01027,ABDL,EQ,,,,,ALLIED BLEND N DISTILS L,719.60,719.60,690.30,694.25,697.00,714.65,,694.26,,,398467,280365755.05,14366,F1,1,,,,,
2026-10-07,2026-10-07,CM,NSE,STK,14813,INE102I01027,ADSL,EQ,,,,,ALLIED DIGITAL SERV. LTD,102.39,104.28,101.32,102.04,102.25,103.82,,102.04,,,137109,14068775.80,2751,F1,1,,,,,
2026-10-07,2026-10-07,CM,NSE,STK,16723,INE326B01035,ALMONDZ,BE,,,,,ALMONDZ GLOBAL SEC LTD,20.00,20.71,19.01,19.54,19.99,19.85,,19.54,,,133115,2644871.39,239,F1,1,,,,,
2026-10-07,2026-10-07,CM,NSE,STK,17675,INE270A01029,ALOKINDS,EQ,,,,,ALOK INDUSTRIES LIMITED,8.00,8.50,7.95,8.29,8.29,7.83,,8.29,,,63108260,522462872.94,97443,F1,1,,,,,
2026-10-07,2026-10-07,CM,NSE,STK,14848,INE385I01010,ALPA,EQ,,,,,ALPA LABORATORIES LTD,59.00,59.68,57.42,57.71,58.00,58.73,,57.72,,,8674,503848.11,252,F1,1,,,,,
2026-10-07,2026-10-07,CM,NSE,STK,22688,INE0R4701017,ALPEXSOLAR,SM,,,,,ALPEX SOLAR LIMITED,802.30,822.95,792.55,815.10,813.95,814.15,,815.10,,,24200,19565355.00,188,F1,100,,,,,
2026-10-07,2026-10-07,CM,NSE,STK,14601,INE137C01018,ALPHAGEO,BE,,,,,ALPHAGEO (INDIA) LIMITED,253.90,259.50,253.80,254.30,254.00,251.15,,254.30,,,3599,917713.05,87,F1,1,,,,,
2026-10-07,2026-10-07,CM,NSE,STK,764186,INE1JCQ01037,ALPINETEX,EQ,,,,,ALPINE TEXWORLD LIMITED,45.79,47.59,45.79,46.04,46.15,46.44,,46.05,,,107857,5027455.44,2120,F1,1,,,,,
2026-10-07,2026-10-07,CM,NSE,STK,764578,INE058F01019,ALUFLUOR,EQ,,,,,ALUFLUORIDE LTD.,617.25,658.95,609.70,649.15,650.80,619.45,,649.15,,,22254,14265142.05,1427,F1,1,,,,,
2026-10-07,2026-10-07,CM,NSE,STK,23474,INE0STM01017,ALUWIND,SM,,,,,ALUWIND INFRA-TECH LTD,48.50,48.50,48.00,48.00,48.00,48.50,,48.00,,,12000,578925.00,8,F1,1500,,,,,
2026-10-07,2026-10-07,CM,NSE,STK,760740,INE121R01077,AMAGI,EQ,,,,,AMAGI MEDIA LABS LIMITED,558.55,568.95,557.20,561.45,560.10,564.15,,561.44,,,140264,78752215.90,10001,F1,1,,,,,
2026-10-07,2026-10-07,CM,NSE,STK,764583,INE841D01013,AMAL,EQ,,,,,AMAL LTD.,754.95,817.00,753.70,798.05,796.00,753.70,,797.87,,,69704,55427989.40,4559,F1,1,,,,,
2026-10-07,2026-10-07,CM,NSE,STK,758910,INE084K01015,AMANTA,BE,,,,,AMANTA HEALTHCARE LIMITED,196.98,207.56,191.00,207.08,207.00,197.68,,207.08,,,187306,38589768.39,614,F1,1,,,,,
2026-10-07,2026-10-07,CM,NSE,STK,100,INE885A01032,ARE&M,EQ,,,,,AMARA RAJA ENERGY MOB LTD,744.00,745.00,729.75,733.25,732.00,742.90,,733.28,,,347787,255564929.00,23868,F1,1,,,,,
2026-10-07,2026-10-07,CM,NSE,STK,764588,INE484D01012,AMARJOTHI,EQ,,,,,AMARJOTHI SPINNING MILL L,150.45,150.45,147.05,147.12,147.12,149.05,,147.12,,,636,95289.67,32,F1,1,,,,,
2026-10-07,2026-10-07,CM,NSE,STK,763256,INE293601014,AMBAAUTO,SM,,,,,AMBA AUTO SALES AND SER L,113.75,113.75,110.20,111.25,112.30,110.00,,111.25,,,13000,1458650.00,12,F1,1000,,,,,
2026-10-07,2026-10-07,CM,NSE,STK,762546,INE432A01017,AMBALALSA,BE,,,,,AMBALAL SARABHAI ENT L,38.55,40.47,38.11,40.47,40.47,38.55,,40.31,,,55446,2209857.60,190,F1,1,,,,,
2026-10-07,2026-10-07,CM,NSE,STK,4083,INE00C501018,AMBANIORGO,SM,,,,,AMBANI ORGOCHEM LIMITED,119.50,120.80,119.50,120.80,120.80,115.05,,120.80,,,5000,601800.00,4,F1,1000,,,,,
2026-10-07,2026-10-07,CM,NSE,STK,1185,INE371P01015,AMBER,EQ,,,,,AMBER ENTERPRISES (I) LTD,6810.00,6925.00,6767.50,6925.00,6925.00,6869.00,,6924.50,,,91287,625647701.00,16423,F1,1,,,,,
2026-10-07,2026-10-07,CM,NSE,STK,11496,INE792B01012,AMBICAAGAR,EQ,,,,,AMBICA AGAR & AROMAINDLTD,24.10,25.25,23.00,23.53,23.99,24.42,,23.51,,,15438,364460.63,321,F1,1,,,,,
2026-10-07,2026-10-07,CM,NSE,STK,15234,INE540G01014,AMBIKCO,EQ,,,,,AMBIKA COTTON MILL LTD.,1535.10,1554.00,1495.00,1504.90,1503.00,1532.70,,1504.70,,,5825,8787809.40,821,F1,1,,,,,
2026-10-07,2026-10-07,CM,NSE,STK,1270,INE079A01024,AMBUJACEM,EQ,,,,,AMBUJA CEMENTS LTD,362.40,362.75,352.45,356.90,356.90,361.55,,356.90,,,3466426,1235251418.80,51715,F1,1,,,,,
2026-10-07,2026-10-07,CM,NSE,STK,14402,INE005I01014,AMDIND,BE,,,,,AMD INDUSTRIES LIMITED,52.98,52.99,52.36,52.37,52.36,52.73,,52.37,,,4737,249303.20,90,F1,1,,,,,
2026-10-07,2026-10-07,CM,NSE,STK,10898,INE0KT901015,AMEYA,SM,,,,,AMEYA PRECISION ENG LTD,145.00,155.25,145.00,154.70,155.25,147.90,,154.70,,,21000,3135850.00,19,F1,1000,,,,,
2026-10-07,2026-10-07,CM,NSE,STK,19867,INE275D01022,AMNPLST,EQ,,,,,AMINES & PLASTICIZERS LTD,185.61,185.61,170.40,172.60,173.00,186.92,,172.53,,,40282,7073399.45,1161,F1,1,,,,,
2026-10-07,2026-10-07,CM,NSE,STK,761670,INE05TO01019,AEROPLANE,EQ,,,,,AMIR CHAND JAG KUM (E) L,208.40,219.70,208.40,218.44,219.70,209.24,,218.45,,,1610248,346680089.05,16167,F1,1,,,,,
2026-10-07,2026-10-07,CM,NSE,STK,2598,INE606A01024,AMJLAND,EQ,,,,,AMJ LAND HOLDINGS LIMITED,38.00,38.00,36.81,37.35,37.01,37.66,,37.35,,,1369,50958.60,89,F1,1,,,,,
2026-10-07,2026-10-07,CM,NSE,STK,17547,INE098F01031,AMRUTANJAN,EQ,,,,,AMRUTAJAN HEALTH LTD,522.00,526.95,517.00,521.55,520.00,523.70,,521.55,,,21130,11012255.15,1210,F1,1,,,,,
2026-10-07,2026-10-07,CM,NSE,STK,759956,INE549H01021,ARSSBL,EQ,,,,,ANAND RATHI SH N STK BR L,551.50,574.70,545.10,571.15,571.00,551.55,,571.16,,,606937,343404449.30,16673,F1,1,,,,,
2026-10-07,2026-10-07,CM,NSE,STK,7145,INE463V01026,ANANDRATHI,EQ,,,,,ANAND RATHI WEALTH LTD,2149.00,2167.50,2120.90,2127.20,2127.20,2142.00,,2127.13,,,282649,605412761.20,19597,F1,1,,,,,
2026-10-07,2026-10-07,CM,NSE,STK,13620,INE242C01024,ANANTRAJ,EQ,,,,,ANANT RAJ LIMITED,613.70,622.55,601.55,612.15,611.50,608.90,,612.13,,,2034133,1248563435.65,42737,F1,1,,,,,
2026-10-07,2026-10-07,CM,NSE,STK,759363,INE1UA823019,ANANTAM,IV,,,,,ANANTAM HIGHWAYS TRUST,103.00,103.00,102.96,103.00,103.00,102.99,,103.00,,,91158,9389255.22,116,F1,1,,,,,
2026-10-07,2026-10-07,CM,NSE,STK,764446,INE1J5V01013,ANAWIL,SM,,,,,ANAWIL WIRE AND ENGIN LTD,400.00,438.00,400.00,433.20,436.90,397.40,,433.20,,,216400,91346040.00,490,F1,400,,,,,
2026-10-07,2026-10-07,CM,NSE,STK,758427,INE0VG001016,AMCL,SM,,,,,ANB METAL CAST LIMITED,378.00,378.00,364.00,370.15,373.90,376.20,,370.15,,,30800,11443040.00,41,F1,400,,,,,
2026-10-07,2026-10-07,CM,NSE,STK,15420,INE666E01020,ACL,EQ,,,,,ANDHRA CEMENTS LIMITED,39.94,39.94,39.20,39.41,39.39,39.67,,39.38,,,2786,109875.07,243,F1,1,,,,,
2026-10-07,2026-10-07,CM,NSE,STK,166,INE435A01051,ANDHRAPAP,EQ,,,,,ANDHRA PAPER LIMITED,70.82,70.98,69.85,70.07,70.00,70.48,,70.07,,,190578,13389242.24,2457,F1,1,,,,,
2026-10-07,2026-10-07,CM,NSE,STK,136,INE715B01021,ANDHRSUGAR,EQ,,,,,ANDHRA SUGARS LTD,94.56,95.95,92.80,93.37,93.45,94.42,,93.37,,,274458,25741489.98,5490,F1,1,,,,,
2026-10-07,2026-10-07,CM,NSE,STK,5206,INE449C01025,ANDREWYU,EQ,,,,,ANDREW YULE & CO. LTD.,25.00,25.29,24.31,24.63,24.54,24.95,,24.60,,,138603,3417966.09,1008,F1,1,,,,,
2026-10-07,2026-10-07,CM,NSE,STK,324,INE732I01021,ANGELONE,EQ,,,,,ANGEL ONE LIMITED,293.50,306.25,291.25,302.00,302.00,295.00,,302.00,,,13538340,4074750029.65,84641,F1,1,,,,,
2026-10-07,2026-10-07,CM,NSE,STK,482,INE635Y01015,AISL,SM,,,,,ANI INTEGRATED SERV LTD.,76.95,77.25,74.00,74.05,74.00,73.60,,74.05,,,28200,2117700.00,22,F1,600,,,,,
2026-10-07,2026-10-07,CM,NSE,STK,16657,INE087B01017,ANIKINDS,EQ,,,,,ANIK INDUSTRIES LTD,46.00,47.77,44.83,45.65,45.00,45.40,,45.68,,,14635,676483.38,368,F1,1,,,,,
2026-10-07,2026-10-07,CM,NSE,STK,20453,INE071F01012,APCL,EQ,,,,,ANJANI PORTLAND CEM LTD,95.00,95.00,92.60,92.64,92.60,93.58,,92.72,,,3852,358555.74,91,F1,1,,,,,
2026-10-07,2026-10-07,CM,NSE,STK,25878,INE106I01010,ANKITMETAL,BZ,,,,,ANKIT MET & POW LTD,2.37,2.37,2.37,2.37,2.37,2.26,,2.41,,,29694,70374.78,25,F1,1,,,,,
2026-10-07,2026-10-07,CM,NSE,STK,758968,INE0Y8W01025,AHCL,EQ,,,,,ANLON HEALTHCARE LIMITED,28.18,28.18,28.18,28.18,28.18,29.66,,28.18,,,2139001,60277048.18,3139,F1,1,,,,,
2026-10-07,2026-10-07,CM,NSE,STK,13657,INE0LR101013,ANLON,SM,,,,,ANLON TECHNOLOGY SOL LTD,764.00,790.00,744.00,788.00,788.00,765.00,,788.00,,,8000,6088740.00,19,F1,400,,,,,
2026-10-07,2026-10-07,CM,NSE,STK,3732,INE02AR01019,ANMOL,BE,,,,,ANMOL INDIA LIMITED,13.13,13.13,12.81,13.03,13.00,13.13,,13.03,,,12065,157384.55,98,F1,1,,,,,
2026-10-07,2026-10-07,CM,NSE,STK,764471,INE0MGM01017,ANNAPURNA,EQ,,,,,ANNAPURNA SWADISHT LTD,131.60,131.60,129.00,129.40,130.00,130.35,,129.40,,,40448,5254873.91,436,F1,1,,,,,
2026-10-07,2026-10-07,CM,NSE,STK,765502,INE103001017,ANNU,EQ,,,,,ANNU PROJECTS LIMITED,44.40,46.00,43.84,45.53,45.99,44.33,,45.53,,,414110,18700887.35,4638,F1,1,,,,,
2026-10-07,2026-10-07,CM,NSE,STK,758740,INE0VTV01012,ANONDITA,SM,,,,,ANONDITA MEDICARE LIMITED,1084.80,1084.80,1040.00,1070.80,1075.00,1075.30,,1070.80,,,56000,59583640.00,227,F1,200,,,,,
2026-10-07,2026-10-07,CM,NSE,STK,765020,INE030C01015,ANSALBU,EQ,,,,,ANSAL BUILDWELL LTD.,84.81,86.90,82.30,84.50,84.50,85.57,,84.50,,,2446,207323.37,76,F1,1,,,,,
2026-10-07,2026-10-07,CM,NSE,STK,19677,INE436A01026,ANSALAPI,BZ,,,,,ANSAL PROP & INFRA LTD,3.85,3.95,3.85,3.85,3.85,3.92,,3.86,,,10870,42140.79,46,F1,1,,,,,
2026-10-07,2026-10-07,CM,NSE,STK,5194,INE414B01021,ANTGRAPHIC,EQ,,,,,ANTARCTICA LTD,0.69,0.71,0.69,0.70,0.70,0.69,,0.70,,,46847,32713.77,137,F1,1,,,,,
2026-10-07,2026-10-07,CM,NSE,STK,13598,INE818A01017,ANTELOPUS,EQ,,,,,ANTELOPUS SELAN ENRGY LTD,1113.90,1160.00,1107.70,1130.20,1132.00,1100.60,,1130.23,,,378318,430492235.50,19077,F1,1,,,,,
2026-10-07,2026-10-07,CM,NSE,STK,757885,INE0CZ201020,ANTHEM,EQ,,,,,ANTHEM BIOSCIENCES LTD,892.00,892.90,881.30,887.05,887.05,890.35,,887.06,,,163476,144943629.15,11388,F1,1,,,,,
2026-10-07,2026-10-07,CM,NSE,STK,1797,INE01BK01022,AWHCL,EQ,,,,,ANTONY WASTE HDG CELL LTD,357.10,357.10,346.00,348.70,348.40,355.20,,348.70,,,114375,40048256.55,3806,F1,1,,,,,
2026-10-07,2026-10-07,CM,NSE,STK,28314,INE489G01022,ANUHPHR,EQ,,,,,ANUH PHARMA LIMITED,87.98,88.00,85.00,85.51,86.09,87.57,,85.49,,,52996,4563724.74,1607,F1,1,,,,,
2026-10-07,2026-10-07,CM,NSE,STK,2829,INE930P01018,ANURAS,EQ,,,,,ANUPAM RASAYAN INDIA LTD,1166.00,1172.00,1159.50,1165.10,1163.70,1170.20,,1165.11,,,55559,64711051.80,5670,F1,1,,,,,
2026-10-07,2026-10-07,CM,NSE,STK,11945,INE0MIZ23019,ANZEN,IV,,,,,ANZEN IND ENE YLD PLU TRU,131.00,131.20,129.00,129.87,129.00,131.00,,129.87,,,175000,22847500.00,7,F1,25000,,,,,
2026-10-07,2026-10-07,CM,NSE,STK,758904,INF1J2R01114,AONEGOLD,EQ,,,,,AONEAMC - AONEGOLD,13.72,13.78,13.65,13.69,13.71,13.69,,13.69,,,135587,1857730.55,1580,F1,1,,,,,
2026-10-07,2026-10-07,CM,NSE,STK,30472,INF1J2R01056,AONELIQUID,EQ,,,,,AONEAMC - AONELIQUID,1080.02,1080.03,1080.00,1080.02,1080.03,1079.86,,1080.02,,,14450,15606315.89,164,F1,1,,,,,
2026-10-07,2026-10-07,CM,NSE,STK,757096,INF1J2R01064,AONENIFTY,EQ,,,,,AONEAMC - AONENIFTY,9.62,9.62,9.32,9.34,9.36,9.39,,9.34,,,124121,1160750.48,1014,F1,1,,,,,
2026-10-07,2026-10-07,CM,NSE,STK,760193,INF1J2R01171,AONESILVER,EQ,,,,,AONEAMC - AONESILVER,8.44,8.44,8.35,8.36,8.37,8.40,,8.36,,,214616,1800349.53,1382,F1,1,,,,,
2026-10-07,2026-10-07,CM,NSE,STK,759992,INF1J2R01148,AONETMMQ50,EQ,,,,,AONEAMC - AONETMMQ50,10.06,10.06,9.91,10.00,10.04,10.01,,10.00,,,367797,3675025.65,255,F1,1,,,,,
2026-10-07,2026-10-07,CM,NSE,STK,29975,INF1J2R01015,AONETOTAL,EQ,,,,,AONEAMC - AONETOTAL,11.48,11.48,11.27,11.30,11.33,11.37,,11.30,,,95992,1087645.38,935,F1,1,,,,,
2026-10-07,2026-10-07,CM,NSE,STK,11491,INE372A01015,APARINDS,EQ,,,,,APAR INDUSTRIES LTD.,18200.00,18308.00,17960.00,18160.00,18160.00,18016.00,,18160.19,,,106708,1936359121.00,36125,F1,1,,,,,
2026-10-07,2026-10-07,CM,NSE,STK,154,INE116A01032,APCOTEXIND,EQ,,,,,APCOTEX INDUSTRIES LIMITE,608.10,608.60,585.50,592.70,592.40,610.70,,592.74,,,78154,46449661.00,5754,F1,1,,,,,
2026-10-07,2026-10-07,CM,NSE,STK,27291,INE0T4V01015,APEXECO,ST,,,,,APEX ECOTECH LIMITED,252.40,258.00,251.00,253.15,252.00,253.65,,253.15,,,12000,3060840.00,15,F1,800,,,,,
2026-10-07,2026-10-07,CM,NSE,STK,21623,INE346W01013,APEX,EQ,,,,,APEX FROZEN FOODS LIMITED,339.80,345.00,332.50,343.40,343.00,339.80,,343.40,,,86812,29637985.40,4595,F1,1,,,,,
2026-10-07,2026-10-07,CM,NSE,STK,25780,INE702C01027,APLAPOLLO,EQ,,,,,APL APOLLO TUBES LTD,2128.60,2156.50,2115.10,2135.00,2135.00,2152.00,,2135.00,,,613418,1306760552.90,29882,F1,1,,,,,
2026-10-07,2026-10-07,CM,NSE,STK,757186,INE0TLC07051,930APMD31,N0,,,,,APMD 9.30% 2031 STRPP E,106375.00,106375.00,106375.00,106375.00,106375.00,105050.00,,106375.00,,,2,212750.00,1,F1,1,,,,,
2026-10-07,2026-10-07,CM,NSE,STK,757176,INE0TLC07036,930APMD35,N0,,,,,APMD 9.30% 2035 STRPP I,109500.00,109500.00,109500.00,109500.00,109500.00,109500.00,,109500.00,,,2,219000.00,2,F1,1,,,,,
2026-10-07,2026-10-07,CM,NSE,STK,157,INE437A01024,APOLLOHOSP,EQ,,,,,APOLLO HOSPITALS ENTER. L,7850.00,7917.00,7822.00,7917.00,7917.00,7914.50,,7916.89,,,545499,4296132913.50,64756,F1,1,,,,,
2026-10-07,2026-10-07,CM,NSE,STK,1134,INE713T01028,APOLLO,EQ,,,,,APOLLO MICRO SYSTEMS LTD,407.25,422.45,405.00,414.75,412.00,408.05,,414.79,,,9053893,3779527412.35,83470,F1,1,,,,,
2026-10-07,2026-10-07,CM,NSE,STK,14361,INE126J01016,APOLLOPIPE,EQ,,,,,APOLLO PIPES LIMITED,530.65,539.00,521.00,531.45,531.00,529.80,,531.27,,,90308,47748681.75,2944,F1,1,,,,,
2026-10-07,2026-10-07,CM,NSE,STK,6302,INE451F01024,APOLSINHOT,EQ,,,,,APOLLO SINDOORI HOTEL LTD,1205.90,1205.90,1173.00,1178.30,1185.00,1174.70,,1178.30,,,270,318646.60,41,F1,1,,,,,
2026-10-07,2026-10-07,CM,NSE,STK,163,INE438A01022,APOLLOTYRE,EQ,,,,,APOLLO TYRES LTD,397.70,408.15,397.05,407.60,407.00,401.55,,407.60,,,546102,220936283.85,20371,F1,1,,,,,
2026-10-07,2026-10-07,CM,NSE,STK,24638,INE0LQG01010,APRAMEYA,SM,,,,,APRAMEYA ENGINEERING LTD,114.50,118.00,110.05,114.30,114.40,106.35,,114.30,,,12000,1378000.00,22,F1,500,,,,,
2026-10-07,2026-10-07,CM,NSE,STK,760376,INE0M2307404,915APSBC33,N0,,,,,APSBC 9.15% 2033 STRPP H,107095.00,107095.00,107095.00,107095.00,107095.00,103547.11,,107095.00,,,2,214190.00,1,F1,1,,,,,
2026-10-07,2026-10-07,CM,NSE,STK,761435,INE1OOJ01011,APSISAERO,ST,,,,,APSIS AEROCOM LIMITED,555.00,582.10,555.00,582.10,582.10,554.40,,582.10,,,66000,37640940.00,37,F1,1200,,,,,
2026-10-07,2026-10-07,CM,NSE,STK,10755,INE266F01018,APTECHT,EQ,,,,,APTECH LIMITED,88.50,88.50,86.02,86.87,86.50,88.19,,86.88,,,57268,4997743.03,1675,F1,1,,,,,
2026-10-07,2026-10-07,CM,NSE,STK,5435,INE852O01025,APTUS,EQ,,,,,APTUS VALUE HSG FIN I LTD,223.35,224.50,217.29,219.46,219.10,223.90,,219.46,,,1540789,339099714.86,41102,F1,1,,,,,
2026-10-07,2026-10-07,CM,NSE,STK,23365,INE416A01051,AQYLON,EQ,,,,,AQYLON NEXUS LIMITED,15.98,16.10,15.35,15.79,15.97,15.46,,15.86,,,280496,4417356.79,926,F1,1,,,,,
2026-10-07,2026-10-07,CM,NSE,STK,19253,INE08NJ01024,ARABIAN,SM,,,,,ARABIAN PETROLEUM LIMITED,103.95,106.00,102.50,102.50,102.50,104.10,,102.50,,,26000,2703100.00,10,F1,2000,,,,,
2026-10-07,2026-10-07,CM,NSE,STK,758670,INE0YDV01010,ARCIIL,SM,,,,,ARC INSULATION & INSU LTD,34.25,34.25,31.10,32.50,32.50,32.65,,32.50,,,6000,192350.00,6,F1,1000,,,,,
2026-10-07,2026-10-07,CM,NSE,STK,12024,INE128X01021,ACI,EQ,,,,,ARCHEAN CHEMICAL IND LTD,471.40,478.05,466.85,476.20,478.00,474.50,,476.20,,,110914,52556999.95,6467,F1,1,,,,,
2026-10-07,2026-10-07,CM,NSE,STK,245,INE0CHO01012,ADL,EQ,,,,,ARCHIDPLY DECOR LIMITED,76.20,76.20,71.23,72.29,72.29,76.20,,72.20,,,443,32027.01,25,F1,1,,,,,
2026-10-07,2026-10-07,CM,NSE,STK,16795,INE877I01016,ARCHIDPLY,EQ,,,,,ARCHIDPLY IND. LTD,102.52,103.40,100.61,102.73,102.05,101.67,,102.73,,,10266,1048595.31,131,F1,1,,,,,
2026-10-07,2026-10-07,CM,NSE,STK,5688,INE731A01020,ARCHIES,EQ,,,,,ARCHIES LTD,12.30,12.50,12.11,12.42,12.46,12.24,,12.42,,,3247,39919.39,53,F1,1,,,,,
2026-10-07,2026-10-07,CM,NSE,STK,764598,INE372M01010,ARCL,EQ,,,,,ARCL ORGANICS LTD.,230.00,236.99,224.00,229.99,229.99,226.99,,232.40,,,1021,236914.57,54,F1,1,,,,,
2026-10-07,2026-10-07,CM,NSE,STK,764480,INE0XNF01022,ARDEE,EQ,,,,,ARDEE INDUSTRIES LIMITED,50.00,51.00,49.29,50.79,50.70,50.22,,50.79,,,1828318,91996076.15,9484,F1,1,,,,,
2026-10-07,2026-10-07,CM,NSE,STK,758700,INE784R01023,ARFIN,EQ,,,,,ARFIN INDIA LIMITED,98.50,104.00,97.70,103.06,103.10,96.36,,103.06,,,11566941,1170883493.00,51683,F1,1,,,,,
2026-10-07,2026-10-07,CM,NSE,STK,13092,INE0L2Y01011,ARHAM,SM,,,,,ARHAM TECHNOLOGIES LTD,205.00,205.00,191.05,198.85,193.50,206.30,,198.85,,,115000,22921450.00,90,F1,1000,,,,,
2026-10-07,2026-10-07,CM,NSE,STK,15208,INE298I01015,ARIES,BE,,,,,ARIES AGRO LTD.,509.30,509.30,493.05,494.55,497.00,499.00,,494.56,,,8114,4035903.50,167,F1,1,,,,,
2026-10-07,2026-10-07,CM,NSE,STK,13340,INE0NCC01015,ARIHANTACA,SM,,,,,ARIHANT ACADEMY LIMITED,230.00,230.00,230.00,230.00,230.00,515.00,,230.00,,,2400,552000.00,2,F1,800,,,,,
2026-10-07,2026-10-07,CM,NSE,STK,3813,INE420B01036,ARIHANTCAP,EQ,,,,,ARIHANT CAPITAL MKTS LTD,94.49,98.00,93.43,97.38,96.60,94.13,,97.35,,,1292989,125009623.93,10114,F1,1,,,,,
2026-10-07,2026-10-07,CM,NSE,STK,13885,INE413D01011,ARIHANT,EQ,,,,,ARIHANT FOUN & HOU LTD,930.00,940.00,920.00,929.90,930.00,914.90,,930.22,,,1486,1382574.25,117,F1,1,,,,,
2026-10-07,2026-10-07,CM,NSE,STK,20159,INE643K01018,ARIHANTSUP,EQ,,,,,ARIHANT SUPERSTRUCT LTD,220.00,237.00,219.99,231.18,230.10,220.26,,231.18,,,5577,1287550.31,177,F1,1,,,,,
2026-10-07,2026-10-07,CM,NSE,STK,757614,INE0H9P01028,ARIS,EQ,,,,,ARISINFRA SOLUTIONS LTD,143.66,144.50,139.72,142.31,143.00,143.66,,142.31,,,1545690,220234283.25,12635,F1,1,,,,,
2026-10-07,2026-10-07,CM,NSE,STK,13926,INE082101010,ARISTO,SM,,,,,ARISTO BIO T AND LIFESC L,94.00,94.00,94.00,94.00,94.00,91.75,,94.00,,,800,75200.00,1,F1,800,,,,,
2026-10-07,2026-10-07,CM,NSE,STK,25398,INE0QRL01017,ARKADE,EQ,,,,,ARKADE DEVELOPERS LIMITED,120.51,122.48,119.10,119.73,119.50,121.24,,119.73,,,112810,13597071.05,1454,F1,1,,,,,
2026-10-07,2026-10-07,CM,NSE,STK,17263,INE109C01017,ARMANFIN,EQ,,,,,ARMAN FIN SERV LTD,1742.90,1750.90,1716.00,1741.20,1732.00,1743.70,,1741.12,,,19584,33917960.80,2620,F1,1,,,,,
2026-10-07,2026-10-07,CM,NSE,STK,766295,INE0TWE01016,ARMEE,EQ,,,,,ARMEE INFOTECH LIMITED,273.95,273.95,263.05,269.95,268.25,271.05,,269.96,,,959155,256595123.20,14587,F1,1,,,,,
2026-10-07,2026-10-07,CM,NSE,STK,760749,INE0TZX01019,ARMOUR,SM,,,,,ARMOUR SECURITY (INDIA) L,20.00,21.45,18.10,19.75,21.45,21.15,,19.75,,,8000,159100.00,3,F1,2000,,,,,
2026-10-07,2026-10-07,CM,NSE,STK,14557,INE210C01013,AROGRANITE,EQ,,,,,ARO GRANITE IND. LTD.,23.08,23.15,22.41,22.53,22.42,22.97,,22.52,,,3406,77107.64,60,F1,1,,,,,
2026-10-07,2026-10-07,CM,NSE,STK,9260,INE570D01018,ARROWGREEN,EQ,,,,,ARROW GREENTECH LIMITED,896.15,905.80,887.65,893.35,889.00,891.75,,893.40,,,19826,17763250.20,1932,F1,1,,,,,
2026-10-07,2026-10-07,CM,NSE,STK,29015,INE968D01022,ARSHIYA,BZ,,,,,ARSHIYA LIMITED,0.80,0.85,0.80,0.84,0.84,0.82,,0.84,,,46034,37471.49,47,F1,1,,,,,
2026-10-07,2026-10-07,CM,NSE,STK,761330,INE757T01025,AEPL,EQ,,,,,ARTEMIS ELECTRICALS & P L,14.66,15.80,14.66,15.04,15.04,15.20,,15.04,,,37730,572267.47,136,F1,1,,,,,
2026-10-07,2026-10-07,CM,NSE,STK,16913,INE025R01021,ARTEMISMED,EQ,,,,,ARTEMIS MED SERVICE LTD,316.00,323.15,316.00,318.30,318.10,318.35,,318.29,,,249720,79672035.95,17308,F1,1,,,,,
2026-10-07,2026-10-07,CM,NSE,STK,756896,INE0TTG01017,ARUNAYA,SM,,,,,ARUNAYA ORGANICS LIMITED,13.80,13.80,13.80,13.80,13.80,13.90,,13.80,,,2000,27600.00,1,F1,2000,,,,,
2026-10-07,2026-10-07,CM,NSE,STK,2814,INE006Z01016,ARVEE,EQ,,,,,ARVEE LABORATORIES I LTD,211.50,217.95,209.01,211.79,209.70,216.89,,211.79,,,5579,1189490.07,288,F1,1,,,,,
2026-10-07,2026-10-07,CM,NSE,STK,9111,INE955V01021,ARVINDFASN,EQ,,,,,ARVIND FASHIONS LIMITED,405.00,408.80,396.00,397.95,401.00,406.40,,397.95,,,139446,56028100.20,14696,F1,1,,,,,
2026-10-07,2026-10-07,CM,NSE,STK,193,INE034A01011,ARVIND,EQ,,,,,ARVIND LIMITED,534.65,535.50,526.30,529.30,528.40,534.65,,529.32,,,382759,203074935.60,19583,F1,1,,,,,
2026-10-07,2026-10-07,CM,NSE,STK,19579,INE0P4T01013,ARVINDPORT,SM,,,,,ARVIND PORT AND INFRA LTD,31.10,31.60,31.10,31.60,31.60,31.40,,31.60,,,3000,94050.00,2,F1,1500,,,,,
2026-10-07,2026-10-07,CM,NSE,STK,10457,INE034S01021,ARVSMART,EQ,,,,,ARVIND SMARTSPACES LTD,600.45,618.45,597.20,612.50,610.10,603.80,,612.50,,,102437,62509279.90,2852,F1,1,,,,,
2026-10-07,2026-10-07,CM,NSE,STK,764603,INE032E01017,ARYAMAN,EQ,,,,,ARYAMAN FINANCIAL SERV L,620.00,620.00,605.00,610.00,610.00,620.90,,610.00,,,91,55405.00,7,F1,1,,,,,
2026-10-07,2026-10-07,CM,NSE,STK,5378,INE439A01020,ASAHIINDIA,EQ,,,,,ASAHI INDIA GLASS LIMITED,961.00,981.50,950.00,976.25,976.00,956.95,,976.26,,,142786,138514624.35,15250,F1,1,,,,,
2026-10-07,2026-10-07,CM,NSE,STK,25092,INE228I01012,ASAHISONG,BE,,,,,ASAHI SONGWON COLOR LTD,375.95,387.40,372.10,376.40,378.00,369.95,,376.52,,,7948,3017938.95,112,F1,1,,,,,
2026-10-07,2026-10-07,CM,NSE,STK,24711,INE0LAA01017,ASHALOG,SM,,,,,ASHAPURA LOGISTICS LTD,61.55,65.00,61.55,63.85,63.85,61.50,,63.85,,,42000,2675050.00,17,F1,1000,,,,,
2026-10-07,2026-10-07,CM,NSE,STK,203,INE348A01023,ASHAPURMIN,EQ,,,,,ASHAPURA MINECHEM LTD,500.00,504.90,479.50,488.00,492.50,502.90,,488.02,,,732922,356762326.20,25184,F1,1,,,,,
2026-10-07,2026-10-07,CM,NSE,STK,24403,INE365D01021,ASHIANA,EQ,,,,,ASHIANA HOUSING LTD,385.00,385.00,376.00,379.20,379.15,382.95,,379.14,,,18452,7013313.00,1029,F1,1,,,,,
2026-10-07,2026-10-07,CM,NSE,STK,762551,INE094B01013,ASHIKAG,BE,,,,,ASHIKA GLOBAL SEC LTD,380.10,394.30,380.10,386.90,390.00,389.40,,386.90,,,61633,23872167.30,332,F1,1,,,,,
2026-10-07,2026-10-07,CM,NSE,STK,206,INE440A01010,ASHIMASYN,EQ,,,,,ASHIMA LTD,15.10,15.10,14.07,14.51,14.50,14.88,,14.51,,,127326,1852385.27,531,F1,1,,,,,
2026-10-07,2026-10-07,CM,NSE,STK,212,INE208A01029,ASHOKLEY,EQ,,,,,ASHOK LEYLAND LTD,152.91,153.41,148.64,149.20,149.20,153.70,,149.21,,,11928149,1791446581.23,94533,F1,1,,,,,
2026-10-07,2026-10-07,CM,NSE,STK,20182,INE442H01029,ASHOKA,EQ,,,,,ASHOKA BUILDCON LTD,106.40,106.80,103.75,104.03,103.97,106.42,,104.03,,,569916,59729368.42,6308,F1,1,,,,,
2026-10-07,2026-10-07,CM,NSE,STK,16943,INE760Y01011,ASHOKAMET,EQ,,,,,ASHOKA METCAST LIMITED,14.64,14.98,14.42,14.61,14.60,14.71,,14.61,,,15077,221838.45,165,F1,1,,,,,
2026-10-07,2026-10-07,CM,NSE,STK,765573,INE19FR01012,ASHUTOSH,SM,,,,,ASHUTOSH FIBRE LIMITED,139.10,147.40,139.10,143.15,143.50,138.95,,143.15,,,99600,14349540.00,81,F1,1200,,,,,
2026-10-07,2026-10-07,CM,NSE,STK,760418,INE1A6Q01010,ASHWINI,SM,,,,,ASHWINI CONTAINER MOVER L,163.00,163.00,163.00,163.00,163.00,165.00,,163.00,,,1000,163000.00,1,F1,1000,,,,,
2026-10-07,2026-10-07,CM,NSE,STK,7030,INE276G01015,ASIANENE,EQ,,,,,ASIAN ENERGY SERVICES LTD,465.60,484.00,459.25,480.15,481.00,463.75,,480.16,,,246810,116857773.45,10286,F1,1,,,,,
2026-10-07,2026-10-07,CM,NSE,STK,14889,INE022I01019,ASIANTILES,EQ,,,,,ASIAN GRANITO IND. LTD.,47.80,48.69,47.10,47.19,47.85,48.10,,47.19,,,299617,14225182.35,1732,F1,1,,,,,
2026-10-07,2026-10-07,CM,NSE,STK,19438,INE926K01017,AHLEAST,EQ,,,,,ASIAN HOTELS (EAST) LTD,134.16,138.88,134.15,134.95,136.00,135.74,,134.95,,,804,109372.08,29,F1,1,,,,,
2026-10-07,2026-10-07,CM,NSE,STK,18422,INE363A01022,ASIANHOTNR,EQ,,,,,ASIAN HOTELS (NORTH) LTD,331.00,335.05,325.25,330.25,329.85,328.65,,330.22,,,6603,2186991.45,277,F1,1,,,,,
2026-10-07,2026-10-07,CM,NSE,STK,19370,INE915K01010,AHLWEST,BE,,,,,ASIAN HOTELS (WEST) LTD,554.95,554.95,540.00,549.95,549.95,545.00,,549.95,,,292,160275.05,10,F1,1,,,,,
2026-10-07,2026-10-07,CM,NSE,STK,236,INE021A01026,ASIANPAINT,EQ,,,,,ASIAN PAINTS LIMITED,2371.80,2403.20,2360.20,2372.10,2372.10,2424.20,,2372.10,,,522763,1240948747.00,43604,F1,1,,,,,
2026-10-07,2026-10-07,CM,NSE,STK,762553,INE194D01017,ASTAR,EQ,,,,,ASIAN STAR CO. LTD.,642.00,650.00,627.00,645.05,630.65,639.80,,648.08,,,162,103576.75,46,F1,1,,,,,
2026-10-07,2026-10-07,CM,NSE,STK,765025,INE822B01017,ASIANTNE,EQ,,,,,ASIAN TEA & EXPORTS LTD.,9.20,9.25,8.50,9.07,9.15,9.06,,9.11,,,31919,287386.41,98,F1,1,,,,,
2026-10-07,2026-10-07,CM,NSE,STK,20152,INE491J01022,ASKAUTOLTD,EQ,,,,,ASK AUTOMOTIVE LIMITED,606.75,632.70,602.00,626.55,627.00,609.75,,626.56,,,298688,185711320.20,21017,F1,1,,,,,
2026-10-07,2026-10-07,CM,NSE,STK,17270,INE991I01015,ASPINWALL,EQ,,,,,ASPINWALL & CO LTD,241.99,241.99,238.01,241.65,241.65,238.35,,241.65,,,1484,355873.33,18,F1,1,,,,,
2026-10-07,2026-10-07,CM,NSE,STK,23396,INE0S7801010,ASPIRE,SM,,,,,ASPIRE & INNOVATIVE ADV L,14.90,15.95,14.90,15.60,15.60,15.65,,15.60,,,6000,92900.00,3,F1,2000,,,,,
2026-10-07,2026-10-07,CM,NSE,STK,765989,INE961U07010,1050ASPL27,N0,,,,,ASPL 10.50% 2027,5202.00,5202.00,5202.00,5202.00,5202.00,6501.00,,5202.00,,,1,5202.00,1,F1,1,,,,,
2026-10-07,2026-10-07,CM,NSE,STK,765237,INE165G01010,ASSAMENT,EQ,,,,,ASSAM ENTRADE LIMITED,780.00,838.95,780.00,789.55,838.95,799.00,,816.76,,,26,20528.95,5,F1,1,,,,,
2026-10-07,2026-10-07,CM,NSE,STK,766072,INE148G01016,ARCIL,EQ,,,,,ASSET RECONSTRUC CO (I) L,149.00,160.31,148.00,160.31,160.31,145.74,,160.31,,,15925021,2507949337.97,91133,F1,1,,,,,
2026-10-07,2026-10-07,CM,NSE,STK,17598,INE073G01016,ASALCBR,EQ,,,,,ASSO ALCOHOLS & BREW LTD,595.00,600.00,586.00,590.10,592.00,598.70,,590.10,,,22603,13448677.90,1424,F1,1,,,,,
2026-10-07,2026-10-07,CM,NSE,STK,17728,INE563J01010,ASTEC,EQ,,,,,ASTEC LIFESCIENCES LTD,724.95,773.70,714.90,748.20,741.00,704.70,,748.17,,,414236,312168799.15,21078,F1,1,,,,,
2026-10-07,2026-10-07,CM,NSE,STK,1508,INE914M01019,ASTERDM,EQ,,,,,ASTER DM QUALITY CARE LTD,685.05,690.05,676.30,680.30,680.10,684.70,,680.29,,,1205263,820440476.35,42183,F1,1,,,,,
2026-10-07,2026-10-07,CM,NSE,STK,11618,INE386C01029,ASTRAMICRO,EQ,,,,,ASTRA MICROWAVE LTD,1704.60,1723.90,1688.00,1701.10,1701.60,1705.90,,1701.10,,,197596,336576375.50,17249,F1,1,,,,,
2026-10-07,2026-10-07,CM,NSE,STK,14418,INE006I01046,ASTRAL,EQ,,,,,ASTRAL LIMITED,1401.30,1448.00,1390.20,1427.70,1427.70,1402.30,,1427.85,,,759824,1091292537.30,44595,F1,1,,,,,
2026-10-07,2026-10-07,CM,NSE,STK,5610,INE203A01020,ASTRAZEN,EQ,,,,,ASTRAZENECA PHARMA IND LT,6000.50,6000.50,5802.00,5918.00,5927.00,5980.50,,5918.03,,,6175,36351451.50,1998,F1,1,,,,,
2026-10-07,2026-10-07,CM,NSE,STK,764445,INE646X01014,ASTRON,BZ,,,,,ASTRON PAPER BORD MIL LTD,2.80,2.86,2.74,2.84,2.86,2.80,,2.84,,,13500,37994.85,47,F1,1,,,,,
2026-10-07,2026-10-07,CM,NSE,STK,15649,INE0ALR01029,ATALREAL,EQ,,,,,ATAL REALTECH LIMITED,12.33,12.33,11.75,12.12,12.00,12.36,,12.12,,,1832761,21915190.26,1583,F1,1,,,,,
2026-10-07,2026-10-07,CM,NSE,STK,15404,INE09KD01013,ATAM,EQ,,,,,ATAM VALVES LIMITED,55.40,56.90,53.60,55.26,55.45,54.20,,55.18,,,6950,385443.31,207,F1,1,,,,,
2026-10-07,2026-10-07,CM,NSE,STK,756402,INE0V0Q01019,ATCENERGY,SM,,,,,ATC ENERGIES SYSTEM LTD,21.45,21.45,21.00,21.00,21.00,21.20,,21.00,,,7200,153360.00,3,F1,1200,,,,,
2026-10-07,2026-10-07,CM,NSE,STK,757645,INE0LEZ01016,ATHERENERG,EQ,,,,,ATHER ENERGY LIMITED,1436.00,1466.00,1418.40,1455.00,1455.00,1446.00,,1455.04,,,4057014,5880136846.40,99304,F1,1,,,,,
2026-10-07,2026-10-07,CM,NSE,STK,760953,IN90NN701011,ATLPP,E1,,,,,ATL RE.0.50 PPD UP,8.96,9.06,8.87,9.04,9.05,9.00,,9.04,,,2997,26776.92,39,F1,1,,,,,
2026-10-07,2026-10-07,CM,NSE,STK,759007,INE0Z4F01028,ATLANTAELE,EQ,,,,,ATLANTA ELECTRICALS LTD,1869.00,1938.50,1857.60,1875.80,1875.00,1869.30,,1875.70,,,281587,536873463.60,41414,F1,1,,,,,
2026-10-07,2026-10-07,CM,NSE,STK,13585,INE285H01022,ATLANTAA,EQ,,,,,ATLANTAA LIMITED,35.37,35.94,35.25,35.47,35.50,35.34,,35.47,,,22881,812996.04,249,F1,1,,,,,
2026-10-07,2026-10-07,CM,NSE,STK,4568,INE446A01025,ATLASCYCLE,EQ,,,,,ATLAS CYCLE (HARYANA) LTD,92.93,93.98,91.35,92.10,91.85,92.93,,92.10,,,3586,331333.35,94,F1,1,,,,,
2026-10-07,2026-10-07,CM,NSE,STK,22785,INE05DH01017,ATMASTCO,SM,,,,,ATMASTCO LIMITED,117.05,117.85,115.05,117.85,117.85,117.05,,117.85,,,3200,372620.00,8,F1,400,,,,,
2026-10-07,2026-10-07,CM,NSE,STK,30023,INE951D01028,ATULAUTO,EQ,,,,,ATUL AUTO LIMITED,428.60,430.30,424.00,426.25,425.75,427.50,,426.25,,,33902,14473828.35,2139,F1,1,,,,,
2026-10-07,2026-10-07,CM,NSE,STK,263,INE100A01010,ATUL,EQ,,,,,ATUL LTD,6000.00,6025.00,5917.00,5999.50,5985.50,6000.00,,5999.50,,,45518,272726668.50,8711,F1,1,,,,,
2026-10-07,2026-10-07,CM,NSE,STK,21238,INE949L01017,AUBANK,EQ,,,,,AU SMALL FINANCE BANK LTD,1018.40,1027.00,988.30,993.40,993.40,1028.00,,993.41,,,1757696,1768646367.10,52284,F1,1,,,,,
2026-10-07,2026-10-07,CM,NSE,STK,765451,INE16W401027,AUGMONT,EQ,,,,,AUGMONT ENTERPRISES LTD,1153.00,1220.30,1137.50,1216.20,1220.30,1162.20,,1216.17,,,653465,780620098.90,22926,F1,1,,,,,
2026-10-07,2026-10-07,CM,NSE,STK,12022,INE132H01018,AURIONPRO,EQ,,,,,AURIONPRO SOLN LTD,617.10,620.20,604.65,612.80,613.00,616.05,,612.78,,,93995,57533981.55,5266,F1,1,,,,,
2026-10-07,2026-10-07,CM,NSE,STK,15918,INE0NUL01018,AUROIMPEX,ST,,,,,AURO IMPEX & CHEMICALS L,41.00,42.10,41.00,42.05,42.10,40.10,,42.05,,,14400,603680.00,9,F1,1600,,,,,
2026-10-07,2026-10-07,CM,NSE,STK,275,INE406A01037,AUROPHARMA,EQ,,,,,AUROBINDO PHARMA LTD,1696.20,1698.90,1670.50,1682.00,1682.00,1692.80,,1682.00,,,438151,738178666.70,25264,F1,1,,,,,
2026-10-07,2026-10-07,CM,NSE,STK,10310,INE898S01029,AURUM,EQ,,,,,AURUM PROPTECH LIMITED,229.06,236.40,227.11,231.20,232.00,231.14,,231.20,,,124143,28713315.26,2573,F1,1,,,,,
2026-10-07,2026-10-07,CM,NSE,STK,31468,INE142K01011,AURUS,EQ,,,,,AURUS GEM CORP LIMITED,4.38,4.40,4.20,4.29,4.29,4.29,,4.33,,,14643,61859.54,102,F1,1,,,,,
2026-10-07,2026-10-07,CM,NSE,STK,4037,INE218C01016,AUSOMENT,EQ,,,,,AUSOM ENTERPRISE LIMITED,144.30,144.30,131.33,141.68,141.90,137.48,,141.69,,,11558,1589373.73,220,F1,1,,,,,
2026-10-07,2026-10-07,CM,NSE,STK,764608,INE759F01012,AUSTENG,EQ,,,,,AUSTIN ENGINEERING CO. L,167.47,173.00,160.50,161.74,160.50,166.43,,161.74,,,3616,597302.69,191,F1,1,,,,,
2026-10-07,2026-10-07,CM,NSE,STK,21451,INE0P0001010,APS,SM,,,,,AUSTRALIAN PREM SOLAR I L,227.00,230.50,224.05,230.00,230.00,228.40,,230.00,,,3500,801550.00,14,F1,250,,,,,
2026-10-07,2026-10-07,CM,NSE,STK,23553,INE206F01022,AIIL,EQ,,,,,AUTHUM INVEST & INFRA LTD,554.70,555.80,545.45,549.65,550.50,550.15,,549.65,,,81517,44954226.45,6422,F1,1,,,,,
2026-10-07,2026-10-07,CM,NSE,STK,14106,INE718H01014,AUTOIND,EQ,,,,,AUTOLINE INDUSTRIES LTD,85.00,85.72,83.00,83.38,83.20,85.82,,83.38,,,66502,5599415.27,1060,F1,1,,,,,
2026-10-07,2026-10-07,CM,NSE,STK,764558,INE451C01013,ACGL,EQ,,,,,AUTOMOBILE CORPN OF GOA L,1740.00,1784.30,1696.50,1703.80,1698.70,1723.70,,1703.77,,,481,832752.10,204,F1,1,,,,,
2026-10-07,2026-10-07,CM,NSE,STK,278,INE449A01011,AUTOAXLES,EQ,,,,,AUTOMOTIVE AXLES LIMITED,1644.90,1679.80,1620.00,1651.40,1649.90,1638.10,,1651.34,,,10364,17043556.90,1408,F1,1,,,,,
2026-10-07,2026-10-07,CM,NSE,STK,10634,INE900C01027,ASAL,EQ,,,,,AUTOMOTIVE STAMPINGS & AS,426.20,430.50,420.05,423.30,426.60,426.20,,423.26,,,9378,3976180.20,543,F1,1,,,,,
2026-10-07,2026-10-07,CM,NSE,STK,21406,INE349W01017,AVADHSUGAR,EQ,,,,,AVADH SUG & ENERGY LTD,880.10,947.95,880.10,937.55,935.00,873.30,,937.52,,,570096,524955028.10,33025,F1,1,,,,,
2026-10-07,2026-10-07,CM,NSE,STK,15058,INE0LCL01028,AVALON,EQ,,,,,AVALON TECHNOLOGIES LTD,2400.40,2475.00,2353.30,2429.70,2426.00,2400.40,,2429.73,,,364773,885661480.60,41917,F1,1,,,,,
2026-10-07,2026-10-07,CM,NSE,STK,760733,INE1KU201016,AVANA,SM,,,,,AVANA ELECTROSYSTEMS LTD,147.10,147.20,136.70,139.60,142.00,150.85,,139.60,,,14000,2014100.00,7,F1,2000,,,,,
2026-10-07,2026-10-07,CM,NSE,STK,765030,INE758A01072,AVANCE,EQ,,,,,AVANCE TECHNOLOGIES LTD.,0.78,0.80,0.77,0.78,0.78,0.77,,0.78,,,3079223,2419063.78,1252,F1,1,,,,,
2026-10-07,2026-10-07,CM,NSE,STK,24610,INE005B01027,AVANTEL,EQ,,,,,AVANTEL LIMITED,150.97,154.29,150.03,153.28,153.36,151.08,,153.28,,,734201,111883386.35,10279,F1,1,,,,,
2026-10-07,2026-10-07,CM,NSE,STK,7936,INE871C01038,AVANTIFEED,EQ,,,,,AVANTI FEEDS LIMITED,714.10,730.00,707.00,722.30,723.95,714.10,,722.27,,,237908,171344363.10,14744,F1,1,,,,,
2026-10-07,2026-10-07,CM,NSE,STK,20502,INE617I01024,AVATAR,SM,,,,,AVATAR INDUSTRIES LIMITED,175.25,175.25,175.25,175.25,175.25,166.95,,175.25,,,10000,1752500.00,5,F1,2000,,,,,
2026-10-07,2026-10-07,CM,NSE,STK,19913,INE192R01011,DMART,EQ,,,,,AVENUE SUPERMARTS LIMITED,3567.10,3636.00,3560.20,3636.00,3636.00,3581.90,,3635.96,,,406908,1468376433.50,27697,F1,1,,,,,
2026-10-07,2026-10-07,CM,NSE,STK,16249,INE483S01020,CCAVENUE,EQ,,,,,AVENUESAI LIMITED,15.45,15.80,15.25,15.56,15.55,15.35,,15.56,,,9135276,142318149.29,13892,F1,1,,,,,
2026-10-07,2026-10-07,CM,NSE,STK,15589,INE680Z01018,AVG,EQ,,,,,AVG LOGISTICS LIMITED,177.80,177.80,168.10,169.65,170.50,172.06,,169.71,,,10293,1759301.66,215,F1,1,,,,,
2026-10-07,2026-10-07,CM,NSE,STK,25520,INE0TFB01017,AVIANSH,SM,,,,,AVI ANSH TEXTILE LIMITED,100.00,100.00,98.00,98.00,98.00,100.50,,98.00,,,3000,296050.00,3,F1,1000,,,,,
2026-10-07,2026-10-07,CM,NSE,STK,755092,INE0V9I01017,AVIENCE,SM,,,,,AVIENCE BIOMEDICALS LTD,298.00,300.00,286.70,287.40,288.00,290.15,,287.40,,,31800,9329100.00,48,F1,600,,,,,
2026-10-07,2026-10-07,CM,NSE,STK,14064,INE855F01042,ASMS,EQ,,,,,AVIO SMART MRKT STACK LTD,6.09,6.09,5.80,5.95,5.94,5.98,,5.95,,,159330,948849.40,445,F1,1,,,,,
2026-10-07,2026-10-07,CM,NSE,STK,13557,INE323B01024,AVONMORE,EQ,,,,,AVONMORE CAP&MGT SERV LTD,12.59,12.97,12.47,12.80,12.85,12.55,,12.80,,,58913,750337.68,400,F1,1,,,,,
2026-10-07,2026-10-07,CM,NSE,STK,23159,INE0R9401019,AVPINFRA,SM,,,,,AVP INFRACON LIMITED,57.30,57.30,55.60,55.60,55.60,57.30,,55.60,,,8000,448720.00,9,F1,800,,,,,
2026-10-07,2026-10-07,CM,NSE,STK,8827,INE652Z01025,AVROIND,EQ,,,,,AVRO INDIA LIMITED,7.09,7.09,5.82,6.13,6.17,6.85,,6.14,,,965865,5877289.43,3238,F1,1,,,,,
2026-10-07,2026-10-07,CM,NSE,STK,14008,INE488D01021,AVTNPL,EQ,,,,,AVT NATURAL PRODUCTS LTD,89.30,89.58,87.81,88.75,89.49,90.18,,88.72,,,129673,11489934.41,1698,F1,1,,,,,
2026-10-07,2026-10-07,CM,NSE,STK,23864,INE108V01019,AWFIS,EQ,,,,,AWFIS SPACE SOLUTIONS LTD,244.91,256.20,241.00,250.75,251.25,243.54,,250.76,,,1503516,369728401.67,24008,F1,1,,,,,
2026-10-07,2026-10-07,CM,NSE,STK,8110,INE699H01024,AWL,EQ,,,,,AWL AGRI BUSINESS LIMITED,185.81,188.85,183.53,187.11,186.75,185.93,,187.11,,,2805362,520968523.69,33528,F1,1,,,,,
2026-10-07,2026-10-07,CM,NSE,STK,766238,INE16J201028,AXIOMGAS,ST,,,,,AXIOM GAS ENGINEERING LTD,40.10,42.00,38.50,42.00,42.00,40.00,,42.00,,,268000,11221100.00,102,F1,2000,,,,,
2026-10-07,2026-10-07,CM,NSE,STK,5900,INE238A01034,AXISBANK,EQ,,,,,AXIS BANK LIMITED,1240.20,1259.00,1230.20,1242.50,1242.50,1248.00,,1242.50,,,9678421,12075402806.10,287982,F1,1,,,,,
2026-10-07,2026-10-07,CM,NSE,STK,765499,INF846KA1598,ENERGYAXIS,EQ,,,,,AXISAMC - ENERGYAXIS,18.51,18.51,18.35,18.40,18.40,18.42,,18.44,,,14607,268978.39,53,F1,1,,,,,
2026-10-07,2026-10-07,CM,NSE,STK,1044,INF846K01X63,BNKETFAXIS,EQ,,,,,AXISAMC-BNKETFAXIS,565.89,571.09,564.54,566.23,566.23,568.73,,566.23,,,544,308405.34,32,F1,1,,,,,
2026-10-07,2026-10-07,CM,NSE,STK,5732,INF846K016C7,CONSUMAXIS,EQ,,,,,AXISAMC-CONSUMAXIS,113.50,113.68,112.82,113.24,113.30,113.50,,113.24,,,1086,123213.67,25,F1,1,,,,,
2026-10-07,2026-10-07,CM,NSE,STK,20532,INF846K01W80,GOLDAXIS,EQ,,,,,AXISAMC-GOLDAXIS,122.21,122.54,121.84,121.90,121.94,122.34,,121.90,,,342211,41746406.98,2056,F1,1,,,,,
2026-10-07,2026-10-07,CM,NSE,STK,3608,INF846K01Z12,HEALTHAXIS,EQ,,,,,AXISAMC-HEALTHAXIS,161.80,165.48,161.80,162.95,163.54,163.78,,162.95,,,1463,239008.69,76,F1,1,,,,,
2026-10-07,2026-10-07,CM,NSE,STK,3010,INF846K01Y96,ITAXIS,EQ,,,,,AXISAMC-ITAXIS,309.00,310.52,305.01,306.14,306.04,307.77,,306.14,,,1354,415734.83,52,F1,1,,,,,
2026-10-07,2026-10-07,CM,NSE,STK,21252,INF846K01W98,NIFTYAXIS,EQ,,,,,AXISAMC-NIFTYAXIS,254.00,254.00,250.05,250.50,250.05,251.28,,250.50,,,7095,1779624.57,194,F1,1,,,,,
2026-10-07,2026-10-07,CM,NSE,STK,14742,INF846K010Q0,SENSEXAXIS,EQ,,,,,AXISAMC-SENSEXAXIS,75.65,75.96,75.30,75.32,75.30,75.78,,75.32,,,3227,243810.04,61,F1,1,,,,,
2026-10-07,2026-10-07,CM,NSE,STK,11193,INF846K011K1,SILVERAXIS,EQ,,,,,AXISAMC-SILVERAXIS,219.80,219.80,217.16,217.45,217.77,219.09,,217.45,,,60109,13119100.88,1870,F1,1,,,,,
2026-10-07,2026-10-07,CM,NSE,STK,30155,INF846KA1119,VALUEAXIS,EQ,,,,,AXISAMC-VALUEAXIS,31.01,31.05,30.75,30.93,31.05,30.93,,30.93,,,52045,1606496.82,349,F1,1,,,,,
2026-10-07,2026-10-07,CM,NSE,STK,9436,INE555B01013,AXISCADES,EQ,,,,,AXISCADES TECH LTD,2268.00,2285.90,2223.30,2245.60,2253.50,2288.50,,2245.60,,,122674,276035049.70,13247,F1,1,,,,,
2026-10-07,2026-10-07,CM,NSE,STK,9902,INE02EZ01022,AXITA,EQ,,,,,AXITA COTTON LIMITED,7.52,7.58,7.40,7.44,7.42,7.51,,7.44,,,551363,4110733.43,672,F1,1,,,,,
2026-10-07,2026-10-07,CM,NSE,STK,764613,INE767C01012,AXTEL,EQ,,,,,AXTEL INDUSTRIES LTD.,450.00,450.00,431.50,435.50,433.50,447.95,,435.57,,,2517,1099706.60,314,F1,1,,,,,
2026-10-07,2026-10-07,CM,NSE,STK,760981,INE501X01029,AYE,EQ,,,,,AYE FINANCE LIMITED,165.07,169.90,163.00,167.63,166.50,165.56,,167.63,,,614549,102469222.35,12925,F1,1,,,,,
2026-10-07,2026-10-07,CM,NSE,STK,10285,INE193B01039,AYMSYNTEX,EQ,,,,,AYM SYNTEX LIMITED,290.80,291.70,275.00,277.50,276.10,289.25,,277.49,,,146550,41130471.10,2618,F1,1,,,,,
2026-10-07,2026-10-07,CM,NSE,STK,20905,INE02IJ01035,AZAD,EQ,,,,,AZAD ENGINEERING LIMITED,3050.00,3064.90,2996.50,3048.20,3044.00,3062.60,,3048.00,,,585882,1779701718.30,38081,F1,1,,,,,
2026-10-07,2026-10-07,CM,NSE,STK,765035,INE566M01017,AZADIND,EQ,,,,,AZAD INDIA MOBILITY LTD.,81.89,83.50,81.00,82.85,83.00,80.94,,82.85,,,39168,3232324.60,914,F1,1,,,,,
2026-10-07,2026-10-07,CM,NSE,STK,762616,INE489D01011,BNALTD,BE,,,,,B & A LTD.,368.00,368.00,368.00,368.00,368.00,351.10,,398.50,,,19,6992.00,1,F1,1,,,,,
2026-10-07,2026-10-07,CM,NSE,STK,12153,INE01EE01011,BBTCL,EQ,,,,,B&B TRIPLEWALL CONT LTD,240.00,240.00,223.57,225.66,226.97,233.12,,225.66,,,11763,2682668.78,382,F1,1,,,,,
2026-10-07,2026-10-07,CM,NSE,STK,11226,INE116D01028,BAGFILMS,EQ,,,,,B.A.G FILMS AND MEDIA LTD,4.16,4.16,4.05,4.12,4.13,4.11,,4.12,,,62806,257455.20,135,F1,1,,,,,
2026-10-07,2026-10-07,CM,NSE,STK,759420,INE17CQ01015,BAGDIGITAL,SM,,,,,B.A.G.CONVERGENCE LIMITED,104.20,110.70,104.20,110.15,110.70,107.70,,110.15,,,89600,9672400.00,39,F1,1600,,,,,
2026-10-07,2026-10-07,CM,NSE,STK,13290,INE350H01032,BLKASHYAP,EQ,,,,,B.L.KASHYAP & SON LTD,54.31,54.60,53.53,53.94,53.90,54.79,,53.94,,,213929,11567070.46,1438,F1,1,,,,,
2026-10-07,2026-10-07,CM,NSE,STK,25114,INE01FR01028,STYLEBAAZA,EQ,,,,,BAAZAR STYLE RETAIL LTD,375.00,388.50,371.55,379.90,379.60,375.45,,379.92,,,1166930,447968810.90,12956,F1,1,,,,,
2026-10-07,2026-10-07,CM,NSE,STK,17735,INE878I01022,BAFNAPH,BE,,,,,BAFNA PHARMACEUTICALS LTD,401.85,401.85,401.85,401.85,401.85,394.00,,408.55,,,956,384168.60,14,F1,1,,,,,
2026-10-07,2026-10-07,CM,NSE,STK,763363,INE2OVN25015,BAGMANE,RR,,,,,BAGMANE PRIME OFFICE REIT,106.80,106.97,106.41,106.62,106.90,106.43,,106.62,,,370239,39459180.42,10020,F1,1,,,,,
2026-10-07,2026-10-07,CM,NSE,STK,12989,INE029Q01017,BAHETI,SM,,,,,BAHETI RECYCLING IND LTD,738.00,738.00,710.00,712.65,711.00,725.55,,712.65,,,15000,10843256.25,34,F1,375,,,,,
2026-10-07,2026-10-07,CM,NSE,STK,13794,INE020D01022,BAIDFIN,EQ,,,,,BAID FINSERV LIMITED,10.11,10.75,10.00,10.21,10.10,10.32,,10.21,,,43355,445063.34,248,F1,1,,,,,
2026-10-07,2026-10-07,CM,NSE,STK,16669,INE917I01010,BAJAJ-AUTO,EQ,,,,,BAJAJ AUTO LIMITED,9970.00,9997.00,9727.00,9884.00,9884.00,10017.00,,9883.87,,,442314,4345485848.00,49923,F1,1,,,,,
2026-10-07,2026-10-07,CM,NSE,STK,19531,INE933K01021,BAJAJCON,EQ,,,,,BAJAJ CONSUMER CARE LTD,491.50,492.70,481.05,483.00,483.70,493.50,,483.00,,,191498,93068066.50,11119,F1,1,,,,,
2026-10-07,2026-10-07,CM,NSE,STK,15034,INE193E01025,BAJAJELEC,EQ,,,,,BAJAJ ELECT.LTD,299.70,303.00,297.60,300.70,300.20,300.25,,300.71,,,90029,27047922.30,4168,F1,1,,,,,
2026-10-07,2026-10-07,CM,NSE,STK,317,INE296A01032,BAJFINANCE,EQ,,,,,BAJAJ FINANCE LIMITED,969.15,984.40,952.30,963.85,963.85,963.10,,963.86,,,11415155,11056679859.25,156168,F1,1,,,,,
2026-10-07,2026-10-07,CM,NSE,STK,16675,INE918I01026,BAJAJFINSV,EQ,,,,,BAJAJ FINSERV LTD.,1740.00,1758.60,1728.10,1743.30,1743.30,1752.40,,1743.29,,,990041,1724069210.00,40154,F1,1,,,,,
2026-10-07,2026-10-07,CM,NSE,STK,6863,INE411U01027,BAJAJHCARE,EQ,,,,,BAJAJ HEALTHCARE LIMITED,320.25,326.65,319.30,323.30,322.25,323.10,,323.31,,,68139,22009791.70,2492,F1,1,,,,,
2026-10-07,2026-10-07,CM,NSE,STK,308,INE306A01021,BAJAJHIND,EQ,,,,,BAJAJ HINDUSTHAN SUGAR LT,21.16,21.64,20.84,21.05,21.04,21.33,,21.05,,,19089108,405614445.90,31220,F1,1,,,,,
2026-10-07,2026-10-07,CM,NSE,STK,305,INE118A01012,BAJAJHLDNG,EQ,,,,,BAJAJ HOLDINGS & INVS LTD,10699.00,10779.00,10568.00,10662.00,10662.00,10600.00,,10661.54,,,39078,417657923.00,8412,F1,1,,,,,
2026-10-07,2026-10-07,CM,NSE,STK,25270,INE377Y01014,BAJAJHFL,EQ,,,,,BAJAJ HOUSING FINANCE LTD,82.11,84.41,81.70,84.08,84.34,82.36,,84.07,,,4604045,383686747.55,24582,F1,1,,,,,
2026-10-07,2026-10-07,CM,NSE,STK,762563,INE704G01024,BAJAJST,EQ,,,,,BAJAJ STEEL INDS. LTD.,325.25,336.00,323.40,331.40,331.65,324.40,,331.25,,,3314,1092260.35,278,F1,1,,,,,
2026-10-07,2026-10-07,CM,NSE,STK,20531,INE0KQN01018,BAJEL,EQ,,,,,BAJEL PROJECTS LIMITED,163.88,163.88,161.71,162.34,162.00,164.08,,162.35,,,67793,11033270.29,1584,F1,1,,,,,
2026-10-07,2026-10-07,CM,NSE,STK,13444,INE083D01012,BALPHARMA,BE,,,,,BAL PHARMA LTD.,99.10,103.90,96.39,98.62,97.50,101.46,,98.62,,,35213,3437752.48,351,F1,1,,,,,
2026-10-07,2026-10-07,CM,NSE,STK,14501,INE050E01027,BALAMINES,EQ,,,,,BALAJI AMINES LIMITED,2269.20,2269.20,2132.10,2155.90,2147.00,2287.70,,2156.01,,,709751,1552153979.70,53585,F1,1,,,,,
2026-10-07,2026-10-07,CM,NSE,STK,9158,INE794B01026,BALAJITELE,EQ,,,,,BALAJI TELEFILMS LIMITED.,90.56,91.15,88.96,89.18,89.30,90.56,,89.21,,,66329,5955964.51,932,F1,1,,,,,
2026-10-07,2026-10-07,CM,NSE,STK,11309,INE618N01022,BALAXI,EQ,,,,,BALAXI PHARMA LTD,22.95,23.49,22.22,22.38,22.76,22.67,,22.38,,,15155,343472.39,146,F1,1,,,,,
2026-10-07,2026-10-07,CM,NSE,STK,335,INE787D01026,BALKRISIND,EQ,,,,,BALKRISHNA IND. LTD,2079.00,2079.00,2002.00,2006.60,2007.00,2082.70,,2006.63,,,295283,596495826.40,30013,F1,1,,,,,
2026-10-07,2026-10-07,CM,NSE,STK,10181,INE875R01011,BALKRISHNA,EQ,,,,,BALKRISHNA PAPER MILLS L,16.06,16.68,15.57,16.00,16.05,16.21,,16.00,,,9533,153676.20,118,F1,1,,,,,
2026-10-07,2026-10-07,CM,NSE,STK,338,INE164A01016,BALMLAWRIE,EQ,,,,,BALMER LAWRIE & CO LTD,158.20,159.95,154.10,158.88,158.15,158.78,,158.88,,,346197,54468092.89,5310,F1,1,,,,,
2026-10-07,2026-10-07,CM,NSE,STK,762603,INE525F01025,BLIL,EQ,,,,,BALMER LAWRIE INVSTS. L,65.48,65.50,65.01,65.28,65.46,65.21,,65.30,,,28399,1854244.55,961,F1,1,,,,,
2026-10-07,2026-10-07,CM,NSE,STK,341,INE119A01028,BALRAMCHIN,EQ,,,,,BALRAMPUR CHINI MILLS LTD,692.05,710.00,687.60,706.60,703.50,691.30,,706.58,,,1646549,1154944963.15,42392,F1,1,,,,,
2026-10-07,2026-10-07,CM,NSE,STK,23607,INE011E01029,BALUFORGE,EQ,,,,,BALU FORGE INDUSTRIES LTD,525.15,525.90,505.70,507.50,509.00,526.95,,507.51,,,538063,276392507.75,16501,F1,1,,,,,
2026-10-07,2026-10-07,CM,NSE,STK,347,INE655B01011,BANARBEADS,EQ,,,,,BANARAS BEADS LTD,115.00,119.10,108.50,110.27,109.79,116.11,,110.27,,,6818,761054.24,203,F1,1,,,,,
2026-10-07,2026-10-07,CM,NSE,STK,13880,INE213C01025,BANCOINDIA,EQ,,,,,BANCO PRODUCTS (I) LTD,599.00,605.00,594.70,600.20,600.00,602.65,,600.20,,,61310,36778256.20,4744,F1,1,,,,,
2026-10-07,2026-10-07,CM,NSE,STK,2263,INE545U01014,BANDHANBNK,EQ,,,,,BANDHAN BANK LIMITED,164.15,167.59,161.33,162.99,162.99,164.15,,162.99,,,10016167,1649764674.61,49687,F1,1,,,,,
2026-10-07,2026-10-07,CM,NSE,STK,760325,INF194KB1KJ7,GOLDBND,EQ,,,,,BANDHANAMC - GOLDBND,146.46,147.00,146.00,146.40,146.50,146.97,,146.32,,,655,95978.24,147,F1,1,,,,,
2026-10-07,2026-10-07,CM,NSE,STK,18783,INF194KA1U07,IDFNIFTYET,EQ,,,,,BANDHANAMC - IDFNIFTYET,249.66,251.65,249.11,250.44,250.44,251.47,,250.44,,,1077,270264.60,37,F1,1,,,,,
2026-10-07,2026-10-07,CM,NSE,STK,760328,INF194KB1KI9,SILVERBND,EQ,,,,,BANDHANAMC - SILVERBND,222.18,222.18,218.66,219.27,219.76,221.55,,219.30,,,1979,435358.74,118,F1,1,,,,,
2026-10-07,2026-10-07,CM,NSE,STK,15303,INE863I01016,BANG,EQ,,,,,BANG OVERSEAS LTD.,33.49,34.35,33.01,33.64,33.65,33.49,,33.64,,,31724,1067637.55,122,F1,1,,,,,
2026-10-07,2026-10-07,CM,NSE,STK,4668,INE028A01039,BANKBARODA,EQ,,,,,BANK OF BARODA,231.80,236.38,230.18,234.55,234.55,232.73,,234.55,,,6320157,1478587434.72,56922,F1,1,,,,,
2026-10-07,2026-10-07,CM,NSE,STK,4745,INE084A01016,BANKINDIA,EQ,,,,,BANK OF INDIA,132.59,135.19,130.26,133.55,133.55,132.16,,133.57,,,9853574,1311546900.45,49821,F1,1,,,,,
2026-10-07,2026-10-07,CM,NSE,STK,11377,INE457A01014,MAHABANK,EQ,,,,,BANK OF MAHARASHTRA,80.80,84.50,79.89,84.15,84.15,80.80,,84.15,,,20883267,1727710272.56,68940,F1,1,,,,,
2026-10-07,2026-10-07,CM,NSE,STK,822,INE862Y01015,BANKA,EQ,,,,,BANKA BIOLOO LIMITED,70.00,70.00,67.62,67.97,67.63,69.50,,67.97,,,1011,69813.51,30,F1,1,,,,,
2026-10-07,2026-10-07,CM,NSE,STK,12034,INE186H01022,BASML,EQ,,,,,BANNARI AM SPIN MILL LTD.,22.98,23.25,22.25,22.69,22.61,22.88,,22.66,,,63299,1441897.05,218,F1,1,,,,,
2026-10-07,2026-10-07,CM,NSE,STK,350,INE459A01010,BANARISUG,EQ,,,,,BANNARI AMMAN SUGARS LTD,3325.00,3395.00,3325.00,3375.30,3394.90,3349.30,,3375.50,,,785,2646757.60,132,F1,1,,,,,
2026-10-07,2026-10-07,CM,NSE,STK,24386,INE0B9K01025,BANSALWIRE,EQ,,,,,BANSAL WIRE INDUSTRIES L,327.80,330.90,320.15,324.00,325.00,325.70,,324.01,,,110111,35736999.50,5157,F1,1,,,,,
2026-10-07,2026-10-07,CM,NSE,STK,14511,INE629D01020,BANSWRAS,EQ,,,,,BANSWARA SYNTEX LIMITED,102.85,107.34,102.85,105.44,106.00,105.09,,105.44,,,11679,1239548.43,371,F1,1,,,,,
2026-10-07,2026-10-07,CM,NSE,STK,15073,INE139I01011,BVCL,EQ,,,,,BARAK VALLEY CEM. LTD.,41.17,42.29,40.57,40.69,40.60,41.44,,40.69,,,16533,679983.44,199,F1,1,,,,,
2026-10-07,2026-10-07,CM,NSE,STK,29176,INE0QX401014,BARFLEX,SM,,,,,BARFLEX POLYFILMS LIMITED,55.00,56.00,53.00,55.60,56.00,52.25,,55.60,,,48000,2588000.00,18,F1,2000,,,,,
2026-10-07,2026-10-07,CM,NSE,STK,24117,INF251K01TL6,BBNPNBETF,EQ,,,,,BARODABNP - BBNPNBETF,55.45,56.00,55.21,55.46,55.46,55.68,,55.48,,,5391,299319.01,17,F1,1,,,,,
2026-10-07,2026-10-07,CM,NSE,STK,20547,INF251K01SU9,BBNPPGOLD,EQ,,,,,BARODABNP - BBNPPGOLD,141.80,142.25,141.40,141.60,141.40,141.85,,141.60,,,2058,291534.15,50,F1,1,,,,,
2026-10-07,2026-10-07,CM,NSE,STK,368,INE373A01013,BASF,EQ,,,,,BASF INDIA LTD,3472.10,3495.40,3434.00,3453.80,3460.00,3472.10,,3453.79,,,9472,32712528.20,2539,F1,1,,,,,
2026-10-07,2026-10-07,CM,NSE,STK,18442,INE0OCC01013,BASILIC,SM,,,,,BASILIC FLY STUDIO LTD,205.00,237.95,202.00,216.75,219.00,198.30,,216.75,,,137700,29901600.00,285,F1,300,,,,,
2026-10-07,2026-10-07,CM,NSE,STK,371,INE176A01028,BATAINDIA,EQ,,,,,BATA INDIA LTD,619.85,624.00,613.60,615.10,616.75,619.85,,615.13,,,45932,28383508.95,4108,F1,1,,,,,
2026-10-07,2026-10-07,CM,NSE,STK,762568,INE177C01022,BATLIBOI,EQ,,,,,BATLIBOI LTD.,96.83,98.82,93.01,94.80,93.80,96.16,,94.81,,,93592,8946185.87,3833,F1,1,,,,,
2026-10-07,2026-10-07,CM,NSE,STK,22571,INE0JFJ01011,BAWEJA,SM,,,,,BAWEJA STUDIOS LIMITED,25.25,25.25,25.25,25.25,25.25,26.10,,25.25,,,800,20200.00,1,F1,800,,,,,
2026-10-07,2026-10-07,CM,NSE,STK,17927,INE462A01022,BAYERCROP,EQ,,,,,BAYER CROPSCIENCE LTD,3535.00,3549.80,3478.00,3491.50,3490.00,3533.40,,3491.48,,,26503,92672020.00,7651,F1,1,,,,,
2026-10-07,2026-10-07,CM,NSE,STK,2513,INE412G01024,BCLIND,EQ,,,,,BCL INDUSTRIES LIMITED,32.03,32.09,31.12,31.55,31.39,32.03,,31.55,,,331997,10514201.58,2706,F1,1,,,,,
2026-10-07,2026-10-07,CM,NSE,STK,761494,INE00SW01015,BCPL,EQ,,,,,BCPL RAILWAY INFRA LTD,67.24,67.98,66.10,66.43,66.36,67.24,,66.43,,,8784,584841.76,247,F1,1,,,,,
2026-10-07,2026-10-07,CM,NSE,STK,23922,INE639X01027,BEACON,SM,,,,,BEACON TRUSTEESHIP LTD,79.50,82.90,79.50,82.90,82.90,81.30,,82.90,,,6000,486850.00,6,F1,1000,,,,,
2026-10-07,2026-10-07,CM,NSE,STK,17933,INE520H01022,BEARDSELL,EQ,,,,,BEARDSELL LIMITED,22.89,22.89,21.96,22.22,22.24,22.50,,22.22,,,47882,1061118.48,286,F1,1,,,,,
2026-10-07,2026-10-07,CM,NSE,STK,20196,INE844K01012,BEDMUTHA,EQ,,,,,BEDMUTHA INDUST LTD,110.50,110.50,107.00,110.08,110.10,106.23,,110.07,,,6599,720799.71,91,F1,1,,,,,
2026-10-07,2026-10-07,CM,NSE,STK,762573,INE213D01015,BEEKAY,EQ,,,,,BEEKAY STEEL INDS. LTD.,446.00,455.00,435.00,440.05,440.05,434.10,,440.05,,,1282,568717.50,72,F1,1,,,,,
2026-10-07,2026-10-07,CM,NSE,STK,765291,INE1EEM01017,BLEL,EQ,,,,,BEHARI LAL ENGINEERING L,510.05,518.80,503.00,514.40,512.00,510.05,,514.40,,,1287175,660190099.45,30851,F1,1,,,,,
2026-10-07,2026-10-07,CM,NSE,STK,757938,INE344T01014,BELLACASA,EQ,,,,,BELLA CASA FASH AND RET L,242.13,270.20,239.13,251.77,267.00,242.13,,251.74,,,12782,3170477.90,607,F1,1,,,,,
2026-10-07,2026-10-07,CM,NSE,STK,757102,INE894V01022,BELRISE,EQ,,,,,BELRISE INDUSTRIES LTD,236.70,247.25,233.66,246.31,247.00,236.81,,246.30,,,3749664,914784024.64,51108,F1,1,,,,,
2026-10-07,2026-10-07,CM,NSE,STK,15067,INE0N7W01012,BLAL,EQ,,,,,BEML LAND ASSETS LIMITED,159.99,159.99,156.20,156.57,156.31,157.53,,156.57,,,10214,1606912.37,315,F1,1,,,,,
2026-10-07,2026-10-07,CM,NSE,STK,395,INE258A01024,BEML,EQ,,,,,BEML LIMITED,2042.20,2042.60,1992.10,2006.20,2007.00,2042.20,,2006.17,,,146910,296049020.50,16360,F1,1,,,,,
2026-10-07,2026-10-07,CM,NSE,STK,764618,INE664D01019,BENARAS,EQ,,,,,BENARES HOTELS LTD.,10200.00,10348.00,10200.00,10201.00,10201.00,10238.00,,10200.33,,,38,388091.00,12,F1,1,,,,,
2026-10-07,2026-10-07,CM,NSE,STK,766390,INE2OKU01014,BMISL,ST,,,,,BENCH MARK INFOTECH SER L,127.30,127.30,127.30,127.30,127.30,121.25,,127.30,,,116400,14817720.00,60,F1,1200,,,,,
2026-10-07,2026-10-07,CM,NSE,STK,762578,INE083K01017,BENGALASM,EQ,,,,,BENGAL & ASSAM CO. LTD.,6145.00,6196.00,5960.50,6036.00,6147.50,6110.50,,6037.35,,,226,1373080.50,129,F1,1,,,,,
2026-10-07,2026-10-07,CM,NSE,STK,404,INE463A01038,BERGEPAINT,EQ,,,,,BERGER PAINTS (I) LTD,470.60,471.90,461.80,463.90,463.00,472.55,,463.90,,,189882,88474072.70,17091,F1,1,,,,,
2026-10-07,2026-10-07,CM,NSE,STK,2306,INE052T01021,BESTAGRO,EQ,,,,,BEST AGROLIFE LIMITED,17.57,17.86,17.52,17.59,17.53,17.89,,17.59,,,433321,7655997.47,1079,F1,1,,,,,
2026-10-07,2026-10-07,CM,NSE,STK,759842,INE351Y01019,BETA,EQ,,,,,BETA DRUGS LIMITED,1980.00,2024.00,1980.00,1991.40,1981.10,2001.40,,1991.40,,,9114,18203863.10,1304,F1,1,,,,,
2026-10-07,2026-10-07,CM,NSE,STK,5662,INE0HQI01014,BEWLTD,SM,,,,,BEW ENGINEERING LIMITED,58.00,58.95,58.00,58.45,58.45,57.80,,58.45,,,4500,263400.00,9,F1,500,,,,,
2026-10-07,2026-10-07,CM,NSE,STK,21113,INE878K01010,BFINVEST,EQ,,,,,BF INVESTMENT LIMITED,442.40,444.05,436.90,439.10,439.85,441.35,,439.11,,,6355,2797084.95,552,F1,1,,,,,
2026-10-07,2026-10-07,CM,NSE,STK,14567,INE243D01012,BFUTILITIE,EQ,,,,,BF UTILITIES LIMITED,495.90,500.45,492.00,496.20,495.00,498.90,,496.23,,,36837,18277846.50,1990,F1,1,,,,,
2026-10-07,2026-10-07,CM,NSE,STK,764183,INF0QA701CI0,BANK10BETF,EQ,,,,,BFAM - BANK10BETF,20.32,21.10,19.53,20.15,19.70,20.32,,20.15,,,2073496,41588075.47,956,F1,1,,,,,
2026-10-07,2026-10-07,CM,NSE,STK,21986,INF0QA701714,BANKBETF,EQ,,,,,BFAM - BANKBETF,57.35,57.35,55.58,56.09,55.93,55.96,,56.09,,,622872,35108810.59,417,F1,1,,,,,
2026-10-07,2026-10-07,CM,NSE,STK,23915,INF0QA701854,LIQUIDBETF,EQ,,,,,BFAM - LIQUIDBETF,1101.90,1101.92,1101.90,1101.91,1101.91,1101.75,,1101.91,,,282515,311305637.44,67,F1,1,,,,,
2026-10-07,2026-10-07,CM,NSE,STK,21959,INF0QA701722,NIFTYBETF,EQ,,,,,BFAM - NIFTYBETF,233.37,234.63,231.98,232.77,232.93,233.91,,232.80,,,17439,4080508.07,115,F1,1,,,,,
2026-10-07,2026-10-07,CM,NSE,STK,15193,INE661I01014,BGRENERGY,BE,,,,,BGR ENERGY SYSTEMS LTD,256.31,256.31,250.00,256.31,256.31,244.11,,256.30,,,87664,22423640.80,773,F1,1,,,,,
2026-10-07,2026-10-07,CM,NSE,STK,758228,INE0ZRC01017,BHADORA,ST,,,,,BHADORA INDUSTRIES LTD,153.00,158.00,148.00,153.15,158.00,155.10,,153.15,,,57600,8748960.00,33,F1,1200,,,,,
2026-10-07,2026-10-07,CM,NSE,STK,13400,INE354C01027,BHAGERIA,EQ,,,,,BHAGERIA INDUSTRIES LTD,393.00,403.60,370.55,377.55,380.80,393.55,,377.71,,,173072,66957414.30,6246,F1,1,,,,,
2026-10-07,2026-10-07,CM,NSE,STK,6164,INE414D01027,BHAGCHEM,EQ,,,,,BHAGIRADHA CHEM & INDS L,240.48,240.95,234.10,235.82,234.50,239.91,,235.82,,,174477,41345744.48,1717,F1,1,,,,,
2026-10-07,2026-10-07,CM,NSE,STK,20776,INE458B01036,BHAGYANGR,EQ,,,,,BHAGYANAGAR INDIA LIMITED,441.00,454.55,430.00,454.55,454.55,432.95,,454.50,,,601005,270782657.05,7527,F1,1,,,,,
2026-10-07,2026-10-07,CM,NSE,STK,19556,INE474E01029,BHANDARI,EQ,,,,,BHANDARI HOSIERY EXP LTD,2.86,2.86,2.73,2.78,2.80,2.83,,2.78,,,117426,327993.34,221,F1,1,,,,,
2026-10-07,2026-10-07,CM,NSE,STK,419,INE922A01025,BEPL,EQ,,,,,BHANSALI ENG. POLYMERS LT,129.60,129.60,126.82,127.61,127.72,128.63,,127.59,,,541542,69296484.56,6906,F1,1,,,,,
2026-10-07,2026-10-07,CM,NSE,STK,13761,INE464A01036,BBL,EQ,,,,,BHARAT BIJLEE LTD,2070.00,2084.80,2037.00,2042.00,2038.40,2068.80,,2041.87,,,18092,37165977.50,3464,F1,1,,,,,
2026-10-07,2026-10-07,CM,NSE,STK,760726,INE05XR01022,BHARATCOAL,EQ,,,,,BHARAT COKING COAL LTD,32.05,32.32,31.85,32.09,32.11,32.05,,32.09,,,3011307,96468387.99,12521,F1,1,,,,,
2026-10-07,2026-10-07,CM,NSE,STK,2144,INE171Z01026,BDL,EQ,,,,,BHARAT DYNAMICS LIMITED,1104.90,1104.90,1078.60,1085.00,1085.00,1101.80,,1085.03,,,790105,858307276.90,32999,F1,1,,,,,
2026-10-07,2026-10-07,CM,NSE,STK,383,INE263A01024,BEL,EQ,,,,,BHARAT ELECTRONICS LTD,386.50,386.50,378.00,378.30,378.30,387.40,,378.33,,,13636290,5180924197.70,158539,F1,1,,,,,
2026-10-07,2026-10-07,CM,NSE,STK,422,INE465A01025,BHARATFORG,EQ,,,,,BHARAT FORGE LTD,1871.00,1871.00,1826.90,1841.80,1841.80,1880.00,,1841.79,,,410629,757677855.70,32186,F1,1,,,,,
2026-10-07,2026-10-07,CM,NSE,STK,9397,INE561C01019,BHARATGEAR,BE,,,,,BHARAT GEARS LTD,100.92,104.87,100.00,104.87,104.87,99.88,,104.88,,,43607,4510106.37,294,F1,1,,,,,
2026-10-07,2026-10-07,CM,NSE,STK,764623,INE365Y01019,BPLPHARMA,EQ,,,,,BHARAT PARENTERALS LTD.,1884.90,1930.00,1827.20,1881.20,1890.00,1836.40,,1880.87,,,8140,15370528.10,1063,F1,1,,,,,
2026-10-07,2026-10-07,CM,NSE,STK,526,INE029A01011,BPCL,EQ,,,,,BHARAT PETROLEUM CORP  LT,297.00,298.65,294.75,296.35,296.35,300.50,,296.35,,,6249901,1852756216.25,51257,F1,1,,,,,
2026-10-07,2026-10-07,CM,NSE,STK,3834,INE838B01021,BHARATRAS,EQ,,,,,BHARAT RASAYAN LTD,1005.30,1008.00,980.00,985.20,981.60,998.30,,985.32,,,10022,9893604.30,1280,F1,1,,,,,
2026-10-07,2026-10-07,CM,NSE,STK,21683,INE727S01012,BRNL,EQ,,,,,BHARAT ROAD NETWORK LTD,15.70,16.02,15.70,15.93,15.83,16.03,,15.95,,,16693,264967.34,202,F1,1,,,,,
2026-10-07,2026-10-07,CM,NSE,STK,30244,INE415D01024,BHARATSE,EQ,,,,,BHARAT SEATS LIMITED,206.15,207.54,203.61,204.59,204.80,206.14,,204.57,,,52196,10721412.97,2793,F1,1,,,,,
2026-10-07,2026-10-07,CM,NSE,STK,16123,INE316L01019,BHARATWIRE,EQ,,,,,BHARAT WIRE ROPES LTD.,165.90,174.39,163.72,171.99,171.40,165.28,,171.96,,,771202,131982054.39,12902,F1,1,,,,,
2026-10-07,2026-10-07,CM,NSE,STK,10604,INE397D01024,BHARTIARTL,EQ,,,,,BHARTI AIRTEL LIMITED,1823.00,1854.70,1810.50,1833.90,1833.90,1810.50,,1833.86,,,13920833,25529095074.80,210543,F1,1,,,,,
2026-10-07,2026-10-07,CM,NSE,STK,23489,INE343G01021,BHARTIHEXA,EQ,,,,,BHARTI HEXACOM LIMITED,1386.80,1485.00,1376.50,1477.90,1480.00,1386.80,,1477.94,,,1512590,2192157717.80,103571,F1,1,,,,,
2026-10-07,2026-10-07,CM,NSE,STK,7848,INE828A01016,BIL,EQ,,,,,BHARTIYA INTERNATIONAL,1092.85,1092.85,1070.00,1072.90,1079.80,1092.85,,1072.91,,,5985,6429000.05,327,F1,1,,,,,
2026-10-07,2026-10-07,CM,NSE,STK,438,INE257A01026,BHEL,EQ,,,,,BHEL,451.50,455.95,446.60,448.50,448.50,452.00,,448.50,,,14450998,6506938074.65,158346,F1,1,,,,,
2026-10-07,2026-10-07,CM,NSE,STK,762621,INE274K01012,BTTL,BE,,,,,BHILWARA TECHNICAL TEXT L,40.28,40.28,37.34,39.50,39.50,39.30,,39.00,,,5039,189184.47,26,F1,1,,,,,
2026-10-07,2026-10-07,CM,NSE,STK,18431,INE412U01025,BIGBLOC,EQ,,,,,BIGBLOC CONSTRUCTION LTD,37.50,37.66,36.30,36.47,36.41,37.22,,36.46,,,55930,2068036.67,914,F1,1,,,,,
2026-10-07,2026-10-07,CM,NSE,STK,11966,INE00E101023,BIKAJI,EQ,,,,,BIKAJI FOODS INTERN LTD,484.90,490.30,482.00,483.55,483.35,481.10,,483.57,,,137074,66606946.75,16513,F1,1,,,,,
2026-10-07,2026-10-07,CM,NSE,STK,25527,INE0SQH01013,BIKEWO,ST,,,,,BIKEWO GREEN TECH LIMITED,124.60,128.95,124.60,126.10,126.10,126.80,,126.10,,,18000,2276000.00,7,F1,2000,,,,,
2026-10-07,2026-10-07,CM,NSE,STK,13622,INE071A01013,BILVYAPAR,BE,,,,,BIL VYAPAR LIMITED,4.29,4.31,4.05,4.29,4.11,4.15,,4.29,,,4846,20676.32,18,F1,1,,,,,
2026-10-07,2026-10-07,CM,NSE,STK,762586,INE986A01012,BI,BE,,,,,BILCARE LTD.,94.75,94.75,94.75,94.75,94.75,92.90,,95.01,,,6748,639373.00,14,F1,1,,,,,
2026-10-07,2026-10-07,CM,NSE,STK,759806,INE0HOQ01053,GROWW,EQ,,,,,BILLIONBRAINS GARAGE VN L,192.80,198.27,189.45,197.75,197.74,193.19,,197.75,,,42404060,8295967558.00,257047,F1,1,,,,,
2026-10-07,2026-10-07,CM,NSE,STK,762588,INE469A01019,BIMETAL,EQ,,,,,BIMETAL BEARINGS LTD.,663.70,663.70,636.20,640.65,640.25,660.40,,640.65,,,189,121148.60,13,F1,1,,,,,
2026-10-07,2026-10-07,CM,NSE,STK,11373,INE376G01013,BIOCON,EQ,,,,,BIOCON LIMITED.,368.40,368.40,358.40,360.00,360.00,369.10,,360.01,,,4416752,1593149894.85,44081,F1,1,,,,,
2026-10-07,2026-10-07,CM,NSE,STK,4136,INE829A01014,BIOFILCHEM,EQ,,,,,BIOFIL CHEM & PHARMA LTD,30.12,30.65,30.00,30.43,30.30,30.11,,30.41,,,2965,89648.54,78,F1,1,,,,,
2026-10-07,2026-10-07,CM,NSE,STK,760942,INE0XW001014,BIOPOL,SM,,,,,BIOPOL CHEMICALS LIMITED,53.35,53.35,51.70,52.25,52.25,51.75,,52.25,,,4800,251280.00,4,F1,1200,,,,,
2026-10-07,2026-10-07,CM,NSE,STK,477,INE800A01015,BIRLACABLE,EQ,,,,,BIRLA CABLE LIMITED,398.00,404.35,377.25,385.05,387.80,395.45,,385.04,,,529869,207481602.30,14243,F1,1,,,,,
2026-10-07,2026-10-07,CM,NSE,STK,480,INE340A01012,BIRLACORPN,EQ,,,,,BIRLA CORPORATION LTD,803.40,820.50,793.00,814.40,819.80,803.45,,814.41,,,52418,42271063.75,5505,F1,1,,,,,
2026-10-07,2026-10-07,CM,NSE,STK,762596,INE372E01025,BIRLAPREC,BE,,,,,BIRLA PRECISION TECH L,58.48,60.65,57.51,58.23,59.19,57.79,,58.18,,,68665,4033875.84,483,F1,1,,,,,
2026-10-07,2026-10-07,CM,NSE,STK,1455,INE557A01011,BIRLANU,EQ,,,,,BIRLANU LIMITED,1410.70,1411.90,1190.30,1321.30,1320.00,1406.50,,1321.21,,,133938,172726728.80,8825,F1,1,,,,,
2026-10-07,2026-10-07,CM,NSE,STK,24404,INF209KC1134,ABGSEC,EQ,,,,,BIRLASLAMC - ABGSEC,113.01,113.56,112.99,112.99,112.99,112.93,,113.04,,,15,1700.96,7,F1,1,,,,,
2026-10-07,2026-10-07,CM,NSE,STK,760247,INF209KC1670,ABSL10BANK,EQ,,,,,BIRLASLAMC - ABSL10BANK,163.61,163.61,163.61,163.61,163.61,163.10,,164.87,,,1,163.61,1,F1,1,,,,,
2026-10-07,2026-10-07,CM,NSE,STK,13987,INF209KB17D5,ABSLBANETF,EQ,,,,,BIRLASLAMC - ABSLBANETF,56.15,56.80,56.15,56.50,56.38,56.46,,56.50,,,274613,15538207.22,1160,F1,1,,,,,
2026-10-07,2026-10-07,CM,NSE,STK,14518,INF209KB18T9,ABSLLIQUID,EQ,,,,,BIRLASLAMC - ABSLLIQUID,999.99,1000.01,999.99,999.99,999.99,999.99,,999.99,,,7796,7795999.60,25,F1,1,,,,,
2026-10-07,2026-10-07,CM,NSE,STK,761066,INF209KC1662,ABSLMSCIN,EQ,,,,,BIRLASLAMC - ABSLMSCIN,27.71,28.00,27.71,27.89,27.89,27.82,,27.89,,,2595,72457.00,24,F1,1,,,,,
2026-10-07,2026-10-07,CM,NSE,STK,7339,INF209KB16D7,ABSLNN50ET,EQ,,,,,BIRLASLAMC - ABSLNN50ET,75.17,75.17,73.10,73.35,73.99,75.28,,73.35,,,30721,2257155.22,352,F1,1,,,,,
2026-10-07,2026-10-07,CM,NSE,STK,5957,INF209KB10E8,BSLSENETFG,EQ,,,,,BIRLASLAMC - BSLSENETFG,73.69,73.80,72.96,73.15,73.14,73.70,,73.15,,,1425,104421.91,66,F1,1,,,,,
2026-10-07,2026-10-07,CM,NSE,STK,24847,INF209KC1142,GSEC10ABSL,EQ,,,,,BIRLASLAMC - GSEC10ABSL,111.78,111.90,110.50,111.20,110.50,111.22,,111.20,,,2388,265547.54,7,F1,1,,,,,
2026-10-07,2026-10-07,CM,NSE,STK,6297,INF209KB10C2,HEALTHY,EQ,,,,,BIRLASLAMC - HEALTHY,16.76,16.76,16.27,16.49,16.48,16.57,,16.49,,,629906,10389688.55,940,F1,1,,,,,
2026-10-07,2026-10-07,CM,NSE,STK,10693,INF209KB14K7,MOMENTUM,EQ,,,,,BIRLASLAMC - MOMENTUM,30.25,30.50,29.96,30.17,30.15,30.25,,30.17,,,28164,847167.26,165,F1,1,,,,,
2026-10-07,2026-10-07,CM,NSE,STK,10690,INF209KB15K4,NIFTYQLITY,EQ,,,,,BIRLASLAMC - NIFTYQLITY,20.10,20.28,19.71,19.78,19.84,20.10,,19.78,,,37884,750970.36,315,F1,1,,,,,
2026-10-07,2026-10-07,CM,NSE,STK,8003,INF209KB19F6,SILVER,EQ,,,,,BIRLASLAMC - SILVER,219.00,219.98,218.19,218.35,218.65,220.17,,218.34,,,343714,75282697.53,5930,F1,1,,,,,
2026-10-07,2026-10-07,CM,NSE,STK,6462,INF209KB11D8,TECH,EQ,,,,,BIRLASLAMC - TECH,30.50,31.06,30.42,30.48,30.52,30.71,,30.51,,,12303,375869.21,114,F1,1,,,,,
2026-10-07,2026-10-07,CM,NSE,STK,23806,INF209KB19Z4,ABSLPSE,EQ,,,,,BIRLASLAMC-ABSLPSE,9.97,9.97,9.63,9.65,9.68,9.75,,9.65,,,54550,527653.89,465,F1,1,,,,,
2026-10-07,2026-10-07,CM,NSE,STK,6994,INE836A01035,BSOFT,EQ,,,,,BIRLASOFT LIMITED,278.00,281.80,275.20,278.05,279.00,279.45,,278.05,,,958771,266819238.45,26171,F1,1,,,,,
2026-10-07,2026-10-07,CM,NSE,STK,3435,INE676A01027,BBOX,EQ,,,,,BLACK BOX LIMITED,840.95,893.10,815.85,884.85,888.40,839.95,,884.85,,,2262486,1961759313.00,77340,F1,1,,,,,
2026-10-07,2026-10-07,CM,NSE,STK,762598,INE761G01016,BLACKROSE,EQ,,,,,BLACK ROSE INDS. LTD.,109.40,113.00,108.41,110.78,110.29,107.65,,110.71,,,28903,3210459.50,481,F1,1,,,,,
2026-10-07,2026-10-07,CM,NSE,STK,27144,INE0UIZ01018,BLACKBUCK,EQ,,,,,BLACKBUCK LIMITED,599.50,618.70,593.75,616.40,617.00,596.00,,616.48,,,430095,262780376.10,34914,F1,1,,,,,
2026-10-07,2026-10-07,CM,NSE,STK,8132,INE791A01024,BLBLIMITED,EQ,,,,,BLB LIMITED,16.48,17.45,16.00,16.91,16.90,16.09,,16.87,,,91763,1521772.38,530,F1,1,,,,,
2026-10-07,2026-10-07,CM,NSE,STK,19269,INE416D01022,BLISSGVS,BE,,,,,BLISS GVS PHARMA LTD,670.00,685.80,670.00,681.55,685.00,676.45,,681.54,,,166651,113436141.20,1393,F1,1,,,,,
2026-10-07,2026-10-07,CM,NSE,STK,22566,INE0NLT01028,BLSE,EQ,,,,,BLS E-SERVICES LIMITED,158.30,160.75,156.50,158.20,158.00,160.90,,158.14,,,339932,53870971.50,4647,F1,1,,,,,
2026-10-07,2026-10-07,CM,NSE,STK,17279,INE153T01027,BLS,EQ,,,,,BLS INTL SERVS LTD,224.00,225.53,220.23,220.84,221.22,223.97,,220.83,,,512069,113772157.95,13062,F1,1,,,,,
2026-10-07,2026-10-07,CM,NSE,STK,765040,INE373T01047,BLUECLOUDS,EQ,,,,,BLUE CLOUD SOFTECH SOLU L,20.35,22.87,20.08,20.35,20.25,20.01,,20.35,,,58789235,1259701670.54,175035,F1,1,,,,,
2026-10-07,2026-10-07,CM,NSE,STK,7480,INE472B01011,BLUECOAST,EQ,,,,,BLUE COAST HOTELS LIMITED,22.04,22.71,20.96,22.49,22.54,22.04,,22.49,,,1424,30298.64,31,F1,1,,,,,
2026-10-07,2026-10-07,CM,NSE,STK,495,INE233B01017,BLUEDART,EQ,,,,,BLUE DART EXPRESS LTD,4596.90,4620.80,4519.30,4555.20,4583.60,4562.80,,4555.45,,,18776,85611457.30,3770,F1,1,,,,,
2026-10-07,2026-10-07,CM,NSE,STK,19686,INE0KBH01020,BLUEJET,EQ,,,,,BLUE JET HEALTHCARE LTD,540.00,546.00,535.70,541.35,545.50,538.15,,541.33,,,207773,112393259.90,8996,F1,1,,,,,
2026-10-07,2026-10-07,CM,NSE,STK,23413,INE0SAK01011,BLUEPEBBLE,ST,,,,,BLUE PEBBLE LIMITED,64.00,67.00,64.00,67.00,67.00,66.00,,67.00,,,800,52400.00,2,F1,400,,,,,
2026-10-07,2026-10-07,CM,NSE,STK,8311,INE472A01039,BLUESTARCO,EQ,,,,,BLUE STAR LIMITED,1562.90,1575.00,1530.10,1530.10,1530.10,1571.50,,1530.10,,,436486,675976040.90,24276,F1,1,,,,,
2026-10-07,2026-10-07,CM,NSE,STK,758185,INE0X3M01010,BLUEWATER,ST,,,,,BLUE WATER LOGISTICS LTD,585.90,585.90,549.70,549.70,549.70,578.60,,549.70,,,20000,11147950.00,16,F1,1000,,,,,
2026-10-07,2026-10-07,CM,NSE,STK,759291,INE304W01038,BLUESTONE,EQ,,,,,BLUESTONE JEWEL LFSTL LTD,812.65,835.00,805.40,831.10,831.40,813.85,,831.05,,,707911,582349551.80,32883,F1,1,,,,,
2026-10-07,2026-10-07,CM,NSE,STK,757520,INE0U4101014,BLUSPRING,EQ,,,,,BLUSPRING ENTERPRISES LTD,144.53,147.29,141.50,142.71,143.00,144.53,,142.72,,,134332,19341383.81,2454,F1,1,,,,,
2026-10-07,2026-10-07,CM,NSE,STK,759256,INE965W01036,BMWVENTLTD,EQ,,,,,BMW VENTURES LIMITED,50.02,50.89,49.76,50.11,50.30,50.37,,50.11,,,47119,2365739.30,1724,F1,1,,,,,
2026-10-07,2026-10-07,CM,NSE,STK,762608,INE00HZ01011,BNAGROCHEM,EQ,,,,,BN AGROCHEM LTD.,217.10,232.81,215.21,215.21,215.21,226.53,,211.29,,,4312,935314.28,97,F1,1,,,,,
2026-10-07,2026-10-07,CM,NSE,STK,25021,INE338D01028,BODALCHEM,BE,,,,,BODAL CHEMICALS LTD,185.00,189.99,180.00,184.14,184.00,186.57,,183.80,,,263642,48875366.09,2236,F1,1,,,,,
2026-10-07,2026-10-07,CM,NSE,STK,14150,INE0EEJ01023,BTML,EQ,,,,,BODHI TREE MULTIMEDIA LTD,6.82,7.26,6.82,7.14,7.06,6.86,,7.11,,,247593,1778571.71,389,F1,1,,,,,
2026-10-07,2026-10-07,CM,NSE,STK,11640,INE802W01023,BOHRAIND,EQ,,,,,BOHRA INDUSTRIES LIMITED,14.35,15.04,14.03,14.21,14.20,14.38,,14.21,,,7910,114977.35,34,F1,1,,,,,
2026-10-07,2026-10-07,CM,NSE,STK,380,INE050A01025,BBTC,EQ,,,,,BOMBAY BURMAH TRADING COR,1301.30,1301.30,1263.20,1269.40,1268.90,1298.20,,1269.47,,,113931,145138773.40,10995,F1,1,,,,,
2026-10-07,2026-10-07,CM,NSE,STK,513,INE032A01023,BOMDYEING,EQ,,,,,BOMBAY DYEING & MFG. CO L,102.91,102.91,101.01,101.63,101.40,102.91,,101.63,,,416073,42389169.27,5348,F1,1,,,,,
2026-10-07,2026-10-07,CM,NSE,STK,6052,INE0I3Y01014,BMETRICS,SM,,,,,BOMBAY METRICS S C LTD,38.00,38.00,38.00,38.00,38.00,39.50,,38.00,,,2400,91200.00,3,F1,800,,,,,
2026-10-07,2026-10-07,CM,NSE,STK,809,INE032Z01020,BSHSL,EQ,,,,,BOMBAY SUPER HYBRID SEEDS,80.10,81.70,78.00,78.25,78.01,80.10,,78.25,,,7320,574621.01,211,F1,1,,,,,
2026-10-07,2026-10-07,CM,NSE,STK,31128,INE053F07538,810IRFC27,N2,,,,,BOND 8.10% PA TAX FREE S2,1006.50,1006.50,1004.10,1004.98,1004.98,1005.98,,1005.99,,,1793,1800850.74,23,F1,1,,,,,
2026-10-07,2026-10-07,CM,NSE,STK,31040,INE906B07CB9,830NHAI27,N2,,,,,BOND 8.30% PA TAX FREE S2,1009.90,1010.00,1008.11,1008.11,1008.11,1007.83,,1009.48,,,901,909680.21,8,F1,1,,,,,
2026-10-07,2026-10-07,CM,NSE,STK,603,INE053F07686,865IRFC29,NA,,,,,BOND 8.65% PA TF TI-SIIB,1106.67,1111.68,1106.67,1110.98,1110.98,1106.67,,1110.98,,,501,556697.28,10,F1,1,,,,,
2026-10-07,2026-10-07,CM,NSE,STK,30990,INE020B07HS2,871REC28,N9,,,,,BOND 8.71% TAX FREE S2B,1129.61,1133.00,1129.61,1133.00,1133.00,1129.50,,1131.26,,,715,808863.75,21,F1,1,,,,,
2026-10-07,2026-10-07,CM,NSE,STK,1999,INE053F07744,888IRFC29,NE,,,,,BOND 8.88% PA TF TII-SIIB,1125.00,1128.00,1123.50,1128.00,1128.00,1123.50,,1126.51,,,686,770852.50,9,F1,1,,,,,
2026-10-07,2026-10-07,CM,NSE,STK,31969,INE557F07124,888NHB29,N5,,,,,BOND 8.88%PA TF TR-I S 2B,6329.00,6329.00,6329.00,6329.00,6329.00,5635.01,,6329.00,,,61,386069.00,1,F1,1,,,,,
2026-10-07,2026-10-07,CM,NSE,STK,31970,INE557F07132,901NHB34,N6,,,,,BOND 9.01%PA TF TR-I S 3B,6447.00,6447.00,6383.01,6383.01,6383.01,6448.00,,6383.01,,,113,723839.73,17,F1,1,,,,,
2026-10-07,2026-10-07,CM,NSE,STK,2947,INE020B07IG5,888REC29,NF,,,,,BOND8.88% PA TF TR II S2B,1145.52,1146.52,1145.52,1145.52,1145.52,1156.49,,1145.52,,,975,1117198.50,5,F1,1,,,,,
2026-10-07,2026-10-07,CM,NSE,STK,761056,INE0B9A01018,BONLON,EQ,,,,,BONLON INDUSTRIES LIMITED,40.54,41.00,39.62,40.68,40.70,39.39,,40.51,,,8552,346145.21,147,F1,1,,,,,
2026-10-07,2026-10-07,CM,NSE,STK,757919,INE16SF01016,BORANA,EQ,,,,,BORANA WEAVES LIMITED,271.00,273.85,268.55,270.70,268.55,269.60,,270.74,,,14928,4047302.20,600,F1,1,,,,,
2026-10-07,2026-10-07,CM,NSE,STK,19401,INE02PY01013,BOROLTD,EQ,,,,,BOROSIL LIMITED,287.00,290.70,280.00,281.15,281.00,286.85,,281.15,,,197203,56067995.90,4700,F1,1,,,,,
2026-10-07,2026-10-07,CM,NSE,STK,3149,INE666D01022,BORORENEW,EQ,,,,,BOROSIL RENEWABLES LTD,447.90,448.00,433.80,438.10,436.80,449.85,,438.11,,,357439,157094723.10,13302,F1,1,,,,,
2026-10-07,2026-10-07,CM,NSE,STK,24014,INE02L001032,BOROSCI,EQ,,,,,BOROSIL SCIENTIFIC LTD,113.50,116.46,113.32,115.03,114.65,113.27,,114.99,,,42337,4835655.83,1055,F1,1,,,,,
2026-10-07,2026-10-07,CM,NSE,STK,4491,INE782A01015,BOSCH-HCIL,EQ,,,,,BOSCH HOME COMFRT IND LTD,1993.00,1993.00,1928.20,1948.10,1950.00,1976.90,,1947.76,,,34819,67996805.40,6264,F1,1,,,,,
2026-10-07,2026-10-07,CM,NSE,STK,2181,INE323A01026,BOSCHLTD,EQ,,,,,BOSCH LIMITED,45000.00,45000.00,44305.00,44410.00,44410.00,45000.00,,44410.31,,,21193,944526245.00,10596,F1,1,,,,,
2026-10-07,2026-10-07,CM,NSE,STK,25122,INE0QNI01012,BOSS,ST,,,,,BOSS PACKAGING SOLU LTD,56.90,56.90,56.90,56.90,56.90,57.00,,56.90,,,2000,113800.00,1,F1,2000,,,,,
2026-10-07,2026-10-07,CM,NSE,STK,530,INE110A01019,BPL,EQ,,,,,BPL LTD,44.02,44.90,44.01,44.22,44.44,44.45,,44.29,,,24846,1103394.12,442,F1,1,,,,,
2026-10-07,2026-10-07,CM,NSE,STK,764628,INE320I01017,BRAHMINFRA,EQ,,,,,BRAHMAPUTRA INFRA L,152.50,152.50,142.50,142.98,142.61,145.58,,143.04,,,3942,565862.36,181,F1,1,,,,,
2026-10-07,2026-10-07,CM,NSE,STK,24814,INE02RE01045,FIRSTCRY,EQ,,,,,BRAINBEES SOLUTIONS LTD,178.01,178.01,171.20,172.20,172.00,177.57,,172.20,,,1240460,215968224.48,14366,F1,1,,,,,
2026-10-07,2026-10-07,CM,NSE,STK,7780,INE977Y01011,BCONCEPTS,EQ,,,,,BRAND CONCEPTS LIMITED,146.00,146.90,142.00,143.73,142.10,146.88,,144.09,,,3493,502952.25,221,F1,1,,,,,
2026-10-07,2026-10-07,CM,NSE,STK,760972,INE0XUD01014,BRANDMAN,SM,,,,,BRANDMAN RETAIL LIMITED,164.45,164.45,158.00,162.15,162.15,161.65,,162.15,,,12000,1927640.00,14,F1,800,,,,,
2026-10-07,2026-10-07,CM,NSE,STK,15184,INE791I01019,BRIGADE,EQ,,,,,BRIGADE ENTER. LTD,572.00,573.80,552.45,554.20,554.10,569.10,,554.22,,,160210,89433614.20,11278,F1,1,,,,,
2026-10-07,2026-10-07,CM,NSE,STK,757794,INE03NU01014,BRIGHOTEL,EQ,,,,,BRIGADE HOTEL VENTURE LTD,56.93,57.40,56.10,56.87,56.11,56.93,,56.84,,,58031,3298190.40,2368,F1,1,,,,,
2026-10-07,2026-10-07,CM,NSE,STK,764633,INE630D01010,BRIGHTBR,EQ,,,,,BRIGHT BROTHERS LTD.,235.00,242.00,232.00,234.00,233.95,235.00,,234.23,,,1251,293237.20,48,F1,1,,,,,
2026-10-07,2026-10-07,CM,NSE,STK,8833,INE425B01027,BCG,EQ,,,,,BRIGHTCOM GROUP LIMITED,9.07,9.15,9.05,9.08,9.09,9.07,,9.08,,,2283346,20752307.12,2824,F1,1,,,,,
2026-10-07,2026-10-07,CM,NSE,STK,547,INE216A01030,BRITANNIA,EQ,,,,,BRITANNIA INDUSTRIES LTD,4870.10,4873.20,4775.10,4780.00,4780.00,4883.80,,4780.07,,,248082,1192157919.60,22152,F1,1,,,,,
2026-10-07,2026-10-07,CM,NSE,STK,2203,INE0FDU25010,BIRET,RR,,,,,BROOKFIELD INDIA RET,329.50,330.99,328.10,329.60,329.20,329.89,,329.60,,,446920,147422012.55,7531,F1,1,,,,,
2026-10-07,2026-10-07,CM,NSE,STK,25136,INE650L01011,BROOKS,EQ,,,,,BROOKS LAB LIMITED,61.98,62.59,58.50,58.78,58.51,59.66,,58.79,,,79202,4771397.53,1093,F1,1,,,,,
2026-10-07,2026-10-07,CM,NSE,STK,19585,INE118H01025,BSE,EQ,,,,,BSE LIMITED,3265.00,3372.60,3246.50,3356.00,3356.00,3305.00,,3356.00,,,6608257,21940221774.10,219510,F1,1,,,,,
2026-10-07,2026-10-07,CM,NSE,STK,559,INE594B01012,BSL,EQ,,,,,BSL LTD,119.01,121.68,119.01,120.04,120.05,119.76,,120.04,,,1832,220929.69,80,F1,1,,,,,
2026-10-07,2026-10-07,CM,NSE,STK,2716,INE295F01017,BUTTERFLY,EQ,,,,,BTRFLY GANDHI APPL LTD,549.30,549.30,537.10,545.00,543.55,543.25,,544.99,,,7289,3968429.35,574,F1,1,,,,,
2026-10-07,2026-10-07,CM,NSE,STK,24704,INE0SZ301012,BULKCORP,ST,,,,,BULKCORP INTERNATIONAL L,79.90,79.95,79.75,79.85,79.75,81.75,,79.85,,,12000,958200.00,10,F1,1200,,,,,
2026-10-07,2026-10-07,CM,NSE,STK,15198,INE817H01022,BURNPUR,BE,,,,,BURNPUR CEMENT LIMITED,13.85,14.44,13.32,14.11,14.10,13.83,,14.21,,,49579,689374.67,284,F1,1,,,,,
2026-10-07,2026-10-07,CM,NSE,STK,764643,INE084D01010,CGVAK,EQ,,,,,C G V A K SOFTWARE & EX L,140.10,145.00,129.10,133.80,135.99,146.16,,133.93,,,21785,2949382.18,898,F1,1,,,,,
2026-10-07,2026-10-07,CM,NSE,STK,760854,INE0SMX01019,CKKRETAIL,SM,,,,,C K K RETAIL MART LIMITED,172.50,172.50,168.00,168.00,168.00,171.00,,168.00,,,1600,272400.00,2,F1,800,,,,,
2026-10-07,2026-10-07,CM,NSE,STK,18372,INE0QBU01012,CPS,SM,,,,,C P S SHAPERS LIMITED,1155.00,1155.00,1155.00,1155.00,1155.00,1100.00,,1155.00,,,5250,6063750.00,5,F1,150,,,,,
2026-10-07,2026-10-07,CM,NSE,STK,7227,INE0BV301023,MAPMYINDIA,EQ,,,,,C.E. INFO SYSTEMS LIMITED,895.00,904.80,888.00,896.00,895.40,896.60,,896.00,,,53855,48299827.30,4844,F1,1,,,,,
2026-10-07,2026-10-07,CM,NSE,STK,27274,INE0U7V01015,C2C,SM,,,,,C2C ADVANCED SYSTEMS LTD,188.00,188.00,175.05,178.70,178.00,187.65,,178.70,,,99750,17870925.00,513,F1,150,,,,,
2026-10-07,2026-10-07,CM,NSE,STK,21823,INE090Y01013,CADSYS,SM,,,,,CADSYS (INDIA) LIMITED,37.95,37.95,37.95,37.95,37.95,37.95,,37.95,,,500,18975.00,1,F1,500,,,,,
2026-10-07,2026-10-07,CM,NSE,STK,764255,INE11XY01018,CMLL,EQ,,,,,CALIBER MINING AND LOG L,517.20,537.50,510.00,531.95,533.00,517.20,,532.07,,,406067,215156260.45,8829,F1,1,,,,,
2026-10-07,2026-10-07,CM,NSE,STK,8400,INE526B01014,CALSOFT,BE,,,,,CALIFORNIA SOFTWARE CO LT,33.33,35.11,32.02,35.11,35.11,33.44,,35.13,,,139280,4699042.16,747,F1,1,,,,,
2026-10-07,2026-10-07,CM,NSE,STK,14222,INE627H01017,CTE,BE,,,,,CAMBRIDGE TECH ENTER LTD,36.89,38.00,36.30,37.02,37.98,37.45,,37.03,,,1318,49433.18,37,F1,1,,,,,
2026-10-07,2026-10-07,CM,NSE,STK,6216,INE052I01032,CAMLINFINE,EQ,,,,,CAMLIN FINE SCIENCES LTD,95.00,95.11,93.10,94.52,94.49,95.00,,94.52,,,301825,28376831.34,4272,F1,1,,,,,
2026-10-07,2026-10-07,CM,NSE,STK,9362,INE278Y01022,CAMPUS,EQ,,,,,CAMPUS ACTIVEWEAR LIMITED,208.68,208.84,204.36,208.37,208.00,208.68,,208.37,,,310132,64322096.12,7366,F1,1,,,,,
2026-10-07,2026-10-07,CM,NSE,STK,583,INE477A01020,CANFINHOME,EQ,,,,,CAN FIN HOMES LTD,733.85,736.00,718.55,727.00,725.00,734.75,,727.02,,,448265,325070019.15,25270,F1,1,,,,,
2026-10-07,2026-10-07,CM,NSE,STK,10794,INE476A01022,CANBK,EQ,,,,,CANARA BANK,117.95,120.25,116.51,119.15,119.15,117.82,,119.15,,,17756429,2109972906.40,90620,F1,1,,,,,
2026-10-07,2026-10-07,CM,NSE,STK,759477,INE01TY01017,CANHLIFE,EQ,,,,,CANARA HSBC LIFE INS CO L,143.99,147.45,135.26,146.06,145.05,143.13,,146.05,,,2983478,419387264.13,45789,F1,1,,,,,
2026-10-07,2026-10-07,CM,NSE,STK,759311,INE218I01013,CRAMC,EQ,,,,,CANARA ROBECO AMC LIMITED,226.90,231.00,223.31,229.52,230.70,224.88,,229.49,,,336654,76638148.97,6593,F1,1,,,,,
2026-10-07,2026-10-07,CM,NSE,STK,19368,INE0QG301017,CANARYS,SM,,,,,CANARYS AUTOMATIONS LTD,28.40,28.40,27.00,27.45,27.50,28.50,,27.45,,,52000,1431200.00,10,F1,4000,,,,,
2026-10-07,2026-10-07,CM,NSE,STK,20160,INE068L01024,CANTABIL,EQ,,,,,CANTABIL RETAIL LTD,229.84,229.95,226.63,228.22,228.00,229.84,,228.22,,,43866,10013656.34,1242,F1,1,,,,,
2026-10-07,2026-10-07,CM,NSE,STK,21749,INE264T01014,CAPACITE,EQ,,,,,CAPACITE INFRAPROJECT LTD,183.80,184.75,181.10,181.72,181.90,184.51,,181.73,,,188388,34449373.13,4141,F1,1,,,,,
2026-10-07,2026-10-07,CM,NSE,STK,759867,INE0ILV01024,CAPILLARY,EQ,,,,,CAPILLARY TECHNO INDIA L,596.00,609.95,576.00,578.30,580.00,587.20,,578.30,,,641459,379635470.90,23369,F1,1,,,,,
2026-10-07,2026-10-07,CM,NSE,STK,756015,INE345H01024,CIFL,EQ,,,,,CAPITAL INDIA FINANCE LTD,20.85,21.26,20.54,20.97,20.98,20.68,,21.06,,,51091,1069373.68,225,F1,1,,,,,
2026-10-07,2026-10-07,CM,NSE,STK,29157,INE0Z8Z23013,CAPINVIT,IV,,,,,CAPITAL INFRA TRUST,77.36,77.97,77.01,77.89,77.90,77.23,,77.89,,,238915,18521266.06,1714,F1,1,,,,,
2026-10-07,2026-10-07,CM,NSE,STK,22675,INE646H01017,CAPITALSFB,EQ,,,,,CAPITAL SMALL FIN BANK L,263.90,279.50,263.90,274.20,276.00,263.80,,274.19,,,60125,16357042.45,1634,F1,1,,,,,
2026-10-07,2026-10-07,CM,NSE,STK,19451,INE707C01018,CAPTRUST,BE,,,,,CAPITAL TRUST LIMITED,21.84,22.02,20.59,22.02,22.02,20.98,,22.02,,,109535,2382537.82,149,F1,1,,,,,
2026-10-07,2026-10-07,CM,NSE,STK,3906,INE475E01026,CAPLIPOINT,EQ,,,,,CAPLIN POINT LAB LTD.,2675.20,2689.00,2610.00,2649.10,2638.00,2679.70,,2649.14,,,103774,274679885.00,20972,F1,1,,,,,
2026-10-07,2026-10-07,CM,NSE,STK,20329,INE180C01042,CGCL,EQ,,,,,CAPRI GLOBAL CAPITAL LTD,246.00,252.00,242.52,250.74,251.50,246.88,,250.73,,,1754021,435728756.64,23746,F1,1,,,,,
2026-10-07,2026-10-07,CM,NSE,STK,764203,INE536P01021,CPL,EQ,,,,,CAPTAIN POLYPLAST LIMITED,61.75,62.75,60.10,61.10,61.16,62.12,,61.14,,,26794,1642503.20,803,F1,1,,,,,
2026-10-07,2026-10-07,CM,NSE,STK,595,INE120A01034,CARBORUNIV,EQ,,,,,CARBORUNDUM UNIVERSAL LTD,1277.50,1277.50,1246.20,1256.70,1262.00,1269.60,,1256.55,,,124207,156368424.20,18934,F1,1,,,,,
2026-10-07,2026-10-07,CM,NSE,STK,29113,INE752H01013,CARERATING,EQ,,,,,CARE RATINGS LIMITED,1588.60,1613.70,1585.60,1595.90,1590.20,1588.20,,1595.90,,,28480,45569521.60,2920,F1,1,,,,,
2026-10-07,2026-10-07,CM,NSE,STK,758941,INE0P6P01016,CPEDU,EQ,,,,,CAREER POINT EDUTECH LTD,177.00,182.50,175.11,179.72,180.23,181.29,,179.72,,,5737,1021640.64,73,F1,1,,,,,
2026-10-07,2026-10-07,CM,NSE,STK,28879,INE0V7W01012,CARRARO,EQ,,,,,CARRARO INDIA LIMITED,529.10,542.80,528.60,533.85,532.00,525.65,,533.68,,,79447,42566083.90,5454,F1,1,,,,,
2026-10-07,2026-10-07,CM,NSE,STK,5407,INE290S01011,CARTRADE,EQ,,,,,CARTRADE TECH LIMITED,2903.00,2956.00,2864.30,2914.70,2917.00,2911.70,,2914.85,,,116560,341117818.40,18994,F1,1,,,,,
2026-10-07,2026-10-07,CM,NSE,STK,1879,INE482D01024,CARYSIL,EQ,,,,,CARYSIL LIMITED,1030.00,1031.90,1004.40,1007.50,1008.00,1033.10,,1007.47,,,74710,75874375.10,7367,F1,1,,,,,
2026-10-07,2026-10-07,CM,NSE,STK,758129,INE0WL201014,CUDML,SM,,,,,CASH UR DRIVE MARKETING L,101.00,101.50,100.00,100.65,101.50,100.75,,100.65,,,7000,704450.00,7,F1,1000,,,,,
2026-10-07,2026-10-07,CM,NSE,STK,1250,INE172A01027,CASTROLIND,EQ,,,,,CASTROL INDIA LIMITED,200.20,200.58,195.75,197.15,196.90,200.20,,197.15,,,1731839,342312958.35,20763,F1,1,,,,,
2026-10-07,2026-10-07,CM,NSE,STK,11452,INE421D01022,CCL,EQ,,,,,CCL PRODUCTS (I) LTD,1049.30,1064.80,1041.90,1052.30,1049.50,1054.90,,1052.32,,,88140,92976772.40,11854,F1,1,,,,,
2026-10-07,2026-10-07,CM,NSE,STK,15254,INE482A01020,CEATLTD,EQ,,,,,CEAT LIMITED,3309.10,3328.70,3285.40,3301.90,3315.00,3328.70,,3301.92,,,21968,72626194.80,5705,F1,1,,,,,
2026-10-07,2026-10-07,CM,NSE,STK,757687,INE11J101017,CEDAAR,SM,,,,,CEDAAR TEXTILE LIMITED,11.55,11.55,11.35,11.55,11.55,11.00,,11.55,,,80000,919150.00,46,F1,1000,,,,,
2026-10-07,2026-10-07,CM,NSE,STK,24742,INE0AG901020,CEIGALL,EQ,,,,,CEIGALL INDIA LIMITED,374.90,376.45,364.50,372.80,374.95,376.20,,372.80,,,279983,104049848.25,7530,F1,1,,,,,
2026-10-07,2026-10-07,CM,NSE,STK,761037,INE016Q01014,CEINSYS,EQ,,,,,CEINSYS TECH LIMITED,708.95,713.80,687.50,691.15,690.95,718.45,,691.07,,,65681,45775034.05,5112,F1,1,,,,,
2026-10-07,2026-10-07,CM,NSE,STK,13162,INE185H01016,CELEBRITY,EQ,,,,,CELEBRITY FASHIONS LTD,6.59,6.59,5.97,6.02,6.10,6.35,,6.02,,,77988,475460.44,293,F1,1,,,,,
2026-10-07,2026-10-07,CM,NSE,STK,18806,INE0OMO01025,CELLECOR,SM,,,,,CELLECOR GADGETS LIMITED,29.60,29.70,28.75,29.45,29.70,29.85,,29.45,,,147000,4292250.00,42,F1,3000,,,,,
2026-10-07,2026-10-07,CM,NSE,STK,19795,INE0LMW01024,CELLO,EQ,,,,,CELLO WORLD LIMITED,366.90,398.00,360.50,390.65,391.90,369.15,,390.62,,,10572299,4099910902.80,156947,F1,1,,,,,
2026-10-07,2026-10-07,CM,NSE,STK,5622,INE686A01026,CEMPRO,EQ,,,,,CEMINDIA PROJECTS LIMITED,1164.00,1168.00,1125.00,1137.80,1139.80,1159.80,,1137.75,,,200455,228385540.70,15678,F1,1,,,,,
2026-10-07,2026-10-07,CM,NSE,STK,14894,INE483A01010,CENTRALBK,EQ,,,,,CENTRAL BANK OF INDIA,30.19,30.57,29.99,30.44,30.40,30.19,,30.44,,,3892597,117956069.52,13303,F1,1,,,,,
2026-10-07,2026-10-07,CM,NSE,STK,21174,INE736A01011,CDSL,EQ,,,,,CENTRAL DEPO SER (I) LTD,1260.00,1282.50,1251.00,1275.00,1275.00,1263.40,,1275.00,,,1021756,1297543485.30,34203,F1,1,,,,,
2026-10-07,2026-10-07,CM,NSE,STK,761581,INE05HV01027,CMPDI,EQ,,,,,CENTRAL MINE P N D INST L,209.31,213.70,207.10,209.05,209.50,210.06,,209.05,,,685060,143908164.59,13391,F1,1,,,,,
2026-10-07,2026-10-07,CM,NSE,STK,2454,INE660C01027,CENTRUM,EQ,,,,,CENTRUM CAPITAL LIMITED,20.10,21.00,19.71,20.35,20.40,19.80,,20.35,,,365385,7439232.41,843,F1,1,,,,,
2026-10-07,2026-10-07,CM,NSE,STK,14982,INE320B01020,CENTUM,EQ,,,,,CENTUM ELECTRONICS LTD,4452.00,4498.80,4330.10,4345.90,4350.00,4451.00,,4345.96,,,78371,342963119.30,12975,F1,1,,,,,
2026-10-07,2026-10-07,CM,NSE,STK,619,INE485A01015,CENTENKA,EQ,,,,,CENTURY ENKA LTD,564.15,575.05,555.50,569.90,567.00,566.60,,569.85,,,32539,18477592.75,2235,F1,1,,,,,
2026-10-07,2026-10-07,CM,NSE,STK,11511,INE281A01026,CENTEXT,EQ,,,,,CENTURY EXTRUSIONS LTD,17.81,18.10,17.71,17.82,17.96,17.88,,17.81,,,77861,1391001.74,435,F1,1,,,,,
2026-10-07,2026-10-07,CM,NSE,STK,766164,INE281A20018,CENTEXT-RE,BE,,,,,CENTURY EXTRUSIONS LTD,2.00,2.33,2.00,2.16,2.20,2.40,,2.07,,,211020,463293.46,271,F1,1,,,,,
2026-10-07,2026-10-07,CM,NSE,STK,13305,INE348B01021,CENTURYPLY,EQ,,,,,CENTURY PLYBOARDS (I) LTD,689.95,689.95,676.85,683.50,680.30,679.85,,683.50,,,44562,30464188.35,9313,F1,1,,,,,
2026-10-07,2026-10-07,CM,NSE,STK,15039,INE739E01017,CERA,EQ,,,,,CERA SANITARYWARE LTD,5122.50,5138.00,5031.00,5038.50,5035.00,5122.50,,5038.59,,,4104,20810223.00,1635,F1,1,,,,,
2026-10-07,2026-10-07,CM,NSE,STK,628,INE486A01021,CESC,EQ,,,,,CESC LTD,134.13,134.13,130.52,131.18,131.15,134.43,,131.18,,,1268698,167285392.28,27327,F1,1,,,,,
2026-10-07,2026-10-07,CM,NSE,STK,760,INE067A01029,CGPOWER,EQ,,,,,CG POWER AND IND SOL LTD,912.00,912.60,890.20,894.50,894.50,912.00,,894.49,,,1854228,1671432180.85,42621,F1,1,,,,,
2026-10-07,2026-10-07,CM,NSE,STK,8546,INE427F01016,CHALET,EQ,,,,,CHALET HOTELS LIMITED,818.20,851.95,817.55,847.40,846.10,818.20,,847.40,,,186088,155512855.55,16868,F1,1,,,,,
2026-10-07,2026-10-07,CM,NSE,STK,3482,INE419D01026,CLSEL,EQ,,,,,CHAMAN LAL SETIA EXP LTD,294.85,297.90,286.75,295.15,294.10,291.95,,295.14,,,95440,28013516.45,3617,F1,1,,,,,
2026-10-07,2026-10-07,CM,NSE,STK,13731,INE06PV01010,CMNL,SM,,,,,CHAMAN METALLICS LIMITED,120.00,121.95,118.00,119.35,119.35,119.35,,119.35,,,9000,1077525.00,12,F1,750,,,,,
2026-10-07,2026-10-07,CM,NSE,STK,637,INE085A01013,CHAMBLFERT,EQ,,,,,CHAMBAL FERTILIZERS LTD,404.05,404.75,394.55,396.35,396.15,404.80,,396.38,,,285277,113362004.70,15389,F1,1,,,,,
2026-10-07,2026-10-07,CM,NSE,STK,29633,INE0B2N01016,CHANDAN,SM,,,,,CHANDAN HEALTHCARE LTD,227.05,250.00,227.05,247.90,250.00,235.95,,247.90,,,129600,31456160.00,146,F1,800,,,,,
2026-10-07,2026-10-07,CM,NSE,STK,18667,INE0PT101017,CHAVDA,ST,,,,,CHAVDA INFRA LIMITED,58.10,58.10,56.20,56.30,56.30,58.35,,56.30,,,8000,454600.00,4,F1,2000,,,,,
2026-10-07,2026-10-07,CM,NSE,STK,757991,INE0TGX01019,CHEMBONDCH,BE,,,,,CHEMBOND CHEMICAL LIMITED,227.44,233.70,223.00,229.66,232.30,222.94,,229.70,,,6975,1584450.25,126,F1,1,,,,,
2026-10-07,2026-10-07,CM,NSE,STK,14618,INE995D01025,CHEMBOND,EQ,,,,,CHEMBOND MATERIALTECH LTD,190.00,195.90,186.11,188.56,188.00,191.83,,188.56,,,2844,541675.49,230,F1,1,,,,,
2026-10-07,2026-10-07,CM,NSE,STK,270,INE03YM01018,CHEMCON,EQ,,,,,CHEMCON SPECIAL CHEM LTD,217.40,222.80,215.61,220.59,221.48,217.40,,220.55,,,43863,9659514.36,1207,F1,1,,,,,
2026-10-07,2026-10-07,CM,NSE,STK,765045,INE298W01016,CHEMCRUX,EQ,,,,,CHEMCRUX ENTERPRISES LTD.,80.00,91.45,78.52,87.16,86.40,80.21,,87.15,,,44762,3892393.73,1160,F1,1,,,,,
2026-10-07,2026-10-07,CM,NSE,STK,2799,INE783X01023,CHEMFAB,EQ,,,,,CHEMFAB ALKALIS LIMITED,330.00,335.80,322.25,331.80,331.05,338.50,,331.80,,,2566,841362.45,147,F1,1,,,,,
2026-10-07,2026-10-07,CM,NSE,STK,5449,INE488A01050,CHEMPLASTS,EQ,,,,,CHEMPLAST SANMAR LIMITED,208.95,235.90,206.89,228.22,225.50,210.24,,228.21,,,5553053,1266028531.99,85430,F1,1,,,,,
2026-10-07,2026-10-07,CM,NSE,STK,2049,INE178A01016,CHENNPETRO,EQ,,,,,CHENNAI PETROLEUM CORP LT,1410.00,1628.70,1410.00,1612.30,1605.00,1405.70,,1612.26,,,20027812,31330449036.10,521133,F1,1,,,,,
2026-10-07,2026-10-07,CM,NSE,STK,24625,INE0U1T01012,CHETANA,SM,,,,,CHETANA EDUCATION LIMITED,39.00,39.00,39.00,39.00,39.00,39.00,,39.00,,,3200,124800.00,1,F1,1600,,,,,
2026-10-07,2026-10-07,CM,NSE,STK,9879,INE974B01016,CHEVIOT,EQ,,,,,CHEVIOT COMPANY LIMITED,1152.60,1159.40,1143.10,1148.40,1146.20,1152.90,,1148.40,,,406,466126.30,56,F1,1,,,,,
2026-10-07,2026-10-07,CM,NSE,STK,8866,INE102B01014,CHOICEIN,EQ,,,,,CHOICE INTERNATIONAL LTD,727.90,730.00,720.05,723.70,725.90,727.15,,723.70,,,176686,127971763.30,3759,F1,1,,,,,
2026-10-07,2026-10-07,CM,NSE,STK,759610,INF2KCX01012,CHOICEGOLD,EQ,,,,,CHOICEAMC - CHOICEGOLD,145.91,145.91,144.30,145.27,145.09,145.91,,145.27,,,6231,905286.70,131,F1,1,,,,,
2026-10-07,2026-10-07,CM,NSE,STK,21740,INE149A01033,CHOLAHLDNG,EQ,,,,,CHOLAMANDALAM FIN HOL LTD,1425.50,1441.00,1390.30,1402.70,1403.00,1424.60,,1402.66,,,79925,112414673.90,11566,F1,1,,,,,
2026-10-07,2026-10-07,CM,NSE,STK,685,INE121A01024,CHOLAFIN,EQ,,,,,CHOLAMANDALAM IN & FIN CO,1607.10,1612.40,1564.70,1564.70,1564.70,1611.00,,1564.72,,,1859926,2948161244.80,87446,F1,1,,,,,
2026-10-07,2026-10-07,CM,NSE,STK,14937,INE536H01010,CIEINDIA,EQ,,,,,CIE AUTOMOTIVE INDIA LTD,379.95,380.45,373.10,378.70,376.00,379.00,,378.70,,,213473,80538225.20,16995,F1,1,,,,,
2026-10-07,2026-10-07,CM,NSE,STK,27161,INE704H01022,CINELINE,EQ,,,,,CINELINE INDIA LIMITED,88.40,96.20,88.23,93.35,93.30,87.72,,93.34,,,168792,15696990.82,1135,F1,1,,,,,
2026-10-07,2026-10-07,CM,NSE,STK,8024,INE039B01026,CINEVISTA,EQ,,,,,CINEVISTA LIMITED,13.80,16.54,13.80,15.37,15.17,13.83,,15.40,,,296344,4652649.23,1083,F1,1,,,,,
2026-10-07,2026-10-07,CM,NSE,STK,694,INE059A01026,CIPLA,EQ,,,,,CIPLA LTD,1338.50,1351.00,1324.70,1327.20,1327.20,1340.20,,1327.26,,,847901,1129947727.20,27439,F1,1,,,,,
2026-10-07,2026-10-07,CM,NSE,STK,763149,INE2Q7823014,CITIUSINVT,IV,,,,,CITIUS TRANSNET INV TRUST,115.88,116.45,114.10,114.26,114.15,115.31,,114.30,,,81338,9351016.16,609,F1,1,,,,,
2026-10-07,2026-10-07,CM,NSE,STK,5701,INE491A01021,CUB,EQ,,,,,CITY UNION BANK LTD,224.00,226.30,219.37,222.12,222.61,223.75,,222.11,,,2247151,501381169.37,48575,F1,1,,,,,
2026-10-07,2026-10-07,CM,NSE,STK,20223,INE201M01029,CLEDUCATE,EQ,,,,,CL EDUCATE LIMITED,53.98,53.98,52.50,53.12,53.11,53.98,,53.10,,,82521,4374478.27,113,F1,1,,,,,
2026-10-07,2026-10-07,CM,NSE,STK,758736,INE0UQ601012,CLASSICEIL,SM,,,,,CLASSIC ELECTRODE (IND) L,49.95,49.95,49.50,49.50,49.50,49.95,,49.50,,,4800,239040.00,2,F1,1600,,,,,
2026-10-07,2026-10-07,CM,NSE,STK,754695,INE1QGM01024,CLAYCRAFT,SM,,,,,CLAY CRAFT INDIA LIMITED,174.20,174.20,170.05,171.15,171.95,174.20,,171.15,,,24600,4215600.00,29,F1,600,,,,,
2026-10-07,2026-10-07,CM,NSE,STK,760183,INE647U01026,CLEANMAX,EQ,,,,,CLEAN MAX ENVIRO EN SOL L,1390.00,1399.60,1364.20,1388.50,1387.50,1392.50,,1388.66,,,159790,220415730.40,14574,F1,1,,,,,
2026-10-07,2026-10-07,CM,NSE,STK,5049,INE227W01023,CLEAN,EQ,,,,,CLEAN SCIENCE & TECH LTD,824.80,824.80,810.15,813.70,816.30,823.15,,813.71,,,119533,97683103.05,8959,F1,1,,,,,
2026-10-07,2026-10-07,CM,NSE,STK,760143,INE1EF801010,CSSL,SM,,,,,CLEAR SECURED SERVICES L,78.50,80.10,77.30,78.20,77.30,77.35,,78.20,,,10000,789650.00,9,F1,1000,,,,,
2026-10-07,2026-10-07,CM,NSE,STK,30893,INE00WV01027,CMRGREEN,EQ,,,,,CMR GREEN TECHNOLOGIES L,226.60,229.81,224.00,224.99,224.90,226.63,,224.99,,,217711,49364076.11,4327,F1,1,,,,,
2026-10-07,2026-10-07,CM,NSE,STK,7603,INE925R01014,CMSINFO,EQ,,,,,CMS INFO SYSTEMS LIMITED,221.90,221.90,215.56,218.37,218.10,220.35,,218.40,,,529249,115464950.92,9734,F1,1,,,,,
2026-10-07,2026-10-07,CM,NSE,STK,20374,INE522F01014,COALINDIA,EQ,,,,,COAL INDIA LTD,411.65,415.85,410.80,414.50,414.50,411.65,,414.49,,,6400277,2648471171.35,76544,F1,1,,,,,
2026-10-07,2026-10-07,CM,NSE,STK,6006,INE377E01024,COASTCORP,EQ,,,,,COASTAL CORPORATION LTD,36.69,37.40,36.27,36.98,36.51,36.18,,36.98,,,39515,1449454.47,396,F1,1,,,,,
2026-10-07,2026-10-07,CM,NSE,STK,21508,INE704P01025,COCHINSHIP,EQ,,,,,COCHIN SHIPYARD LIMITED,1282.00,1282.00,1246.40,1255.10,1255.10,1282.00,,1255.13,,,929402,1169963069.60,39158,F1,1,,,,,
2026-10-07,2026-10-07,CM,NSE,STK,11165,INE335K01011,COFFEEDAY,EQ,,,,,COFFEE DAY ENTERPRISE LTD,30.05,31.65,29.71,30.63,30.70,30.03,,30.63,,,1388015,42514680.58,6076,F1,1,,,,,
2026-10-07,2026-10-07,CM,NSE,STK,11543,INE591G01025,COFORGE,EQ,,,,,COFORGE LIMITED,1843.00,1857.90,1822.20,1822.20,1822.20,1849.70,,1822.23,,,1016382,1869718201.20,45407,F1,1,,,,,
2026-10-07,2026-10-07,CM,NSE,STK,17945,INE03QK01018,COHANCE,EQ,,,,,COHANCE LIFESCIENCES LTD,456.70,475.50,453.20,455.45,455.00,457.00,,455.40,,,1303279,602082687.30,45326,F1,1,,,,,
2026-10-07,2026-10-07,CM,NSE,STK,15141,INE259A01022,COLPAL,EQ,,,,,COLGATE PALMOLIVE LTD.,1800.90,1800.90,1757.40,1757.40,1757.40,1809.40,,1757.41,,,184471,326835052.00,15613,F1,1,,,,,
2026-10-07,2026-10-07,CM,NSE,STK,762628,INE819A01049,COMFINTE,EQ,,,,,COMFORT INTECH LTD.,6.14,6.80,6.11,6.37,6.33,6.23,,6.37,,,240186,1527878.68,457,F1,1,,,,,
2026-10-07,2026-10-07,CM,NSE,STK,21578,INE073V01015,COMSYN,EQ,,,,,COMMERCIAL SYN BAGS LTD,263.80,269.00,260.00,260.85,261.30,263.00,,260.85,,,80711,21267898.65,2691,F1,1,,,,,
2026-10-07,2026-10-07,CM,NSE,STK,19513,INE597Z01014,COMMITTED,SM,,,,,COMMITTED CARGO CARE LTD,300.05,313.70,300.05,309.95,309.95,323.80,,309.95,,,8800,2709080.00,11,F1,800,,,,,
2026-10-07,2026-10-07,CM,NSE,STK,764648,INE823B01015,COMPEAU,EQ,,,,,COMPETENT AUTOMOB CO. L,361.20,362.00,361.20,362.00,362.00,358.10,,368.45,,,2,723.20,2,F1,1,,,,,
2026-10-07,2026-10-07,CM,NSE,STK,19670,INE070C01037,COMPINFO,BZ,,,,,COMPUAGE INFOCOM LTD,1.08,1.10,1.07,1.10,1.10,1.08,,1.10,,,3963,4305.99,16,F1,1,,,,,
2026-10-07,2026-10-07,CM,NSE,STK,31138,INE453B01029,COMPUSOFT,EQ,,,,,COMPUCOM SOFTWARE LTD,12.92,13.39,12.80,13.25,13.35,12.90,,13.24,,,10659,138817.38,157,F1,1,,,,,
2026-10-07,2026-10-07,CM,NSE,STK,342,INE596I01020,CAMS,EQ,,,,,COMPUTER AGE MNGT SER LTD,693.90,706.00,690.85,694.60,694.60,693.90,,694.56,,,1014012,707865644.20,29137,F1,1,,,,,
2026-10-07,2026-10-07,CM,NSE,STK,18060,INE338H01029,CONCORDBIO,EQ,,,,,CONCORD BIOTECH LIMITED,1373.00,1379.50,1356.00,1359.70,1356.00,1368.80,,1359.60,,,43657,59607042.00,6117,F1,1,,,,,
2026-10-07,2026-10-07,CM,NSE,STK,28764,INE037Z01029,CEWATER,EQ,,,,,CONCORD ENVIRO SYSTEMS L,260.00,267.55,255.10,260.95,261.00,260.65,,260.79,,,57581,15132539.35,3614,F1,1,,,,,
2026-10-07,2026-10-07,CM,NSE,STK,764641,INE700F01024,CFEL,BE,,,,,CONFIDENCE FUTURIST ENE L,45.00,45.99,43.02,44.44,45.00,45.00,,44.44,,,6003,265560.83,83,F1,1,,,,,
2026-10-07,2026-10-07,CM,NSE,STK,10238,INE552D01024,CONFIPET,EQ,,,,,CONFIDENCE PETRO IND LTD.,86.99,92.97,86.68,91.75,91.70,86.67,,91.75,,,5428764,495277513.74,40770,F1,1,,,,,
2026-10-07,2026-10-07,CM,NSE,STK,758453,INE0EAS01014,CONNPLEX,SM,,,,,CONNPLEX CINEMAS LIMITED,247.50,258.00,240.00,256.65,257.95,247.50,,256.65,,,63200,15998600.00,77,F1,800,,,,,
2026-10-07,2026-10-07,CM,NSE,STK,14992,INE429I01024,CCCL,EQ,,,,,CONS. CONST. CONSORT LTD,13.23,13.50,12.91,12.99,12.98,13.10,,13.01,,,388683,5047338.64,589,F1,1,,,,,
2026-10-07,2026-10-07,CM,NSE,STK,11732,INE025A01027,CONSOFINVT,BE,,,,,CONSO. FIN. & HOLD. LTD.,283.20,286.85,280.40,285.00,283.00,283.20,,285.00,,,5657,1604670.55,37,F1,1,,,,,
2026-10-07,2026-10-07,CM,NSE,STK,4749,INE111A01025,CONCOR,EQ,,,,,CONTAINER CORP OF IND LTD,446.50,446.55,439.65,439.75,439.75,445.85,,439.76,,,967884,428627063.50,20452,F1,1,,,,,
2026-10-07,2026-10-07,CM,NSE,STK,2531,INE340Z01019,CONTI,SM,,,,,CONTINENTAL SEED CHEM LTD,10.25,10.25,10.25,10.25,10.25,9.80,,10.25,,,3333,34163.25,1,F1,3333,,,,,
2026-10-07,2026-10-07,CM,NSE,STK,17477,INE663B01015,CONTROLPR,EQ,,,,,CONTROL PRINT LIMITED,626.30,626.30,614.05,619.95,619.25,622.65,,619.92,,,6352,3933397.05,909,F1,1,,,,,
2026-10-07,2026-10-07,CM,NSE,STK,8560,INE0HS001028,COOLCAPS,SM,,,,,COOL CAPS INDUSTRIES LTD,21.50,21.90,21.50,21.85,21.90,21.45,,21.85,,,15000,326562.50,12,F1,1250,,,,,
2026-10-07,2026-10-07,CM,NSE,STK,4007,INE558D01021,CORALFINAC,EQ,,,,,CORAL INDIA FIN & HOUS LT,31.41,32.00,30.81,31.41,31.20,31.18,,31.34,,,17279,540635.91,201,F1,1,,,,,
2026-10-07,2026-10-07,CM,NSE,STK,15275,INE792I01017,CORDSCABLE,BE,,,,,CORDS CABLE INDUS LTD.,321.00,322.00,310.00,316.00,315.00,314.35,,315.94,,,23096,7332822.40,403,F1,1,,,,,
2026-10-07,2026-10-07,CM,NSE,STK,766288,INE11ES01010,COREIN,ST,,,,,COREINTEGRA CONSULT SER L,90.95,90.95,90.95,90.95,90.95,86.65,,90.95,,,17600,1600720.00,8,F1,1600,,,,,
2026-10-07,2026-10-07,CM,NSE,STK,739,INE169A01031,COROMANDEL,EQ,,,,,COROMANDEL INTERNTL. LTD,1788.30,1788.30,1727.00,1745.50,1745.00,1788.30,,1745.50,,,287433,502006546.10,18366,F1,1,,,,,
2026-10-07,2026-10-07,CM,NSE,STK,760254,INE02ZQ01018,CORONA,EQ,,,,,CORONA REMEDIES LIMITED,2035.10,2048.00,2012.70,2041.10,2042.90,2038.30,,2041.04,,,7481,15215603.50,2082,F1,1,,,,,
2026-10-07,2026-10-07,CM,NSE,STK,742,INE757A01017,COSMOFIRST,EQ,,,,,COSMO FIRST LIMITED,830.05,840.00,820.05,831.95,826.00,829.15,,831.95,,,21384,17732038.80,2383,F1,1,,,,,
2026-10-07,2026-10-07,CM,NSE,STK,6385,INE652F01027,CCHHL,EQ,,,,,COUNTRY CLUB HOSP HOL LTD,13.00,13.00,12.66,12.81,12.92,12.81,,12.81,,,10937,139893.60,87,F1,1,,,,,
2026-10-07,2026-10-07,CM,NSE,STK,16989,INE695B01025,COUNCODOS,BE,,,,,COUNTRY CONDO S LIMITED,6.51,6.70,6.35,6.53,6.50,6.51,,6.52,,,63084,405266.24,136,F1,1,,,,,
2026-10-07,2026-10-07,CM,NSE,STK,20086,INE521J01018,CPCAP,EQ,,,,,CP CAPITAL LIMITED,156.70,162.00,152.67,155.22,155.08,154.53,,155.23,,,135716,21403960.37,2678,F1,1,,,,,
2026-10-07,2026-10-07,CM,NSE,STK,2328,INF457M01133,CPSEETF,EQ,,,,,CPSE ETF,91.30,91.30,89.00,89.12,89.18,89.94,,89.12,,,462683,41357888.68,6933,F1,1,,,,,
2026-10-07,2026-10-07,CM,NSE,STK,2854,INE00LO01017,CRAFTSMAN,EQ,,,,,CRAFTSMAN AUTOMATION LTD,10300.00,10312.00,10103.00,10198.00,10205.00,10348.00,,10198.07,,,32592,331802930.00,14205,F1,1,,,,,
2026-10-07,2026-10-07,CM,NSE,STK,764653,INE145E01017,CRAVATEX,EQ,,,,,CRAVATEX LTD.,391.95,391.95,355.00,355.20,355.00,374.60,,355.20,,,231,84298.90,24,F1,1,,,,,
2026-10-07,2026-10-07,CM,NSE,STK,16419,INE0OFK01019,CRAYONS,SM,,,,,CRAYONS ADVERTISING LTD,23.00,23.50,23.00,23.50,23.50,23.95,,23.50,,,3000,69950.00,3,F1,1000,,,,,
2026-10-07,2026-10-07,CM,NSE,STK,9384,INE230B01021,CREATIVEYE,EQ,,,,,CREATIVE EYE LIMITED,5.90,6.48,5.76,6.21,6.26,5.90,,6.20,,,18883,115254.18,175,F1,1,,,,,
2026-10-07,2026-10-07,CM,NSE,STK,23468,INE0R7401011,CGRAPHICS,SM,,,,,CREATIVE GRAPHICS S IND L,153.00,155.90,151.60,153.45,155.25,156.00,,153.45,,,12000,1841040.00,15,F1,800,,,,,
2026-10-07,2026-10-07,CM,NSE,STK,11155,INE985W01018,CNL,EQ,,,,,CREATIVE NEWTECH LIMITED,1048.60,1099.30,1048.60,1079.00,1062.10,1070.00,,1078.92,,,6962,7445856.50,1099,F1,1,,,,,
2026-10-07,2026-10-07,CM,NSE,STK,765303,INE1KPX01025,CREDENT,SM,,,,,CREDENT CONNECT N CARE L,385.00,385.00,360.60,370.45,368.05,375.50,,370.45,,,39000,14476080.00,52,F1,600,,,,,
2026-10-07,2026-10-07,CM,NSE,STK,4421,INE741K01010,CREDITACC,EQ,,,,,CREDITACCESS GRAMEEN LTD,1265.80,1274.60,1231.10,1239.60,1238.00,1265.80,,1239.61,,,144021,179613798.00,21511,F1,1,,,,,
2026-10-07,2026-10-07,CM,NSE,STK,20878,INE220Q01020,MUFTI,EQ,,,,,CREDO BRANDS MARKETING L,69.10,70.76,69.10,69.96,69.65,69.61,,69.88,,,29247,2047473.76,945,F1,1,,,,,
2026-10-07,2026-10-07,CM,NSE,STK,766361,INE716D01033,CRSL,BZ,,,,,CRESSANDA RAILWAY SOLUT L,2.05,2.13,2.04,2.06,2.06,2.05,,2.06,,,470778,982116.07,334,F1,1,,,,,
2026-10-07,2026-10-07,CM,NSE,STK,13900,INE559D01011,CREST,EQ,,,,,CREST VENTURES LIMITED,363.45,367.10,353.00,362.85,361.95,359.90,,362.85,,,6892,2466370.10,170,F1,1,,,,,
2026-10-07,2026-10-07,CM,NSE,STK,19099,INE203Y01012,CRESTO,BE,,,,,CRESTO TECHNO LIMITED,21.01,21.02,19.02,20.04,20.00,20.02,,20.04,,,14975,294360.61,116,F1,1,,,,,
2026-10-07,2026-10-07,CM,NSE,STK,757,INE007A01025,CRISIL,EQ,,,,,CRISIL LTD,4523.30,4525.00,4446.90,4509.10,4520.00,4523.30,,4509.07,,,12717,57143998.20,3041,F1,1,,,,,
2026-10-07,2026-10-07,CM,NSE,STK,757850,INE0S4R01014,CRIZAC,EQ,,,,,CRIZAC LIMITED,168.51,169.85,166.22,166.91,169.00,168.85,,166.92,,,148841,24925877.76,3014,F1,1,,,,,
2026-10-07,2026-10-07,CM,NSE,STK,17094,INE299U01018,CROMPTON,EQ,,,,,CROMPT GREA CON ELEC LTD,211.98,213.09,210.13,210.70,210.70,211.98,,210.70,,,1159041,245306115.69,19207,F1,1,,,,,
2026-10-07,2026-10-07,CM,NSE,STK,18263,INE00NH01017,CLSL,ST,,,,,CROP LIFE SCIENCE LIMITED,58.00,58.00,58.00,58.00,58.00,60.00,,58.00,,,2000,116000.00,1,F1,2000,,,,,
2026-10-07,2026-10-07,CM,NSE,STK,8083,INE491V01019,CROWN,EQ,,,,,CROWN LIFTERS LIMITED,112.39,113.49,111.56,112.44,112.89,112.38,,112.44,,,2888,324426.68,79,F1,1,,,,,
2026-10-07,2026-10-07,CM,NSE,STK,14966,INE679A01013,CSBBANK,EQ,,,,,CSB BANK LIMITED,306.65,309.85,302.75,306.50,307.65,305.85,,306.48,,,294926,90412387.80,11100,F1,1,,,,,
2026-10-07,2026-10-07,CM,NSE,STK,10350,INE718F01018,CSLFINANCE,EQ,,,,,CSL FINANCE LIMITED,211.00,211.00,206.00,206.94,209.00,207.48,,206.94,,,5858,1216397.04,315,F1,1,,,,,
2026-10-07,2026-10-07,CM,NSE,STK,763753,INE0ZK601013,CSM,EQ,,,,,CSM TECHNOLOGIES LIMITED,94.84,94.84,91.30,91.82,91.40,92.86,,91.82,,,68081,6269782.10,1346,F1,1,,,,,
2026-10-07,2026-10-07,CM,NSE,STK,15078,INE0NR623014,CUBEINVIT,IV,,,,,CUBE HIGHWAYS TRUST,154.75,155.35,154.75,154.85,154.76,154.91,,154.85,,,772274,119734589.67,3553,F1,1,,,,,
2026-10-07,2026-10-07,CM,NSE,STK,9881,INE144D01012,CUBEXTUB,BE,,,,,CUBEXTUBINGS-ROLLSETT,143.75,157.40,143.75,157.40,157.40,149.91,,157.40,,,203158,31355052.63,1178,F1,1,,,,,
2026-10-07,2026-10-07,CM,NSE,STK,1901,INE298A01020,CUMMINSIND,EQ,,,,,CUMMINS INDIA LTD,4925.00,4964.30,4850.00,4872.20,4872.20,4919.00,,4872.20,,,631136,3098637018.80,57775,F1,1,,,,,
2026-10-07,2026-10-07,CM,NSE,STK,18520,INE509F01029,CUPID,EQ,,,,,CUPID LIMITED,325.00,345.00,325.00,343.95,344.45,324.20,,343.95,,,41373811,14085580147.40,206981,F1,1,,,,,
2026-10-07,2026-10-07,CM,NSE,STK,30191,INE117B01020,CURAA,BE,,,,,CURA TECHNOLOGIES LIMITED,72.30,72.30,69.01,71.89,72.30,72.30,,71.89,,,97,6810.70,6,F1,1,,,,,
2026-10-07,2026-10-07,CM,NSE,STK,759828,INE1BZN01016,CURIS,ST,,,,,CURIS LIFESCIENCES LTD,204.45,204.45,201.00,202.00,202.00,207.00,,202.00,,,7000,1416450.00,7,F1,1000,,,,,
2026-10-07,2026-10-07,CM,NSE,STK,758964,INE1CRQ01014,CURRENT,SM,,,,,CURRENT INFRAPROJECTS LTD,91.60,91.60,91.60,91.60,91.60,94.00,,91.60,,,1600,146560.00,1,F1,1600,,,,,
2026-10-07,2026-10-07,CM,NSE,STK,11845,INE278G01037,CYBERMEDIA,BE,,,,,CYBER MEDIA (INDIA) LTD.,18.74,18.74,17.51,18.44,18.40,17.85,,18.39,,,8538,158884.17,47,F1,1,,,,,
2026-10-07,2026-10-07,CM,NSE,STK,6051,INE214A01019,CYBERTECH,EQ,,,,,CYBERTECH SYSTEMS & SOFTW,140.30,142.72,136.02,137.70,136.63,143.10,,137.71,,,84714,11813687.08,1671,F1,1,,,,,
2026-10-07,2026-10-07,CM,NSE,STK,17187,INE055S01018,CYIENTDLM,EQ,,,,,CYIENT DLM LIMITED,936.00,1014.65,935.30,988.30,989.70,939.00,,988.38,,,1350010,1328289683.50,61584,F1,1,,,,,
2026-10-07,2026-10-07,CM,NSE,STK,5748,INE136B01020,CYIENT,EQ,,,,,CYIENT LIMITED,1119.20,1137.60,1109.60,1115.00,1119.00,1119.40,,1114.99,,,259473,291843747.40,23003,F1,1,,,,,
2026-10-07,2026-10-07,CM,NSE,STK,16900,INE864X01013,DPWIRES,EQ,,,,,D P WIRES LIMITED,220.71,243.42,212.00,227.46,228.80,221.54,,227.48,,,583596,136266103.77,15647,F1,1,,,,,
2026-10-07,2026-10-07,CM,NSE,STK,17851,INE250K01012,DLINKINDIA,EQ,,,,,D-LINK INDIA LTD,424.50,424.50,415.05,419.20,421.20,419.95,,419.15,,,33251,13910018.30,2006,F1,1,,,,,
2026-10-07,2026-10-07,CM,NSE,STK,936,INE266Y01019,DPABHUSHAN,EQ,,,,,D. P. ABHUSHAN LIMITED,2168.00,2344.50,2134.20,2262.70,2236.30,2174.00,,2262.79,,,263103,594117683.10,27099,F1,1,,,,,
2026-10-07,2026-10-07,CM,NSE,STK,17881,INE950I01011,DBCORP,EQ,,,,,D.B.CORP LTD,172.52,175.70,170.06,171.05,171.60,173.57,,171.05,,,95488,16460191.95,2032,F1,1,,,,,
2026-10-07,2026-10-07,CM,NSE,STK,772,INE016A01026,DABUR,EQ,,,,,DABUR INDIA LTD,387.70,388.85,380.05,383.55,383.55,388.90,,383.56,,,2429201,933274599.45,36775,F1,1,,,,,
2026-10-07,2026-10-07,CM,NSE,STK,762636,INE928C01010,DAICHI,BE,,,,,DAI-ICHI KARKARIA LTD.,313.00,329.95,310.00,324.25,324.95,316.50,,319.03,,,774,243586.05,68,F1,1,,,,,
2026-10-07,2026-10-07,CM,NSE,STK,8075,INE00R701025,DALBHARAT,EQ,,,,,DALMIA BHARAT LIMITED,1661.00,1697.80,1637.00,1640.10,1640.00,1682.60,,1640.10,,,50180,83055932.80,9221,F1,1,,,,,
2026-10-07,2026-10-07,CM,NSE,STK,781,INE495A01022,DALMIASUG,EQ,,,,,DALMIA BHARAT SUG IN LTD,453.00,463.95,439.95,447.65,446.10,453.00,,447.36,,,310835,139899172.50,13101,F1,1,,,,,
2026-10-07,2026-10-07,CM,NSE,STK,28662,INE284H01025,DAMCAPITAL,EQ,,,,,DAM CAPITAL ADVISORS LTD,150.20,152.20,147.51,148.74,149.35,152.51,,148.74,,,180999,27059546.30,3208,F1,1,,,,,
2026-10-07,2026-10-07,CM,NSE,STK,17569,INE497D01022,DAMODARIND,BE,,,,,DAMODAR INDUSTRIES LTD,26.20,26.95,26.20,26.87,26.95,26.95,,26.87,,,648,17276.38,16,F1,1,,,,,
2026-10-07,2026-10-07,CM,NSE,STK,1110,INE688Y01022,DANGEE,EQ,,,,,DANGEE DUMS LIMITED,3.09,3.30,3.09,3.22,3.25,3.08,,3.22,,,99955,325220.15,230,F1,1,,,,,
2026-10-07,2026-10-07,CM,NSE,STK,25927,INE0YU901016,DANISH,SM,,,,,DANISH POWER LIMITED,1011.00,1071.00,990.00,1059.40,1051.00,1010.00,,1059.40,,,100350,105196935.00,559,F1,150,,,,,
2026-10-07,2026-10-07,CM,NSE,STK,7358,INE0IX101010,DATAPATTNS,EQ,,,,,DATA PATTERNS INDIA LTD,4305.00,4307.60,4220.00,4233.40,4232.50,4299.20,,4233.22,,,184614,784613781.70,23369,F1,1,,,,,
2026-10-07,2026-10-07,CM,NSE,STK,11423,INE365B01017,DATAMATICS,EQ,,,,,DATAMATICS GLOBAL SER LTD,771.00,777.90,761.00,763.80,765.00,771.20,,763.82,,,33965,26040117.10,2470,F1,1,,,,,
2026-10-07,2026-10-07,CM,NSE,STK,21794,INE179G01029,DAVANGERE,EQ,,,,,DAVANGERE SUGAR COMPANY L,2.27,2.45,2.27,2.36,2.36,2.27,,2.36,,,9610415,22651531.13,3176,F1,1,,,,,
2026-10-07,2026-10-07,CM,NSE,STK,31111,INE921B01025,DBSTOCKBRO,BE,,,,,DB (INT) STOCK BROKERS,32.49,34.11,32.02,32.36,32.02,32.49,,32.37,,,11349,380948.84,49,F1,1,,,,,
2026-10-07,2026-10-07,CM,NSE,STK,11566,INE0A1101019,DCI,EQ,,,,,DC INFOTECH AND COMUN LTD,344.75,346.20,335.75,342.10,341.00,343.05,,341.85,,,41119,14037999.45,1876,F1,1,,,,,
2026-10-07,2026-10-07,CM,NSE,STK,13725,INE503A01015,DCBBANK,EQ,,,,,DCB BANK LIMITED,197.32,202.40,195.38,201.19,202.00,200.78,,201.19,,,2087086,416093596.41,73530,F1,1,,,,,
2026-10-07,2026-10-07,CM,NSE,STK,23524,INE0S8401018,DCG,ST,,,,,DCG CABLES & WIRES LTD,69.05,74.80,69.00,74.80,74.80,71.95,,74.80,,,28800,2070840.00,10,F1,1200,,,,,
2026-10-07,2026-10-07,CM,NSE,STK,4775,INE891B01012,DCMFINSERV,EQ,,,,,DCM FINANCIAL SERVICES LT,5.23,5.29,5.11,5.15,5.15,5.21,,5.15,,,11459,59227.27,119,F1,1,,,,,
2026-10-07,2026-10-07,CM,NSE,STK,805,INE498A01018,DCM,EQ,,,,,DCM LTD,72.32,72.50,70.90,71.01,70.99,71.96,,71.02,,,4425,315866.30,80,F1,1,,,,,
2026-10-07,2026-10-07,CM,NSE,STK,11041,INE08KP01019,DCMNVL,BE,,,,,DCM NOUVELLE LIMITED,175.00,175.00,171.00,172.99,172.00,172.00,,172.99,,,1578,273074.12,15,F1,1,,,,,
2026-10-07,2026-10-07,CM,NSE,STK,760893,INE0OFM01015,DSFCL,BE,,,,,DCM SHRIRAM FINE CHEM LTD,28.40,29.33,27.81,29.33,29.33,27.94,,29.39,,,82108,2393450.85,159,F1,1,,,,,
2026-10-07,2026-10-07,CM,NSE,STK,7325,INE843D01027,DCMSRIND,EQ,,,,,DCM SHRIRAM IND LTD,39.78,40.70,39.37,39.81,40.00,39.78,,39.81,,,347094,13915873.38,2365,F1,1,,,,,
2026-10-07,2026-10-07,CM,NSE,STK,760896,INE0OU201013,DCMSIL,EQ,,,,,DCM SHRIRAM INTERNATNL L,79.94,83.18,78.20,79.22,78.20,78.87,,79.44,,,82748,6629864.72,1289,F1,1,,,,,
2026-10-07,2026-10-07,CM,NSE,STK,811,INE499A01024,DCMSHRIRAM,EQ,,,,,DCM SHRIRAM LIMITED,980.00,984.55,960.00,969.30,969.00,988.85,,969.34,,,83135,81046030.60,9531,F1,1,,,,,
2026-10-07,2026-10-07,CM,NSE,STK,817,INE500A01029,DCW,EQ,,,,,DCW LTD,46.00,47.18,45.65,46.60,46.55,46.37,,46.60,,,1177308,54794030.29,7262,F1,1,,,,,
2026-10-07,2026-10-07,CM,NSE,STK,11895,INE0KL801015,DCXINDIA,EQ,,,,,DCX SYSTEMS LIMITED,159.94,159.94,156.00,157.88,158.33,160.23,,157.89,,,182014,28786875.41,4188,F1,1,,,,,
2026-10-07,2026-10-07,CM,NSE,STK,29098,INE0HR601026,DDEVPLSTIK,EQ,,,,,DDEV PLASTIKS IND LTD,251.00,256.00,247.05,254.05,255.90,249.79,,254.12,,,50972,12754089.52,1699,F1,1,,,,,
2026-10-07,2026-10-07,CM,NSE,STK,15449,INE0JWV01011,DENEERS,SM,,,,,DE NEERS TOOLS LIMITED,168.00,169.95,165.00,166.25,168.95,167.05,,166.25,,,20400,3402690.00,33,F1,600,,,,,
2026-10-07,2026-10-07,CM,NSE,STK,4279,INE244A01016,DENORA,EQ,,,,,DE NORA INDIA LIMITED,735.30,746.55,713.00,720.65,713.00,729.10,,720.63,,,6338,4624850.60,734,F1,1,,,,,
2026-10-07,2026-10-07,CM,NSE,STK,14838,INE583C01021,DECCANCE,EQ,,,,,DECCAN CEMENTS LIMITED,550.35,557.90,542.00,545.25,544.00,556.85,,545.25,,,8087,4425185.75,352,F1,1,,,,,
2026-10-07,2026-10-07,CM,NSE,STK,762638,INE945F01025,DECNGOLD,EQ,,,,,DECCAN GOLD MINES LTD.,199.40,200.89,194.41,198.24,198.22,199.16,,198.19,,,601356,118521805.45,9505,F1,1,,,,,
2026-10-07,2026-10-07,CM,NSE,STK,25421,INE0S7C01019,DECCANTRAN,SM,,,,,DECCAN TRANSCON LEASING L,20.50,21.00,20.50,20.55,20.55,20.55,,20.55,,,6000,124260.00,5,F1,1200,,,,,
2026-10-07,2026-10-07,CM,NSE,STK,24154,INE841L01016,DEEDEV,EQ,,,,,DEE DEVELOPMENT ENG LTD,651.00,657.40,619.15,624.10,624.00,651.70,,624.20,,,289726,182785790.35,11089,F1,1,,,,,
2026-10-07,2026-10-07,CM,NSE,STK,3292,INE0FHS01024,DEEPINDS,EQ,,,,,DEEP INDUSTRIES LIMITED,749.90,808.50,749.90,795.60,794.90,748.95,,795.73,,,817946,646970152.00,34433,F1,1,,,,,
2026-10-07,2026-10-07,CM,NSE,STK,765058,INE00IY01012,DEEP,BE,,,,,DEEP POLYMERS LTD.,41.23,41.23,38.98,39.03,39.00,41.03,,39.03,,,21288,834259.24,123,F1,1,,,,,
2026-10-07,2026-10-07,CM,NSE,STK,765931,INE1M2N01020,DEEPA,EQ,,,,,DEEPA JEWELLERS LIMITED,215.40,242.40,215.14,227.06,225.04,214.04,,227.06,,,21380382,4959867243.91,242417,F1,1,,,,,
2026-10-07,2026-10-07,CM,NSE,STK,25892,INE0OPA01027,DBEIL,EQ,,,,,DEEPAK BUILDERS & ENG I L,6.75,6.75,6.43,6.55,6.59,6.52,,6.55,,,993302,6462183.75,372,F1,1,,,,,
2026-10-07,2026-10-07,CM,NSE,STK,827,INE501A01019,DEEPAKFERT,EQ,,,,,DEEPAK FERTILIZERS & PETR,1392.50,1421.00,1361.90,1415.40,1405.60,1385.60,,1415.61,,,423588,592764455.40,32387,F1,1,,,,,
2026-10-07,2026-10-07,CM,NSE,STK,19943,INE288B01029,DEEPAKNTR,EQ,,,,,DEEPAK NITRITE LTD,1559.90,1561.50,1536.00,1553.90,1551.00,1560.60,,1553.91,,,121384,188161290.50,14213,F1,1,,,,,
2026-10-07,2026-10-07,CM,NSE,STK,22527,INE0SK801018,DELAPLEX,SM,,,,,DELAPLEX LIMITED,97.80,98.00,96.10,96.10,96.10,95.50,,96.10,,,3000,292680.00,5,F1,600,,,,,
2026-10-07,2026-10-07,CM,NSE,STK,9599,INE148O01028,DELHIVERY,EQ,,,,,DELHIVERY LIMITED,407.50,407.50,398.15,398.15,398.15,407.50,,398.19,,,1068381,429152591.95,22042,F1,1,,,,,
2026-10-07,2026-10-07,CM,NSE,STK,24395,INE726L01027,DELPHIFX,BE,,,,,DELPHI WORLD MONEY LTD,7.31,7.31,7.31,7.31,7.31,7.17,,7.27,,,54878,401158.18,26,F1,1,,,,,
2026-10-07,2026-10-07,CM,NSE,STK,29092,INE0XRN01019,DELTIC,SM,,,,,DELTA AUTOCORP LIMITED,34.20,35.00,34.20,35.00,35.00,35.90,,35.00,,,2000,69200.00,2,F1,1000,,,,,
2026-10-07,2026-10-07,CM,NSE,STK,15044,INE124G01033,DELTACORP,EQ,,,,,DELTA CORP LIMITED,84.23,85.20,81.32,82.37,82.00,84.34,,82.37,,,13502678,1122075086.13,49690,F1,1,,,,,
2026-10-07,2026-10-07,CM,NSE,STK,1214,INE393A01011,DELTAMAGNT,EQ,,,,,DELTA MANUFACTURING LTD,57.90,57.90,55.55,56.47,56.55,56.24,,56.48,,,2179,121656.70,82,F1,1,,,,,
2026-10-07,2026-10-07,CM,NSE,STK,17722,INE947J01015,DEN,EQ,,,,,DEN NETWORKS LTD,25.77,26.29,25.77,26.10,26.02,25.78,,26.10,,,194499,5071833.87,963,F1,1,,,,,
2026-10-07,2026-10-07,CM,NSE,STK,29256,INE0R4L01018,DENTA,EQ,,,,,DENTA WATER N INFRA SOL L,260.75,265.20,260.75,263.70,263.50,263.20,,263.70,,,34985,9224792.10,1399,F1,1,,,,,
2026-10-07,2026-10-07,CM,NSE,STK,759079,INE0VOV01021,DEVX,EQ,,,,,DEV ACCELERATOR LIMITED,40.00,40.88,39.50,40.37,40.18,39.62,,40.37,,,174355,7028295.72,2163,F1,1,,,,,
2026-10-07,2026-10-07,CM,NSE,STK,8146,INE060X01034,DEVIT,EQ,,,,,DEV INFO TECHNOLOGY LTD,21.40,21.69,19.26,19.96,20.05,21.36,,19.96,,,154703,3098695.97,1774,F1,1,,,,,
2026-10-07,2026-10-07,CM,NSE,STK,5373,INE872J01023,DEVYANI,EQ,,,,,DEVYANI INTERNATIONAL LTD,129.00,131.45,128.52,128.98,129.10,129.53,,128.98,,,377773,48975123.32,6606,F1,1,,,,,
2026-10-07,2026-10-07,CM,NSE,STK,764661,INE260R01016,DHABRIYA,BE,,,,,DHABRIYA POLYWOOD LTD.,454.35,477.05,445.70,477.05,477.05,454.35,,477.05,,,83304,39691802.35,134,F1,1,,,,,
2026-10-07,2026-10-07,CM,NSE,STK,10893,INE0I3401014,DBOL,EQ,,,,,DHAMPUR BIO ORGANICS LTD,137.41,142.82,135.02,140.25,140.35,137.90,,140.24,,,767613,107535385.70,13981,F1,1,,,,,
2026-10-07,2026-10-07,CM,NSE,STK,857,INE041A01016,DHAMPURSUG,EQ,,,,,DHAMPUR SUGAR MILLS LTD.,190.32,193.42,185.16,188.92,188.30,188.81,,188.92,,,1200310,227472377.32,20957,F1,1,,,,,
2026-10-07,2026-10-07,CM,NSE,STK,11359,INE680A01011,DHANBANK,EQ,,,,,DHANLAXMI BANK LIMITED,28.90,34.16,28.41,32.83,32.82,28.83,,32.83,,,18177967,590913654.29,54087,F1,1,,,,,
2026-10-07,2026-10-07,CM,NSE,STK,27723,INE0V9V01010,DHANLAXMI,SM,,,,,DHANLAXMI CROP SCIENCE L,27.85,27.85,27.00,27.00,27.00,26.50,,27.00,,,16000,434400.00,8,F1,2000,,,,,
2026-10-07,2026-10-07,CM,NSE,STK,24418,INE0M3I01029,DHANSA,ST,,,,,DHANSA LABS LIMITED,27.10,28.20,27.10,28.20,28.20,27.10,,28.20,,,4000,110600.00,2,F1,2000,,,,,
2026-10-07,2026-10-07,CM,NSE,STK,24409,INE435G01025,DHANUKA,EQ,,,,,DHANUKA AGRITECH LTD,910.00,910.00,890.00,891.80,893.00,909.55,,891.80,,,30723,27502799.50,4594,F1,1,,,,,
2026-10-07,2026-10-07,CM,NSE,STK,759203,INE278R01034,DHARAN,BZ,,,,,DHARAN INFRA-EPC LIMITED,0.15,0.15,0.14,0.14,0.15,0.14,,0.14,,,9949230,1425833.22,1252,F1,1,,,,,
2026-10-07,2026-10-07,CM,NSE,STK,24747,INE0YRN01025,DHARIWAL,SM,,,,,DHARIWALCORP LIMITED,27.75,28.50,27.70,28.40,28.50,27.85,,28.40,,,21000,589500.00,7,F1,3000,,,,,
2026-10-07,2026-10-07,CM,NSE,STK,13001,INE00OQ01016,DHARMAJ,EQ,,,,,DHARMAJ CROP GUARD LTD,264.55,270.70,264.55,267.35,265.50,266.55,,267.35,,,80497,21606207.05,1804,F1,1,,,,,
2026-10-07,2026-10-07,CM,NSE,STK,765060,INE715T01031,DHATRE,EQ,,,,,DHATRE UDYOG LTD.,3.90,4.03,3.56,3.94,4.00,3.93,,3.94,,,122281,478580.36,208,F1,1,,,,,
2026-10-07,2026-10-07,CM,NSE,STK,764553,INE01NH01023,DHOOTTRANS,EQ,,,,,DHOOT TRANSMISSION LTD,1476.00,1477.00,1431.60,1463.70,1464.00,1474.10,,1463.66,,,902562,1312654654.50,45404,F1,1,,,,,
2026-10-07,2026-10-07,CM,NSE,STK,6858,INE506Z01015,DHRUV,EQ,,,,,DHRUV CONSULTANCY SER LTD,19.90,19.90,19.00,19.47,19.12,19.50,,19.45,,,1692,33137.71,31,F1,1,,,,,
2026-10-07,2026-10-07,CM,NSE,STK,22233,INE320L01011,DHUNINV,EQ,,,,,DHUNSERI INVESTMENTS LTD,970.50,990.50,962.00,971.95,964.00,966.90,,972.04,,,581,571302.45,124,F1,1,,,,,
2026-10-07,2026-10-07,CM,NSE,STK,6239,INE341R01014,DTIL,BE,,,,,DHUNSERI TEA & IND. LTD.,154.00,156.45,152.00,152.37,152.00,154.00,,152.37,,,1564,238581.30,26,F1,1,,,,,
2026-10-07,2026-10-07,CM,NSE,STK,15214,INE477B01010,DVL,EQ,,,,,DHUNSERI VENTURES LIMITED,274.55,279.75,274.05,275.90,274.30,278.60,,275.89,,,3326,918488.65,192,F1,1,,,,,
2026-10-07,2026-10-07,CM,NSE,STK,18644,INE591D01014,DIAMINESQ,EQ,,,,,DIAMINES & CHEMICALS LTD,242.20,246.00,237.00,239.04,238.05,244.54,,239.01,,,3725,898021.64,238,F1,1,,,,,
2026-10-07,2026-10-07,CM,NSE,STK,18545,INE989C01038,DIACABS,BE,,,,,DIAMOND POWER INFRA LTD,367.00,379.45,362.00,369.15,369.75,368.30,,369.17,,,847344,313284003.90,11020,F1,1,,,,,
2026-10-07,2026-10-07,CM,NSE,STK,703,INE303A01010,DICIND,EQ,,,,,DIC INDIA LIMITED,614.45,617.45,606.80,610.35,606.80,619.20,,610.35,,,546,333979.15,66,F1,1,,,,,
2026-10-07,2026-10-07,CM,NSE,STK,24313,INE0JRD01019,DTL,SM,,,,,DIENSTEN TECH LIMITED,120.05,120.05,120.05,120.05,120.05,120.05,,120.05,,,1200,144060.00,1,F1,1200,,,,,
2026-10-07,2026-10-07,CM,NSE,STK,25672,INE184O01015,DIFFNKG,EQ,,,,,DIFFUSION ENGINEERS LTD,453.00,461.70,445.10,452.85,456.00,454.10,,452.91,,,89977,40703194.20,4419,F1,1,,,,,
2026-10-07,2026-10-07,CM,NSE,STK,10346,INE03JI01017,DGCONTENT,EQ,,,,,DIGICONTENT LIMITED,24.98,24.98,23.82,24.16,23.82,24.73,,24.16,,,11162,270755.57,124,F1,1,,,,,
2026-10-07,2026-10-07,CM,NSE,STK,21247,INE0PSC01024,DIGIDRIVE,EQ,,,,,DIGIDRIVE DISTRIBUTORS L,17.70,18.37,17.61,18.10,18.15,17.95,,18.10,,,14204,254945.53,179,F1,1,,,,,
2026-10-07,2026-10-07,CM,NSE,STK,19138,INE0QJ901011,DIGIKORE,SM,,,,,DIGIKORE STUDIOS LIMITED,37.50,37.80,36.05,36.45,36.45,36.15,,36.45,,,22400,827640.00,40,F1,400,,,,,
2026-10-07,2026-10-07,CM,NSE,STK,16683,INE927C01020,DIGISPICE,EQ,,,,,DIGISPICE TECHNOLOGIES LT,15.05,15.30,15.05,15.28,15.30,15.12,,15.32,,,26231,399494.84,132,F1,1,,,,,
2026-10-07,2026-10-07,CM,NSE,STK,757515,INE0U4701011,DIGITIDE,EQ,,,,,DIGITIDE SOLUTIONS LTD,73.25,79.44,73.25,75.70,75.40,74.01,,75.70,,,447269,34250210.99,5459,F1,1,,,,,
2026-10-07,2026-10-07,CM,NSE,STK,6136,INE731U01028,DIGJAMLMTD,BE,,,,,DIGJAM LTD,47.02,49.85,47.00,47.50,47.50,47.52,,47.51,,,6892,329417.26,28,F1,1,,,,,
2026-10-07,2026-10-07,CM,NSE,STK,641,INE016M01021,DNAMEDIA,EQ,,,,,DILIGENT MEDIA CORP LTD.,2.36,2.56,2.31,2.47,2.48,2.42,,2.47,,,63681,155286.84,110,F1,1,,,,,
2026-10-07,2026-10-07,CM,NSE,STK,18086,INE917M01012,DBL,EQ,,,,,DILIP BUILDCON LIMITED,399.30,415.20,394.05,409.25,409.00,400.80,,409.26,,,320390,131083786.50,11563,F1,1,,,,,
2026-10-07,2026-10-07,CM,NSE,STK,762643,INE131C01011,DISAQ,EQ,,,,,DISA INDIA LTD.,11201.00,11899.00,11201.00,11419.00,11411.00,11540.00,,11429.76,,,136,1575810.00,33,F1,1,,,,,
2026-10-07,2026-10-07,CM,NSE,STK,14537,INE836F01026,DISHTV,EQ,,,,,DISH TV INDIA LTD.,2.14,2.16,2.12,2.14,2.14,2.12,,2.14,,,611175,1309005.11,1061,F1,1,,,,,
2026-10-07,2026-10-07,CM,NSE,STK,21704,INE385W01011,DCAL,EQ,,,,,DISHMAN CARBO AMCIS LTD,153.86,153.90,151.30,152.46,152.41,153.57,,152.46,,,105155,16025497.03,2843,F1,1,,,,,
2026-10-07,2026-10-07,CM,NSE,STK,14479,INE753U01022,DIVGIITTS,EQ,,,,,DIVGI TORQTRANSFER SYST L,1111.20,1119.50,1080.00,1092.90,1096.00,1119.20,,1092.89,,,116709,127991841.00,9208,F1,1,,,,,
2026-10-07,2026-10-07,CM,NSE,STK,10940,INE361B01024,DIVISLAB,EQ,,,,,DIVI S LABORATORIES LTD,9500.50,9660.00,9494.00,9588.00,9588.00,9550.00,,9587.96,,,422217,4040650727.00,42362,F1,1,,,,,
2026-10-07,2026-10-07,CM,NSE,STK,30262,INE0NA501011,DIVINEHIRA,ST,,,,,DIVINE HIRA JEWELLERS LTD,108.00,108.00,108.00,108.00,108.00,106.40,,108.00,,,1200,129600.00,1,F1,1200,,,,,
2026-10-07,2026-10-07,CM,NSE,STK,24286,INE0SCO01019,DPEL,SM,,,,,DIVINE POWER ENERGY LTD,613.00,615.00,600.00,605.95,610.70,612.60,,605.95,,,20000,12129800.00,39,F1,500,,,,,
2026-10-07,2026-10-07,CM,NSE,STK,21690,INE935N01020,DIXON,EQ,,,,,DIXON TECHNO (INDIA) LTD,13030.00,13072.00,12897.00,13024.00,13024.00,13015.00,,13023.59,,,157095,2037707967.00,26788,F1,1,,,,,
2026-10-07,2026-10-07,CM,NSE,STK,12749,INE0B1K01014,DJML,EQ,,,,,DJ MEDIAPRINT & LOG LTD,73.86,75.68,71.01,72.62,72.06,73.87,,72.62,,,236745,17600080.55,1264,F1,1,,,,,
2026-10-07,2026-10-07,CM,NSE,STK,14732,INE271C01023,DLF,EQ,,,,,DLF LIMITED,664.95,666.45,652.40,656.00,656.00,666.10,,656.00,,,3028905,1991607647.35,44774,F1,1,,,,,
2026-10-07,2026-10-07,CM,NSE,STK,6973,INE505A01010,DMCC,EQ,,,,,DMCC SPECIALITY CHEMICALS,352.25,364.30,348.15,356.05,353.10,355.80,,355.97,,,373447,133188121.15,12284,F1,1,,,,,
2026-10-07,2026-10-07,CM,NSE,STK,22533,INE0OGG01015,DHTL,SM,,,,,DOCMODE HEALTH TECH LTD,23.50,23.50,23.50,23.50,23.50,23.55,,23.50,,,16000,376000.00,2,F1,800,,,,,
2026-10-07,2026-10-07,CM,NSE,STK,4822,INE021O01019,DODLA,EQ,,,,,DODLA DAIRY LIMITED,1024.90,1024.90,1007.30,1013.30,1007.30,1019.90,,1013.30,,,10009,10160288.70,1480,F1,1,,,,,
2026-10-07,2026-10-07,CM,NSE,STK,12124,INE966A01022,DOLATALGO,EQ,,,,,DOLAT ALGOTECH LIMITED,62.25,62.82,60.20,61.68,61.50,62.46,,61.69,,,198973,12269289.50,2560,F1,1,,,,,
2026-10-07,2026-10-07,CM,NSE,STK,20560,INE325C01035,DOLLAR,EQ,,,,,DOLLAR INDUSTRIES LIMITED,276.10,284.00,274.00,278.95,277.20,278.55,,278.95,,,62881,17606870.95,2320,F1,1,,,,,
2026-10-07,2026-10-07,CM,NSE,STK,765977,INE0JHH01011,DOLLEX,EQ,,,,,DOLLEX AGROTECH LIMITED,37.66,37.98,36.50,37.49,37.93,36.92,,37.49,,,29379,1085323.71,427,F1,1,,,,,
2026-10-07,2026-10-07,CM,NSE,STK,18139,INE920A01037,DOLPHIN,EQ,,,,,DOLPHIN OFF ENT (IND) L,630.05,660.00,630.05,652.90,649.95,643.35,,652.93,,,34501,22560067.10,2054,F1,1,,,,,
2026-10-07,2026-10-07,CM,NSE,STK,20551,INE321T01012,DOMS,EQ,,,,,DOMS INDUSTRIES LIMITED,2070.00,2075.80,2052.10,2058.90,2060.00,2073.20,,2058.95,,,8258,17034125.30,2011,F1,1,,,,,
2026-10-07,2026-10-07,CM,NSE,STK,13839,INE668D01028,DONEAR,EQ,,,,,DONEAR IND. LIMITED,80.50,81.20,80.11,80.86,81.15,80.39,,80.86,,,8189,660570.16,118,F1,1,,,,,
2026-10-07,2026-10-07,CM,NSE,STK,15423,INE360C01024,DPSCLTD,BE,,,,,DPSC LIMITED,6.56,6.66,6.41,6.44,6.50,6.56,,6.44,,,111287,721754.26,517,F1,1,,,,,
2026-10-07,2026-10-07,CM,NSE,STK,29452,INE943P01029,AGARWALEYE,EQ,,,,,DR AGARWALS HEALTH CARE L,480.25,490.00,479.10,483.25,485.85,486.85,,483.24,,,199969,96685431.65,13344,F1,1,,,,,
2026-10-07,2026-10-07,CM,NSE,STK,762648,INE934C01018,DRAGARWQ,EQ,,,,,DR. AGARWAL'S EYE HOSP L,5200.00,5242.50,5154.00,5198.00,5180.00,5195.00,,5197.11,,,1891,9818459.50,572,F1,1,,,,,
2026-10-07,2026-10-07,CM,NSE,STK,11654,INE600L01024,LALPATHLAB,EQ,,,,,DR. LAL PATH LABS LTD.,1952.50,1970.00,1930.70,1945.10,1938.00,1964.20,,1945.11,,,254536,495385574.40,32503,F1,1,,,,,
2026-10-07,2026-10-07,CM,NSE,STK,881,INE089A01031,DRREDDY,EQ,,,,,DR. REDDY S LABORATORIES,1208.00,1222.80,1192.20,1203.80,1203.80,1208.00,,1203.79,,,1754646,2116834876.30,63324,F1,1,,,,,
2026-10-07,2026-10-07,CM,NSE,STK,2645,INE03RS01027,DRCSYSTEMS,EQ,,,,,DRC SYSTEMS INDIA LIMITED,13.22,13.69,12.56,12.96,12.96,12.92,,12.96,,,44519,577446.42,301,F1,1,,,,,
2026-10-07,2026-10-07,CM,NSE,STK,10859,INE0JS101016,DREAMFOLKS,EQ,,,,,DREAMFOLKS SERVICES LTD,60.50,61.14,60.01,60.13,60.20,60.66,,60.13,,,34299,2075995.04,678,F1,1,,,,,
2026-10-07,2026-10-07,CM,NSE,STK,11271,INE506A01018,DREDGECORP,EQ,,,,,DREDGING CORP OF INDIA,904.50,942.00,894.00,931.00,930.00,909.00,,930.94,,,353668,324407643.30,15638,F1,1,,,,,
2026-10-07,2026-10-07,CM,NSE,STK,17372,INE0P7201019,DRONE,SM,,,,,DRONE DESTINATION LIMITED,34.00,34.00,33.00,33.05,33.00,33.30,,33.05,,,25000,832725.00,38,F1,500,,,,,
2026-10-07,2026-10-07,CM,NSE,STK,8772,INE891A01022,DSKULKARNI,BE,,,,,DS KULKARNI DEVELOPERS L,27.66,27.66,27.66,27.66,27.66,27.12,,27.66,,,223,6168.18,7,F1,1,,,,,
2026-10-07,2026-10-07,CM,NSE,STK,778,INE055C01020,KEEPLEARN,EQ,,,,,DSJ KEEP LEARNING LTD,1.81,1.95,1.70,1.86,1.88,1.79,,1.86,,,116852,214975.69,239,F1,1,,,,,
2026-10-07,2026-10-07,CM,NSE,STK,1927,INF740KA1EU7,LIQUIDETF,EQ,,,,,DSP LIQUID ETF,1000.00,1000.01,999.99,1000.00,1000.00,1000.00,,1000.00,,,93403,93403010.44,283,F1,1,,,,,
2026-10-07,2026-10-07,CM,NSE,STK,761364,INF740KA1YH2,BANK10ADD,EQ,,,,,DSPAMC - BANK10ADD,16.28,16.42,16.25,16.35,16.42,16.32,,16.35,,,1435058,23393769.79,274,F1,1,,,,,
2026-10-07,2026-10-07,CM,NSE,STK,13644,INF740KA1RX3,BANKADD,EQ,,,,,DSPAMC - DSPBANK,56.21,56.78,56.09,56.50,56.55,56.35,,56.50,,,18139,1025551.81,129,F1,1,,,,,
2026-10-07,2026-10-07,CM,NSE,STK,15356,INF740KA1ZP2,GOLDADD,EQ,,,,,DSPAMC - DSPGOLD,14.31,14.31,14.23,14.24,14.25,14.29,,14.24,,,3210535,45735524.38,7811,F1,1,,,,,
2026-10-07,2026-10-07,CM,NSE,STK,17207,INF740KA1SX1,ITADD,EQ,,,,,DSPAMC - DSPIT,29.76,29.87,29.42,29.58,29.64,29.79,,29.58,,,36632,1078776.32,77,F1,1,,,,,
2026-10-07,2026-10-07,CM,NSE,STK,6606,INF740KA1QK2,EQUAL50ADD,EQ,,,,,DSPAMC - DSPNEWETF,323.49,328.00,320.07,321.69,320.25,323.46,,321.63,,,26775,8645043.40,437,F1,1,,,,,
2026-10-07,2026-10-07,CM,NSE,STK,7451,INF740KA1CL0,NIFTYADD,EQ,,,,,DSPAMC - DSPNIFTY,242.32,242.32,237.71,238.12,237.71,239.92,,238.12,,,3953,944228.78,169,F1,1,,,,,
2026-10-07,2026-10-07,CM,NSE,STK,17616,INF740KA1SY9,PSUBANKADD,EQ,,,,,DSPAMC - DSPPSBKETF,79.03,82.10,79.03,81.72,82.10,80.60,,81.72,,,20961,1707695.70,164,F1,1,,,,,
2026-10-07,2026-10-07,CM,NSE,STK,17576,INF740KA1TA7,PVTBANKADD,EQ,,,,,DSPAMC - DSPPVBKETF,27.42,27.74,27.36,27.48,27.45,27.55,,27.48,,,1861463,51172931.33,1397,F1,1,,,,,
2026-10-07,2026-10-07,CM,NSE,STK,7456,INF740KA1ZF3,MIDQ50ADD,EQ,,,,,DSPAMC - DSPQ50ETF,23.83,23.83,23.62,23.74,23.76,23.83,,23.74,,,25074,594107.62,199,F1,1,,,,,
2026-10-07,2026-10-07,CM,NSE,STK,17613,INF740KA1SZ6,SENSEXADD,EQ,,,,,DSPAMC - DSPSENXETF,75.17,75.48,75.00,75.12,75.41,75.35,,75.12,,,1342,100786.70,30,F1,1,,,,,
2026-10-07,2026-10-07,CM,NSE,STK,10761,INF740KA1ZQ0,SILVERADD,EQ,,,,,DSPAMC - DSPSILVETF,21.20,21.23,21.03,21.06,21.09,21.23,,21.06,,,1385049,29243189.57,3188,F1,1,,,,,
2026-10-07,2026-10-07,CM,NSE,STK,759368,INF740KA1WU9,FLEXIADD,EQ,,,,,DSPAMC - FLEXIADD,9.50,9.55,9.42,9.46,9.51,9.50,,9.48,,,63186,597859.18,378,F1,1,,,,,
2026-10-07,2026-10-07,CM,NSE,STK,763530,INF740KA1ZA4,FMCGADD,EQ,,,,,DSPAMC - FMCGADD,45.27,46.18,44.92,45.00,45.17,45.27,,45.00,,,8349,375974.31,122,F1,1,,,,,
2026-10-07,2026-10-07,CM,NSE,STK,765310,INF740KA1ZI7,GSEC10ADD,EQ,,,,,DSPAMC - GSEC10ADD,26.53,26.53,26.53,26.53,26.53,26.50,,26.53,,,16,424.48,3,F1,1,,,,,
2026-10-07,2026-10-07,CM,NSE,STK,22592,INF740KA1ZG1,HEALTHADD,EQ,,,,,DSPAMC - HEALTHADD,16.25,16.69,16.14,16.32,16.29,16.25,,16.33,,,8415,136475.41,94,F1,1,,,,,
2026-10-07,2026-10-07,CM,NSE,STK,766430,INF740KA1ZR8,INSURADD,EQ,,,,,DSPAMC - INSURADD,14.55,14.66,14.50,14.61,14.63,14.51,,14.61,,,15407,225160.74,37,F1,1,,,,,
2026-10-07,2026-10-07,CM,NSE,STK,23407,INF740KA1UM0,LIQUIDADD,EQ,,,,,DSPAMC - LIQUIDADD,1148.01,1148.04,1148.01,1148.02,1148.02,1147.87,,1148.02,,,321398,368974015.62,263,F1,1,,,,,
2026-10-07,2026-10-07,CM,NSE,STK,764428,INF740KA1ZH9,MIDBANKADD,EQ,,,,,DSPAMC - MIDBANKADD,16.33,16.48,16.22,16.34,16.39,16.48,,16.36,,,7255,118648.96,58,F1,1,,,,,
2026-10-07,2026-10-07,CM,NSE,STK,760356,INF740KA1WW5,MIDCAPADD,EQ,,,,,DSPAMC - MIDCAPADD,22.20,22.20,21.77,21.83,22.00,22.21,,21.83,,,29293,641878.12,294,F1,1,,,,,
2026-10-07,2026-10-07,CM,NSE,STK,759978,INF740KA1WV7,MSCIADD,EQ,,,,,DSPAMC - MSCIADD,27.83,27.89,27.83,27.88,27.88,28.03,,27.88,,,1216,33858.89,108,F1,1,,,,,
2026-10-07,2026-10-07,CM,NSE,STK,29464,INF740KA1VE5,NEXT30ADD,EQ,,,,,DSPAMC - NEXT30ADD,40.19,40.25,39.81,39.96,40.11,40.29,,39.96,,,15717,628649.90,67,F1,1,,,,,
2026-10-07,2026-10-07,CM,NSE,STK,760599,INF740KA1XU7,NEXT50ADD,EQ,,,,,DSPAMC - NEXT50ADD,70.14,70.33,69.78,69.98,69.98,70.56,,69.98,,,5182,362806.59,40,F1,1,,,,,
2026-10-07,2026-10-07,CM,NSE,STK,760359,INF740KA1WX3,SMALLADD,EQ,,,,,DSPAMC - SMALLADD,17.98,18.11,17.96,18.04,18.00,17.98,,18.04,,,19696,355192.99,195,F1,1,,,,,
2026-10-07,2026-10-07,CM,NSE,STK,25171,INF740KA1UR9,TOP10ADD,EQ,,,,,DSPAMC - TOP10ADD,83.84,84.18,83.31,83.76,83.61,83.84,,83.76,,,110150,9245662.48,339,F1,1,,,,,
2026-10-07,2026-10-07,CM,NSE,STK,28952,INE741L01018,DUCON,EQ,,,,,DUCON INFRATECHNOLOGIES L,1.49,1.49,1.42,1.49,1.49,1.42,,1.50,,,1241981,1834353.80,372,F1,1,,,,,
2026-10-07,2026-10-07,CM,NSE,STK,24164,INE0OUW01013,DURLAX,SM,,,,,DURLAX TOP SURFACE LTD,64.90,65.00,61.10,61.95,61.10,63.75,,61.95,,,144000,9030700.00,71,F1,2000,,,,,
2026-10-07,2026-10-07,CM,NSE,STK,11667,INE366A01041,DWARKESH,EQ,,,,,DWARIKESH SUGAR IND LTD,46.89,47.95,46.11,46.80,46.71,46.86,,46.80,,,2479647,116648841.75,11784,F1,1,,,,,
2026-10-07,2026-10-07,CM,NSE,STK,25690,INE417B01040,DSSL,EQ,,,,,DYNACONS SYS & SOLN LTD,1034.40,1063.70,1018.00,1032.45,1034.90,1013.05,,1032.46,,,61664,64227445.20,4143,F1,1,,,,,
2026-10-07,2026-10-07,CM,NSE,STK,4525,INE221B01012,DYNAMATECH,EQ,,,,,DYNAMATIC TECHNOLOGIES,14180.00,14252.00,13660.00,13723.00,13662.00,14279.00,,13722.82,,,29509,410612741.00,10552,F1,1,,,,,
2026-10-07,2026-10-07,CM,NSE,STK,10417,INE600Y01019,DYCL,EQ,,,,,DYNAMIC CABLES LIMITED,442.60,446.00,436.45,441.05,441.00,446.05,,441.05,,,142269,62824163.10,5888,F1,1,,,,,
2026-10-07,2026-10-07,CM,NSE,STK,6079,INE0DZ701010,DYNAMIC,SM,,,,,DYNAMIC SRVCS & SEC LTD,131.65,132.00,130.00,130.05,130.00,131.00,,130.05,,,25500,3321125.00,13,F1,500,,,,,
2026-10-07,2026-10-07,CM,NSE,STK,21314,INE256H01015,DYNPRO,EQ,,,,,DYNEMIC PRODUCTS LIMITED,220.22,230.99,217.60,226.70,227.00,221.55,,226.70,,,7094,1588355.29,318,F1,1,,,,,
2026-10-07,2026-10-07,CM,NSE,STK,19267,INE0KFF01017,EFACTOR,SM,,,,,E FACTOR EXPERIENCES LTD,183.50,198.00,177.05,194.65,195.95,183.50,,194.65,,,26000,4936160.00,43,F1,400,,,,,
2026-10-07,2026-10-07,CM,NSE,STK,760531,INE1CEJ01017,E2ERAIL,SM,,,,,E TO E TRANS INFRA LTD,312.50,312.65,303.00,305.30,304.95,312.65,,305.30,,,94400,29134960.00,91,F1,800,,,,,
2026-10-07,2026-10-07,CM,NSE,STK,8940,INE255Z01027,E2E,BE,,,,,E2E NETWORKS LIMITED,678.90,723.30,678.80,723.30,723.30,688.90,,723.53,,,482956,345301075.35,3693,F1,1,,,,,
2026-10-07,2026-10-07,CM,NSE,STK,765065,INE595R01023,EASTWEST,EQ,,,,,EAST WEST FREIGHT CARRI L,2.24,2.36,2.19,2.35,2.35,2.22,,2.35,,,31194,70113.47,171,F1,1,,,,,
2026-10-07,2026-10-07,CM,NSE,STK,9769,INE962C01035,EASTSILK,BE,,,,,EASTERN SILK INDUSTRIES L,70.00,70.56,68.50,68.50,68.50,67.20,,68.50,,,1474,103427.64,15,F1,1,,,,,
2026-10-07,2026-10-07,CM,NSE,STK,2792,INE07O001026,EASEMYTRIP,EQ,,,,,EASY TRIP PLANNERS LTD,5.85,6.07,5.75,5.86,5.88,5.80,,5.86,,,27006843,159179500.56,10257,F1,1,,,,,
2026-10-07,2026-10-07,CM,NSE,STK,765073,INE432F01032,EBIX,BE,,,,,EBIX LIMITED,17.40,17.57,16.80,17.26,17.07,17.01,,17.25,,,21249,367181.12,79,F1,1,,,,,
2026-10-07,2026-10-07,CM,NSE,STK,759974,INE528S07110,888ECL28,N1,,,,,ECL 8.88% 2028 SR V,982.00,982.00,982.00,982.00,982.00,999.99,,982.00,,,2,1964.00,1,F1,1,,,,,
2026-10-07,2026-10-07,CM,NSE,STK,759975,INE528S07128,925ECL28,N2,,,,,ECL 9.25% 2028 SR VI,1032.88,1032.88,1032.88,1032.88,1032.88,1032.88,,1032.88,,,82,84696.16,2,F1,1,,,,,
2026-10-07,2026-10-07,CM,NSE,STK,15179,INE738I01010,ECLERX,EQ,,,,,ECLERX SERVICES LTD,1917.50,1917.50,1868.80,1896.00,1900.00,1917.20,,1896.01,,,122326,231441639.90,13980,F1,1,,,,,
2026-10-07,2026-10-07,CM,NSE,STK,764663,INE316A01038,ECORECO,EQ,,,,,ECO RECYCLING LTD.,445.95,445.95,416.90,424.25,419.00,438.70,,424.71,,,15821,6696234.60,1310,F1,1,,,,,
2026-10-07,2026-10-07,CM,NSE,STK,759961,INE0VBS01016,ECOLINE,SM,,,,,ECOLINE EXIM LIMITED,184.95,190.00,184.00,187.40,189.00,184.95,,187.40,,,32000,5961400.00,21,F1,1000,,,,,
2026-10-07,2026-10-07,CM,NSE,STK,25060,INE06HJ01020,ECOSMOBLTY,EQ,,,,,ECOS (INDIA) MOB & HOSP L,111.00,113.87,105.92,108.24,108.01,110.42,,108.25,,,37693,4102995.47,1255,F1,1,,,,,
2026-10-07,2026-10-07,CM,NSE,STK,7196,INF754K01OB1,BBETF0432,EQ,,,,,EDELAMC - BBETF0432,1362.86,1362.86,1334.02,1337.00,1337.00,1336.14,,1337.00,,,756,1010258.84,34,F1,1,,,,,
2026-10-07,2026-10-07,CM,NSE,STK,764378,INF754K01XH9,EBANK10,EQ,,,,,EDELAMC - EBANK10,15.89,16.32,15.89,16.32,16.32,16.30,,16.24,,,2218,35854.96,17,F1,1,,,,,
2026-10-07,2026-10-07,CM,NSE,STK,25258,INF754K01TE4,EBANKNIFTY,EQ,,,,,EDELAMC - EBANKNIFTY,55.46,55.85,55.40,55.41,55.40,55.70,,55.41,,,5366,298576.00,15,F1,1,,,,,
2026-10-07,2026-10-07,CM,NSE,STK,16253,INF754K01KO2,EBBETF0430,EQ,,,,,EDELAMC - EBBETF0430,1612.80,1612.80,1602.70,1605.78,1606.00,1607.48,,1605.77,,,20267,32537241.44,350,F1,1,,,,,
2026-10-07,2026-10-07,CM,NSE,STK,22239,INF754K01LE1,EBBETF0431,EQ,,,,,EDELAMC - EBBETF0431,1432.66,1432.66,1422.93,1423.34,1424.00,1427.32,,1423.34,,,18357,26146418.74,302,F1,1,,,,,
2026-10-07,2026-10-07,CM,NSE,STK,13139,INF754K01QX0,EBBETF0433,EQ,,,,,EDELAMC - EBBETF0433,1301.26,1303.86,1295.21,1298.74,1298.51,1301.26,,1298.82,,,1970,2560114.94,116,F1,1,,,,,
2026-10-07,2026-10-07,CM,NSE,STK,29019,INF754K01TX4,ECAPINSURE,EQ,,,,,EDELAMC - ECAPINSURE,23.10,23.32,22.92,23.28,23.25,23.35,,23.27,,,23880,552610.94,260,F1,1,,,,,
2026-10-07,2026-10-07,CM,NSE,STK,19933,INF754K01SE6,EGOLD,EQ,,,,,EDELAMC - EGOLD,146.80,147.10,146.05,146.50,146.50,147.05,,146.50,,,184363,27010194.85,721,F1,1,,,,,
2026-10-07,2026-10-07,CM,NSE,STK,759466,INF754K01VW2,ELIQUID,EQ,,,,,EDELAMC - ELIQUID,1050.82,1050.84,1050.82,1050.83,1050.84,1050.67,,1050.83,,,54380,57144335.90,13,F1,1,,,,,
2026-10-07,2026-10-07,CM,NSE,STK,758952,INF754K01VV4,ELM250,EQ,,,,,EDELAMC - ELM250,15.87,15.87,15.55,15.58,15.55,15.80,,15.58,,,180389,2831414.40,258,F1,1,,,,,
2026-10-07,2026-10-07,CM,NSE,STK,764367,INF754K01XI7,ELMDIV,EQ,,,,,EDELAMC - ELMDIV,34.54,34.57,34.29,34.51,34.51,34.49,,34.51,,,396,13640.20,8,F1,1,,,,,
2026-10-07,2026-10-07,CM,NSE,STK,764288,INF754K01XG1,EMETAL,EQ,,,,,EDELAMC - EMETAL,12.57,12.60,12.32,12.42,12.52,12.57,,12.42,,,11991,148959.63,63,F1,1,,,,,
2026-10-07,2026-10-07,CM,NSE,STK,25996,INF754K01TF1,EMULTIMQ,EQ,,,,,EDELAMC - EMULTIMQ,40.56,40.96,40.25,40.72,40.74,40.56,,40.72,,,46411,1884884.47,119,F1,1,,,,,
2026-10-07,2026-10-07,CM,NSE,STK,763540,INF754K01XF3,ENEXT50,EQ,,,,,EDELAMC - ENEXT50,70.26,70.26,69.15,69.61,69.63,69.92,,69.60,,,1127,77984.43,6,F1,1,,,,,
2026-10-07,2026-10-07,CM,NSE,STK,759998,INF754K01VX0,ENIFTY,EQ,,,,,EDELAMC - ENIFTY,23.59,23.59,22.76,22.85,22.85,23.02,,22.85,,,3274,74947.61,53,F1,1,,,,,
2026-10-07,2026-10-07,CM,NSE,STK,759995,INF754K01VY8,ESENSEX,EQ,,,,,EDELAMC - ESENSEX,73.57,73.73,73.00,73.17,73.00,73.64,,73.17,,,88,6450.72,23,F1,1,,,,,
2026-10-07,2026-10-07,CM,NSE,STK,20257,INF754K01SF3,ESILVER,EQ,,,,,EDELAMC - ESILVER,218.00,219.73,218.00,218.59,218.01,220.35,,218.59,,,103671,22667082.59,1578,F1,1,,,,,
2026-10-07,2026-10-07,CM,NSE,STK,15119,INE532F01054,EDELWEISS,EQ,,,,,EDELWEISS FIN SERV LTD,136.43,136.88,133.02,133.80,134.40,135.53,,133.80,,,2921934,394088634.69,22941,F1,1,,,,,
2026-10-07,2026-10-07,CM,NSE,STK,758675,INE886D01026,EFCIL,EQ,,,,,EFC (I) LIMITED,171.24,174.49,169.01,173.80,174.00,170.10,,173.80,,,240036,41172653.95,3561,F1,1,,,,,
2026-10-07,2026-10-07,CM,NSE,STK,24435,INE0U9101019,EFFWA,SM,,,,,EFFWA INFRA & RESEARCH L,341.00,344.50,335.00,341.50,341.00,343.35,,341.50,,,28800,9809380.00,71,F1,400,,,,,
2026-10-07,2026-10-07,CM,NSE,STK,910,INE066A01021,EICHERMOT,EQ,,,,,EICHER MOTORS LTD,7004.00,7050.00,6960.00,6960.00,6960.00,7051.00,,6960.00,,,272452,1907833003.00,31909,F1,1,,,,,
2026-10-07,2026-10-07,CM,NSE,STK,916,INE126A01031,EIDPARRY,EQ,,,,,EID PARRY INDIA LTD,698.00,701.75,691.00,699.55,701.00,699.20,,699.54,,,336016,234116053.15,21489,F1,1,,,,,
2026-10-07,2026-10-07,CM,NSE,STK,15399,INE276C01014,EIHAHOTELS,EQ,,,,,EIH ASSOCIATED HOTELS LTD,299.00,299.35,292.10,297.30,298.00,297.80,,297.15,,,10056,2974204.10,817,F1,1,,,,,
2026-10-07,2026-10-07,CM,NSE,STK,919,INE230A01023,EIHOTEL,EQ,,,,,EIH LIMITED,299.20,301.20,295.60,296.50,296.00,300.70,,296.50,,,92171,27445027.25,7357,F1,1,,,,,
2026-10-07,2026-10-07,CM,NSE,STK,4040,INE158B01016,EIMCOELECO,EQ,,,,,EIMCO ELECON (INDIA) LTD,2378.00,2448.40,2240.00,2247.30,2240.00,2371.80,,2247.35,,,103663,241706311.90,9133,F1,1,,,,,
2026-10-07,2026-10-07,CM,NSE,STK,764671,INE0CPR01018,EKI,BE,,,,,EKI ENERGY SERVICES LTD,88.00,89.99,83.99,85.01,86.99,88.41,,85.00,,,21433,1818338.13,373,F1,1,,,,,
2026-10-07,2026-10-07,CM,NSE,STK,762653,INE280B01018,ELANTAS,EQ,,,,,ELANTAS BECK INDIA LTD.,14000.00,14100.00,13821.00,14022.00,14100.00,13937.00,,14022.39,,,1960,27395285.00,517,F1,1,,,,,
2026-10-07,2026-10-07,CM,NSE,STK,762658,INE927X01018,ELCIDIN,EQ,,,,,ELCID INVESTMENTS LTD.,100710.00,102900.00,100710.00,102900.00,102900.00,102975.00,,102940.00,,,6,607485.00,6,F1,1,,,,,
2026-10-07,2026-10-07,CM,NSE,STK,8953,INE668G01021,ELDEHSG,EQ,,,,,ELDECO HSG & IND LTD.,766.15,788.85,766.15,769.00,768.40,785.20,,769.00,,,368,283861.70,28,F1,1,,,,,
2026-10-07,2026-10-07,CM,NSE,STK,13643,INE205B01031,ELECON,EQ,,,,,ELECON ENG. CO. LTD,447.50,451.35,440.00,441.25,440.95,446.30,,441.26,,,244794,108761181.20,14208,F1,1,,,,,
2026-10-07,2026-10-07,CM,NSE,STK,20899,INE0Q1W01012,EFORCE,SM,,,,,ELECTRO FORCE (INDIA) LTD,17.60,19.35,17.30,19.35,19.35,18.00,,19.35,,,16800,304020.00,14,F1,1200,,,,,
2026-10-07,2026-10-07,CM,NSE,STK,11530,INE02YR01019,EMIL,EQ,,,,,ELECTRONICS MART IND LTD,200.90,212.64,200.30,211.54,211.40,201.42,,211.53,,,9094206,1907978213.65,68542,F1,1,,,,,
2026-10-07,2026-10-07,CM,NSE,STK,928,INE086A01029,ELECTCAST,EQ,,,,,ELECTROSTEEL CASTINGS LTD,79.14,79.89,76.85,78.73,78.80,78.97,,78.73,,,2837104,223049016.41,21062,F1,1,,,,,
2026-10-07,2026-10-07,CM,NSE,STK,4469,INE822G01016,ELECTHERM,EQ,,,,,ELECTROTHERM (I) LTD.,749.90,749.90,710.00,722.95,718.00,735.25,,722.94,,,8915,6424873.80,898,F1,1,,,,,
2026-10-07,2026-10-07,CM,NSE,STK,29595,INE0R9101015,ELGNZ,SM,,,,,ELEGANZ INTERIORS LIMITED,80.00,86.00,78.00,81.50,81.50,80.00,,81.50,,,88000,7256850.00,65,F1,1000,,,,,
2026-10-07,2026-10-07,CM,NSE,STK,766278,INE147X01013,ELEVATE,EQ,,,,,ELEVATE CAMPUSES LIMITED,337.75,356.95,337.00,350.00,348.30,337.75,,350.02,,,3710501,1295911638.05,77331,F1,1,,,,,
2026-10-07,2026-10-07,CM,NSE,STK,937,INE285A01027,ELGIEQUIP,EQ,,,,,ELGI EQUIPMENTS LTD,595.00,604.90,592.95,602.05,601.70,599.25,,602.04,,,209835,125985383.15,15059,F1,1,,,,,
2026-10-07,2026-10-07,CM,NSE,STK,24924,INE819L01012,ELGIRUBCO,EQ,,,,,ELGI RUBBER CO. LTD,56.50,58.50,55.51,57.85,58.40,55.97,,57.85,,,113283,6468489.64,1364,F1,1,,,,,
2026-10-07,2026-10-07,CM,NSE,STK,13423,INE050401020,ELIN,EQ,,,,,ELIN ELECTRONICS LIMITED,79.70,79.70,76.85,77.07,76.91,78.84,,77.07,,,102293,7942873.01,1906,F1,1,,,,,
2026-10-07,2026-10-07,CM,NSE,STK,762663,INE669R01026,ELITECON,EQ,,,,,ELITECON INTERNATIONAL L,7.32,7.60,7.19,7.53,7.50,7.24,,7.53,,,13067588,98250073.99,8010,F1,1,,,,,
2026-10-07,2026-10-07,CM,NSE,STK,758563,INE236E01022,ELLEN,EQ,,,,,ELLENBARRIE INDUS GASES L,348.35,367.90,345.15,365.75,366.00,348.20,,365.76,,,1095985,395869030.65,23949,F1,1,,,,,
2026-10-07,2026-10-07,CM,NSE,STK,4471,INE579B01039,ELPROINTL,EQ,,,,,ELPRO INTERNATIONAL LTD,174.75,175.98,171.98,174.86,174.75,174.39,,174.86,,,11930,2081325.65,214,F1,1,,,,,
2026-10-07,2026-10-07,CM,NSE,STK,29229,INE0ZOL01023,EMAPARTNER,SM,,,,,EMA PARTNERS INDIA LTD,80.00,80.05,80.00,80.05,80.05,82.05,,80.05,,,2000,160050.00,2,F1,1000,,,,,
2026-10-07,2026-10-07,CM,NSE,STK,13517,INE548C01032,EMAMILTD,EQ,,,,,EMAMI LIMITED,383.00,383.10,370.05,375.45,375.00,384.00,,375.45,,,1517301,568673136.60,26332,F1,1,,,,,
2026-10-07,2026-10-07,CM,NSE,STK,10084,INE830C01026,EMAMIPAP,BE,,,,,EMAMI PAPER MILLS LIMITED,115.00,117.30,110.55,116.48,116.96,115.20,,116.48,,,18641,2134791.57,159,F1,1,,,,,
2026-10-07,2026-10-07,CM,NSE,STK,19277,INE778K01012,EMAMIREAL,EQ,,,,,EMAMI REALTY LIMITED,68.50,69.90,68.50,69.12,68.51,68.43,,69.06,,,5649,390992.74,440,F1,1,,,,,
2026-10-07,2026-10-07,CM,NSE,STK,14450,INE069I01010,EMBDL,EQ,,,,,EMBASSY DEVELOPMENTS LTD,57.49,57.89,56.66,57.19,57.01,57.33,,57.19,,,1476759,84520160.60,11534,F1,1,,,,,
2026-10-07,2026-10-07,CM,NSE,STK,9383,INE041025011,EMBASSY,RR,,,,,EMBASSY OFFICE PARKS REIT,431.30,436.70,428.03,435.30,435.00,431.21,,435.30,,,569000,245479996.22,13678,F1,1,,,,,
2026-10-07,2026-10-07,CM,NSE,STK,24398,INE168P01015,EMCURE,EQ,,,,,EMCURE PHARMACEUTICALS L,1913.90,1932.90,1901.20,1918.00,1920.00,1922.40,,1917.97,,,39428,75520733.10,10368,F1,1,,,,,
2026-10-07,2026-10-07,CM,NSE,STK,27629,INE0RHD01013,ETML,SM,,,,,EMERALD TYRE MANUF LTD,70.00,72.00,69.00,69.90,69.00,72.95,,69.90,,,58800,4129800.00,28,F1,1200,,,,,
2026-10-07,2026-10-07,CM,NSE,STK,13421,INE296H01011,EMKAY,EQ,,,,,EMKAY GLOBAL FIN SERV LTD,283.50,294.00,283.50,287.30,287.65,285.60,,287.29,,,45122,13053434.80,1556,F1,1,,,,,
2026-10-07,2026-10-07,CM,NSE,STK,10253,INE332S01011,EMKAYTOOLS,SM,,,,,EMKAY TAP & CUT. TOOL LTD,95.00,95.00,94.50,94.75,94.50,94.00,,94.75,,,300,28425.00,2,F1,150,,,,,
2026-10-07,2026-10-07,CM,NSE,STK,18142,INE753K01015,EMMBI,EQ,,,,,EMMBI INDUSTRIES LIMITED,88.20,88.20,85.07,85.62,85.36,88.15,,85.62,,,6091,523292.07,198,F1,1,,,,,
2026-10-07,2026-10-07,CM,NSE,STK,759728,INE1C6T01020,EMMVEE,EQ,,,,,EMMVEE PHOTOVOLTAIC PWR L,296.00,311.35,292.25,305.80,306.00,296.50,,305.80,,,3016282,917121086.30,63843,F1,1,,,,,
2026-10-07,2026-10-07,CM,NSE,STK,764673,INE515H01014,EMPIND,EQ,,,,,EMPIRE INDUSTRIES LTD.,1041.00,1048.00,1031.10,1032.90,1033.00,1040.00,,1032.49,,,2791,2903725.10,223,F1,1,,,,,
2026-10-07,2026-10-07,CM,NSE,STK,762670,INE507F01023,EMPOWER,EQ,,,,,EMPOWER INDIA LTD.,1.70,1.76,1.70,1.76,1.76,1.68,,1.76,,,27855807,48890687.70,4469,F1,1,,,,,
2026-10-07,2026-10-07,CM,NSE,STK,18593,INE0OV601013,EMSLIMITED,EQ,,,,,EMS LIMITED,334.25,334.25,326.30,328.95,329.05,334.25,,328.98,,,96104,31718034.70,3829,F1,1,,,,,
2026-10-07,2026-10-07,CM,NSE,STK,9756,INE01QM01018,EMUDHRA,EQ,,,,,EMUDHRA LIMITED,605.00,620.75,581.35,605.50,607.00,607.90,,605.51,,,633364,380198503.70,31964,F1,1,,,,,
2026-10-07,2026-10-07,CM,NSE,STK,760321,INE433T01015,ENCOMPAS,SM,,,,,ENCOMPASS DESIGN INDIA L,243.65,249.00,241.25,249.00,249.00,254.00,,249.00,,,1200,293560.00,3,F1,400,,,,,
2026-10-07,2026-10-07,CM,NSE,STK,18822,INE913H01037,ENDURANCE,EQ,,,,,ENDURANCE TECHNO. LTD.,2530.00,2537.00,2488.70,2513.40,2501.70,2516.00,,2513.38,,,74772,188071908.90,21917,F1,1,,,,,
2026-10-07,2026-10-07,CM,NSE,STK,15049,INE306C01019,ENERGYDEV,EQ,,,,,ENERGY DEVE. CO.LTD,14.18,14.74,14.03,14.57,14.55,14.36,,14.56,,,31805,460609.76,191,F1,1,,,,,
2026-10-07,2026-10-07,CM,NSE,STK,23745,INE0S1L01013,EMMIL,SM,,,,,ENERGY MISSION MACH IND L,130.00,130.00,120.00,122.85,124.00,129.95,,122.85,,,23000,2844000.00,73,F1,250,,,,,
2026-10-07,2026-10-07,CM,NSE,STK,4907,INE510A01028,ENGINERSIN,EQ,,,,,ENGINEERS INDIA LTD,313.30,316.15,305.50,308.30,307.50,313.30,,308.30,,,4102945,1273688704.50,59933,F1,1,,,,,
2026-10-07,2026-10-07,CM,NSE,STK,764678,INE130L01014,ENKEIWHEL,EQ,,,,,ENKEI WHEELS (INDIA) LTD.,388.10,393.00,387.50,388.45,387.50,386.60,,388.49,,,1670,649752.35,49,F1,1,,,,,
2026-10-07,2026-10-07,CM,NSE,STK,23230,INE0R9I01021,ENSER,SM,,,,,ENSER COMMUNICATIONS LTD,15.70,15.90,15.00,15.50,15.50,15.30,,15.50,,,230000,3558250.00,41,F1,5000,,,,,
2026-10-07,2026-10-07,CM,NSE,STK,22717,INE010601016,ENTERO,EQ,,,,,ENTERO HEALTHCARE SOLU L,1720.80,1753.80,1701.00,1713.30,1705.90,1721.60,,1713.31,,,67467,116305658.20,9955,F1,1,,,,,
2026-10-07,2026-10-07,CM,NSE,STK,13192,INE265F01028,ENIL,EQ,,,,,ENTERTAIN NET. IND. LTD.,91.57,94.99,91.10,92.00,92.97,92.24,,92.00,,,27588,2535821.06,195,F1,1,,,,,
2026-10-07,2026-10-07,CM,NSE,STK,27213,INE0LLY01014,EIEL,EQ,,,,,ENVIRO INFRA ENGINEERS L,185.54,188.95,182.82,187.41,187.25,185.54,,187.41,,,406629,75943944.96,10668,F1,1,,,,,
2026-10-07,2026-10-07,CM,NSE,STK,25412,INE0SUH01015,ENVIRO,SM,,,,,ENVIROTECH SYSTEMS LTD,74.40,74.90,70.65,71.55,71.55,71.80,,71.55,,,24000,1741550.00,23,F1,1000,,,,,
2026-10-07,2026-10-07,CM,NSE,STK,22463,INE0G5901015,EPACK,EQ,,,,,EPACK DURABLE LIMITED,174.50,176.27,170.30,171.84,171.50,173.75,,171.85,,,304936,52821621.61,5399,F1,1,,,,,
2026-10-07,2026-10-07,CM,NSE,STK,759251,INE0MLS01022,EPACKPEB,EQ,,,,,EPACK PREFAB TECHN LTD,246.32,271.40,245.22,267.44,266.29,247.82,,267.44,,,3553592,940914341.63,63019,F1,1,,,,,
2026-10-07,2026-10-07,CM,NSE,STK,5382,INE071N01016,EPIGRAL,EQ,,,,,EPIGRAL LIMITED,1035.90,1040.00,1018.30,1030.00,1037.00,1036.20,,1030.01,,,47054,48249355.30,3106,F1,1,,,,,
2026-10-07,2026-10-07,CM,NSE,STK,981,INE255A01020,EPL,EQ,,,,,EPL LIMITED,236.50,237.99,232.35,237.03,237.80,237.23,,237.03,,,1184596,278337348.13,22835,F1,1,,,,,
2026-10-07,2026-10-07,CM,NSE,STK,758349,INE11HF01010,EEPL,ST,,,,,EPPELTONE ENGINEERS LTD,136.00,136.00,133.00,133.00,133.00,136.00,,133.00,,,6000,801050.00,6,F1,1000,,,,,
2026-10-07,2026-10-07,CM,NSE,STK,761214,INE1KEC01023,EPWINDIA,SM,,,,,EPW INDIA LIMITED,230.05,244.00,230.05,244.00,244.00,228.60,,244.00,,,3600,853260.00,3,F1,1200,,,,,
2026-10-07,2026-10-07,CM,NSE,STK,3553,INE217G01035,EQUIPPP,BE,,,,,EQUIPPP SOC IMP TECH LTD,22.65,22.69,21.43,22.38,22.69,22.50,,22.41,,,2222,49082.26,26,F1,1,,,,,
2026-10-07,2026-10-07,CM,NSE,STK,913,INE063P01018,EQUITASBNK,EQ,,,,,EQUITAS SMALL FIN BNK LTD,67.95,69.20,67.36,68.92,68.68,67.96,,68.92,,,1250396,85429490.89,14129,F1,1,,,,,
2026-10-07,2026-10-07,CM,NSE,STK,21154,INE406M01024,ERIS,EQ,,,,,ERIS LIFESCIENCES LIMITED,1184.70,1221.90,1141.00,1145.80,1143.10,1184.70,,1145.88,,,200276,234755373.80,24539,F1,1,,,,,
2026-10-07,2026-10-07,CM,NSE,STK,955,INE284A01012,ESABINDIA,EQ,,,,,ESAB INDIA LTD,5625.00,5710.00,5580.00,5627.00,5698.00,5608.00,,5626.90,,,1884,10647631.00,748,F1,1,,,,,
2026-10-07,2026-10-07,CM,NSE,STK,19884,INE818W01011,ESAFSFB,BE,,,,,ESAF SMALL FINANCE BANK L,42.69,43.21,41.75,42.67,42.66,42.15,,42.65,,,219456,9327255.89,938,F1,1,,,,,
2026-10-07,2026-10-07,CM,NSE,STK,22767,INE0RQZ01017,ESCONET,ST,,,,,ESCONET TECHNOLOGIES LTD,234.00,244.45,234.00,244.45,244.45,232.85,,244.45,,,26400,6359080.00,56,F1,400,,,,,
2026-10-07,2026-10-07,CM,NSE,STK,958,INE042A01014,ESCORTS,EQ,,,,,ESCORTS KUBOTA LIMITED,2805.00,2805.00,2771.00,2785.50,2797.10,2811.70,,2785.62,,,38964,108553982.20,8967,F1,1,,,,,
2026-10-07,2026-10-07,CM,NSE,STK,765553,INE0DRI01029,ESDS,EQ,,,,,ESDS SOFTWARE SOLUTION L,1359.00,1359.00,1309.00,1359.00,1359.00,1294.30,,1358.99,,,2562254,3478641094.40,10738,F1,1,,,,,
2026-10-07,2026-10-07,CM,NSE,STK,757892,INE818W08131,111ESFB31,N0,,,,,ESFB 11.1% 2031 SR 1,97183.03,97183.03,97183.03,97183.03,97183.03,97141.28,,97183.03,,,7,680281.21,2,F1,1,,,,,
2026-10-07,2026-10-07,CM,NSE,STK,759296,INE818W08149,113ESFB31,N0,,,,,ESFB 11.3% 2031 SR 2,102979.44,102979.44,102979.44,102979.44,102979.44,102480.00,,102979.44,,,5,514897.20,1,F1,1,,,,,
2026-10-07,2026-10-07,CM,NSE,STK,24678,INE0SBP01018,ESPRIT,SM,,,,,ESPRIT STONES LIMITED,61.00,63.60,60.30,62.10,62.10,62.00,,62.10,,,14400,894640.00,9,F1,1600,,,,,
2026-10-07,2026-10-07,CM,NSE,STK,25634,INE122M01019,ESSARSHPNG,EQ,,,,,ESSAR SHIPPING LTD,17.00,17.03,16.40,16.66,16.65,16.72,,16.66,,,151756,2527588.11,979,F1,1,,,,,
2026-10-07,2026-10-07,CM,NSE,STK,17084,INE0ITO01014,ESFL,SM,,,,,ESSEN SPECIALITY FILMS L,113.10,115.00,112.90,114.15,113.15,112.55,,114.15,,,13680,1567404.00,22,F1,360,,,,,
2026-10-07,2026-10-07,CM,NSE,STK,24265,INE778B01029,ESTER,EQ,,,,,ESTER INDUSTRIES LTD,93.87,96.00,93.07,94.55,95.85,93.87,,94.76,,,60124,5698984.22,1122,F1,1,,,,,
2026-10-07,2026-10-07,CM,NSE,STK,5097,INE758T01015,ETERNAL,EQ,,,,,ETERNAL LIMITED,332.60,332.70,324.60,328.00,328.00,329.00,,328.00,,,23804457,7833411565.95,386018,F1,1,,,,,
2026-10-07,2026-10-07,CM,NSE,STK,9750,INE04TZ01018,ETHOSLTD,EQ,,,,,ETHOS LIMITED,2626.10,2683.90,2608.00,2634.80,2646.00,2621.20,,2634.70,,,106641,282372290.90,10170,F1,1,,,,,
2026-10-07,2026-10-07,CM,NSE,STK,25162,INE0KCE01017,EUREKAFORB,EQ,,,,,EUREKA FORBES LIMITED,356.85,356.85,348.25,351.75,352.00,353.80,,351.75,,,189362,66626346.15,8072,F1,1,,,,,
2026-10-07,2026-10-07,CM,NSE,STK,6042,INE546V01010,EIFFL,BE,,,,,EURO (I) FRESH FOODS LTD,259.60,259.60,257.00,257.50,257.50,259.50,,257.50,,,1177,304276.00,17,F1,1,,,,,
2026-10-07,2026-10-07,CM,NSE,STK,757953,INE505V01016,EUROBOND,EQ,,,,,EURO PANEL PRODUCTS LTD,141.00,145.00,140.00,140.27,141.10,143.40,,140.27,,,6130,869908.49,73,F1,1,,,,,
2026-10-07,2026-10-07,CM,NSE,STK,759797,INE198501012,EUROPRATIK,EQ,,,,,EURO PRATIK SALES LIMITED,177.00,182.20,176.10,179.12,180.00,180.02,,179.11,,,128345,23000656.08,4963,F1,1,,,,,
2026-10-07,2026-10-07,CM,NSE,STK,999,INE022C01012,EUROTEXIND,EQ,,,,,EUROTEX INDUSTRIES LTD,16.98,16.98,15.70,16.12,16.70,16.33,,16.12,,,5181,84107.37,50,F1,1,,,,,
2026-10-07,2026-10-07,CM,NSE,STK,11782,INE128A01029,EVEREADY,EQ,,,,,EVEREADY INDS. IND.  LTD.,317.35,323.00,315.00,320.50,320.00,320.10,,320.50,,,37818,12105095.15,1441,F1,1,,,,,
2026-10-07,2026-10-07,CM,NSE,STK,993,INE295A01018,EVERESTIND,EQ,,,,,EVEREST INDUSTRIES LTD,515.50,531.90,492.20,499.35,497.45,515.95,,499.36,,,50453,25664812.55,1936,F1,1,,,,,
2026-10-07,2026-10-07,CM,NSE,STK,13091,INE184H01027,EKC,EQ,,,,,EVEREST KANTO CYLINDERLTD,106.61,106.93,104.90,105.52,105.99,106.54,,105.49,,,113485,11991260.14,1727,F1,1,,,,,
2026-10-07,2026-10-07,CM,NSE,STK,11471,INE369A01029,EXCELINDUS,EQ,,,,,EXCEL INDUSTRIES LTD,917.05,930.70,900.00,923.90,930.70,924.10,,923.87,,,9779,8960816.85,1302,F1,1,,,,,
2026-10-07,2026-10-07,CM,NSE,STK,25327,INE0Y4801011,EXCELLENT,ST,,,,,EXCELLENT WIRES N PACK L,177.00,185.00,177.00,185.00,185.00,185.50,,185.00,,,6400,1158400.00,4,F1,1600,,,,,
2026-10-07,2026-10-07,CM,NSE,STK,760007,INE606N01019,EXCELSOFT,EQ,,,,,EXCELSOFT TECHNOLOGIES L,81.80,83.45,81.18,81.71,81.50,82.10,,81.71,,,363535,29835639.36,3563,F1,1,,,,,
2026-10-07,2026-10-07,CM,NSE,STK,22947,INE777F01014,EXICOM,EQ,,,,,EXICOM TELE SYSTEMS LTD,156.17,156.59,153.32,153.78,153.70,156.17,,153.78,,,467878,72380512.66,6542,F1,1,,,,,
2026-10-07,2026-10-07,CM,NSE,STK,676,INE302A01020,EXIDEIND,EQ,,,,,EXIDE INDUSTRIES LTD,407.00,409.55,401.00,402.95,402.80,405.75,,402.95,,,1208162,489507575.65,44204,F1,1,,,,,
2026-10-07,2026-10-07,CM,NSE,STK,760422,INE19I001020,EXIMROUTES,SM,,,,,EXIM ROUTES LIMITED,84.15,84.40,84.00,84.40,84.40,87.40,,84.40,,,3200,269320.00,4,F1,800,,,,,
2026-10-07,2026-10-07,CM,NSE,STK,17486,INE201K01015,EXPLEOSOL,EQ,,,,,EXPLEO SOLUTIONS LIMITED,889.00,889.00,855.00,862.65,862.50,878.85,,862.68,,,10395,9034402.65,1445,F1,1,,,,,
2026-10-07,2026-10-07,CM,NSE,STK,5352,INE0GFE01026,EXXARO,EQ,,,,,EXXARO TILES LIMITED,6.12,6.24,6.10,6.13,6.12,6.14,,6.13,,,178338,1098704.18,344,F1,1,,,,,
2026-10-07,2026-10-07,CM,NSE,STK,760125,INE0HF201011,FABTECH,EQ,,,,,FABTECH TECHNOLOGIES LTD,141.04,143.83,140.40,143.03,140.50,141.04,,143.01,,,47841,6821766.99,786,F1,1,,,,,
2026-10-07,2026-10-07,CM,NSE,STK,1008,INE188A01015,FACT,EQ,,,,,FACT LTD,754.00,756.55,745.10,746.95,745.10,759.00,,746.96,,,53546,40199606.60,5024,F1,1,,,,,
2026-10-07,2026-10-07,CM,NSE,STK,1614,INE0DNW01011,FAIRCHEMOR,EQ,,,,,FAIRCHEM ORGANICS LIMITED,682.00,732.70,680.00,703.85,703.00,679.30,,704.08,,,129286,91131909.75,5703,F1,1,,,,,
2026-10-07,2026-10-07,CM,NSE,STK,765368,INE1Q2D01019,FASCINATE,SM,,,,,FASCINATE TEXTILES LTD,85.50,85.50,85.50,85.50,85.50,81.45,,85.50,,,305600,26128800.00,135,F1,800,,,,,
2026-10-07,2026-10-07,CM,NSE,STK,12000,INE963C01033,FAZE3Q,EQ,,,,,FAZE THREE LIMITED,440.15,465.00,436.95,450.10,449.10,445.75,,450.10,,,40232,18278886.15,1926,F1,1,,,,,
2026-10-07,2026-10-07,CM,NSE,STK,11999,INE512B01022,FCSSOFT,EQ,,,,,FCS SOFTWARE SOLN. LTD.,1.41,1.43,1.38,1.40,1.41,1.41,,1.40,,,1991435,2792513.44,969,F1,1,,,,,
2026-10-07,2026-10-07,CM,NSE,STK,4898,INE258B01022,FDC,EQ,,,,,FDC LIMITED,331.75,337.70,326.15,328.55,328.50,333.65,,328.54,,,84094,27796825.30,3958,F1,1,,,,,
2026-10-07,2026-10-07,CM,NSE,STK,20322,INE007N01010,FEDFINA,EQ,,,,,FEDBANK FINANCIAL SER L,150.99,151.80,148.21,148.56,148.70,150.72,,148.57,,,497138,74506695.06,8318,F1,1,,,,,
2026-10-07,2026-10-07,CM,NSE,STK,762675,INE417D01020,FEDDERSHOL,EQ,,,,,FEDDERS HOLDING LTD.,64.90,65.48,62.65,63.43,63.40,64.25,,63.44,,,5506060,351690829.58,24917,F1,1,,,,,
2026-10-07,2026-10-07,CM,NSE,STK,1023,INE171A01029,FEDERALBNK,EQ,,,,,FEDERAL BANK LTD,320.00,326.15,317.05,323.50,323.50,320.00,,323.50,,,8632011,2792050674.70,82892,F1,1,,,,,
2026-10-07,2026-10-07,CM,NSE,STK,1190,INE529A01010,FMGOETZE,EQ,,,,,FEDERAL-MOGUL GOETZE (IND,448.50,448.65,440.00,441.15,441.30,448.50,,441.10,,,80264,35521552.00,4714,F1,1,,,,,
2026-10-07,2026-10-07,CM,NSE,STK,573,INE901X01013,FELIX,SM,,,,,FELIX INDUSTRIES LTD.,192.65,194.00,188.00,189.70,191.00,194.40,,189.70,,,26500,5065975.00,46,F1,500,,,,,
2026-10-07,2026-10-07,CM,NSE,STK,762680,INE225B01021,FERMENTA,EQ,,,,,FERMENTA BIOTECH LTD.,569.05,582.00,560.00,565.30,567.00,569.45,,565.37,,,237475,135581713.90,8055,F1,1,,,,,
2026-10-07,2026-10-07,CM,NSE,STK,8159,INE296C01020,FIBERWEB,EQ,,,,,FIBERWEB INDIA LIMITED,26.10,27.18,26.01,26.36,26.14,26.47,,26.37,,,14227,372896.44,117,F1,1,,,,,
2026-10-07,2026-10-07,CM,NSE,STK,9858,INE0LQQ01019,FIDEL,SM,,,,,FIDEL SOFTECH LIMITED,179.00,183.75,178.00,178.00,178.00,177.60,,178.00,,,7000,1259850.00,7,F1,1000,,,,,
2026-10-07,2026-10-07,CM,NSE,STK,13710,INE737H01014,FIEMIND,EQ,,,,,FIEM INDUSTRIES LIMITED,1784.30,1804.80,1768.10,1799.30,1803.00,1779.50,,1799.19,,,39539,70851740.60,5167,F1,1,,,,,
2026-10-07,2026-10-07,CM,NSE,STK,23647,INE185E01021,FILATFASH,EQ,,,,,FILATEX FASHIONS LIMITED,0.18,0.19,0.18,0.18,0.19,0.18,,0.18,,,11810025,2183266.39,1344,F1,1,,,,,
2026-10-07,2026-10-07,CM,NSE,STK,24532,INE816B01035,FILATEX,EQ,,,,,FILATEX INDIA LTD,111.29,114.58,109.80,111.63,111.16,111.36,,111.62,,,2534868,283727198.84,19664,F1,1,,,,,
2026-10-07,2026-10-07,CM,NSE,STK,759776,INE0EDU01014,FINBUD,SM,,,,,FINBUD FINANCIAL SERV LTD,120.85,125.45,120.85,122.50,122.50,118.00,,122.50,,,13000,1598750.00,8,F1,1000,,,,,
2026-10-07,2026-10-07,CM,NSE,STK,3744,INE686Y01026,FINEORG,EQ,,,,,FINE ORGANIC IND. LTD.,5537.00,5666.00,5372.00,5625.50,5640.00,5537.00,,5625.64,,,67944,377610151.50,17532,F1,1,,,,,
2026-10-07,2026-10-07,CM,NSE,STK,6198,INE045J01034,FCL,EQ,,,,,FINEOTEX CHEMICAL LIMITED,58.95,60.90,57.51,57.80,57.98,59.20,,57.80,,,29767531,1758055046.58,79722,F1,1,,,,,
2026-10-07,2026-10-07,CM,NSE,STK,759239,INE734I01027,FINKURVE,EQ,,,,,FINKURVE FINANCIAL SERV L,69.05,69.59,67.00,67.53,67.51,69.31,,67.56,,,30405,2072743.75,664,F1,1,,,,,
2026-10-07,2026-10-07,CM,NSE,STK,6579,INE02NC01014,FINOPB,EQ,,,,,FINO PAYMENTS BANK LTD,128.29,129.26,127.24,128.76,129.25,128.29,,128.71,,,55775,7156685.19,1162,F1,1,,,,,
2026-10-07,2026-10-07,CM,NSE,STK,1038,INE235A01022,FINCABLES,EQ,,,,,FINOLEX CABLES LTD,1481.10,1494.90,1463.40,1483.50,1487.00,1474.00,,1483.53,,,409024,604726850.50,24916,F1,1,,,,,
2026-10-07,2026-10-07,CM,NSE,STK,1041,INE183A01024,FINPIPE,EQ,,,,,FINOLEX INDUSTRIES LTD,154.03,155.69,153.11,153.91,154.19,154.72,,153.91,,,313175,48321404.26,13576,F1,1,,,,,
2026-10-07,2026-10-07,CM,NSE,STK,14304,INE684F01012,FSL,EQ,,,,,FIRSTSOURCE SOLU. LTD.,261.80,265.85,257.60,259.20,259.00,260.25,,259.21,,,759122,198377606.05,27677,F1,1,,,,,
2026-10-07,2026-10-07,CM,NSE,STK,757658,INE771F01041,FISCHER,EQ,,,,,FISCHER MEDICAL VENTURE L,32.70,34.00,32.50,32.63,32.99,33.14,,32.63,,,427904,14073802.83,1727,F1,1,,,,,
2026-10-07,2026-10-07,CM,NSE,STK,12032,INE128S01021,FIVESTAR,EQ,,,,,FIVE-STAR BUS FIN LTD,514.60,518.40,507.00,509.35,509.00,514.35,,509.35,,,641274,328915628.35,34874,F1,1,,,,,
2026-10-07,2026-10-07,CM,NSE,STK,20372,INE00Y201027,FLAIR,EQ,,,,,FLAIR WRITING INDUST LTD,227.10,228.95,225.59,227.97,227.01,227.84,,227.96,,,23639,5367417.43,1054,F1,1,,,,,
2026-10-07,2026-10-07,CM,NSE,STK,25516,INE060J01017,FLEXITUFF,BE,,,,,FLEXITUFF VENTURES INT L,3.19,3.19,3.19,3.19,3.19,3.13,,3.20,,,30149,96175.31,36,F1,1,,,,,
2026-10-07,2026-10-07,CM,NSE,STK,758208,INE0VCK01011,FLYSBS,SM,,,,,FLYSBS AVIATION LIMITED,659.90,659.90,628.10,631.50,631.00,648.40,,631.50,,,45000,28823940.00,116,F1,200,,,,,
2026-10-07,2026-10-07,CM,NSE,STK,760331,INE0SQZ01015,FWSTC,SM,,,,,FLYWINGS SIMULAT T C LTD,191.00,204.90,185.95,204.00,204.00,191.00,,204.00,,,62400,12290040.00,19,F1,600,,,,,
2026-10-07,2026-10-07,CM,NSE,STK,6836,INE593W01028,FOCUS,EQ,,,,,FOCUS LIGHTG & FIXTRS LTD,56.95,56.95,54.10,56.26,56.25,55.95,,56.26,,,13940,774885.58,214,F1,1,,,,,
2026-10-07,2026-10-07,CM,NSE,STK,22520,INE0Q4701019,FONEBOX,ST,,,,,FONEBOX RETAIL LIMITED,133.85,133.85,133.85,133.85,133.85,127.50,,133.85,,,5000,669250.00,5,F1,1000,,,,,
2026-10-07,2026-10-07,CM,NSE,STK,6673,INE976E01023,FOODSIN,EQ,,,,,FOODS & INNS LIMITED,50.78,51.00,49.51,50.05,49.51,50.78,,50.05,,,39884,2013185.23,781,F1,1,,,,,
2026-10-07,2026-10-07,CM,NSE,STK,24917,INE0U2501017,FORCAS,ST,,,,,FORCAS STUDIO LIMITED,233.70,239.95,232.00,239.95,239.95,233.70,,239.95,,,8000,1884160.00,5,F1,1600,,,,,
2026-10-07,2026-10-07,CM,NSE,STK,11573,INE451A01017,FORCEMOT,EQ,,,,,FORCE MOTORS LIMITED,17080.00,17080.00,16800.00,16956.00,16956.00,17110.00,,16955.91,,,54188,917374399.00,17962,F1,1,,,,,
2026-10-07,2026-10-07,CM,NSE,STK,25664,INE0YKW01013,FORGEAUTO,SM,,,,,FORGE AUTO INTERNATION L,101.00,101.00,100.00,100.00,100.00,99.45,,100.00,,,2400,241200.00,2,F1,1200,,,,,
2026-10-07,2026-10-07,CM,NSE,STK,14592,INE061F01013,FORTIS,EQ,,,,,FORTIS HEALTHCARE LTD,760.15,782.45,753.45,779.10,779.10,764.00,,779.10,,,1858360,1433728760.35,39680,F1,1,,,,,
2026-10-07,2026-10-07,CM,NSE,STK,1073,INE519A01011,FOSECOIND,EQ,,,,,FOSECO INDIA LTD,6478.00,6496.50,6326.00,6373.00,6336.00,6440.00,,6372.93,,,5439,34805211.00,1830,F1,1,,,,,
2026-10-07,2026-10-07,CM,NSE,STK,760961,INE212S01015,FRACTAL,EQ,,,,,FRACTAL ANALYTICS LIMITED,741.00,741.00,718.00,721.30,721.00,742.15,,721.32,,,114183,83144740.20,7744,F1,1,,,,,
2026-10-07,2026-10-07,CM,NSE,STK,18179,INF090I01VX3,FICRF3GP,MF,,,,,FRANTEMAMC - FICRF3GP,499.00,499.00,499.00,499.00,499.00,468.18,,499.00,,,1,499.00,1,F1,1,,,,,
2026-10-07,2026-10-07,CM,NSE,STK,764683,INE194R01017,FREDUN,EQ,,,,,FREDUN PHARMACEUTICALS L,1418.30,1547.30,1403.90,1473.90,1470.40,1406.70,,1474.18,,,235127,347823463.40,14639,F1,1,,,,,
2026-10-07,2026-10-07,CM,NSE,STK,25871,INE0SFW01015,FRESHARA,ST,,,,,FRESHARA AGRO EXPORTS LTD,387.00,410.85,385.10,410.85,410.85,391.30,,410.85,,,18600,7470540.00,30,F1,600,,,,,
2026-10-07,2026-10-07,CM,NSE,STK,11501,INE385O01018,FROG,SM,,,,,FROG INNOVATIONS LIMITED,252.00,260.00,250.00,253.00,252.55,255.00,,253.00,,,15200,3885480.00,35,F1,400,,,,,
2026-10-07,2026-10-07,CM,NSE,STK,762685,INE572D01014,FRONTSP,EQ,,,,,FRONTIER SPRINGS LTD.,1401.90,1503.60,1389.20,1431.20,1418.00,1392.50,,1431.21,,,79155,114621624.00,8301,F1,1,,,,,
2026-10-07,2026-10-07,CM,NSE,STK,6545,INE388Y01029,NYKAA,EQ,,,,,FSN E COMMERCE VENTURES,337.00,346.45,337.00,341.25,341.25,338.20,,341.25,,,6078112,2082460772.80,73805,F1,1,,,,,
2026-10-07,2026-10-07,CM,NSE,STK,759876,INE12UR01024,UTLSOLAR,EQ,,,,,FUJIYAMA POWER SYSTEMS L,417.50,442.00,410.85,431.75,433.00,418.85,,431.77,,,407571,176498684.55,21971,F1,1,,,,,
2026-10-07,2026-10-07,CM,NSE,STK,11932,INE139R01012,FUSION,EQ,,,,,FUSION FINANCE LIMITED,170.05,172.20,167.35,168.52,168.05,169.00,,168.52,,,236190,39996717.50,5945,F1,1,,,,,
2026-10-07,2026-10-07,CM,NSE,STK,14868,INE452O01016,FLFL,BZ,,,,,FUT LIFESTYLE FASH LTD,1.01,1.04,0.97,0.98,0.99,1.02,,0.98,,,148751,147373.51,135,F1,1,,,,,
2026-10-07,2026-10-07,CM,NSE,STK,13812,INE623B01027,FEL,BZ,,,,,FUTURE ENTERPRISES LTD,0.38,0.38,0.36,0.36,0.36,0.37,,0.36,,,94222,34820.82,79,F1,1,,,,,
2026-10-07,2026-10-07,CM,NSE,STK,30491,IN9623B01058,FELDVR,BZ,,,,,FUTURE ENTERPRISES LTD,1.90,2.05,1.90,2.04,2.04,1.96,,2.04,,,386,755.45,20,F1,1,,,,,
2026-10-07,2026-10-07,CM,NSE,STK,21017,INE360L01017,FMNL,EQ,,,,,FUTURE MKT NETWORKS LTD,7.96,8.15,7.96,8.12,8.13,7.96,,8.12,,,16045,129732.19,146,F1,1,,,,,
2026-10-07,2026-10-07,CM,NSE,STK,1168,INE075D01018,GMBREW,EQ,,,,,G M BREWERIES LTD,979.00,997.95,972.45,984.95,988.00,981.35,,985.06,,,152275,150512938.75,8125,F1,1,,,,,
2026-10-07,2026-10-07,CM,NSE,STK,5054,INE201P01022,GRINFRA,EQ,,,,,G R INFRAPROJECTS LIMITED,819.05,819.10,796.20,798.40,796.30,815.00,,798.42,,,9539,7658424.45,1459,F1,1,,,,,
2026-10-07,2026-10-07,CM,NSE,STK,1129,INE586X01012,GTECJAINX,EQ,,,,,G-TEC JAINX EDUCATION LTD,36.19,36.19,34.50,35.69,35.70,36.19,,35.69,,,8987,319422.86,82,F1,1,,,,,
2026-10-07,2026-10-07,CM,NSE,STK,1085,INE524A01029,GABRIEL,EQ,,,,,GABRIEL INDIA LTD,1350.50,1363.70,1329.60,1346.90,1344.00,1352.90,,1346.93,,,195774,264692352.00,21301,F1,1,,,,,
2026-10-07,2026-10-07,CM,NSE,STK,18018,INE224E01028,GATECH,BE,,,,,GACM TECHNOLOGIES LIMITED,0.65,0.65,0.62,0.62,0.62,0.65,,0.62,,,17271013,10876324.83,4575,F1,1,,,,,
2026-10-07,2026-10-07,CM,NSE,STK,27,INE224E01036,GATECHDVR,BE,,,,,GACM TECHNOLOGIES LIMITED,0.47,0.48,0.47,0.47,0.48,0.47,,0.47,,,199132,94386.75,141,F1,1,,,,,
2026-10-07,2026-10-07,CM,NSE,STK,4717,INE129A01019,GAIL,EQ,,,,,GAIL (INDIA) LTD,171.01,171.22,168.56,170.71,170.71,172.08,,170.71,,,7094410,1206394713.41,35592,F1,1,,,,,
2026-10-07,2026-10-07,CM,NSE,STK,765396,INE18UN01038,GAJA,EQ,,,,,GAJA ALT ASSET MGT LTD,142.61,148.17,141.00,146.35,146.25,141.71,,146.34,,,455062,65689648.16,6573,F1,1,,,,,
2026-10-07,2026-10-07,CM,NSE,STK,25134,INE0RE001014,GALAPREC,EQ,,,,,GALA PRECISION ENG LTD,1168.80,1193.00,1148.00,1161.40,1185.00,1161.00,,1161.07,,,35302,41189336.90,3977,F1,1,,,,,
2026-10-07,2026-10-07,CM,NSE,STK,759089,INE09A801015,GML,SM,,,,,GALAXY MEDICARE LIMITED,17.00,17.00,16.50,16.65,16.65,17.00,,16.65,,,12000,200600.00,6,F1,2000,,,,,
2026-10-07,2026-10-07,CM,NSE,STK,1315,INE600K01018,GALAXYSURF,EQ,,,,,GALAXY SURFACTANTS LTD,2435.60,2503.10,2421.00,2434.00,2440.00,2442.40,,2434.00,,,78369,193007401.40,14995,F1,1,,,,,
2026-10-07,2026-10-07,CM,NSE,STK,13337,INE297H01019,GALLANTT,EQ,,,,,GALLANTT ISPAT LIMITED,529.90,530.00,512.00,514.55,514.00,530.05,,514.56,,,105150,54543585.60,5319,F1,1,,,,,
2026-10-07,2026-10-07,CM,NSE,STK,20303,INE717W01049,GANDHAR,EQ,,,,,GANDHAR OIL REFINE IND L,283.75,301.00,282.25,299.20,299.00,282.50,,299.19,,,1975725,583345029.40,29932,F1,1,,,,,
2026-10-07,2026-10-07,CM,NSE,STK,14116,INE524B01027,GANDHITUBE,EQ,,,,,GANDHI SPL. TUBES LTD,987.10,987.10,968.00,974.15,976.50,981.50,,974.17,,,3166,3082991.95,451,F1,1,,,,,
2026-10-07,2026-10-07,CM,NSE,STK,5617,INE388A01029,GANESHBE,BE,,,,,GANESH BENZOPLAST LIMITED,108.00,117.89,106.67,117.78,117.89,112.28,,117.77,,,2593734,290714062.41,3661,F1,1,,,,,
2026-10-07,2026-10-07,CM,NSE,STK,759012,INE652V01016,GANESHCP,EQ,,,,,GANESH CONSUMER PRODUCT L,145.47,162.96,144.50,158.87,160.00,145.47,,158.96,,,793413,124462880.97,14125,F1,1,,,,,
2026-10-07,2026-10-07,CM,NSE,STK,24439,INE0R8C01018,GGBL,SM,,,,,GANESH GREEN BHARAT LTD,212.50,219.40,211.55,218.15,218.00,214.45,,218.15,,,10800,2315010.00,34,F1,300,,,,,
2026-10-07,2026-10-07,CM,NSE,STK,14339,INE460C01014,GANESHHOU,EQ,,,,,GANESH HOUSING LIMITED,713.80,717.95,690.55,701.10,700.00,713.65,,701.10,,,23408,16453623.40,1376,F1,1,,,,,
2026-10-07,2026-10-07,CM,NSE,STK,27339,INE0TVT01024,GANESHIN,SM,,,,,GANESH INFRAWORLD LIMITED,88.00,89.25,85.30,88.55,88.35,87.05,,88.55,,,20800,1825280.00,22,F1,800,,,,,
2026-10-07,2026-10-07,CM,NSE,STK,6944,INE845D01014,GANECOS,EQ,,,,,GANESHA ECOSPHERE LIMITED,995.00,1023.90,975.20,998.90,997.00,990.10,,998.93,,,55793,56211395.70,4853,F1,1,,,,,
2026-10-07,2026-10-07,CM,NSE,STK,757525,INE0ZI101018,GANGABATH,SM,,,,,GANGA BATH FITTINGS LTD,20.35,22.20,20.35,21.60,22.20,20.30,,21.60,,,69000,1483200.00,22,F1,3000,,,,,
2026-10-07,2026-10-07,CM,NSE,STK,4957,INE691Z01023,GANGAFORGE,EQ,,,,,GANGA FORGING LIMITED,1.53,1.59,1.49,1.58,1.59,1.52,,1.58,,,3374924,5309632.75,1046,F1,1,,,,,
2026-10-07,2026-10-07,CM,NSE,STK,21399,INE335W01016,GANGESSECU,EQ,,,,,GANGES SECURITIES LIMITED,114.10,115.07,112.58,113.96,113.45,115.82,,115.72,,,220,24963.73,28,F1,1,,,,,
2026-10-07,2026-10-07,CM,NSE,STK,5475,INE382Z01011,GRSE,EQ,,,,,GARDEN REACH SHIP&ENG LTD,2130.00,2130.10,2092.00,2102.00,2100.10,2137.30,,2102.10,,,279451,587765464.70,23690,F1,1,,,,,
2026-10-07,2026-10-07,CM,NSE,STK,25800,INE0JVO01026,GARUDA,EQ,,,,,GARUDA CONSTRUCT N ENG L,174.52,174.84,172.00,172.55,173.20,173.36,,172.53,,,169830,29367449.44,3228,F1,1,,,,,
2026-10-07,2026-10-07,CM,NSE,STK,7982,INE291A01017,GRWRHITECH,EQ,,,,,GARWARE HI-TECH FILMS LTD,7082.00,7135.00,6834.00,6903.50,6903.00,7102.50,,6903.78,,,84439,583574635.50,13429,F1,1,,,,,
2026-10-07,2026-10-07,CM,NSE,STK,1100,INE276A01018,GARFIBRES,EQ,,,,,GARWARE TECH FIBRES LTD,769.80,785.10,765.90,773.75,770.00,770.05,,773.65,,,19905,15442533.60,2589,F1,1,,,,,
2026-10-07,2026-10-07,CM,NSE,STK,8510,INE079J01017,GATEWAY,EQ,,,,,GATEWAY DISTRIPARKS LTD,51.00,52.25,50.75,51.65,51.40,50.91,,51.65,,,900667,46495163.28,7301,F1,1,,,,,
2026-10-07,2026-10-07,CM,NSE,STK,760178,INE0P8B01020,GAUDIUMIVF,EQ,,,,,GAUDIUM IVF N WOMEN H L,112.38,112.38,106.25,107.50,107.05,109.28,,107.55,,,82459,8925574.73,1866,F1,1,,,,,
2026-10-07,2026-10-07,CM,NSE,STK,3693,INE287Z01012,GAYAHWS,EQ,,,,,GAYATRI HIGHWAYS LIMITED,1.87,2.03,1.82,1.86,1.86,1.78,,1.86,,,220163,413304.32,351,F1,1,,,,,
2026-10-07,2026-10-07,CM,NSE,STK,25023,INE336H01023,GAYAPROJ,EQ,,,,,GAYATRI PROJECTS LTD,21.50,21.76,20.88,21.05,21.00,21.46,,21.05,,,357002,7544857.54,2024,F1,1,,,,,
2026-10-07,2026-10-07,CM,NSE,STK,14052,INE0LVM01018,GRCL,SM,,,,,GAYATRI RUBB AND CHEM LTD,570.00,570.00,570.00,570.00,570.00,570.00,,570.00,,,750,427500.00,3,F1,250,,,,,
2026-10-07,2026-10-07,CM,NSE,STK,7862,INE878A01011,GVPIL,EQ,,,,,GE POWER INDIA LIMITED,730.05,731.60,698.15,698.15,698.15,734.85,,698.17,,,322585,227861311.35,9525,F1,1,,,,,
2026-10-07,2026-10-07,CM,NSE,STK,16783,INE200A01026,GVT&D,EQ,,,,,GE VERNOVA T&D INDIA LTD,4260.00,4340.20,4201.20,4316.30,4316.30,4245.10,,4316.18,,,660155,2841849774.00,66691,F1,1,,,,,
2026-10-07,2026-10-07,CM,NSE,STK,13658,INE916G01016,GEECEE,EQ,,,,,GEECEE VENTURES LIMITED,374.00,375.00,362.05,363.45,365.50,369.60,,363.90,,,82,29996.35,21,F1,1,,,,,
2026-10-07,2026-10-07,CM,NSE,STK,17922,INE669X01032,GEEKAYWIRE,EQ,,,,,GEEKAY WIRES LIMITED,33.00,34.00,32.20,33.14,32.90,32.72,,33.14,,,249043,8319853.11,1554,F1,1,,,,,
2026-10-07,2026-10-07,CM,NSE,STK,759461,INE06XZ01023,GEMAROMA,EQ,,,,,GEM AROMATICS LIMITED,152.87,154.93,151.03,153.20,152.50,152.23,,153.20,,,29511,4512930.95,1054,F1,1,,,,,
2026-10-07,2026-10-07,CM,NSE,STK,277,INE481Y01014,GICRE,EQ,,,,,GENERAL INS CORP OF INDIA,315.00,318.35,311.50,316.55,316.55,314.25,,316.57,,,681917,214909469.15,30334,F1,1,,,,,
2026-10-07,2026-10-07,CM,NSE,STK,2188,INE854S01022,GENCON,EQ,,,,,GENERIC ENG CONS PROJ LTD,39.00,39.00,36.55,37.04,36.55,37.78,,37.06,,,493852,18501749.98,850,F1,1,,,,,
2026-10-07,2026-10-07,CM,NSE,STK,10905,INE727B01026,GENESYS,EQ,,,,,GENESYS INTL CORPN LTD,299.30,301.80,291.20,294.85,296.00,301.05,,294.86,,,353278,104446585.50,8796,F1,1,,,,,
2026-10-07,2026-10-07,CM,NSE,STK,758842,INE06H201014,GENSOL,BZ,,,,,GENSOL ENGINEERING LTD,12.35,12.49,11.74,11.74,11.75,12.35,,11.75,,,260422,3083878.78,1270,F1,1,,,,,
2026-10-07,2026-10-07,CM,NSE,STK,6600,INE949P01018,GENUSPAPER,EQ,,,,,GENUS P&B LIMITED,10.66,10.90,10.07,10.47,10.60,10.57,,10.49,,,61249,645247.41,287,F1,1,,,,,
2026-10-07,2026-10-07,CM,NSE,STK,11905,INE955D01029,GENUSPOWER,EQ,,,,,GENUS POWER INFRASTRU LTD,304.00,307.20,298.80,301.05,301.90,307.20,,301.05,,,1198764,362078055.60,24981,F1,1,,,,,
2026-10-07,2026-10-07,CM,NSE,STK,31942,INE1W0N01014,GENXAI,SM,,,,,GENXAI ANALYTICS LIMITED,80.10,94.00,79.00,89.00,88.50,80.80,,89.00,,,130800,11385180.00,106,F1,1200,,,,,
2026-10-07,2026-10-07,CM,NSE,STK,11896,INE007B01023,GEOJITFSL,EQ,,,,,GEOJIT FINANCIAL SER L,78.68,79.25,77.50,77.98,78.08,78.68,,77.96,,,201903,15809032.52,2014,F1,1,,,,,
2026-10-07,2026-10-07,CM,NSE,STK,766366,INE0D4501011,GERMAN,EQ,,,,,GERMAN GREEN STEEL N PW L,118.20,124.49,116.43,120.11,120.25,118.12,,120.10,,,3650098,439943555.63,39611,F1,1,,,,,
2026-10-07,2026-10-07,CM,NSE,STK,1289,INE538A01037,GFLLIMITED,EQ,,,,,GFL LIMITED,55.90,58.05,55.27,57.83,58.05,55.86,,57.83,,,117979,6720998.72,2126,F1,1,,,,,
2026-10-07,2026-10-07,CM,NSE,STK,1127,INE539A01019,GHCL,EQ,,,,,GHCL LIMITED,409.00,409.05,394.10,398.80,398.05,408.85,,398.79,,,150335,59878062.35,9292,F1,1,,,,,
2026-10-07,2026-10-07,CM,NSE,STK,16696,INE0PA801013,GHCLTEXTIL,EQ,,,,,GHCL TEXTILES LIMITED,132.46,133.01,128.41,130.04,130.45,131.58,,130.04,,,251094,32647322.20,6219,F1,1,,,,,
2026-10-07,2026-10-07,CM,NSE,STK,1139,INE289B01019,GICHSGFIN,EQ,,,,,GIC HOUSING FINANCE LTD,134.80,135.80,131.80,132.83,132.72,134.48,,132.82,,,86892,11548357.16,1553,F1,1,,,,,
2026-10-07,2026-10-07,CM,NSE,STK,17839,INE047B01011,GILLANDERS,EQ,,,,,GILLANDERS ARBUTHNOT LTD,113.00,116.75,109.00,109.38,110.93,111.77,,109.38,,,6732,752047.74,168,F1,1,,,,,
2026-10-07,2026-10-07,CM,NSE,STK,1576,INE322A01010,GILLETTE,EQ,,,,,GILLETTE INDIA LTD,7060.00,7284.00,7006.00,7223.50,7248.00,7057.00,,7223.45,,,26580,190033110.50,7611,F1,1,,,,,
2026-10-07,2026-10-07,CM,NSE,STK,9294,INE424C01010,GINNIFILA,BE,,,,,GINNIFILAMENTS LTD.,41.95,41.98,40.54,40.99,41.00,40.96,,40.83,,,51938,2133256.70,79,F1,1,,,,,
2026-10-07,2026-10-07,CM,NSE,STK,2365,INE614Z01017,GIRIRAJ,SM,,,,,GIRIRAJ CIVIL DEVP LTD,59.45,59.50,54.65,54.95,54.65,57.50,,54.95,,,6250,347412.50,21,F1,250,,,,,
2026-10-07,2026-10-07,CM,NSE,STK,759048,INE1AG301022,GKENERGY,EQ,,,,,GK ENERGY LIMITED,115.40,116.10,113.16,114.63,114.50,114.45,,114.64,,,284451,32632912.08,3830,F1,1,,,,,
2026-10-07,2026-10-07,CM,NSE,STK,764688,INE265D01015,GKB,EQ,,,,,GKB OPHTHALMICS LTD.,60.12,62.76,60.12,61.50,61.50,61.76,,61.50,,,6765,416177.12,29,F1,1,,,,,
2026-10-07,2026-10-07,CM,NSE,STK,17357,INE528A01020,GKWLIMITED,EQ,,,,,GKW LIMITED,1565.00,1565.00,1540.00,1550.60,1560.00,1545.40,,1550.60,,,7210,11172959.20,48,F1,1,,,,,
2026-10-07,2026-10-07,CM,NSE,STK,1186,INE068V01023,GLAND,EQ,,,,,GLAND PHARMA LIMITED,3026.00,3171.00,3019.00,3150.60,3159.00,3006.10,,3150.70,,,1341221,4175731967.50,89070,F1,1,,,,,
2026-10-07,2026-10-07,CM,NSE,STK,766005,INE644Q01039,GLASSWALL,EQ,,,,,GLASS WALL SYSTEM (I) LTD,254.90,268.30,254.70,262.25,261.60,275.75,,262.26,,,8768527,2287617621.40,95154,F1,1,,,,,
2026-10-07,2026-10-07,CM,NSE,STK,1153,INE159A01016,GLAXO,EQ,,,,,GLAXOSMITHKLINE PHARMA LT,2760.00,2760.00,2613.30,2634.00,2628.00,2755.00,,2633.98,,,125296,331886642.10,17797,F1,1,,,,,
2026-10-07,2026-10-07,CM,NSE,STK,7406,INE935A01035,GLENMARK,EQ,,,,,GLENMARK PHARMACEUTICALS,2314.90,2326.80,2274.40,2282.30,2282.30,2311.00,,2282.30,,,500247,1144624620.80,32735,F1,1,,,,,
2026-10-07,2026-10-07,CM,NSE,STK,1415,INE291W01037,GLOBAL,EQ,,,,,GLOBAL EDUCATION LIMITED,142.62,145.49,141.25,144.79,145.00,142.62,,144.79,,,84933,12215498.27,1336,F1,1,,,,,
2026-10-07,2026-10-07,CM,NSE,STK,11956,INE474Q01031,MEDANTA,EQ,,,,,GLOBAL HEALTH LIMITED,1300.00,1300.10,1258.80,1294.10,1293.80,1300.80,,1294.10,,,463494,591988285.30,43832,F1,1,,,,,
2026-10-07,2026-10-07,CM,NSE,STK,14599,INE0JSX01015,GSLSU,EQ,,,,,GLOBAL SURFACES LIMITED,28.03,29.55,28.03,28.88,28.97,28.89,,28.88,,,56663,1638401.41,1298,F1,1,,,,,
2026-10-07,2026-10-07,CM,NSE,STK,13735,INE792H01019,GLOBALVECT,EQ,,,,,GLOBAL VEC HELICORP LTD,130.77,133.75,124.00,125.94,125.11,130.77,,125.94,,,12669,1605379.49,864,F1,1,,,,,
2026-10-07,2026-10-07,CM,NSE,STK,24932,INE0URU01010,GLOBALE,EQ,,,,,GLOBALE TESSILE LIMITED,10.13,10.49,10.12,10.49,10.49,10.65,,10.49,,,10724,108947.26,31,F1,1,,,,,
2026-10-07,2026-10-07,CM,NSE,STK,758572,INE0V3U01015,GLOBECIVIL,EQ,,,,,GLOBE CIVIL PROJECTS LTD,42.90,42.90,40.65,40.89,41.28,42.29,,40.89,,,17587,726235.03,397,F1,1,,,,,
2026-10-07,2026-10-07,CM,NSE,STK,393,INE581X01021,GLOBE,EQ,,,,,GLOBE ENTERPRISE (I) LTD,2.05,2.13,2.05,2.11,2.13,2.08,,2.11,,,150203,315448.73,168,F1,1,,,,,
2026-10-07,2026-10-07,CM,NSE,STK,761021,INE947T01022,GICL,BE,,,,,GLOBE INTL CARRIERS LTD,20.90,21.79,20.21,21.34,21.75,21.05,,21.34,,,135078,2831908.04,153,F1,1,,,,,
2026-10-07,2026-10-07,CM,NSE,STK,9764,INE00WS01056,GSTL,SM,,,,,GLOBESECURE TECHNO LTD,10.95,11.45,10.95,11.45,11.45,10.95,,11.45,,,7000,79650.00,6,F1,1000,,,,,
2026-10-07,2026-10-07,CM,NSE,STK,17424,INE615I01010,GLOBUSSPR,EQ,,,,,GLOBUS SPIRITS LTD,810.00,823.45,794.00,796.85,800.00,812.70,,796.88,,,85390,68629596.55,6649,F1,1,,,,,
2026-10-07,2026-10-07,CM,NSE,STK,23590,INE350Z01018,GLOSTERLTD,EQ,,,,,GLOSTER LIMITED,555.80,555.80,545.20,552.90,552.90,551.60,,552.90,,,268,147969.55,25,F1,1,,,,,
2026-10-07,2026-10-07,CM,NSE,STK,760116,INE0TQE01026,GLOTTIS,EQ,,,,,GLOTTIS LIMITED,58.33,59.63,58.00,58.71,59.63,58.34,,58.68,,,33195,1938098.44,895,F1,1,,,,,
2026-10-07,2026-10-07,CM,NSE,STK,1570,INE541A01023,GMMPFAUDLR,EQ,,,,,GMM PFAUDLER LIMITED,1429.90,1459.50,1427.00,1438.00,1438.20,1425.70,,1438.01,,,171982,247659373.70,16214,F1,1,,,,,
2026-10-07,2026-10-07,CM,NSE,STK,13528,INE776C01039,GMRAIRPORT,EQ,,,,,GMR AIRPORTS LIMITED,92.80,93.37,91.10,91.19,91.19,93.06,,91.19,,,17042601,1571046745.81,43923,F1,1,,,,,
2026-10-07,2026-10-07,CM,NSE,STK,8529,INE0CU601026,GMRP&UI,EQ,,,,,GMR POW AND URBAN INFRA L,102.51,104.00,101.29,101.58,101.81,102.23,,101.56,,,835605,85753556.21,11824,F1,1,,,,,
2026-10-07,2026-10-07,CM,NSE,STK,18571,INE934S01014,GNA,EQ,,,,,GNA AXLES LIMITED,614.55,614.55,581.00,583.65,583.80,615.80,,583.66,,,490734,290797981.20,14631,F1,1,,,,,
2026-10-07,2026-10-07,CM,NSE,STK,757862,INE18JU01028,EBGNG,EQ,,,,,GNG ELECTRONICS LIMITED,688.20,735.00,682.20,731.35,734.80,685.15,,731.38,,,1130382,811592443.00,42052,F1,1,,,,,
2026-10-07,2026-10-07,CM,NSE,STK,23799,INE03JT01014,GODIGIT,EQ,,,,,GO DIGIT GENERAL INS LTD,260.00,269.85,259.00,264.75,263.70,258.60,,264.75,,,818602,217533352.40,24862,F1,1,,,,,
2026-10-07,2026-10-07,CM,NSE,STK,6964,INE0BJS01011,GOCOLORS,EQ,,,,,GO FASHION INDIA LTD,305.95,309.90,300.45,306.15,307.80,306.45,,306.16,,,62693,19152673.85,3081,F1,1,,,,,
2026-10-07,2026-10-07,CM,NSE,STK,14687,INE426D01013,GOACARBON,EQ,,,,,GOA CARBON LIMITED,419.50,420.00,405.10,407.80,408.00,414.65,,407.84,,,11433,4732654.45,847,F1,1,,,,,
2026-10-07,2026-10-07,CM,NSE,STK,3963,INE077F01035,GOCLCORP,EQ,,,,,GOCL CORPORATION LIMITED,373.95,374.00,360.65,367.85,365.60,372.45,,368.07,,,78586,28806561.45,4398,F1,1,,,,,
2026-10-07,2026-10-07,CM,NSE,STK,25941,INE497S01012,GODAVARIB,EQ,,,,,GODAVARI BIOREFINERIES L,228.30,228.60,224.02,226.24,225.99,228.57,,226.25,,,34828,7892565.81,1409,F1,1,,,,,
2026-10-07,2026-10-07,CM,NSE,STK,13409,INE177H01039,GPIL,EQ,,,,,GODAWARI POW & ISP LTD,218.00,218.00,212.95,214.31,213.85,218.98,,214.31,,,1180059,253100484.79,22518,F1,1,,,,,
2026-10-07,2026-10-07,CM,NSE,STK,1181,INE260B01028,GODFRYPHLP,EQ,,,,,GODFREY PHILLIPS INDIA LT,1890.00,1893.00,1856.30,1862.40,1862.40,1900.00,,1862.48,,,120245,225142667.60,13060,F1,1,,,,,
2026-10-07,2026-10-07,CM,NSE,STK,144,INE850D01014,GODREJAGRO,EQ,,,,,GODREJ AGROVET LIMITED,651.80,652.10,627.90,639.60,639.00,648.10,,639.59,,,306889,195597939.45,14284,F1,1,,,,,
2026-10-07,2026-10-07,CM,NSE,STK,10099,INE102D01028,GODREJCP,EQ,,,,,GODREJ CONSUMER PRODUCTS,874.75,874.75,853.65,865.55,865.55,872.50,,865.55,,,1332394,1150696120.40,28658,F1,1,,,,,
2026-10-07,2026-10-07,CM,NSE,STK,10925,INE233A01035,GODREJIND,EQ,,,,,GODREJ INDUSTRIES LTD,1049.00,1049.00,1025.00,1029.00,1026.20,1045.00,,1029.98,,,16388,16906980.60,2377,F1,1,,,,,
2026-10-07,2026-10-07,CM,NSE,STK,17875,INE484J01027,GODREJPROP,EQ,,,,,GODREJ PROPERTIES LTD,1604.80,1604.80,1570.10,1580.20,1580.20,1610.00,,1580.17,,,196039,310881202.20,17706,F1,1,,,,,
2026-10-07,2026-10-07,CM,NSE,STK,765280,IN0020260058,620GS2029,GS,,,,,GOI LOAN   6.20% 2029,98.00,98.50,98.00,98.50,98.50,98.00,,98.50,,,700,68900.00,3,F1,1,,,,,
2026-10-07,2026-10-07,CM,NSE,STK,765281,IN0020260066,657GS2033A,GS,,,,,GOI LOAN   6.57% 2033,98.00,98.00,98.00,98.00,98.00,98.00,,98.00,,,300,29400.00,1,F1,1,,,,,
2026-10-07,2026-10-07,CM,NSE,STK,27405,IN0020240167,664GS2027,GS,,,,,GOI LOAN   6.64% 2027,106.00,106.00,106.00,106.00,106.00,101.71,,106.00,,,2,212.00,2,F1,1,,,,,
2026-10-07,2026-10-07,CM,NSE,STK,28894,IN0020240191,679GS2031,GS,,,,,GOI LOAN   6.79% 2031,100.49,100.49,100.49,100.49,100.49,100.49,,100.49,,,100,10049.00,1,F1,1,,,,,
2026-10-07,2026-10-07,CM,NSE,STK,27127,IN0020240134,692GS2039,GS,,,,,GOI LOAN   6.92% 2039,98.00,98.00,98.00,98.00,98.00,99.00,,98.00,,,100,9800.00,1,F1,1,,,,,
2026-10-07,2026-10-07,CM,NSE,STK,27819,IN0020240175,698GR2054,GS,,,,,GOI LOAN   6.98% 2054,91.26,93.99,91.26,93.99,93.99,93.00,,93.99,,,451,41160.99,3,F1,1,,,,,
2026-10-07,2026-10-07,CM,NSE,STK,27170,IN0020240142,709GS2074,GS,,,,,GOI LOAN   7.09% 2074,94.76,94.85,94.30,94.79,94.79,94.76,,94.79,,,10473,990716.95,18,F1,1,,,,,
2026-10-07,2026-10-07,CM,NSE,STK,6695,IN0020210186,574GS2026,GS,,,,,GOI LOAN  5.74% 2026,102.49,102.49,102.48,102.49,102.49,102.49,,102.49,,,70,7174.29,4,F1,1,,,,,
2026-10-07,2026-10-07,CM,NSE,STK,757753,IN0020250034,591GS2028,GS,,,,,GOI LOAN  5.91% 2028,99.13,99.13,99.13,99.13,99.13,99.80,,99.13,,,100,9913.00,1,F1,1,,,,,
2026-10-07,2026-10-07,CM,NSE,STK,757983,IN0020250067,601GS2030,GS,,,,,GOI LOAN  6.01% 2030,97.10,97.10,96.31,96.70,96.70,97.10,,96.70,,,300,29011.00,3,F1,1,,,,,
2026-10-07,2026-10-07,CM,NSE,STK,760622,IN0020250125,603GS2029,GS,,,,,GOI LOAN  6.03% 2029,98.03,98.50,98.03,98.50,98.50,98.01,,98.50,,,200,19653.00,3,F1,1,,,,,
2026-10-07,2026-10-07,CM,NSE,STK,5012,IN0020210095,610GS2031,GS,,,,,GOI LOAN  6.10% 2031,99.49,99.49,99.49,99.49,99.49,99.49,,99.49,,,1,99.49,1,F1,1,,,,,
2026-10-07,2026-10-07,CM,NSE,STK,953,IN0020200245,622GS2035,GS,,,,,GOI LOAN  6.22% 2035,95.98,95.98,95.98,95.98,95.98,94.29,,95.98,,,64,6142.72,1,F1,1,,,,,
2026-10-07,2026-10-07,CM,NSE,STK,759396,IN0020250091,648GS2035,GS,,,,,GOI LOAN  6.48% 2035,94.08,96.80,94.08,96.60,96.60,96.00,,96.60,,,1901,182844.80,7,F1,1,,,,,
2026-10-07,2026-10-07,CM,NSE,STK,956,IN0020200252,667GS2050,GS,,,,,GOI LOAN  6.67% 2050,91.45,91.45,91.45,91.45,91.45,91.50,,91.45,,,234,21399.30,2,F1,1,,,,,
2026-10-07,2026-10-07,CM,NSE,STK,760623,IN0020250133,668GS2033,GS,,,,,GOI LOAN  6.68% 2033,98.75,99.00,98.75,98.75,98.75,99.05,,98.75,,,5400,533625.00,3,F1,1,,,,,
2026-10-07,2026-10-07,CM,NSE,STK,757847,IN0020250042,668GS2040,GS,,,,,GOI LOAN  6.68% 2040,97.60,97.60,97.00,97.00,97.00,97.40,,97.00,,,1446,140322.10,5,F1,1,,,,,
2026-10-07,2026-10-07,CM,NSE,STK,2317,IN0020200401,676GS2061,GS,,,,,GOI LOAN  6.76% 2061,89.60,89.60,89.20,89.49,89.49,89.48,,89.60,,,16094,1437402.98,36,F1,1,,,,,
2026-10-07,2026-10-07,CM,NSE,STK,25736,IN0020240126,679GS2034,GS,,,,,GOI LOAN  6.79% 2034,97.50,97.50,97.50,97.50,97.50,97.80,,97.50,,,100,9750.00,1,F1,1,,,,,
2026-10-07,2026-10-07,CM,NSE,STK,22438,IN0020200187,68GS2060,GS,,,,,GOI LOAN  6.8% 2060,91.80,91.80,91.80,91.80,91.80,91.00,,91.80,,,530,48654.00,2,F1,1,,,,,
2026-10-07,2026-10-07,CM,NSE,STK,756014,IN0020250018,690GS2065,GS,,,,,GOI LOAN  6.90% 2065,93.40,93.40,92.60,92.86,92.90,92.60,,92.86,,,168444,15605454.91,39,F1,1,,,,,
2026-10-07,2026-10-07,CM,NSE,STK,763340,IN0020260025,694GS2036,GS,,,,,GOI LOAN  6.94% 2036,101.10,101.12,101.08,101.12,101.12,101.30,,101.12,,,300,30332.10,4,F1,1,,,,,
2026-10-07,2026-10-07,CM,NSE,STK,6817,IN0020210202,695GS2061,GS,,,,,GOI LOAN  6.95% 2061,92.78,92.78,92.70,92.70,92.70,92.79,,92.70,,,571,52933.68,5,F1,1,,,,,
2026-10-07,2026-10-07,CM,NSE,STK,6696,IN0020210194,699GS2051,GS,,,,,GOI LOAN  6.99% 2051,93.98,96.30,93.98,96.00,96.00,96.39,,96.00,,,1656,159003.98,3,F1,1,,,,,
2026-10-07,2026-10-07,CM,NSE,STK,23919,IN0020240050,704GS2029,GS,,,,,GOI LOAN  7.04% 2029,102.70,102.70,102.70,102.70,102.70,102.70,,102.70,,,9849,1011492.30,3,F1,1,,,,,
2026-10-07,2026-10-07,CM,NSE,STK,14970,IN0020230010,706GS2028,GS,,,,,GOI LOAN  7.06% 2028,103.50,103.50,102.01,102.25,102.25,103.50,,102.25,,,12687,1298782.00,8,F1,1,,,,,
2026-10-07,2026-10-07,CM,NSE,STK,764295,IN0020260041,706GS2041,GS,,,,,GOI LOAN  7.06% 2041,99.25,99.25,98.00,99.25,99.25,97.25,,99.25,,,1505,148872.50,7,F1,1,,,,,
2026-10-07,2026-10-07,CM,NSE,STK,24949,IN0020240118,709GS2054,GS,,,,,GOI LOAN  7.09% 2054,95.89,95.89,95.15,95.15,95.15,95.50,,95.15,,,12051,1146971.77,7,F1,1,,,,,
2026-10-07,2026-10-07,CM,NSE,STK,18025,IN0020230085,718GS2033,GS,,,,,GOI LOAN  7.18% 2033,101.40,102.50,101.40,101.40,101.40,101.80,,101.40,,,45173,4584562.00,6,F1,1,,,,,
2026-10-07,2026-10-07,CM,NSE,STK,17398,IN0020230077,718GS2037,GS,,,,,GOI LOAN  7.18% 2037,101.35,102.35,101.20,101.72,101.20,101.11,,101.72,,,31613,3207369.20,29,F1,1,,,,,
2026-10-07,2026-10-07,CM,NSE,STK,23518,IN0020240027,723GS2039,GS,,,,,GOI LOAN  7.23% 2039,102.00,102.00,99.93,102.00,102.00,103.40,,102.00,,,8310,845305.00,14,F1,1,,,,,
2026-10-07,2026-10-07,CM,NSE,STK,758674,IN0020250075,724GS2055,GS,,,,,GOI LOAN  7.24% 2055,96.99,96.99,96.00,96.19,96.20,96.20,,96.19,,,209293,20129161.21,36,F1,1,,,,,
2026-10-07,2026-10-07,CM,NSE,STK,16733,IN0020230044,725GS2063,GS,,,,,GOI LOAN  7.25% 2063,96.34,96.35,96.10,96.27,96.26,96.33,,96.27,,,33346,3208144.55,39,F1,1,,,,,
2026-10-07,2026-10-07,CM,NSE,STK,10722,IN0020220060,726GS2032,GS,,,,,GOI LOAN  7.26% 2032,101.00,101.45,101.00,101.21,101.45,100.98,,101.21,,,13145,1329778.25,13,F1,1,,,,,
2026-10-07,2026-10-07,CM,NSE,STK,14051,IN0020220151,726GS2033,GS,,,,,GOI LOAN  7.26% 2033,101.00,101.49,100.20,101.49,101.49,101.59,,101.49,,,3250,325973.30,3,F1,1,,,,,
2026-10-07,2026-10-07,CM,NSE,STK,16865,IN0020230051,73GS2053,GS,,,,,GOI LOAN  7.3% 2053,97.80,97.80,97.25,97.44,97.50,97.09,,97.39,,,4454,434023.25,19,F1,1,,,,,
2026-10-07,2026-10-07,CM,NSE,STK,20136,IN0020230135,732GS2030,GS,,,,,GOI LOAN  7.32% 2030,103.50,103.50,102.47,102.47,102.47,103.50,,102.47,,,1129,116718.63,7,F1,1,,,,,
2026-10-07,2026-10-07,CM,NSE,STK,19685,IN0020230119,733GS2026,GS,,,,,GOI LOAN  7.33% 2026,102.84,102.84,102.84,102.84,102.84,102.84,,102.84,,,250,25710.00,2,F1,1,,,,,
2026-10-07,2026-10-07,CM,NSE,STK,23558,IN0020240035,734GS2064,GS,,,,,GOI LOAN  7.34% 2064,98.54,98.60,98.45,98.57,98.60,98.68,,98.57,,,60488,5958344.65,67,F1,1,,,,,
2026-10-07,2026-10-07,CM,NSE,STK,19566,IN0020230101,737GS2028,GS,,,,,GOI LOAN  7.37% 2028,104.02,104.02,104.00,104.00,104.00,104.02,,104.00,,,1200,124802.00,5,F1,1,,,,,
2026-10-07,2026-10-07,CM,NSE,STK,10981,IN0020220094,74GS2062,GS,,,,,GOI LOAN  7.4% 2062,98.00,98.00,97.00,98.00,98.00,98.00,,98.00,,,1615,158170.69,9,F1,1,,,,,
2026-10-07,2026-10-07,CM,NSE,STK,13194,IN0020220102,741GS2036,GS,,,,,GOI LOAN  7.41% 2036,104.39,104.39,102.01,103.07,103.00,103.30,,103.07,,,1702,175386.58,10,F1,1,,,,,
2026-10-07,2026-10-07,CM,NSE,STK,760649,IN0020250117,743GS2076,GS,,,,,GOI LOAN  7.43% 2076,98.50,98.50,97.80,98.00,98.00,97.80,,98.00,,,82960,8129785.03,58,F1,1,,,,,
2026-10-07,2026-10-07,CM,NSE,STK,19808,IN0020230127,746GS2073,GS,,,,,GOI LOAN  7.46% 2073,101.00,101.99,101.00,101.50,101.50,101.99,,101.50,,,1144,115616.49,3,F1,1,,,,,
2026-10-07,2026-10-07,CM,NSE,STK,763146,IN0020260017,750GS2056,GS,,,,,GOI LOAN  7.50% 2056,100.00,100.00,98.56,99.00,99.00,99.26,,99.00,,,290,28761.60,7,F1,1,,,,,
2026-10-07,2026-10-07,CM,NSE,STK,9585,IN0020220029,754GS2036,GS,,,,,GOI LOAN  7.54% 2036,104.80,104.90,104.61,104.76,104.72,104.57,,104.76,,,454965,47686498.66,116,F1,1,,,,,
2026-10-07,2026-10-07,CM,NSE,STK,766043,IN0020260082,763GS2056,GS,,,,,GOI LOAN  7.63% 2056,100.00,100.29,99.90,100.29,100.29,100.27,,100.29,,,14648,1467336.82,19,F1,1,,,,,
2026-10-07,2026-10-07,CM,NSE,STK,763489,IN0020260033,771GS2066,GS,,,,,GOI LOAN  7.71% 2066,102.90,103.10,102.56,103.00,103.00,102.94,,103.00,,,39021,4004855.27,15,F1,1,,,,,
2026-10-07,2026-10-07,CM,NSE,STK,9047,IN0020220011,710GS2029,GS,,,,,GOI LOAN 7.10% 2029,103.50,103.50,102.70,103.00,103.00,103.90,,103.00,,,73486,7579962.00,27,F1,1,,,,,
2026-10-07,2026-10-07,CM,NSE,STK,18561,IN0020200054,716GS2050,GS,,,,,GOI LOAN 7.16% 2050,96.69,96.69,96.69,96.69,96.69,96.69,,96.69,,,3519,340252.11,6,F1,1,,,,,
2026-10-07,2026-10-07,CM,NSE,STK,9913,IN0020220037,738GS2027,GS,,,,,GOI LOAN 7.38% 2027,102.65,102.65,102.56,102.64,102.65,102.66,,102.64,,,14021,1438170.31,14,F1,1,,,,,
2026-10-07,2026-10-07,CM,NSE,STK,6835,IN0020020106,795GS2032,GS,,,,,GOI LOAN 7.95% 2032,104.70,104.70,104.70,104.70,104.70,103.10,,104.70,,,2551,267089.70,2,F1,1,,,,,
2026-10-07,2026-10-07,CM,NSE,STK,6921,IN0020070069,828GS2027,GS,,,,,GOI LOAN 8.28% 2027,174.80,174.80,174.80,174.80,174.80,166.48,,174.80,,,1,174.80,1,F1,1,,,,,
2026-10-07,2026-10-07,CM,NSE,STK,7013,IN0020110063,883GS2041,GS,,,,,GOI LOAN 8.83% 2041,111.25,111.25,111.25,111.25,111.25,117.00,,111.25,,,1,111.25,1,F1,1,,,,,
2026-10-07,2026-10-07,CM,NSE,STK,7011,IN0020110055,897GS2030,GS,,,,,GOI LOAN 8.97% 2030,114.99,114.99,114.99,114.99,114.99,115.00,,114.99,,,416,47835.84,2,F1,1,,,,,
2026-10-07,2026-10-07,CM,NSE,STK,7039,IN0020130053,92GS2030,GS,,,,,GOI LOAN 9.20% 2030,109.50,109.65,109.10,109.65,109.65,108.99,,109.65,,,32908,3599209.10,15,F1,1,,,,,
2026-10-07,2026-10-07,CM,NSE,STK,764048,IN002026Y147,182D070127,TB,,,,,GOI TBILL 182D-07/01/27,98.45,98.45,98.45,98.45,98.45,97.80,,98.33,,,200,19690.00,1,F1,100,,,,,
2026-10-07,2026-10-07,CM,NSE,STK,765983,IN002026Y238,182D110327,TB,,,,,GOI TBILL 182D-11/03/27,97.41,97.41,97.41,97.41,97.41,96.89,,97.41,,,200,19482.00,1,F1,100,,,,,
2026-10-07,2026-10-07,CM,NSE,STK,763373,IN002026Y063,182D121126,TB,,,,,GOI TBILL 182D-12/11/26,99.46,99.46,99.46,99.46,99.46,98.30,,99.46,,,1100,109406.00,1,F1,100,,,,,
2026-10-07,2026-10-07,CM,NSE,STK,764153,IN002026Y154,182D140127,TB,,,,,GOI TBILL 182D-14/01/27,98.34,98.34,98.34,98.34,98.34,97.61,,98.34,,,100,9834.00,1,F1,100,,,,,
2026-10-07,2026-10-07,CM,NSE,STK,765443,IN002026Y212,182D260227,TB,,,,,GOI TBILL 182D-26/02/27,97.62,97.62,97.62,97.62,97.62,97.15,,97.62,,,500,48810.00,1,F1,100,,,,,
2026-10-07,2026-10-07,CM,NSE,STK,764329,IN002026Y170,182D280127,TB,,,,,GOI TBILL 182D-28/01/27,98.27,98.27,98.27,98.27,98.27,97.36,,98.27,,,5000,491350.00,1,F1,100,,,,,
2026-10-07,2026-10-07,CM,NSE,STK,760941,IN002025Z450,364D110227,TB,,,,,GOI TBILL 364D-11/02/27,97.11,97.80,97.11,97.80,97.80,96.90,,97.80,,,300,29241.00,3,F1,100,,,,,
2026-10-07,2026-10-07,CM,NSE,STK,764330,IN002026Z177,364D290727,TB,,,,,GOI TBILL 364D-29/07/27,94.80,94.80,94.80,94.80,94.80,94.37,,94.80,,,400,37920.00,1,F1,100,,,,,
2026-10-07,2026-10-07,CM,NSE,STK,765550,IN002026X222,91D031226,TB,,,,,GOI TBILL 91D-03/12/26,99.50,99.50,98.87,98.87,98.87,98.86,,98.87,,,300,29724.00,3,F1,100,,,,,
2026-10-07,2026-10-07,CM,NSE,STK,764510,IN002026X198,91D121126,TB,,,,,GOI TBILL 91D-12/11/26,99.42,99.42,99.42,99.42,99.42,99.50,,99.08,,,700,69594.00,2,F1,100,,,,,
2026-10-07,2026-10-07,CM,NSE,STK,766354,IN002026X263,91D311226,TB,,,,,GOI TBILL 91D-31/12/26,98.35,98.35,98.00,98.16,98.20,98.65,,98.16,,,1800,176615.00,4,F1,100,,,,,
2026-10-07,2026-10-07,CM,NSE,STK,11778,INE887G01027,GOKEX,EQ,,,,,GOKALDAS EXPORTS LTD.,682.00,685.50,670.10,673.00,671.00,682.75,,673.01,,,96561,65436955.85,8599,F1,1,,,,,
2026-10-07,2026-10-07,CM,NSE,STK,14480,INE314T01033,GOKULAGRO,EQ,,,,,GOKUL AGRO RESOURCES LTD,210.35,224.12,209.01,212.42,212.95,210.95,,212.42,,,777477,167643298.79,20603,F1,1,,,,,
2026-10-07,2026-10-07,CM,NSE,STK,16705,INE020J01029,GOKUL,EQ,,,,,GOKUL REFOILS & SOLV LTD,38.95,39.50,38.50,38.97,38.50,38.78,,38.98,,,155203,6045323.93,690,F1,1,,,,,
2026-10-07,2026-10-07,CM,NSE,STK,11619,INE973A01010,GOLDENTOBC,BZ,,,,,GOLDEN TOBACCO LIMITED,23.87,23.87,21.61,22.85,22.85,22.74,,22.85,,,6282,141652.84,86,F1,1,,,,,
2026-10-07,2026-10-07,CM,NSE,STK,11971,INE025B01025,GOLDIAM,EQ,,,,,GOLDIAM INTERNATIONAL LTD,316.90,321.60,311.55,317.00,315.35,317.50,,317.00,,,338407,107103323.55,7659,F1,1,,,,,
2026-10-07,2026-10-07,CM,NSE,STK,13616,INE06MH01016,GOLDKART,SM,,,,,GOLDKART JEWELS LIMITED,104.00,104.00,104.00,104.00,104.00,104.00,,104.00,,,625,65000.00,1,F1,625,,,,,
2026-10-07,2026-10-07,CM,NSE,STK,3,INE405Y01021,GOLDSTAR,ST,,,,,GOLDSTAR POWER LIMITED,11.10,11.10,11.10,11.10,11.10,11.65,,11.10,,,33750,374625.00,3,F1,11250,,,,,
2026-10-07,2026-10-07,CM,NSE,STK,6125,INE127I01024,GOODLUCK,EQ,,,,,GOODLUCK INDIA LIMITED,492.25,506.65,485.00,501.95,498.90,491.30,,501.92,,,264589,130939211.40,10003,F1,1,,,,,
2026-10-07,2026-10-07,CM,NSE,STK,1205,INE533A01012,GOODYEAR,EQ,,,,,GOODYEAR INDIA LIMITED,685.05,690.00,680.00,685.05,686.00,685.95,,685.06,,,3651,2502500.50,508,F1,1,,,,,
2026-10-07,2026-10-07,CM,NSE,STK,23066,INE0L9R01028,GOPAL,EQ,,,,,GOPAL SNACKS LIMITED,257.15,257.40,253.05,255.40,254.00,255.85,,255.44,,,188529,48053818.30,1526,F1,1,,,,,
2026-10-07,2026-10-07,CM,NSE,STK,11787,INE705X01026,GOYALALUM,EQ,,,,,GOYAL ALUMINIUMS LIMITED,5.96,6.00,5.87,5.94,5.92,5.91,,5.92,,,28011,166441.75,220,F1,1,,,,,
2026-10-07,2026-10-07,CM,NSE,STK,19356,INE0QFE01017,GOYALSALT,SM,,,,,GOYAL SALT LIMITED,102.00,102.00,102.00,102.00,102.00,102.00,,102.00,,,1200,122400.00,2,F1,600,,,,,
2026-10-07,2026-10-07,CM,NSE,STK,24108,INE0S7E01015,GPECO,SM,,,,,GP ECO SOLUTIONS INDIA L,470.00,470.00,444.00,454.45,454.95,469.65,,454.45,,,27600,12468960.00,117,F1,200,,,,,
2026-10-07,2026-10-07,CM,NSE,STK,11584,INE586G01017,GULFPETRO,BE,,,,,GP PETROLEUMS LIMITED,60.80,62.85,60.80,61.64,61.31,62.52,,61.47,,,28867,1782024.83,178,F1,1,,,,,
2026-10-07,2026-10-07,CM,NSE,STK,22846,INE486R01017,GPTHEALTH,EQ,,,,,GPT HEALTHCARE LIMITED,148.00,148.57,145.74,146.34,146.25,148.01,,146.34,,,53458,7866789.65,1782,F1,1,,,,,
2026-10-07,2026-10-07,CM,NSE,STK,17685,INE390G01014,GPTINFRA,EQ,,,,,GPT INFRAPROJECTS LTD,121.62,134.97,120.20,130.06,129.70,121.62,,130.09,,,1834242,238487009.00,24428,F1,1,,,,,
2026-10-07,2026-10-07,CM,NSE,STK,763301,INE361K01017,GRADIENTE,BE,,,,,GRADIENTE INFOTAINMENT L,2.51,2.64,2.45,2.50,2.51,2.57,,2.50,,,1249514,3130965.79,258,F1,1,,,,,
2026-10-07,2026-10-07,CM,NSE,STK,30286,INE12E301017,GCHOTELS,SM,,,,,GRAND CONTINENT HOTELS L,110.05,119.00,108.00,115.70,117.00,113.05,,115.70,,,49800,5658390.00,66,F1,600,,,,,
2026-10-07,2026-10-07,CM,NSE,STK,11079,INE534A01028,GFSTEELS,BE,,,,,GRAND FOUNDRY LTD,40.62,40.62,40.62,40.62,40.62,39.83,,38.34,,,26331,1069565.22,37,F1,1,,,,,
2026-10-07,2026-10-07,CM,NSE,STK,762695,INE926B01016,GRANDOAK,EQ,,,,,GRAND OAK CANYONS DIST L,37.00,37.00,34.40,34.96,35.00,36.17,,34.96,,,7900,276711.80,92,F1,1,,,,,
2026-10-07,2026-10-07,CM,NSE,STK,11872,INE101D01020,GRANULES,EQ,,,,,GRANULES INDIA LIMITED,839.40,850.70,822.20,845.30,845.80,836.40,,845.30,,,1224602,1027061378.35,50413,F1,1,,,,,
2026-10-07,2026-10-07,CM,NSE,STK,20454,INE0POU01017,GRAPHISAD,SM,,,,,GRAPHISADS LIMITED,24.90,25.05,24.50,24.70,24.90,24.40,,24.70,,,14400,358740.00,10,F1,1200,,,,,
2026-10-07,2026-10-07,CM,NSE,STK,592,INE371A01025,GRAPHITE,EQ,,,,,GRAPHITE INDIA LTD,853.00,853.30,831.00,834.05,831.00,851.20,,834.07,,,656284,551975512.25,21154,F1,1,,,,,
2026-10-07,2026-10-07,CM,NSE,STK,1232,INE047A01021,GRASIM,EQ,,,,,GRASIM INDUSTRIES LTD,2945.50,2957.20,2901.60,2921.10,2921.10,2969.00,,2921.09,,,235855,689869946.50,26440,F1,1,,,,,
2026-10-07,2026-10-07,CM,NSE,STK,5200,INE266D01021,GRAUWEIL,EQ,,,,,GRAUER & WEIL IND LTD,83.22,83.22,79.40,81.05,80.70,82.32,,81.06,,,509818,41462971.82,3397,F1,1,,,,,
2026-10-07,2026-10-07,CM,NSE,STK,762703,INE214F01026,GRAVISSHO,BE,,,,,GRAVISS HOSPITALITY LTD.,30.76,31.00,30.76,31.00,31.00,30.76,,31.00,,,607,18707.60,12,F1,1,,,,,
2026-10-07,2026-10-07,CM,NSE,STK,20534,INE024L01027,GRAVITA,EQ,,,,,GRAVITA INDIA LIMITED,1499.00,1510.30,1457.10,1496.00,1504.00,1500.90,,1496.01,,,271577,403649632.30,21035,F1,1,,,,,
2026-10-07,2026-10-07,CM,NSE,STK,1235,INE224A01026,GREAVESCOT,EQ,,,,,GREAVES COTTON LTD.,222.00,222.78,208.62,212.00,211.32,222.78,,212.00,,,2299772,490999395.88,32361,F1,1,,,,,
2026-10-07,2026-10-07,CM,NSE,STK,766444,INE1WDS01018,GREENASIA,ST,,,,,GREEN ASIA IMPEX LIMITED,89.00,89.00,84.55,84.55,84.55,89.00,,84.55,,,1254400,111248880.00,258,F1,1600,,,,,
2026-10-07,2026-10-07,CM,NSE,STK,17092,INE0O7P01015,GREENCHEF,SM,,,,,GREENCHEF APPLIANCES LTD,67.50,68.00,66.65,66.65,66.65,68.85,,66.65,,,8000,538680.00,10,F1,800,,,,,
2026-10-07,2026-10-07,CM,NSE,STK,6848,INE544R01021,GREENLAM,EQ,,,,,GREENLAM INDUSTRIES LTD.,211.70,213.00,208.80,210.50,210.00,212.02,,210.51,,,41475,8729520.65,1624,F1,1,,,,,
2026-10-07,2026-10-07,CM,NSE,STK,759424,INE0PLX01017,GREENLEAF,SM,,,,,GREENLEAF ENVIROTECH LTD,109.05,112.90,108.65,108.80,108.65,114.35,,108.80,,,20000,2190000.00,18,F1,1000,,,,,
2026-10-07,2026-10-07,CM,NSE,STK,13810,INE08ZM01014,GREENPANEL,EQ,,,,,GREENPANEL INDUSTRIES LTD,159.92,160.40,157.61,159.12,159.55,159.92,,159.11,,,148744,23705649.58,3679,F1,1,,,,,
2026-10-07,2026-10-07,CM,NSE,STK,3987,INE461C01038,GREENPLY,EQ,,,,,GREENPLY INDUSTRIES LTD,312.15,313.00,308.10,310.75,310.10,315.30,,310.74,,,53514,16627970.00,2746,F1,1,,,,,
2026-10-07,2026-10-07,CM,NSE,STK,758986,INE199P01028,GCSL,EQ,,,,,GRETEX CORPORATE SERVICES,695.60,701.25,686.30,689.70,697.00,693.05,,689.76,,,392492,272800274.75,3247,F1,1,,,,,
2026-10-07,2026-10-07,CM,NSE,STK,13560,INE536A01023,GRINDWELL,EQ,,,,,GRINDWELL NORTON LIMITED,2033.10,2051.70,2008.20,2018.20,2020.10,2033.10,,2018.23,,,20013,40546250.40,7869,F1,1,,,,,
2026-10-07,2026-10-07,CM,NSE,STK,10871,INE192H01020,GRMOVER,EQ,,,,,GRM OVERSEAS LIMITED,79.04,82.17,78.41,81.19,81.22,79.04,,81.20,,,1339846,108378599.65,5847,F1,1,,,,,
2026-10-07,2026-10-07,CM,NSE,STK,760971,INE1TY801010,GJL,ST,,,,,GROVER JEWELLS LIMITED,525.95,525.95,484.60,484.60,484.60,510.10,,484.60,,,4000,2007320.00,5,F1,800,,,,,
2026-10-07,2026-10-07,CM,NSE,STK,764285,INF666M01PH7,CEMNTGROWW,EQ,,,,,GROWWAMC - CEMNTGROWW,13.60,13.62,13.45,13.52,13.59,13.64,,13.52,,,57250,774202.40,347,F1,1,,,,,
2026-10-07,2026-10-07,CM,NSE,STK,760051,INF666M01MM4,GROWWCAPM,EQ,,,,,GROWWAMC - GROWWCAPM,11.10,11.20,10.96,11.09,11.10,11.15,,11.09,,,419809,4670900.57,1197,F1,1,,,,,
2026-10-07,2026-10-07,CM,NSE,STK,760673,INF666M01NP5,GROWWCHEM,EQ,,,,,GROWWAMC - GROWWCHEM,28.54,30.88,28.24,28.79,30.88,28.53,,28.79,,,25492,725230.10,195,F1,1,,,,,
2026-10-07,2026-10-07,CM,NSE,STK,25758,INF666M01IO8,GROWWDEFNC,EQ,,,,,GROWWAMC - GROWWDEFNC,94.16,94.16,92.06,92.51,92.88,93.91,,92.50,,,129442,11980038.13,2007,F1,1,,,,,
2026-10-07,2026-10-07,CM,NSE,STK,24798,INF666M01IH2,GROWWEV,EQ,,,,,GROWWAMC - GROWWEV,30.48,31.00,29.85,30.29,29.85,30.33,,30.29,,,202010,6071816.07,1823,F1,1,,,,,
2026-10-07,2026-10-07,CM,NSE,STK,25872,INF666M01OE7,GROWWGOLD,EQ,,,,,GROWWAMC - GROWWGOLD,14.36,14.37,14.29,14.31,14.32,14.35,,14.31,,,872235,12493619.49,2666,F1,1,,,,,
2026-10-07,2026-10-07,CM,NSE,STK,760874,INF666M01OD9,GROWWHOSPI,EQ,,,,,GROWWAMC - GROWWHOSPI,46.64,47.13,46.12,46.70,46.96,46.66,,46.71,,,368000,17090669.76,1607,F1,1,,,,,
2026-10-07,2026-10-07,CM,NSE,STK,25447,INF666M01IP5,GROWWLIQID,EQ,,,,,GROWWAMC - GROWWLIQID,111.06,111.06,111.05,111.05,111.06,111.03,,111.05,,,243010,26988340.10,171,F1,1,,,,,
2026-10-07,2026-10-07,CM,NSE,STK,758300,INF666M01LB9,GROWWLOVOL,EQ,,,,,GROWWAMC - GROWWLOVOL,9.88,9.88,9.71,9.76,9.88,9.89,,9.76,,,50194,489344.33,150,F1,1,,,,,
2026-10-07,2026-10-07,CM,NSE,STK,759719,INF666M01MV5,GROWWMC150,EQ,,,,,GROWWAMC - GROWWMC150,217.81,221.17,217.81,220.32,220.32,220.90,,220.32,,,545,119757.97,20,F1,1,,,,,
2026-10-07,2026-10-07,CM,NSE,STK,760438,INF666M01NI0,GROWWMETAL,EQ,,,,,GROWWAMC - GROWWMETAL,11.95,12.00,11.75,11.77,11.75,11.97,,11.77,,,317222,3758056.22,1376,F1,1,,,,,
2026-10-07,2026-10-07,CM,NSE,STK,756086,INF666M01KJ4,GROWWMOM50,EQ,,,,,GROWWAMC - GROWWMOM50,10.76,10.78,10.67,10.70,10.74,10.72,,10.70,,,66102,709568.57,391,F1,1,,,,,
2026-10-07,2026-10-07,CM,NSE,STK,29872,INF666M01JV1,GROWWN200,EQ,,,,,GROWWAMC - GROWWN200,10.81,10.81,10.64,10.71,10.75,10.76,,10.71,,,18483,197932.77,211,F1,1,,,,,
2026-10-07,2026-10-07,CM,NSE,STK,757814,INF666M01LI4,GROWWNET,EQ,,,,,GROWWAMC - GROWWNET,10.27,10.35,10.13,10.28,10.30,10.26,,10.28,,,609947,6262580.90,612,F1,1,,,,,
2026-10-07,2026-10-07,CM,NSE,STK,758697,INF666M01LL8,GROWWNIFTY,EQ,,,,,GROWWAMC - GROWWNIFTY,9.29,9.29,9.09,9.16,9.15,9.22,,9.16,,,590124,5406929.87,3134,F1,1,,,,,
2026-10-07,2026-10-07,CM,NSE,STK,759458,INF666M01LZ8,GROWWNXT50,EQ,,,,,GROWWAMC - GROWWNXT50,69.79,71.25,69.65,70.39,70.64,70.73,,70.39,,,3638,255143.41,113,F1,1,,,,,
2026-10-07,2026-10-07,CM,NSE,STK,758165,INF666M01LM6,GROWWPOWER,EQ,,,,,GROWWAMC - GROWWPOWER,11.19,11.19,10.85,10.88,10.94,11.01,,10.88,,,1801541,19641957.94,2114,F1,1,,,,,
2026-10-07,2026-10-07,CM,NSE,STK,760976,INF666M01NQ3,GROWWPSE,EQ,,,,,GROWWAMC - GROWWPSE,95.45,95.45,93.20,93.53,94.50,94.50,,93.53,,,4132,386851.13,102,F1,1,,,,,
2026-10-07,2026-10-07,CM,NSE,STK,761514,INF666M01OG2,GROWWPSUBK,EQ,,,,,GROWWAMC - GROWWPSUBK,79.57,83.39,79.30,81.42,83.29,80.43,,81.42,,,4756,382700.17,123,F1,1,,,,,
2026-10-07,2026-10-07,CM,NSE,STK,29527,INF666M01JJ6,GROWWRAIL,EQ,,,,,GROWWAMC - GROWWRAIL,26.06,26.18,25.85,25.99,26.05,26.05,,25.99,,,263211,6843410.09,2251,F1,1,,,,,
2026-10-07,2026-10-07,CM,NSE,STK,759428,INF666M01MN2,GROWWRLTY,EQ,,,,,GROWWAMC - GROWWRLTY,9.45,9.60,9.20,9.21,9.20,9.45,,9.21,,,207774,1928093.71,862,F1,1,,,,,
2026-10-07,2026-10-07,CM,NSE,STK,759522,INF666M01MO0,GROWWSC250,EQ,,,,,GROWWAMC - GROWWSC250,10.38,10.42,10.23,10.36,10.39,10.38,,10.36,,,68810,712589.10,448,F1,1,,,,,
2026-10-07,2026-10-07,CM,NSE,STK,756827,INF666M01OF4,GROWWSLVR,EQ,,,,,GROWWAMC - GROWWSLVR,21.61,21.63,21.39,21.41,21.47,21.59,,21.41,,,670479,14421521.91,1405,F1,1,,,,,
2026-10-07,2026-10-07,CM,NSE,STK,763572,INF666M01OT5,PVTBKGROWW,EQ,,,,,GROWWAMC - PVTBKGROWW,27.16,27.50,26.76,26.99,26.87,27.06,,26.99,,,20502,555755.14,90,F1,1,,,,,
2026-10-07,2026-10-07,CM,NSE,STK,751745,INF666M01PG9,SMALLGROWW,EQ,,,,,GROWWAMC - SMALLGROWW,48.40,48.68,48.07,48.67,48.68,48.29,,48.67,,,5745,276864.77,65,F1,1,,,,,
2026-10-07,2026-10-07,CM,NSE,STK,6543,INE137I01015,GRPLTD,EQ,,,,,GRP LIMITED,1855.00,1874.80,1761.00,1847.00,1863.00,1853.00,,1842.71,,,1760,3202318.90,317,F1,1,,,,,
2026-10-07,2026-10-07,CM,NSE,STK,23888,INE0SQY01018,GSMFOILS,SM,,,,,GSM FOILS LIMITED,70.10,70.15,66.65,66.65,66.65,70.15,,66.65,,,502500,33678850.00,372,F1,500,,,,,
2026-10-07,2026-10-07,CM,NSE,STK,762239,INE713R01022,GSPCROP,EQ,,,,,GSP CROP SCIENCE LIMITED,478.60,487.45,470.75,482.80,481.00,476.65,,482.98,,,240478,115973800.05,3621,F1,1,,,,,
2026-10-07,2026-10-07,CM,NSE,STK,766270,INE1TUG01013,GSPLTRANS,BE,,,,,GSPL TRANSMISSION LIMITED,117.63,121.30,117.63,117.63,117.63,123.82,,117.64,,,2125298,250124627.56,3627,F1,1,,,,,
2026-10-07,2026-10-07,CM,NSE,STK,15347,INE871H01011,GSS,EQ,,,,,GSS INFOTECH LIMITED,10.13,10.47,10.08,10.22,10.12,10.13,,10.20,,,49526,507038.99,265,F1,1,,,,,
2026-10-07,2026-10-07,CM,NSE,STK,13745,INE221H01019,GTLINFRA,EQ,,,,,GTL INFRA.LTD,1.09,1.10,1.06,1.07,1.08,1.09,,1.07,,,23200615,25114547.76,11634,F1,1,,,,,
2026-10-07,2026-10-07,CM,NSE,STK,1162,INE043A01012,GTL,EQ,,,,,GTL LTD,6.92,7.13,6.80,6.90,6.91,6.86,,6.90,,,185291,1285035.17,490,F1,1,,,,,
2026-10-07,2026-10-07,CM,NSE,STK,21195,INE869I01013,GTPL,EQ,,,,,GTPL HATHWAY LIMITED,55.69,56.88,54.36,55.92,56.00,54.68,,55.89,,,38975,2182679.30,1060,F1,1,,,,,
2026-10-07,2026-10-07,CM,NSE,STK,11606,INE742B01025,GUFICBIO,EQ,,,,,GUFIC BIOSCIENCES LTD.,428.35,430.55,420.90,422.55,423.00,427.80,,422.56,,,47029,19984065.90,2521,F1,1,,,,,
2026-10-07,2026-10-07,CM,NSE,STK,1145,INE162A01010,GIPCL,EQ,,,,,GUJ IND POW CO. LTD,175.00,175.85,170.44,171.86,171.02,174.06,,171.85,,,294942,50993905.95,7103,F1,1,,,,,
2026-10-07,2026-10-07,CM,NSE,STK,1174,INE113A01013,GNFC,EQ,,,,,GUJ NAR VAL FER & CHEM L,634.00,634.00,616.00,618.20,616.35,629.50,,618.20,,,457948,284348616.45,23178,F1,1,,,,,
2026-10-07,2026-10-07,CM,NSE,STK,1247,INE026A01025,GSFC,EQ,,,,,GUJ STATE FERT & CHEM LTD,152.89,153.79,149.20,149.73,149.85,153.47,,149.73,,,636088,96031593.01,10452,F1,1,,,,,
2026-10-07,2026-10-07,CM,NSE,STK,14677,INE826C01016,GUJAPOLLO,EQ,,,,,GUJ. APOLLO IND. LTD.,349.90,350.85,340.00,341.80,341.75,346.70,,341.87,,,9355,3226010.00,1795,F1,1,,,,,
2026-10-07,2026-10-07,CM,NSE,STK,1267,INE186A01019,GUJALKALI,EQ,,,,,GUJARAT ALKALIES & CHEM,616.50,619.50,604.00,616.00,616.25,613.10,,615.97,,,39319,24059038.65,3189,F1,1,,,,,
2026-10-07,2026-10-07,CM,NSE,STK,8828,INE036B01030,GAEL,EQ,,,,,GUJARAT AMBUJA EXPORTS LT,162.81,166.80,160.20,162.98,162.65,162.81,,162.98,,,1506793,246261903.93,35192,F1,1,,,,,
2026-10-07,2026-10-07,CM,NSE,STK,10599,INE844O01030,GUJENERGY,EQ,,,,,GUJARAT ENERGY LIMITED,229.70,232.19,227.83,228.48,227.99,229.97,,228.48,,,864847,198183224.97,20464,F1,1,,,,,
2026-10-07,2026-10-07,CM,NSE,STK,13750,INE09N301011,FLUOROCHEM,EQ,,,,,GUJARAT FLUOROCHEM LTD,4588.70,4645.50,4538.90,4555.90,4570.00,4577.20,,4555.93,,,126650,582914181.80,19582,F1,1,,,,,
2026-10-07,2026-10-07,CM,NSE,STK,761197,INE0V0W01025,GKSL,EQ,,,,,GUJARAT KIDNEY N SUP SP L,193.98,197.30,185.82,187.12,187.45,193.62,,187.12,,,2501508,475283028.39,21625,F1,1,,,,,
2026-10-07,2026-10-07,CM,NSE,STK,1156,INE540A01017,GLFL,EQ,,,,,GUJARAT LEASE FINANCING L,5.31,5.57,5.13,5.43,5.44,5.39,,5.43,,,13354,70687.08,75,F1,1,,,,,
2026-10-07,2026-10-07,CM,NSE,STK,5204,INE131A01031,GMDCLTD,EQ,,,,,GUJARAT MINERAL DEV CORP,490.00,491.55,474.00,477.10,477.90,491.55,,477.10,,,1206725,580388745.35,28552,F1,1,,,,,
2026-10-07,2026-10-07,CM,NSE,STK,762690,INE207H01018,GNRL,EQ,,,,,GUJARAT NATURAL RES L,100.00,101.03,97.10,97.67,97.10,98.79,,97.68,,,301438,29706813.04,3762,F1,1,,,,,
2026-10-07,2026-10-07,CM,NSE,STK,19731,INE517F01014,GPPL,EQ,,,,,GUJARAT PIPAVAV PORT LTD,168.00,174.00,166.38,172.46,173.39,168.21,,172.45,,,2205709,377518973.12,25997,F1,1,,,,,
2026-10-07,2026-10-07,CM,NSE,STK,4548,INE610B01024,GUJRAFFIA,EQ,,,,,GUJARAT RAFFIA INDUST LTD,43.12,43.88,40.05,42.37,42.50,41.86,,42.31,,,4819,205571.26,85,F1,1,,,,,
2026-10-07,2026-10-07,CM,NSE,STK,29731,INE942C01045,GUJTHEM,EQ,,,,,GUJARAT THEMIS BIOSYN LTD,387.80,389.40,378.95,379.50,379.00,390.00,,379.51,,,270403,103733440.25,8383,F1,1,,,,,
2026-10-07,2026-10-07,CM,NSE,STK,4391,INE635Q01029,GULFOILLUB,EQ,,,,,GULF OIL LUB. IND. LTD.,1080.80,1120.00,1078.50,1118.60,1119.10,1087.90,,1118.60,,,48522,53646661.20,4405,F1,1,,,,,
2026-10-07,2026-10-07,CM,NSE,STK,6286,INE255D01024,GULPOLY,EQ,,,,,GULSHAN POLYOLS LIMITED,166.25,167.88,164.55,166.63,165.51,167.92,,166.63,,,45942,7644927.35,1410,F1,1,,,,,
2026-10-07,2026-10-07,CM,NSE,STK,759261,INE1CCX01012,GURUNANAK,SM,,,,,GURUNANAK AGRICULTUR IN L,32.70,32.70,32.70,32.70,32.70,34.25,,32.70,,,1600,52320.00,1,F1,1600,,,,,
2026-10-07,2026-10-07,CM,NSE,STK,13229,INE251H01024,GVKPIL,BE,,,,,GVK POW. & INFRA LTD.,2.38,2.38,2.38,2.38,2.38,2.42,,2.38,,,255035,606983.30,413,F1,1,,,,,
2026-10-07,2026-10-07,CM,NSE,STK,10866,INE382T01030,GVPTECH,BE,,,,,GVP INFOTECH LIMITED,7.12,7.50,7.12,7.31,7.38,7.31,,7.31,,,28491,206597.71,149,F1,1,,,,,
2026-10-07,2026-10-07,CM,NSE,STK,764050,INE724A01017,GYFTR,EQ,,,,,GYFTR LIMITED,169.30,174.00,166.50,169.52,169.06,169.30,,169.59,,,417740,70824962.12,2672,F1,1,,,,,
2026-10-07,2026-10-07,CM,NSE,STK,762712,INE640B01021,HBESD,EQ,,,,,H B ESTATE DEVELOPERS L,74.00,81.79,74.00,77.06,75.01,75.03,,77.06,,,9222,705655.65,155,F1,1,,,,,
2026-10-07,2026-10-07,CM,NSE,STK,1672,INE926X01010,HGINFRA,EQ,,,,,H.G.INFRA ENGINEERING LTD,420.45,423.00,409.80,416.15,415.00,417.20,,416.14,,,145611,60631658.00,5436,F1,1,,,,,
2026-10-07,2026-10-07,CM,NSE,STK,760715,INE115S01010,HALDER,EQ,,,,,HALDER VENTURE LIMITED,261.73,270.00,260.00,262.90,261.05,263.84,,262.96,,,20929,5519522.55,249,F1,1,,,,,
2026-10-07,2026-10-07,CM,NSE,STK,762705,INE506D01020,HALDYNGL,EQ,,,,,HALDYN GLASS LTD.,143.00,143.83,139.40,140.78,142.50,142.27,,140.91,,,31368,4439728.55,947,F1,1,,,,,
2026-10-07,2026-10-07,CM,NSE,STK,21551,INE320X01016,HALEOSLABS,EQ,,,,,HALEOS LABS LIMITED,1590.00,1595.00,1553.30,1584.70,1587.00,1587.80,,1584.75,,,987,1560781.00,162,F1,1,,,,,
2026-10-07,2026-10-07,CM,NSE,STK,765075,INE299D01022,HAMPTON,EQ,,,,,HAMPTON SKY REALTY LTD.,8.60,8.60,8.01,8.24,8.28,8.09,,8.24,,,6616,54703.57,89,F1,1,,,,,
2026-10-07,2026-10-07,CM,NSE,STK,13592,INE596H01014,HGM,EQ,,,,,HANDSON GBL MNGMNT LTD,41.79,41.79,39.80,40.05,40.05,39.28,,40.05,,,994,39929.48,38,F1,1,,,,,
2026-10-07,2026-10-07,CM,NSE,STK,48,INE419U01012,HAPPSTMNDS,EQ,,,,,HAPPIEST MINDS TECHNO LTD,303.35,306.55,302.05,304.60,305.20,303.35,,304.60,,,268376,81741119.65,7143,F1,1,,,,,
2026-10-07,2026-10-07,CM,NSE,STK,20854,INE330T01021,HAPPYFORGE,EQ,,,,,HAPPY FORGINGS LIMITED,1990.00,1990.00,1908.80,1934.30,1959.10,1989.40,,1934.44,,,115845,223860329.80,16287,F1,1,,,,,
2026-10-07,2026-10-07,CM,NSE,STK,764131,INE1GFG01011,HAPPY,SM,,,,,HAPPY STEELS LIMITED,83.45,85.00,81.25,83.00,83.00,80.10,,83.00,,,20000,1660900.00,10,F1,2000,,,,,
2026-10-07,2026-10-07,CM,NSE,STK,8962,INE626Z01029,HARDWYN,EQ,,,,,HARDWYN INDIA LIMITED,9.25,9.39,9.00,9.17,9.20,9.22,,9.17,,,1127620,10369426.79,1026,F1,1,,,,,
2026-10-07,2026-10-07,CM,NSE,STK,8968,INE00EV01017,HARIOMPIPE,EQ,,,,,HARIOM PIPE INDUSTRIES L,344.25,344.25,334.00,338.15,337.00,336.50,,338.18,,,88249,29849361.60,2697,F1,1,,,,,
2026-10-07,2026-10-07,CM,NSE,STK,764703,INE400G01011,HRYNSHP,EQ,,,,,HARIYANA SHIP BREAKERS L,95.88,97.94,93.50,94.10,94.11,95.90,,93.52,,,2242,216203.88,40,F1,1,,,,,
2026-10-07,2026-10-07,CM,NSE,STK,1313,INE544A01019,HARRMALAYA,EQ,,,,,HARRISON MALAYALAM LTD,178.50,178.50,169.10,173.90,173.00,175.08,,173.90,,,4756,823080.92,240,F1,1,,,,,
2026-10-07,2026-10-07,CM,NSE,STK,11162,INE0JUS01029,HARSHA,EQ,,,,,HARSHA ENGINEERS INT LTD,464.65,468.95,458.05,460.40,461.70,464.65,,460.40,,,71927,33297083.35,3619,F1,1,,,,,
2026-10-07,2026-10-07,CM,NSE,STK,18154,INE982F01036,HATHWAY,EQ,,,,,HATHWAY CABLE & DATACOM,9.72,9.87,9.60,9.64,9.68,9.80,,9.64,,,1787610,17353703.88,2711,F1,1,,,,,
2026-10-07,2026-10-07,CM,NSE,STK,3892,INE473B01035,HATSUN,EQ,,,,,HATSUN AGRO PRODUCT LTD.,1158.90,1196.90,1142.40,1148.10,1148.20,1150.00,,1148.04,,,23655,27468162.40,3045,F1,1,,,,,
2026-10-07,2026-10-07,CM,NSE,STK,9819,INE176B01034,HAVELLS,EQ,,,,,HAVELLS INDIA LIMITED,1057.00,1072.40,1044.60,1060.50,1060.50,1057.00,,1060.50,,,486342,516184958.20,28061,F1,1,,,,,
2026-10-07,2026-10-07,CM,NSE,STK,4444,INE979B01015,HAWKINCOOK,EQ,,,,,HAWKINS COOKERS LTD,8079.50,8079.50,7902.00,7973.50,7902.50,8009.50,,7973.37,,,1152,9202983.00,307,F1,1,,,,,
2026-10-07,2026-10-07,CM,NSE,STK,764693,INE550F01049,HAZOOR,EQ,,,,,HAZOOR MULTI PROJECTS LTD,18.09,18.78,17.76,18.58,18.78,18.00,,18.59,,,750654,13819930.54,3643,F1,1,,,,,
2026-10-07,2026-10-07,CM,NSE,STK,765080,INE638B01025,HBPOR,EQ,,,,,HB PORTFOLIO LTD.,59.51,62.70,58.00,62.36,62.30,59.27,,62.42,,,450,26876.00,52,F1,1,,,,,
2026-10-07,2026-10-07,CM,NSE,STK,4116,INE550B01022,HBSL,EQ,,,,,HB STOCKHOLDINGS LIMITED,58.00,59.00,57.00,58.61,57.05,57.91,,58.62,,,2210,128688.73,49,F1,1,,,,,
2026-10-07,2026-10-07,CM,NSE,STK,13966,INE292B01021,HBLENGINE,EQ,,,,,HBL ENGINEERING LTD,764.00,768.50,755.50,762.45,760.00,764.30,,762.44,,,707261,538232391.65,23533,F1,1,,,,,
2026-10-07,2026-10-07,CM,NSE,STK,1327,INE236A01020,HCL-INSYS,EQ,,,,,HCL INFOSYSTEMS LTD,10.03,10.28,10.01,10.05,10.08,10.15,,10.05,,,144014,1453750.39,568,F1,1,,,,,
2026-10-07,2026-10-07,CM,NSE,STK,7229,INE860A01027,HCLTECH,EQ,,,,,HCL TECHNOLOGIES LTD,1196.10,1202.60,1172.80,1185.00,1185.00,1204.40,,1185.00,,,1810295,2149652762.80,70926,F1,1,,,,,
2026-10-07,2026-10-07,CM,NSE,STK,757772,INE756I01012,HDBFS,EQ,,,,,HDB FINANCIAL SERVICES L,617.10,618.70,597.00,600.10,597.85,616.75,,600.13,,,905333,551400045.95,25464,F1,1,,,,,
2026-10-07,2026-10-07,CM,NSE,STK,4244,INE127D01025,HDFCAMC,EQ,,,,,HDFC AMC LIMITED,2345.00,2347.00,2300.00,2314.80,2314.80,2352.40,,2314.80,,,727092,1685803906.20,59531,F1,1,,,,,
2026-10-07,2026-10-07,CM,NSE,STK,1333,INE040A01034,HDFCBANK,EQ,,,,,HDFC BANK LTD,708.55,711.00,701.70,702.75,702.75,711.45,,702.76,,,29944008,21115152208.15,252910,F1,1,,,,,
2026-10-07,2026-10-07,CM,NSE,STK,19543,INF179KC1981,HDFCGOLD,EQ,,,,,HDFC GOLD ETF,125.61,125.61,125.10,125.19,125.19,125.61,,125.19,,,2294320,287422784.26,7845,F1,1,,,,,
2026-10-07,2026-10-07,CM,NSE,STK,467,INE795G01014,HDFCLIFE,EQ,,,,,HDFC LIFE INS CO LTD,545.85,548.35,538.35,546.05,546.05,543.95,,546.05,,,2546074,1386588767.40,38255,F1,1,,,,,
2026-10-07,2026-10-07,CM,NSE,STK,14230,INF179KC1EZ4,HDFCBSE500,EQ,,,,,HDFCAMC - HDFCBSE500,35.82,35.82,35.40,35.55,35.66,35.71,,35.55,,,3939885,140286114.11,364,F1,1,,,,,
2026-10-07,2026-10-07,CM,NSE,STK,11241,INF179KC1DJ0,HDFCGROWTH,EQ,,,,,HDFCAMC - HDFCGROWTH,109.90,109.90,108.13,108.34,108.89,109.72,,108.34,,,28884,3144029.82,256,F1,1,,,,,
2026-10-07,2026-10-07,CM,NSE,STK,18279,INF179KC1JG3,HDFCLIQUID,EQ,,,,,HDFCAMC - HDFCLIQUID,1081.07,1081.07,1081.05,1081.05,1081.05,1080.91,,1081.05,,,5757,6223681.45,39,F1,1,,,,,
2026-10-07,2026-10-07,CM,NSE,STK,11547,INF179KC1HU8,HDFCLOWVOL,EQ,,,,,HDFCAMC - HDFCLOWVOL,19.26,19.30,19.19,19.20,19.29,19.35,,19.20,,,6648,127893.12,68,F1,1,,,,,
2026-10-07,2026-10-07,CM,NSE,STK,14236,INF179KC1HT0,HDFCMID150,EQ,,,,,HDFCAMC - HDFCMID150,22.23,22.27,22.01,22.05,22.18,22.20,,22.06,,,534676,11838069.12,1412,F1,1,,,,,
2026-10-07,2026-10-07,CM,NSE,STK,11538,INF179KC1HV6,HDFCMOMENT,EQ,,,,,HDFCAMC - HDFCMOMENT,30.13,30.25,29.87,30.07,30.12,30.13,,30.08,,,188299,5650469.17,530,F1,1,,,,,
2026-10-07,2026-10-07,CM,NSE,STK,10619,INF179KC1HS2,HDFCNEXT50,EQ,,,,,HDFCAMC - HDFCNEXT50,71.48,71.54,70.85,71.03,71.27,71.54,,71.03,,,73419,5228195.19,627,F1,1,,,,,
2026-10-07,2026-10-07,CM,NSE,STK,10633,INF179KC1HR4,HDFCNIF100,EQ,,,,,HDFCAMC - HDFCNIF100,24.65,24.65,24.50,24.55,24.55,24.62,,24.55,,,28070,689464.12,222,F1,1,,,,,
2026-10-07,2026-10-07,CM,NSE,STK,22433,INF179KC1HY0,HDFCNIFBAN,EQ,,,,,HDFCAMC - HDFCNIFBAN,56.52,57.00,56.33,56.71,56.59,56.61,,56.71,,,1201046,68177678.07,1618,F1,1,,,,,
2026-10-07,2026-10-07,CM,NSE,STK,12101,INF179KC1IA8,HDFCNIFIT,EQ,,,,,HDFCAMC - HDFCNIFIT,29.95,30.07,29.53,29.61,29.55,29.94,,29.61,,,48236,1436798.16,338,F1,1,,,,,
2026-10-07,2026-10-07,CM,NSE,STK,11591,INF179KC1965,HDFCNIFTY,EQ,,,,,HDFCAMC - HDFCNIFTY,262.83,262.83,254.21,255.04,254.53,256.42,,255.04,,,141675,36243149.22,1174,F1,1,,,,,
2026-10-07,2026-10-07,CM,NSE,STK,764336,INF179KC1KT4,HDFCNIMEG,EQ,,,,,HDFCAMC - HDFCNIMEG,126.97,126.97,123.11,123.33,123.67,125.71,,123.33,,,22551,2782545.67,93,F1,1,,,,,
2026-10-07,2026-10-07,CM,NSE,STK,12108,INF179KC1HZ7,HDFCPVTBAN,EQ,,,,,HDFCAMC - HDFCPVTBAN,26.88,27.80,26.88,27.75,27.80,27.57,,27.75,,,63017,1746099.66,293,F1,1,,,,,
2026-10-07,2026-10-07,CM,NSE,STK,11255,INF179KC1DL6,HDFCQUAL,EQ,,,,,HDFCAMC - HDFCQUAL,55.19,56.60,54.84,54.96,55.11,55.45,,54.96,,,11128,611784.32,110,F1,1,,,,,
2026-10-07,2026-10-07,CM,NSE,STK,11593,INF179KC1HX2,HDFCSENSEX,EQ,,,,,HDFCAMC - HDFCSENSEX,82.02,83.50,82.02,82.58,82.92,82.75,,82.60,,,49142,4061027.39,648,F1,1,,,,,
2026-10-07,2026-10-07,CM,NSE,STK,10876,INF179KC1DI2,HDFCSILVER,EQ,,,,,HDFCAMC - HDFCSILVER,210.40,210.40,208.67,208.83,209.10,210.63,,208.83,,,1694939,354823026.73,7939,F1,1,,,,,
2026-10-07,2026-10-07,CM,NSE,STK,14233,INF179KC1FB2,HDFCSML250,EQ,,,,,HDFCAMC - HDFCSML250,180.11,181.50,179.51,180.77,180.75,180.96,,180.77,,,944811,170627583.62,12948,F1,1,,,,,
2026-10-07,2026-10-07,CM,NSE,STK,11260,INF179KC1DK8,HDFCVALUE,EQ,,,,,HDFCAMC - HDFCVALUE,118.39,119.04,118.00,118.56,118.92,118.58,,118.56,,,3173,375953.96,82,F1,1,,,,,
2026-10-07,2026-10-07,CM,NSE,STK,22595,INF179KC1HW4,HDFCPSUBK,EQ,,,,,HDFCAMC HDFCPSUBK,80.50,82.16,80.07,81.58,81.36,80.82,,81.58,,,27744,2265348.72,182,F1,1,,,,,
2026-10-07,2026-10-07,CM,NSE,STK,19205,INE759V01019,HEADSUP,EQ,,,,,HEADS UP VENTURES LIMITED,6.55,6.55,5.76,6.33,6.44,6.52,,6.38,,,10540,65088.79,210,F1,1,,,,,
2026-10-07,2026-10-07,CM,NSE,STK,20063,INE019J01013,HEALTHX,EQ,,,,,HEALTH X PLATFORM LIMITED,284.95,289.00,280.15,284.15,286.45,284.95,,284.15,,,1584,448327.80,88,F1,1,,,,,
2026-10-07,2026-10-07,CM,NSE,STK,15555,INE075I01017,HCG,EQ,,,,,HEALTHCARE GLOB. ENT. LTD,680.55,680.55,655.00,657.60,658.00,680.55,,657.58,,,40147,26673128.30,8073,F1,1,,,,,
2026-10-07,2026-10-07,CM,NSE,STK,7425,INE558R01013,HECPROJECT,EQ,,,,,HEC INFRA PROJECTS LTD,115.68,115.68,109.63,112.19,113.95,112.79,,112.19,,,6842,763155.69,219,F1,1,,,,,
2026-10-07,2026-10-07,CM,NSE,STK,1336,INE545A01024,HEGAM,EQ,,,,,HEG ADVANCED MATERIAL LTD,252.00,253.90,246.00,246.99,247.10,252.21,,246.99,,,1261859,314147318.29,20712,F1,1,,,,,
2026-10-07,2026-10-07,CM,NSE,STK,2316,INE578A01017,HEIDELBERG,EQ,,,,,HEIDELBERGCEMENT (I) LTD,129.30,129.30,127.01,127.49,127.50,127.78,,127.49,,,120951,15451343.96,3400,F1,1,,,,,
2026-10-07,2026-10-07,CM,NSE,STK,701,INE0AJG01018,HEMIPROP,EQ,,,,,HEMISPHERE PROP IND LTD,114.01,114.17,112.11,112.87,112.81,113.53,,112.87,,,153549,17345008.89,2354,F1,1,,,,,
2026-10-07,2026-10-07,CM,NSE,STK,2614,INE694N01015,HERANBA,EQ,,,,,HERANBA INDUSTRIES LTD,169.80,172.36,168.51,169.27,169.80,169.00,,169.27,,,30802,5257107.67,903,F1,1,,,,,
2026-10-07,2026-10-07,CM,NSE,STK,4598,INE978A01027,HERITGFOOD,EQ,,,,,HERITAGE FOODS LTD,404.25,407.70,396.00,398.75,399.50,406.10,,398.76,,,176695,70858373.85,7647,F1,1,,,,,
2026-10-07,2026-10-07,CM,NSE,STK,1348,INE158A01026,HEROMOTOCO,EQ,,,,,HERO MOTOCORP LIMITED,5075.00,5087.50,4968.00,5004.00,5004.00,5075.00,,5003.93,,,397370,1991278296.00,39269,F1,1,,,,,
2026-10-07,2026-10-07,CM,NSE,STK,766171,INE012G01022,HEROMOTORS,EQ,,,,,HERO MOTORS LIMITED,167.90,172.85,167.52,170.84,170.60,167.52,,170.85,,,39347591,6702805922.31,236863,F1,1,,,,,
2026-10-07,2026-10-07,CM,NSE,STK,7048,INE782E01017,HESTERBIO,EQ,,,,,HESTER BIOSCIENCES LTD,2173.60,2204.90,2152.00,2167.20,2157.00,2174.10,,2166.95,,,1902,4139439.60,376,F1,1,,,,,
2026-10-07,2026-10-07,CM,NSE,STK,27008,INE750M01017,HEXATRADEX,EQ,,,,,HEXA TRADEX LIMITED,156.30,158.01,153.01,157.01,157.99,155.85,,157.01,,,472,73592.73,20,F1,1,,,,,
2026-10-07,2026-10-07,CM,NSE,STK,750116,INE0JUI01012,HEXAGON,BE,,,,,HEXAGON NUTRITION LIMITED,71.00,72.80,69.12,71.97,72.00,71.13,,71.97,,,467670,33308213.62,1063,F1,1,,,,,
2026-10-07,2026-10-07,CM,NSE,STK,29666,INE093A01041,HEXT,EQ,,,,,HEXAWARE TECHNOLOGIES LTD,495.45,507.10,495.45,505.50,506.00,500.30,,505.49,,,146911,73932508.20,14686,F1,1,,,,,
2026-10-07,2026-10-07,CM,NSE,STK,21954,INE548A01028,HFCL,BE,,,,,HFCL LIMITED,275.91,275.91,264.00,271.90,269.00,262.78,,271.88,,,12439455,3391401908.97,61404,F1,1,,,,,
2026-10-07,2026-10-07,CM,NSE,STK,25622,INE957N08151,920HFL30,N0,,,,,HFL 9.20% 2030 SR 67,105024.00,105310.00,105024.00,105310.00,105310.00,104849.00,,105310.00,,,35,3676126.00,2,F1,1,,,,,
2026-10-07,2026-10-07,CM,NSE,STK,18794,INE0PIC01017,HIGREEN,SM,,,,,HI GREEN CARBON LIMITED,119.70,119.70,115.30,117.05,117.05,118.80,,117.05,,,19200,2245440.00,24,F1,800,,,,,
2026-10-07,2026-10-07,CM,NSE,STK,2868,INE106T01025,HITECH,EQ,,,,,HI-TECH PIPES LIMITED,74.68,74.77,73.26,73.90,73.88,74.68,,73.90,,,418797,30874426.19,5198,F1,1,,,,,
2026-10-07,2026-10-07,CM,NSE,STK,759103,INE00RL01028,HILINFRA,EQ,,,,,HIGHWAY INFRASTRUCTURE L,45.80,47.89,44.95,47.60,47.55,45.36,,47.62,,,455922,21354576.20,3451,F1,1,,,,,
2026-10-07,2026-10-07,CM,NSE,STK,9668,INE475B01022,HIKAL,EQ,,,,,HIKAL LIMITED,226.70,228.45,222.30,225.24,226.67,226.43,,225.21,,,303522,68421217.30,7633,F1,1,,,,,
2026-10-07,2026-10-07,CM,NSE,STK,14627,INE788H01017,HILTON,EQ,,,,,HILTON METAL FORGING LTD,16.61,16.88,16.50,16.58,16.52,16.75,,16.59,,,64659,1074023.20,244,F1,1,,,,,
2026-10-07,2026-10-07,CM,NSE,STK,14334,INE019C01026,HSCL,EQ,,,,,HIMADRI SPECIALITY CHEM L,666.00,676.05,664.05,672.95,673.50,668.55,,672.95,,,1404959,942667607.60,33716,F1,1,,,,,
2026-10-07,2026-10-07,CM,NSE,STK,766376,INE1B7I01014,HIMALAYAN,ST,,,,,HIMALAYAN SOLAR LIMITED,81.00,81.00,76.80,76.80,76.80,80.80,,76.80,,,63600,4921680.00,40,F1,1200,,,,,
2026-10-07,2026-10-07,CM,NSE,STK,1360,INE049A01027,HIMATSEIDE,EQ,,,,,HIMATSINGKA SEIDE LTD,65.00,67.45,62.85,63.22,63.37,65.36,,63.22,,,635805,40766776.01,7498,F1,1,,,,,
2026-10-07,2026-10-07,CM,NSE,STK,765085,INE227B01019,HINDALUMI,EQ,,,,,HIND ALUMINIUM INDS. LTD.,91.22,92.50,89.50,89.99,89.90,90.32,,89.99,,,971,87920.59,88,F1,1,,,,,
2026-10-07,2026-10-07,CM,NSE,STK,1363,INE038A01020,HINDALCO,EQ,,,,,HINDALCO  INDUSTRIES  LTD,930.10,937.85,910.85,910.85,910.85,940.50,,910.85,,,3792281,3486894396.25,85215,F1,1,,,,,
2026-10-07,2026-10-07,CM,NSE,STK,4924,INE642Y01029,HINDCON,BE,,,,,HINDCON CHEMICALS LIMITED,28.56,28.56,28.56,28.56,28.56,30.06,,28.56,,,26005,742702.80,188,F1,1,,,,,
2026-10-07,2026-10-07,CM,NSE,STK,11796,INE05X901010,HPIL,EQ,,,,,HINDPRAKASH INDUSTRY LTD,115.91,116.49,112.99,116.49,116.49,116.49,,116.49,,,303,35176.26,20,F1,1,,,,,
2026-10-07,2026-10-07,CM,NSE,STK,14712,INE170I01016,HGS,EQ,,,,,HINDUJA GLOBAL SOLS. LTD.,361.00,366.60,358.80,363.00,365.00,361.40,,363.03,,,12910,4677292.95,711,F1,1,,,,,
2026-10-07,2026-10-07,CM,NSE,STK,764698,INE074C01013,HINDADH,EQ,,,,,HINDUSTAN ADHESIVES LTD.,370.30,392.00,370.30,384.80,387.00,384.35,,384.80,,,1607,619073.30,51,F1,1,,,,,
2026-10-07,2026-10-07,CM,NSE,STK,2303,INE066F01020,HAL,EQ,,,,,HINDUSTAN AERONAUTICS LTD,4819.90,4831.40,4732.10,4746.30,4746.30,4816.00,,4746.18,,,515972,2467197422.40,40877,F1,1,,,,,
2026-10-07,2026-10-07,CM,NSE,STK,1372,INE310C01029,HINDCOMPOS,EQ,,,,,HINDUSTAN COMPOSITES LTD.,401.45,418.65,398.10,403.75,404.00,401.45,,403.78,,,47848,19528763.25,1093,F1,1,,,,,
2026-10-07,2026-10-07,CM,NSE,STK,1375,INE549A01026,HCC,EQ,,,,,HINDUSTAN CONSTRUCTION CO,20.25,20.47,19.71,19.80,19.77,20.26,,19.80,,,15774521,316192488.33,25611,F1,1,,,,,
2026-10-07,2026-10-07,CM,NSE,STK,17939,INE531E01026,HINDCOPPER,EQ,,,,,HINDUSTAN COPPER LTD,484.40,484.45,478.70,479.95,479.65,485.50,,479.95,,,2085383,1002853969.95,41942,F1,1,,,,,
2026-10-07,2026-10-07,CM,NSE,STK,12173,INE254N01026,HNDFDS,EQ,,,,,HINDUSTAN FOODS LIMITED,582.65,582.65,574.00,580.40,580.00,584.75,,580.45,,,36500,21131740.25,4031,F1,1,,,,,
2026-10-07,2026-10-07,CM,NSE,STK,19215,INE871K01015,HMVL,BE,,,,,HINDUSTAN MEDIA VENT LTD,73.97,76.00,72.00,75.18,76.00,74.91,,75.18,,,63138,4611341.90,187,F1,1,,,,,
2026-10-07,2026-10-07,CM,NSE,STK,1403,INE345A01011,HINDOILEXP,EQ,,,,,HINDUSTAN OIL EXPLORATION,166.50,173.00,165.81,171.88,171.70,166.35,,171.89,,,584648,99577812.40,9288,F1,1,,,,,
2026-10-07,2026-10-07,CM,NSE,STK,1406,INE094A01015,HINDPETRO,EQ,,,,,HINDUSTAN PETROLEUM CORP,347.50,347.80,342.55,343.15,343.15,351.00,,343.15,,,4508391,1556052971.05,57375,F1,1,,,,,
2026-10-07,2026-10-07,CM,NSE,STK,1394,INE030A01027,HINDUNILVR,EQ,,,,,HINDUSTAN UNILEVER LTD.,1888.00,1888.00,1864.30,1865.40,1865.40,1895.20,,1865.40,,,620459,1161355333.90,45872,F1,1,,,,,
2026-10-07,2026-10-07,CM,NSE,STK,1424,INE267A01025,HINDZINC,EQ,,,,,HINDUSTAN ZINC LIMITED,561.00,561.00,550.55,551.00,551.00,557.65,,551.02,,,1999170,1108764211.55,35226,F1,1,,,,,
2026-10-07,2026-10-07,CM,NSE,STK,15883,INE05AN01011,HINDWAREAP,EQ,,,,,HINDWARE HME INOVATON LTD,170.75,171.14,166.31,170.19,170.80,170.75,,170.20,,,113381,19142714.38,2906,F1,1,,,,,
2026-10-07,2026-10-07,CM,NSE,STK,13890,INE835D01023,HIRECT,EQ,,,,,HIRECT LIMITED,1142.10,1144.90,1110.00,1113.90,1114.00,1146.80,,1113.91,,,33997,38267059.00,3464,F1,1,,,,,
2026-10-07,2026-10-07,CM,NSE,STK,19322,INE598C01011,HISARMETAL,EQ,,,,,HISAR METAL IND. LIMITED,145.00,148.60,144.22,145.10,145.10,145.30,,145.10,,,148,21441.99,16,F1,1,,,,,
2026-10-07,2026-10-07,CM,NSE,STK,18457,INE07Y701011,POWERINDIA,EQ,,,,,HITACHI ENERGY INDIA LTD,31470.00,31825.00,31300.00,31610.00,31610.00,31640.00,,31606.77,,,47440,1499092810.00,14722,F1,1,,,,,
2026-10-07,2026-10-07,CM,NSE,STK,15165,INE120D01012,HITECHCORP,BE,,,,,HITECH CORPORATION LTD,341.10,353.80,341.10,349.10,350.00,342.40,,349.10,,,143436,50293276.90,613,F1,1,,,,,
2026-10-07,2026-10-07,CM,NSE,STK,2289,INE461D01028,HLEGLAS,EQ,,,,,HLE GLASCOAT LIMITED,450.00,469.45,450.00,469.45,469.45,447.10,,469.45,,,322476,150962808.70,3828,F1,1,,,,,
2026-10-07,2026-10-07,CM,NSE,STK,1448,INE102A01024,HLVLTD,EQ,,,,,HLV LIMITED,6.13,6.34,6.03,6.12,6.14,6.13,,6.12,,,166000,1025753.29,552,F1,1,,,,,
2026-10-07,2026-10-07,CM,NSE,STK,17053,INE0ECP01024,HMAAGRO,EQ,,,,,HMA AGRO INDUSTRIES LTD,25.00,25.00,24.29,24.91,24.95,24.56,,24.91,,,1051851,25925639.29,3324,F1,1,,,,,
2026-10-07,2026-10-07,CM,NSE,STK,761833,INE2T2Q07097,87HMDA32,N0,,,,,HMDA 8.7% 2032 STRPP C,103574.38,103574.38,103574.38,103574.38,103574.38,104199.32,,103574.38,,,2,207148.76,1,F1,1,,,,,
2026-10-07,2026-10-07,CM,NSE,STK,19698,INE262A01018,HMT,BZ,,,,,HMT LTD -,58.50,58.50,57.05,57.25,57.11,58.53,,57.25,,,8902,510528.29,96,F1,1,,,,,
2026-10-07,2026-10-07,CM,NSE,STK,23826,INE0S6S01017,HOACFOODS,ST,,,,,HOAC FOODS INDIA LIMITED,947.00,948.60,947.00,948.60,948.60,930.00,,948.60,,,750,710850.00,2,F1,375,,,,,
2026-10-07,2026-10-07,CM,NSE,STK,18649,INE0LXA01019,HOLMARC,SM,,,,,HOLMARC OPTO MECHATRO L,119.15,131.65,119.15,131.05,131.65,125.40,,131.05,,,27750,3468900.00,24,F1,750,,,,,
2026-10-07,2026-10-07,CM,NSE,STK,2056,INE481N01025,HOMEFIRST,EQ,,,,,HOME FIRST FIN CO IND LTD,1098.40,1128.90,1081.30,1087.90,1092.00,1111.50,,1087.89,,,154842,170896352.90,15971,F1,1,,,,,
2026-10-07,2026-10-07,CM,NSE,STK,13526,INE0N7F01017,HOMESFY,SM,,,,,HOMESFY REALTY LIMITED,127.65,127.65,127.65,127.65,127.65,121.60,,127.65,,,300,38295.00,1,F1,300,,,,,
2026-10-07,2026-10-07,CM,NSE,STK,19813,INE0J5401028,HONASA,EQ,,,,,HONASA CONSUMER LIMITED,471.40,480.90,465.00,477.05,475.25,478.30,,477.04,,,1568100,745042673.30,41539,F1,1,,,,,
2026-10-07,2026-10-07,CM,NSE,STK,3138,INE634A01018,HONDAPOWER,EQ,,,,,HONDA I POWER PRODUCT LTD,1912.90,1912.90,1860.00,1871.40,1866.90,1885.90,,1872.87,,,1393,2611485.40,467,F1,1,,,,,
2026-10-07,2026-10-07,CM,NSE,STK,3417,INE671A01010,HONAUT,EQ,,,,,HONEYWELL AUTOMATION IND,33780.00,33825.00,33100.00,33345.00,33260.00,33780.00,,33344.96,,,1997,66750705.00,1267,F1,1,,,,,
2026-10-07,2026-10-07,CM,NSE,STK,765356,INE685T01010,HORIZONIND,EQ,,,,,HORIZON INDUSTRIAL PRKS L,49.80,50.85,48.75,50.15,50.30,49.20,,50.15,,,3368691,169080662.98,20390,F1,1,,,,,
2026-10-07,2026-10-07,CM,NSE,STK,17920,INE191I01012,HDIL,BZ,,,,,HOUSING DEV & INFRA LTD,1.48,1.48,1.41,1.43,1.46,1.44,,1.43,,,101104,144728.62,181,F1,1,,,,,
2026-10-07,2026-10-07,CM,NSE,STK,7376,INE0GSL01024,HPAL,EQ,,,,,HP ADHESIVES LIMITED,34.37,35.01,33.73,34.62,34.51,34.37,,34.65,,,52439,1797862.88,1261,F1,1,,,,,
2026-10-07,2026-10-07,CM,NSE,STK,29879,INE0VA601019,HPTL,ST,,,,,HP TELECOM INDIA LIMITED,451.00,451.30,451.00,451.30,451.30,430.00,,451.30,,,2400,1082760.00,4,F1,600,,,,,
2026-10-07,2026-10-07,CM,NSE,STK,18679,INE495S01016,HPL,EQ,,,,,HPL ELECTRIC & POWER LTD,272.70,272.70,265.00,266.30,266.00,272.70,,266.31,,,65194,17497860.35,3168,F1,1,,,,,
2026-10-07,2026-10-07,CM,NSE,STK,761506,INF336L01RX2,HSBCGOLD,EQ,,,,,HSBCAMC - HSBCGOLD,127.84,127.98,127.27,127.56,127.27,128.02,,127.56,,,9682,1236068.75,32,F1,1,,,,,
2026-10-07,2026-10-07,CM,NSE,STK,20825,INE031A01017,HUDCO,EQ,,,,,HSG & URBAN DEV CORPN LTD,160.69,164.00,159.38,161.79,161.95,161.04,,161.81,,,2375175,384706460.91,31522,F1,1,,,,,
2026-10-07,2026-10-07,CM,NSE,STK,11979,INE501G01024,HTMEDIA,EQ,,,,,HT MEDIA LIMITED,23.15,23.65,22.50,22.59,22.50,22.99,,22.59,,,65585,1489090.84,335,F1,1,,,,,
2026-10-07,2026-10-07,CM,NSE,STK,14203,INE703H01016,HUBTOWN,EQ,,,,,HUBTOWN LIMITED,170.85,171.90,163.75,164.52,163.82,170.00,,164.53,,,667640,112204370.87,7369,F1,1,,,,,
2026-10-07,2026-10-07,CM,NSE,STK,2562,INE275B01026,HUHTAMAKI,EQ,,,,,HUHTAMAKI INDIA LIMITED,233.45,236.00,229.32,231.19,230.85,233.45,,231.17,,,51122,11817309.17,3262,F1,1,,,,,
2026-10-07,2026-10-07,CM,NSE,STK,25708,INE0TO501019,HVAX,SM,,,,,HVAX TECHNOLOGIES LIMITED,725.00,725.00,715.00,716.00,716.00,714.00,,716.00,,,900,647400.00,6,F1,150,,,,,
2026-10-07,2026-10-07,CM,NSE,STK,765467,INE0LEG01024,HTEL,EQ,,,,,HY-TECH ENGINEERS LIMITED,75.20,88.57,73.10,87.94,88.57,73.81,,87.99,,,14238636,1190676085.43,93936,F1,1,,,,,
2026-10-07,2026-10-07,CM,NSE,STK,12809,INE965B01022,HYBRIDFIN,EQ,,,,,HYBRID FINANCIAL SERVICE,17.25,19.00,16.81,17.84,17.96,17.56,,17.82,,,19378,346785.08,180,F1,1,,,,,
2026-10-07,2026-10-07,CM,NSE,STK,25844,INE0V6F01027,HYUNDAI,EQ,,,,,HYUNDAI MOTOR INDIA LTD,1989.00,1989.00,1935.00,1945.00,1945.00,1989.00,,1945.05,,,498987,975040478.50,33364,F1,1,,,,,
2026-10-07,2026-10-07,CM,NSE,STK,14086,INE204A01010,IGPL,EQ,,,,,I G PETROCHEMICALS LTD,590.95,590.95,580.00,586.25,587.80,589.50,,586.27,,,46121,27010670.35,2824,F1,1,,,,,
2026-10-07,2026-10-07,CM,NSE,STK,764718,INE684B01029,ISTLTD,EQ,,,,,I S T LTD.,637.20,645.95,637.20,638.45,637.20,637.20,,634.31,,,9,5743.55,3,F1,1,,,,,
2026-10-07,2026-10-07,CM,NSE,STK,21348,INE0O7401018,IBLFL,SM,,,,,IBL FINANCE LIMITED,63.50,64.00,62.90,62.90,62.90,61.00,,62.90,,,22000,1400800.00,3,F1,2000,,,,,
2026-10-07,2026-10-07,CM,NSE,STK,764064,INE0XE501015,ICELCO,SM,,,,,IC ELECTRICALS COMPANY L,117.95,123.00,117.00,119.50,118.00,116.05,,119.50,,,38400,4602000.00,30,F1,1200,,,,,
2026-10-07,2026-10-07,CM,NSE,STK,9610,INE613B01010,ICDSLTD,BE,,,,,ICDSLTD,44.00,45.90,44.00,45.68,45.68,44.27,,46.15,,,748,34065.37,22,F1,1,,,,,
2026-10-07,2026-10-07,CM,NSE,STK,489,INE520Y01019,ICEMAKE,EQ,,,,,ICE MAKE REFRIGERAT LTD,633.00,682.80,627.10,673.35,671.00,631.20,,673.35,,,68993,45418058.00,4470,F1,1,,,,,
2026-10-07,2026-10-07,CM,NSE,STK,4963,INE090A01021,ICICIBANK,EQ,,,,,ICICI BANK LTD.,1343.00,1360.00,1329.90,1357.50,1357.50,1342.80,,1357.50,,,14774121,19928765567.90,210590,F1,1,,,,,
2026-10-07,2026-10-07,CM,NSE,STK,21770,INE765G01017,ICICIGI,EQ,,,,,ICICI LOMBARD GIC LIMITED,1586.10,1601.00,1574.60,1590.00,1590.00,1598.30,,1590.00,,,875700,1389771419.00,33641,F1,1,,,,,
2026-10-07,2026-10-07,CM,NSE,STK,21254,INF109KC19U5,LOWVOLIETF,EQ,,,,,ICICI PR NIF LW VL 30 ETF,20.88,20.88,20.50,20.53,20.66,20.69,,20.53,,,900530,18503725.56,13718,F1,1,,,,,
2026-10-07,2026-10-07,CM,NSE,STK,18652,INE726G01019,ICICIPRULI,EQ,,,,,ICICI PRU LIFE INS CO LTD,458.00,459.00,453.70,457.50,457.50,459.50,,457.50,,,837553,382437634.90,35802,F1,1,,,,,
2026-10-07,2026-10-07,CM,NSE,STK,17702,INF109KC10W0,MIDSELIETF,EQ,,,,,ICICI PRUD MIDCAP SEL ETF,18.98,18.98,18.34,18.47,18.47,18.67,,18.47,,,152569,2831067.81,642,F1,1,,,,,
2026-10-07,2026-10-07,CM,NSE,STK,30392,INF109KC16V9,NIF100IETF,EQ,,,,,ICICI PRUD NIFTY 100 ETF,27.18,27.18,26.42,26.51,26.59,26.65,,26.51,,,166779,4421261.35,1766,F1,1,,,,,
2026-10-07,2026-10-07,CM,NSE,STK,29553,INF109K012R6,NIFTYIETF,EQ,,,,,ICICI PRUD NIFTY ETF,261.50,261.50,256.10,256.50,256.45,257.79,,256.50,,,357999,91904971.99,12911,F1,1,,,,,
2026-10-07,2026-10-07,CM,NSE,STK,4378,INF346A01034,SENSEXIETF,EQ,,,,,ICICI PRUD SENSEX ETF,842.00,842.00,834.70,836.45,839.95,838.12,,836.44,,,5013,4199403.32,388,F1,1,,,,,
2026-10-07,2026-10-07,CM,NSE,STK,760407,INE346A01027,ICICIAMC,EQ,,,,,ICICI PRUDENTIAL AMC LTD,3060.00,3086.20,3041.50,3058.50,3048.80,3071.50,,3058.52,,,309677,948504665.30,26129,F1,1,,,,,
2026-10-07,2026-10-07,CM,NSE,STK,19679,INF109KC1NT3,GOLDIETF,EQ,,,,,ICICI PRUDENTIAL GOLD ETF,125.90,125.98,125.38,125.44,125.50,125.85,,125.44,,,3361037,422197185.43,27558,F1,1,,,,,
2026-10-07,2026-10-07,CM,NSE,STK,17475,INF109KC11V0,NV20IETF,EQ,,,,,ICICI PRUDENTIAL NV20 ETF,12.96,12.96,12.70,12.83,12.88,12.85,,12.83,,,190085,2440403.10,1820,F1,1,,,,,
2026-10-07,2026-10-07,CM,NSE,STK,522,INF109KB15Y7,ICICIB22,EQ,,,,,ICICIPRAMC - BHARATIWIN,110.34,110.80,108.44,108.86,108.75,110.00,,108.87,,,201006,21887083.03,2869,F1,1,,,,,
2026-10-07,2026-10-07,CM,NSE,STK,30139,INF109K1A021,CASHIETF,EQ,,,,,ICICIPRAMC - CASHIETF,1084.99,1084.99,1082.69,1082.69,1082.71,1082.55,,1082.69,,,111109,120298510.85,64,F1,1,,,,,
2026-10-07,2026-10-07,CM,NSE,STK,755881,INF109K1A153,EVIETF,EQ,,,,,ICICIPRAMC - EVIETF,30.89,30.89,29.94,30.06,30.00,30.28,,30.06,,,133851,4024680.53,636,F1,1,,,,,
2026-10-07,2026-10-07,CM,NSE,STK,3001,INF109KC1V59,BSE500IETF,EQ,,,,,ICICIPRAMC - ICICI500,37.63,37.91,37.28,37.40,37.40,37.62,,37.40,,,132445,4959648.44,1398,F1,1,,,,,
2026-10-07,2026-10-07,CM,NSE,STK,8342,INF109KC14A8,GSEC5IETF,EQ,,,,,ICICIPRAMC - ICICI5GSEC,65.96,66.00,65.38,65.69,65.38,65.64,,65.69,,,8344,549465.55,43,F1,1,,,,,
2026-10-07,2026-10-07,CM,NSE,STK,22344,INF109KC17V7,ALPL30IETF,EQ,,,,,ICICIPRAMC - ICICIALPLV,25.97,25.99,25.71,25.78,25.95,25.98,,25.78,,,122033,3148891.32,970,F1,1,,,,,
2026-10-07,2026-10-07,CM,NSE,STK,7844,INF109KC10V2,AUTOIETF,EQ,,,,,ICICIPRAMC - ICICIAUTO,27.13,27.13,26.04,26.14,26.23,26.47,,26.14,,,602318,15765609.57,3173,F1,1,,,,,
2026-10-07,2026-10-07,CM,NSE,STK,11386,INF109KC18U7,PVTBANIETF,EQ,,,,,ICICIPRAMC - ICICIBANKP,28.09,28.09,27.22,27.50,27.59,27.41,,27.50,,,6335925,174208118.69,1228,F1,1,,,,,
2026-10-07,2026-10-07,CM,NSE,STK,13198,INF109KC19O8,COMMOIETF,EQ,,,,,ICICIPRAMC - ICICICOMMO,93.68,93.89,92.70,93.13,93.47,93.92,,93.15,,,42418,3959998.02,874,F1,1,,,,,
2026-10-07,2026-10-07,CM,NSE,STK,6446,INF109KC1V42,CONSUMIETF,EQ,,,,,ICICIPRAMC - ICICICONSU,113.75,117.20,113.62,115.33,114.45,114.90,,115.33,,,5681,647253.60,148,F1,1,,,,,
2026-10-07,2026-10-07,CM,NSE,STK,5306,INF109KC19V3,FMCGIETF,EQ,,,,,ICICIPRAMC - ICICIFMCG,48.39,49.50,47.80,48.01,48.22,48.39,,48.01,,,697135,33562916.09,3429,F1,1,,,,,
2026-10-07,2026-10-07,CM,NSE,STK,10723,INF109KC16E5,INFRAIETF,EQ,,,,,ICICIPRAMC - ICICIINFRA,90.52,90.75,89.44,89.87,90.00,90.52,,89.86,,,45001,4052404.68,2602,F1,1,,,,,
2026-10-07,2026-10-07,CM,NSE,STK,4838,INF109KC1KT9,LIQUIDIETF,EQ,,,,,ICICIPRAMC - ICICILIQ,999.96,1000.01,999.96,999.99,1000.00,999.99,,999.99,,,355024,355023575.89,237,F1,1,,,,,
2026-10-07,2026-10-07,CM,NSE,STK,17152,INF109KC11W8,MIDCAPIETF,EQ,,,,,ICICIPRAMC - ICICIM150,22.72,22.80,22.48,22.61,22.72,22.73,,22.61,,,772286,17484101.73,2505,F1,1,,,,,
2026-10-07,2026-10-07,CM,NSE,STK,10585,INF109KC17C7,MOM30IETF,EQ,,,,,ICICIPRAMC - ICICIMOM30,30.48,30.50,30.10,30.19,30.31,30.47,,30.19,,,603947,18278190.15,1461,F1,1,,,,,
2026-10-07,2026-10-07,CM,NSE,STK,4529,INF109KC1NS5,NEXT50IETF,EQ,,,,,ICICIPRAMC - ICICINXT50,73.98,73.98,72.80,73.40,73.62,74.04,,73.40,,,489870,36023624.72,5022,F1,1,,,,,
2026-10-07,2026-10-07,CM,NSE,STK,3626,INF109KC1Q72,HEALTHIETF,EQ,,,,,ICICIPRAMC - ICICIPHARM,161.31,166.01,161.31,164.41,163.92,165.45,,164.45,,,81056,13341982.10,2121,F1,1,,,,,
2026-10-07,2026-10-07,CM,NSE,STK,17808,INF109KC18V5,QUAL30IETF,EQ,,,,,ICICIPRAMC - ICICIQTY30,19.70,19.98,19.54,19.62,19.68,19.83,,19.62,,,305676,5981296.85,362,F1,1,,,,,
2026-10-07,2026-10-07,CM,NSE,STK,7942,INF109KC1Y56,SILVERIETF,EQ,,,,,ICICIPRAMC - ICICISILVE,219.59,219.69,218.02,218.21,218.30,219.99,,218.21,,,1010939,221321700.75,12086,F1,1,,,,,
2026-10-07,2026-10-07,CM,NSE,STK,22365,INF109KC16I6,ITIETF,EQ,,,,,ICICIPRAMC - ICICITECH,31.17,31.31,30.77,30.91,30.80,31.22,,30.91,,,1350791,42033608.34,1506,F1,1,,,,,
2026-10-07,2026-10-07,CM,NSE,STK,764364,INF109K1A567,INSUREIETF,EQ,,,,,ICICIPRAMC - INSUREIETF,14.72,14.89,14.51,14.68,14.79,14.72,,14.68,,,972530,14226844.91,271,F1,1,,,,,
2026-10-07,2026-10-07,CM,NSE,STK,11037,INF109KC15I8,BANKIETF,EQ,,,,,ICICIPRAMC - IPRU5008,56.45,56.93,56.15,56.59,56.47,56.48,,56.59,,,523630,29656790.81,2188,F1,1,,,,,
2026-10-07,2026-10-07,CM,NSE,STK,24861,INF109KC19W1,METALIETF,EQ,,,,,ICICIPRAMC - METALIETF,12.63,12.63,12.38,12.39,12.39,12.63,,12.39,,,8614564,107384922.45,11512,F1,1,,,,,
2026-10-07,2026-10-07,CM,NSE,STK,24533,INF109KC18W3,OILIETF,EQ,,,,,ICICIPRAMC - OILIETF,10.77,10.84,10.75,10.78,10.79,10.82,,10.78,,,313749,3386372.73,1935,F1,1,,,,,
2026-10-07,2026-10-07,CM,NSE,STK,14584,INF109KC10S8,PSUBNKIETF,EQ,,,,,ICICIPRAMC - PSUBANKICI,81.24,82.49,80.36,82.34,82.39,81.24,,82.28,,,65713,5370534.35,625,F1,1,,,,,
2026-10-07,2026-10-07,CM,NSE,STK,754612,INF109K1A476,SMALLIETF,EQ,,,,,ICICIPRAMC - SMALLIETF,18.01,18.19,17.88,17.91,18.00,18.01,,17.91,,,161366,2899442.68,118,F1,1,,,,,
2026-10-07,2026-10-07,CM,NSE,STK,757781,INF109K1A344,TOP15IETF,EQ,,,,,ICICIPRAMC - TOP15IETF,9.26,9.35,9.20,9.24,9.28,9.30,,9.24,,,68504,632657.56,210,F1,1,,,,,
2026-10-07,2026-10-07,CM,NSE,STK,25851,INF109KC16X5,VAL30IETF,EQ,,,,,ICICIPRAMC - VAL30IETF,14.34,14.37,14.21,14.29,14.33,14.34,,14.29,,,339782,4848408.81,535,F1,1,,,,,
2026-10-07,2026-10-07,CM,NSE,STK,12578,INF109KC17L8,FINIETF,EQ,,,,,ICICIPRAMC-ICICIFIN,30.32,31.00,30.15,30.68,30.79,30.43,,30.67,,,216077,6563818.50,978,F1,1,,,,,
2026-10-07,2026-10-07,CM,NSE,STK,14523,INE725G01011,ICRA,EQ,,,,,ICRA LIMITED,4356.70,4412.00,4316.90,4346.30,4337.00,4356.70,,4346.31,,,32161,140226804.90,4248,F1,1,,,,,
2026-10-07,2026-10-07,CM,NSE,STK,1476,INE008A01015,IDBI,EQ,,,,,IDBI BANK LIMITED,86.50,87.00,85.36,85.67,85.61,87.01,,85.67,,,3041959,262160450.32,19703,F1,1,,,,,
2026-10-07,2026-10-07,CM,NSE,STK,17140,INE349Y01013,IDEAFORGE,EQ,,,,,IDEAFORGE TECHNO LTD,726.10,730.00,698.80,700.00,699.00,723.40,,699.99,,,206429,145525258.45,14080,F1,1,,,,,
2026-10-07,2026-10-07,CM,NSE,STK,28574,INE0TD101011,IDENTICAL,SM,,,,,IDENTICAL BRAINS STUDIO L,18.45,19.30,18.40,18.75,18.55,21.35,,18.75,,,24000,445600.00,10,F1,2000,,,,,
2026-10-07,2026-10-07,CM,NSE,STK,11184,INE092T01019,IDFCFIRSTB,EQ,,,,,IDFC FIRST BANK LIMITED,81.46,81.46,78.75,79.54,79.54,81.56,,79.54,,,20250870,1616663740.45,85130,F1,1,,,,,
2026-10-07,2026-10-07,CM,NSE,STK,1482,INE076C01018,IFBAGRO,EQ,,,,,IFB AGRO INDUSTRIES LTD,887.00,887.00,868.05,875.35,870.50,874.15,,874.69,,,1100,958615.65,168,F1,1,,,,,
2026-10-07,2026-10-07,CM,NSE,STK,1485,INE559A01017,IFBIND,EQ,,,,,IFB INDUSTRIES LTD,1212.30,1225.50,1204.30,1216.00,1210.60,1212.30,,1215.98,,,24232,29446086.10,1772,F1,1,,,,,
2026-10-07,2026-10-07,CM,NSE,STK,1491,INE039A01010,IFCI,EQ,,,,,IFCI LTD,65.30,65.32,63.84,64.03,63.98,65.51,,64.03,,,21013703,1353318540.35,54289,F1,1,,,,,
2026-10-07,2026-10-07,CM,NSE,STK,436,INE133Y01011,IFGLEXPOR,EQ,,,,,IFGL REFRACTORIES LIMITED,180.65,186.50,179.91,183.05,182.50,180.65,,183.08,,,74229,13585901.80,1823,F1,1,,,,,
2026-10-07,2026-10-07,CM,NSE,STK,759897,INE01XO07017,1225IFL27,N0,,,,,IFL 12.25% 2027,6380.00,6380.00,6380.00,6380.00,6380.00,6380.00,,6380.00,,,32,204160.00,2,F1,1,,,,,
2026-10-07,2026-10-07,CM,NSE,STK,760656,INE01XO07025,1225IFL28,N0,,,,,IFL 12.25% 2028,6051.00,6052.00,6051.00,6052.00,6052.00,6363.00,,6052.00,,,4,24205.00,2,F1,1,,,,,
2026-10-07,2026-10-07,CM,NSE,STK,634,INE188B01013,IGARASHI,EQ,,,,,IGARASHI MOTORS INDIA LTD,401.40,410.00,398.30,403.45,403.00,401.40,,403.45,,,53466,21654209.95,2535,F1,1,,,,,
2026-10-07,2026-10-07,CM,NSE,STK,761116,INE530B07658,837IIFL28,Y4,,,,,IIFL 8.37% TR I SR I,990.00,990.00,981.50,981.50,981.50,985.00,,990.00,,,356,352015.00,6,F1,1,,,,,
2026-10-07,2026-10-07,CM,NSE,STK,761117,INE530B07591,852IIFL29,Y5,,,,,IIFL 8.52% TR I SR II,980.00,980.00,980.00,980.00,980.00,980.00,,980.00,,,10,9800.00,1,F1,1,,,,,
2026-10-07,2026-10-07,CM,NSE,STK,761119,INE530B07617,870IIFL28,Y7,,,,,IIFL 8.70% TR I SR IV,1034.00,1034.00,1021.20,1021.20,1021.20,1021.20,,1021.20,,,50,51136.80,2,F1,1,,,,,
2026-10-07,2026-10-07,CM,NSE,STK,761121,INE530B07609,9IIFL31,Y9,,,,,IIFL 9.00% TR I SR VI,1005.20,1020.00,1005.20,1020.00,1020.00,1010.10,,1020.00,,,90,91504.00,3,F1,1,,,,,
2026-10-07,2026-10-07,CM,NSE,STK,756144,INE530B07476,975IIFL28,Y0,,,,,IIFL 9.75% TR I SR VI,1040.80,1040.80,1040.80,1040.80,1040.80,1040.80,,1040.80,,,121,125936.80,3,F1,1,,,,,
2026-10-07,2026-10-07,CM,NSE,STK,13072,INE489L01022,IIFLCAPS,EQ,,,,,IIFL CAPITAL SERVICES LTD,344.25,348.50,344.00,346.85,348.00,345.15,,346.84,,,319500,110754057.25,8513,F1,1,,,,,
2026-10-07,2026-10-07,CM,NSE,STK,11809,INE530B01024,IIFL,EQ,,,,,IIFL FINANCE LIMITED,600.00,600.00,584.15,588.55,588.90,601.70,,588.56,,,1169032,690915899.70,37404,F1,1,,,,,
2026-10-07,2026-10-07,CM,NSE,STK,756142,INE530B07526,IIFL21425,NY,,,,,IIFL TR I SR IV,1125.00,1125.00,1125.00,1125.00,1125.00,1125.00,,1125.00,,,10,11250.00,1,F1,1,,,,,
2026-10-07,2026-10-07,CM,NSE,STK,761124,INE530B07641,IIFL06326,YC,,,,,IIFL TR I SR IX,1010.00,1010.00,1010.00,1010.00,1010.00,1002.00,,1010.00,,,2,2020.00,1,F1,1,,,,,
2026-10-07,2026-10-07,CM,NSE,STK,761123,INE530B07625,IIFL60326,YB,,,,,IIFL TR I SR VIII,1020.00,1020.00,1020.00,1020.00,1020.00,1015.00,,1045.00,,,815,831300.00,3,F1,1,,,,,
2026-10-07,2026-10-07,CM,NSE,STK,16822,INE0LOJ01019,IKIO,EQ,,,,,IKIO TECHNOLOGIES LIMITED,194.99,195.84,188.25,191.05,191.37,195.87,,191.05,,,128405,24625328.74,3054,F1,1,,,,,
2026-10-07,2026-10-07,CM,NSE,STK,9380,INE369I01014,IL&FSENGG,BZ,,,,,IL&FS ENG AND CONS CO LTD,40.00,41.00,39.50,40.60,41.00,39.54,,40.60,,,13115,527915.63,36,F1,1,,,,,
2026-10-07,2026-10-07,CM,NSE,STK,6711,INE050B01023,IVC,EQ,,,,,IL&FS INVESTMENT MANAGERS,7.81,8.08,7.81,7.95,7.98,8.00,,7.95,,,143556,1142205.57,684,F1,1,,,,,
2026-10-07,2026-10-07,CM,NSE,STK,9381,INE975G01012,IL&FSTRANS,BZ,,,,,IL&FS TRANS NET LTD,1.98,1.99,1.91,1.98,1.99,1.94,,1.98,,,20213,39755.78,60,F1,1,,,,,
2026-10-07,2026-10-07,CM,NSE,STK,7672,INE172N01012,IMAGICAA,EQ,,,,,IMAGICAAWORLD ENT LTD,50.26,50.26,48.15,48.72,48.85,49.92,,48.72,,,532708,26070931.62,3980,F1,1,,,,,
2026-10-07,2026-10-07,CM,NSE,STK,17507,INE452L01012,INCREDIBLE,EQ,,,,,INCREDIBLE INDUSTRIES LTD,31.03,31.68,31.00,31.47,31.60,31.42,,31.56,,,2423,75883.13,47,F1,1,,,,,
2026-10-07,2026-10-07,CM,NSE,STK,12009,INE547E01014,IMPAL,EQ,,,,,IND MOTOR PART & ACC LTD,1042.30,1049.90,995.20,1000.20,1000.00,1036.50,,1000.19,,,5358,5411468.50,610,F1,1,,,,,
2026-10-07,2026-10-07,CM,NSE,STK,4870,INE915B01019,INDSWFTLAB,EQ,,,,,IND SWIFT LABORATORIES LT,403.40,404.90,388.00,391.10,391.00,400.45,,391.09,,,262328,103631935.15,6875,F1,1,,,,,
2026-10-07,2026-10-07,CM,NSE,STK,21957,INE611L01021,INDTERRAIN,EQ,,,,,IND TERRAIN FASHIONS LTD,29.43,29.49,29.15,29.22,29.15,29.22,,29.22,,,10557,307973.77,78,F1,1,,,,,
2026-10-07,2026-10-07,CM,NSE,STK,16933,INE841B01017,INDBANK,EQ,,,,,INDBANK MERCH BANK,25.30,26.30,25.12,26.11,26.00,25.23,,26.11,,,39659,1020564.36,611,F1,1,,,,,
2026-10-07,2026-10-07,CM,NSE,STK,29678,INE0O9T01021,BAJAJINDEF,EQ,,,,,INDEF MANUFACTURING LTD,211.50,211.50,200.00,203.96,207.50,207.21,,203.97,,,11766,2405764.22,503,F1,1,,,,,
2026-10-07,2026-10-07,CM,NSE,STK,23693,INE065X01017,INDGN,EQ,,,,,INDEGENE LIMITED,596.00,612.00,588.15,607.10,605.45,596.30,,607.03,,,424853,255510334.95,20590,F1,1,,,,,
2026-10-07,2026-10-07,CM,NSE,STK,1521,INE560A01023,INDIAGLYCO,EQ,,,,,INDIA GLYCOLS LTD,324.90,382.70,321.10,382.70,382.70,318.95,,382.69,,,9155076,3309159249.30,157088,F1,1,,,,,
2026-10-07,2026-10-07,CM,NSE,STK,4747,INE092B01025,INDNIPPON,EQ,,,,,INDIA NIPPON ELECT  LTD,1241.80,1253.90,1221.40,1231.40,1230.00,1241.70,,1231.52,,,25913,31982917.40,3452,F1,1,,,,,
2026-10-07,2026-10-07,CM,NSE,STK,4934,INE0D6701023,IPL,EQ,,,,,INDIA PESTICIDES LIMITED,132.10,133.98,129.94,130.39,130.95,132.60,,130.39,,,150722,19823520.03,2246,F1,1,,,,,
2026-10-07,2026-10-07,CM,NSE,STK,20556,INE922K01024,INDIASHLTR,EQ,,,,,INDIA SHELTER FIN CORP L,639.50,639.50,622.35,633.85,635.00,636.35,,633.84,,,93350,58833094.65,6272,F1,1,,,,,
2026-10-07,2026-10-07,CM,NSE,STK,19299,INE353K01014,ITDC,EQ,,,,,INDIA TOUR. DEV. CO. LTD.,677.00,685.00,667.10,671.75,678.00,675.25,,671.72,,,75732,51069920.95,5938,F1,1,,,,,
2026-10-07,2026-10-07,CM,NSE,STK,24999,INE126M01010,IBULLSLTD,EQ,,,,,INDIABULLS LIMITED,31.60,32.49,31.20,32.49,32.49,30.95,,32.49,,,22176156,709002286.42,23798,F1,1,,,,,
2026-10-07,2026-10-07,CM,NSE,STK,10726,INE933S01016,INDIAMART,EQ,,,,,INDIAMART INTERMESH LTD,1592.90,1623.40,1575.00,1605.30,1603.00,1592.90,,1605.44,,,58405,93699078.80,10622,F1,1,,,,,
2026-10-07,2026-10-07,CM,NSE,STK,14309,INE562A01011,INDIANB,EQ,,,,,INDIAN BANK,808.60,835.00,801.35,828.30,828.30,813.00,,828.30,,,1140038,937908846.10,36269,F1,1,,,,,
2026-10-07,2026-10-07,CM,NSE,STK,4422,INE061A01014,INDIANCARD,EQ,,,,,INDIAN CARD CLOTHING CO.,189.83,189.83,183.06,186.99,186.99,187.86,,186.99,,,1881,349186.50,115,F1,1,,,,,
2026-10-07,2026-10-07,CM,NSE,STK,23792,INE0RRU01016,IEML,ST,,,,,INDIAN EMULSIFIERS LTD,47.00,47.00,45.00,45.00,45.00,47.35,,45.00,,,42500,1926300.00,38,F1,500,,,,,
2026-10-07,2026-10-07,CM,NSE,STK,220,INE022Q01020,IEX,EQ,,,,,INDIAN ENERGY EXC LTD,105.39,108.65,104.27,105.85,105.85,104.86,,105.87,,,7531830,804198444.45,48501,F1,1,,,,,
2026-10-07,2026-10-07,CM,NSE,STK,1530,INE323C01030,INDIANHUME,EQ,,,,,INDIAN HUME PIPE CO. LTD.,341.55,362.00,338.65,355.45,355.20,341.20,,355.45,,,71231,25158364.20,3788,F1,1,,,,,
2026-10-07,2026-10-07,CM,NSE,STK,19235,INE919H01018,IMFA,EQ,,,,,INDIAN METALS & FERRO,1184.10,1197.60,1167.10,1186.80,1183.80,1190.60,,1186.76,,,51866,61401030.00,4403,F1,1,,,,,
2026-10-07,2026-10-07,CM,NSE,STK,1624,INE242A01010,IOC,EQ,,,,,INDIAN OIL CORP LTD,130.60,131.19,129.70,130.00,130.00,131.60,,130.00,,,7269916,947303860.29,50094,F1,1,,,,,
2026-10-07,2026-10-07,CM,NSE,STK,9348,INE565A01014,IOB,EQ,,,,,INDIAN OVERSEAS BANK,31.02,31.29,30.85,31.03,31.00,31.46,,31.03,,,3152062,97889207.44,19265,F1,1,,,,,
2026-10-07,2026-10-07,CM,NSE,STK,25033,INE0DHF01018,IPHL,SM,,,,,INDIAN PHOSPHATE LIMITED,68.05,70.00,68.05,70.00,70.00,68.00,,70.00,,,3600,248460.00,3,F1,1200,,,,,
2026-10-07,2026-10-07,CM,NSE,STK,13611,INE335Y01020,IRCTC,EQ,,,,,INDIAN RAIL TOUR CORP LTD,455.00,458.15,449.70,453.65,453.45,454.80,,453.62,,,759796,345061269.40,31073,F1,1,,,,,
2026-10-07,2026-10-07,CM,NSE,STK,2029,INE053F01010,IRFC,EQ,,,,,INDIAN RAILWAY FIN CORP L,76.90,77.20,76.04,76.15,76.15,77.10,,76.16,,,5212579,399424841.51,33412,F1,1,,,,,
2026-10-07,2026-10-07,CM,NSE,STK,20261,INE202E01016,IREDA,EQ,,,,,INDIAN RENEWABLE ENERGY,109.00,109.42,107.12,107.33,107.33,109.00,,107.33,,,4512835,488225397.45,31882,F1,1,,,,,
2026-10-07,2026-10-07,CM,NSE,STK,762727,INE586E01020,IWP,EQ,,,,,INDIAN WOOD PRODUCTS CO L,37.38,38.40,36.95,37.10,36.95,37.38,,37.10,,,22715,851616.64,209,F1,1,,,,,
2026-10-07,2026-10-07,CM,NSE,STK,21058,INE0PS301014,INDIFRA,SM,,,,,INDIFRA LIMITED,11.10,11.10,11.10,11.10,11.10,11.65,,11.10,,,6000,66600.00,3,F1,2000,,,,,
2026-10-07,2026-10-07,CM,NSE,STK,2048,INE09VQ01012,INDIGOPNTS,EQ,,,,,INDIGO PAINTS LIMITED,1051.10,1077.30,1050.00,1060.20,1055.00,1062.40,,1060.26,,,25510,27155629.20,5466,F1,1,,,,,
2026-10-07,2026-10-07,CM,NSE,STK,20988,INE219X23014,INDIGRID,IV,,,,,INDIGRID INFRASTRUCT TRST,169.41,169.95,168.11,168.96,168.90,169.41,,168.96,,,1013733,171336225.79,15965,F1,1,,,,,
2026-10-07,2026-10-07,CM,NSE,STK,757845,INE06ST01018,INDIQUBE,EQ,,,,,INDIQUBE SPACES LIMITED,195.39,198.96,192.00,194.57,194.70,197.32,,194.45,,,11603,2269122.66,634,F1,1,,,,,
2026-10-07,2026-10-07,CM,NSE,STK,9116,INE760F01028,INDOAMIN,EQ,,,,,INDO AMINES LIMITED,161.84,166.44,156.65,157.97,158.49,161.16,,157.97,,,978954,156463418.42,16999,F1,1,,,,,
2026-10-07,2026-10-07,CM,NSE,STK,8614,INE803D01021,INDOBORAX,EQ,,,,,INDO BORAX & CHEMICAL LTD,491.75,491.75,476.05,480.90,480.00,491.75,,480.90,,,53337,25773962.65,1900,F1,1,,,,,
2026-10-07,2026-10-07,CM,NSE,STK,11987,INE483B01026,ICIL,EQ,,,,,INDO COUNT INDUSTRIES LTD,474.80,476.25,465.15,471.10,472.40,473.15,,471.10,,,317864,149548575.30,15725,F1,1,,,,,
2026-10-07,2026-10-07,CM,NSE,STK,29025,INE622H01018,INDOFARM,EQ,,,,,INDO FARM EQUIPMENT LTD,134.00,142.55,132.81,139.92,139.90,134.32,,139.93,,,279082,39045436.30,5918,F1,1,,,,,
2026-10-07,2026-10-07,CM,NSE,STK,10993,INE156A01020,INDORAMA,EQ,,,,,INDO RAMA SYNTHETICS LTD,95.10,96.84,93.80,95.99,96.31,95.10,,96.00,,,554572,52985523.69,6315,F1,1,,,,,
2026-10-07,2026-10-07,CM,NSE,STK,13275,INE332H01014,INDOTECH,EQ,,,,,INDO TECH TRANSFORM LTD.,3351.00,3399.00,3306.00,3323.30,3320.20,3352.80,,3323.57,,,10434,34868062.90,1936,F1,1,,,,,
2026-10-07,2026-10-07,CM,NSE,STK,25608,INE337M01021,INDOTHAI,EQ,,,,,INDO THAI SEC LTD,40.57,40.71,40.30,40.71,40.71,38.78,,40.71,,,270332,10991895.57,410,F1,1,,,,,
2026-10-07,2026-10-07,CM,NSE,STK,25503,INE250Z01010,INDOUS,EQ,,,,,INDO US BIOTECH LTD,75.80,76.96,74.70,74.93,75.05,75.53,,74.94,,,4494,338602.51,250,F1,1,,,,,
2026-10-07,2026-10-07,CM,NSE,STK,764301,INE084101034,INDOMIM,EQ,,,,,INDO-MIM LIMITED,1358.00,1374.40,1337.00,1359.90,1356.00,1350.20,,1359.84,,,606566,822325259.60,26740,F1,1,,,,,
2026-10-07,2026-10-07,CM,NSE,STK,6782,INE567A01028,NIPPOBATRY,EQ,,,,,INDO-NATIONAL LIMITED,322.50,322.50,314.20,316.05,316.20,319.45,,315.45,,,764,241748.75,53,F1,1,,,,,
2026-10-07,2026-10-07,CM,NSE,STK,11677,INE873D01024,INDOCO,EQ,,,,,INDOCO REMEDIES LTD.,249.45,249.45,244.60,246.55,246.10,247.15,,246.55,,,75736,18655984.50,2201,F1,1,,,,,
2026-10-07,2026-10-07,CM,NSE,STK,757801,INE05J901018,IGCL,EQ,,,,,INDOGULF CROPSCIENCES LTD,57.30,60.82,56.00,57.75,57.02,57.36,,57.82,,,347013,19700753.18,1658,F1,1,,,,,
2026-10-07,2026-10-07,CM,NSE,STK,764708,INE716F01012,INDOKEM,EQ,,,,,INDOKEM LTD.,597.05,600.00,575.00,580.95,584.15,596.85,,581.16,,,4219,2485897.60,399,F1,1,,,,,
2026-10-07,2026-10-07,CM,NSE,STK,19955,INE866K01023,WAAREEINDO,EQ,,,,,INDOSOLAR LIMITED,209.80,211.87,204.02,207.15,206.50,208.05,,207.14,,,99686,20754576.17,2691,F1,1,,,,,
2026-10-07,2026-10-07,CM,NSE,STK,3088,INE896L01010,INDOSTAR,EQ,,,,,INDOSTAR CAPITAL FIN LTD,200.00,203.45,195.50,200.12,199.01,199.55,,200.20,,,353977,70377851.80,6199,F1,1,,,,,
2026-10-07,2026-10-07,CM,NSE,STK,14952,INE227G01018,INDOWIND,EQ,,,,,INDOWIND ENERGY LTD,8.56,8.69,8.42,8.58,8.60,8.56,,8.58,,,73286,627776.30,293,F1,1,,,,,
2026-10-07,2026-10-07,CM,NSE,STK,11262,INE203G01027,IGL,EQ,,,,,INDRAPRASTHA GAS LTD,141.00,147.90,140.21,146.35,146.50,141.38,,146.35,,,3700426,538925251.24,32917,F1,1,,,,,
2026-10-07,2026-10-07,CM,NSE,STK,4751,INE681B01017,INDRAMEDCO,EQ,,,,,INDRAPRASTHA MEDICAL CORP,335.15,336.60,327.75,329.40,330.40,335.15,,329.40,,,158141,52495316.40,6833,F1,1,,,,,
2026-10-07,2026-10-07,CM,NSE,STK,23036,INE0NHL23019,INDUSINVIT,IV,,,,,INDUS INFRA TRUST,130.13,131.71,130.00,131.01,130.90,130.13,,131.02,,,103355,13530013.93,4870,F1,1,,,,,
2026-10-07,2026-10-07,CM,NSE,STK,29135,INE121J01017,INDUSTOWER,EQ,,,,,INDUS TOWERS LIMITED,392.00,392.00,381.30,385.05,385.05,389.10,,385.05,,,2499487,963708390.05,31950,F1,1,,,,,
2026-10-07,2026-10-07,CM,NSE,STK,5258,INE095A01012,INDUSINDBK,EQ,,,,,INDUSIND BANK LIMITED,899.05,903.25,870.90,874.90,874.90,906.10,,874.91,,,2429142,2140319109.95,66235,F1,1,,,,,
2026-10-07,2026-10-07,CM,NSE,STK,762717,INE620D01011,INDPRUD,EQ,,,,,INDUSTRIAL & PRU INV CO L,6299.00,6305.00,6299.00,6305.00,6305.00,6299.50,,6311.81,,,26,163842.50,8,F1,1,,,,,
2026-10-07,2026-10-07,CM,NSE,STK,19525,INE886A01014,IITL,EQ,,,,,INDUSTRIAL INV TRUST LTD,133.30,134.95,129.47,130.75,130.10,132.25,,130.75,,,101253,13493386.07,844,F1,1,,,,,
2026-10-07,2026-10-07,CM,NSE,STK,15045,INE0MRE01011,INFINIUM,ST,,,,,INFINIUM PHARMACHEM LTD,318.00,318.00,305.00,305.50,305.00,307.35,,305.50,,,3500,1092500.00,7,F1,500,,,,,
2026-10-07,2026-10-07,CM,NSE,STK,757602,INE0MYZ01012,INFLUX,SM,,,,,INFLUX HEALTHTECH LIMITED,270.00,275.95,266.15,274.30,275.50,272.00,,274.30,,,21600,5844180.00,35,F1,600,,,,,
2026-10-07,2026-10-07,CM,NSE,STK,13751,INE663F01032,NAUKRI,EQ,,,,,INFO EDGE (I) LTD,1242.70,1250.70,1210.00,1225.30,1225.30,1241.00,,1225.30,,,1008055,1236738823.10,37448,F1,1,,,,,
2026-10-07,2026-10-07,CM,NSE,STK,11027,INE344S01016,INFOBEAN,EQ,,,,,INFOBEANS TECHNO. LTD.,148.93,149.00,145.40,147.24,148.40,149.46,,147.24,,,123208,18136411.65,1964,F1,1,,,,,
2026-10-07,2026-10-07,CM,NSE,STK,16588,INE0NNZ01013,INFOLLION,SM,,,,,INFOLLION RESEARCH SER L,163.80,166.00,162.05,162.80,163.05,159.80,,162.80,,,28000,4606380.00,54,F1,400,,,,,
2026-10-07,2026-10-07,CM,NSE,STK,13693,INE669A01022,INFOMEDIA,EQ,,,,,INFOMEDIA PRESS LIMITED,5.53,5.55,5.16,5.41,5.44,5.21,,5.41,,,15879,86565.88,55,F1,1,,,,,
2026-10-07,2026-10-07,CM,NSE,STK,1594,INE009A01021,INFY,EQ,,,,,INFOSYS LIMITED,1006.00,1009.00,990.10,992.00,992.00,1013.85,,992.00,,,7493993,7474377015.35,162916,F1,1,,,,,
2026-10-07,2026-10-07,CM,NSE,STK,1597,INE177A01018,INGERRAND,EQ,,,,,INGERSOLL-RAND INDIA LTD,4130.80,4182.80,4089.10,4115.30,4089.10,4130.80,,4115.40,,,6676,27527789.50,2344,F1,1,,,,,
2026-10-07,2026-10-07,CM,NSE,STK,25323,INE0S1D01010,INNOMET,ST,,,,,INNOMET ADVANCED MATERI L,280.00,290.65,270.00,273.15,270.00,277.25,,273.15,,,35400,9981660.00,51,F1,600,,,,,
2026-10-07,2026-10-07,CM,NSE,STK,21062,INE0DUT01020,INNOVACAP,EQ,,,,,INNOVA CAPTAB LIMITED,1137.10,1188.00,1131.40,1166.20,1183.30,1141.80,,1166.20,,,118590,138003298.50,12772,F1,1,,,,,
2026-10-07,2026-10-07,CM,NSE,STK,27754,INE403Y01018,INNOVANA,EQ,,,,,INNOVANA THINKLABS LTD,292.80,295.90,286.00,289.90,286.00,294.85,,290.56,,,25709,7523758.95,742,F1,1,,,,,
2026-10-07,2026-10-07,CM,NSE,STK,27266,INE070Y01023,ITTL,ST,,,,,INNOVATIVE TYRE & TUBE LT,61.95,61.95,61.90,61.90,61.90,60.75,,61.90,,,315,19509.00,3,F1,105,,,,,
2026-10-07,2026-10-07,CM,NSE,STK,761528,INE0ADB01012,INNOVISION,EQ,,,,,INNOVISION LIMITED,255.00,256.85,253.30,256.00,256.50,256.50,,255.98,,,6907,1763818.20,328,F1,1,,,,,
2026-10-07,2026-10-07,CM,NSE,STK,12188,INE510W01014,INOXGREEN,EQ,,,,,INOX GREEN ENERGY SER LTD,146.59,147.66,134.00,135.87,134.75,146.59,,135.87,,,7288865,1007977943.41,69368,F1,1,,,,,
2026-10-07,2026-10-07,CM,NSE,STK,20607,INE616N01034,INOXINDIA,EQ,,,,,INOX INDIA LIMITED,2070.00,2139.90,2066.50,2082.00,2081.80,2077.30,,2081.95,,,243029,510476060.30,39289,F1,1,,,,,
2026-10-07,2026-10-07,CM,NSE,STK,7852,INE066P01011,INOXWIND,EQ,,,,,INOX WIND LIMITED,68.25,68.38,66.73,67.10,67.10,68.70,,67.13,,,10148423,685174192.23,47133,F1,1,,,,,
2026-10-07,2026-10-07,CM,NSE,STK,14657,INE070I01018,INSECTICID,EQ,,,,,INSECTICIDES (I) LTD,580.00,590.00,575.55,586.60,581.25,584.15,,585.87,,,5454,3186083.90,409,F1,1,,,,,
2026-10-07,2026-10-07,CM,NSE,STK,761099,INE0LGX01024,INA,EQ,,,,,INSOLATION ENERGY LIMITED,84.49,84.49,81.32,82.00,81.90,83.81,,82.00,,,454479,37445472.68,4229,F1,1,,,,,
2026-10-07,2026-10-07,CM,NSE,STK,19154,INE0NDX01019,INSPIRE,SM,,,,,INSPIRE FILMS LIMITED,10.35,10.35,10.35,10.35,10.35,9.90,,10.35,,,8000,82800.00,3,F1,2000,,,,,
2026-10-07,2026-10-07,CM,NSE,STK,13730,INE020G01017,INSPIRISYS,EQ,,,,,INSPIRISYS SOLUTIONS LTD,84.00,85.00,83.50,83.74,84.99,83.76,,83.75,,,2054,173450.26,34,F1,1,,,,,
2026-10-07,2026-10-07,CM,NSE,STK,30323,INE418N01035,ESSENTIA,EQ,,,,,INTEGRA ESSENTIA LIMITED,1.02,1.02,1.00,1.00,1.01,1.01,,1.00,,,2539275,2565034.73,561,F1,1,,,,,
2026-10-07,2026-10-07,CM,NSE,STK,5926,INE306R01017,INTELLECT,EQ,,,,,INTELLECT DESIGN ARENA,603.00,603.00,589.00,591.35,590.15,601.40,,591.36,,,199132,118524356.80,11415,F1,1,,,,,
2026-10-07,2026-10-07,CM,NSE,STK,20071,INE781A01025,INTENTECH,EQ,,,,,INTENSE TECHNOLOGIES LTD,80.60,83.05,78.51,80.92,80.32,84.10,,80.92,,,77560,6228475.77,666,F1,1,,,,,
2026-10-07,2026-10-07,CM,NSE,STK,24909,INE00M901018,INTERARCH,EQ,,,,,INTERARCH BLDNG SOLTN LTD,1699.90,1717.70,1680.00,1700.90,1706.00,1685.60,,1700.89,,,55579,94607190.90,6855,F1,1,,,,,
2026-10-07,2026-10-07,CM,NSE,STK,11195,INE646L01027,INDIGO,EQ,,,,,INTERGLOBE AVIATION LTD,5015.00,5069.50,4972.30,4990.00,4990.00,5050.50,,4989.98,,,1618923,8147668801.70,81740,F1,1,,,,,
2026-10-07,2026-10-07,CM,NSE,STK,22770,INE0OPC01015,INM,SM,,,,,INTERIORS & MORE LIMITED,138.00,138.05,138.00,138.05,138.05,139.50,,138.05,,,1200,165630.00,2,F1,600,,,,,
2026-10-07,2026-10-07,CM,NSE,STK,5606,INE575C01027,INTLCONV,EQ,,,,,INTL CONVEYORS LIMITED,80.00,81.39,79.10,80.17,80.15,80.02,,80.21,,,51206,4096347.38,450,F1,1,,,,,
2026-10-07,2026-10-07,CM,NSE,STK,28378,INE0Q9301021,IGIL,EQ,,,,,INTL GEMOLOGICAL INST LTD,319.15,321.85,313.70,317.05,317.75,319.60,,317.06,,,430610,136925377.05,13874,F1,1,,,,,
2026-10-07,2026-10-07,CM,NSE,STK,18483,INE566K01011,ISFT,BE,,,,,INTRASOFT TECH. LTD,96.61,100.30,94.00,99.49,99.49,98.32,,99.57,,,20995,2055021.66,179,F1,1,,,,,
2026-10-07,2026-10-07,CM,NSE,STK,24870,INE878H01024,INVENTURE,EQ,,,,,INVENTURE GRO & SEC LTD,0.85,0.86,0.82,0.83,0.83,0.85,,0.83,,,1208290,1017545.46,424,F1,1,,,,,
2026-10-07,2026-10-07,CM,NSE,STK,28125,INE115Q01022,IKS,EQ,,,,,INVENTURUS KNOWLEDGE SO L,1752.40,1759.00,1693.30,1737.40,1725.00,1761.00,,1737.37,,,330080,572386746.10,36994,F1,1,,,,,
2026-10-07,2026-10-07,CM,NSE,STK,18292,INF205KA1BP1,IVZINGOLD,EQ,,,,,INVESCO INDIA GOLD ETF,128.20,128.20,127.05,127.70,127.70,128.20,,127.70,,,135055,17231944.85,423,F1,1,,,,,
2026-10-07,2026-10-07,CM,NSE,STK,24217,INF205KA1CC7,IVZINNIFTY,EQ,,,,,INVESCO INDIA NIFTY ETF,267.84,267.84,258.91,261.59,259.79,261.31,,261.59,,,421,109559.51,39,F1,1,,,,,
2026-10-07,2026-10-07,CM,NSE,STK,762725,INE155E01016,INVPRECQ,BE,,,,,INVESTMENT & PREC CAST L,1560.00,1623.90,1554.00,1594.50,1600.00,1571.30,,1587.94,,,6853,10793636.40,180,F1,1,,,,,
2026-10-07,2026-10-07,CM,NSE,STK,760139,INE0XJ501010,INVICTA,SM,,,,,INVICTA DIAGNOSTIC LTD,67.00,67.00,66.50,66.50,66.50,66.80,,66.50,,,3200,213600.00,2,F1,1600,,,,,
2026-10-07,2026-10-07,CM,NSE,STK,20413,INE485C01029,IOLCP,EQ,,,,,IOL CHEM AND PHARMA LTD,216.50,224.00,216.30,220.22,219.35,214.90,,220.22,,,6360102,1400720601.64,78868,F1,1,,,,,
2026-10-07,2026-10-07,CM,NSE,STK,1630,INE570A01022,IONEXCHANG,EQ,,,,,ION EXCHANGE (INDIA) LTD,411.00,415.00,401.00,402.40,403.00,409.20,,402.40,,,251291,102135630.70,17430,F1,1,,,,,
2026-10-07,2026-10-07,CM,NSE,STK,764713,INE558A01019,IPRINGLTD,EQ,,,,,IP RINGS LTD.,144.99,149.70,140.50,144.94,145.00,143.67,,144.70,,,1849,269598.76,56,F1,1,,,,,
2026-10-07,2026-10-07,CM,NSE,STK,1633,INE571A01038,IPCALAB,EQ,,,,,IPCA LABORATORIES LTD,1940.00,1963.70,1928.00,1938.50,1929.00,1945.50,,1938.51,,,135675,263827730.80,24160,F1,1,,,,,
2026-10-07,2026-10-07,CM,NSE,STK,15313,INE821I01022,IRB,EQ,,,,,IRB INFRA DEV LTD.,17.75,17.83,17.30,17.44,17.48,17.84,,17.44,,,10957532,191937049.10,18654,F1,1,,,,,
2026-10-07,2026-10-07,CM,NSE,STK,20817,INE183W23014,IRBINVIT,IV,,,,,IRB INVIT FUND,64.00,64.10,63.20,63.85,63.85,63.85,,63.85,,,631496,40220700.92,4888,F1,1,,,,,
2026-10-07,2026-10-07,CM,NSE,STK,4986,INE962Y01021,IRCON,EQ,,,,,IRCON INTERNATIONAL LTD,107.60,108.18,106.12,106.66,106.63,107.86,,106.66,,,2229186,238571764.99,20463,F1,1,,,,,
2026-10-07,2026-10-07,CM,NSE,STK,1391,INE202E07138,880IREDA29,N5,,,,,IREDA 8.80NCDTR I SR II B,1125.00,1125.00,1125.00,1125.00,1125.00,1132.45,,1122.50,,,11,12375.00,1,F1,1,,,,,
2026-10-07,2026-10-07,CM,NSE,STK,2275,INE01GN01025,IRISDOREME,EQ,,,,,IRIS CLOTHINGS LIMITED,58.86,61.03,57.44,59.26,58.52,58.45,,59.26,,,344405,20392200.02,3084,F1,1,,,,,
2026-10-07,2026-10-07,CM,NSE,STK,6489,INE864K01010,IRIS,EQ,,,,,IRIS REGTECH SOLUTION LTD,223.50,226.00,220.99,223.23,221.50,221.57,,223.23,,,6950,1549947.43,257,F1,1,,,,,
2026-10-07,2026-10-07,CM,NSE,STK,19597,INE07U701015,IRMENERGY,EQ,,,,,IRM ENERGY LIMITED,264.00,266.40,257.00,263.00,265.25,262.10,,262.99,,,34474,9002148.95,1838,F1,1,,,,,
2026-10-07,2026-10-07,CM,NSE,STK,763789,INE413U07475,920ISF28,N0,,,,,ISF 9.20% 2028,9669.00,9821.77,9612.00,9761.00,9761.00,9669.02,,9761.00,,,52,507014.53,12,F1,1,,,,,
2026-10-07,2026-10-07,CM,NSE,STK,761208,INE413U07442,925ISF28,N0,,,,,ISF 9.25% 2028,9750.00,9750.00,9750.00,9750.00,9750.00,9750.00,,9750.00,,,11,107250.00,4,F1,1,,,,,
2026-10-07,2026-10-07,CM,NSE,STK,29533,INE413U07384,950ISF27,N0,,,,,ISF 9.50% 2027,24964.88,24964.88,24964.88,24964.88,24964.88,60999.00,,24964.88,,,1,24964.88,1,F1,1,,,,,
2026-10-07,2026-10-07,CM,NSE,STK,759100,INE413U07434,965ISF28,N0,,,,,ISF 9.65% 2028,99000.00,99000.00,99000.00,99000.00,99000.00,99000.00,,99000.00,,,1,99000.00,1,F1,1,,,,,
2026-10-07,2026-10-07,CM,NSE,STK,3329,INE858B01029,ISGEC,EQ,,,,,ISGEC HEAVY ENG LTD,906.40,906.60,895.05,901.75,903.20,905.00,,901.75,,,73566,66293623.65,5263,F1,1,,,,,
2026-10-07,2026-10-07,CM,NSE,STK,30249,INE561M01018,ISHANCH,EQ,,,,,ISHAN DYES N CHEMICALS L,50.04,50.04,46.56,47.08,47.46,47.92,,47.08,,,3669,173714.55,98,F1,1,,,,,
2026-10-07,2026-10-07,CM,NSE,STK,29251,INE379A01028,ITCHOTELS,EQ,,,,,ITC HOTELS LIMITED,160.00,161.90,158.60,159.17,159.25,160.21,,159.18,,,1030272,164708511.21,18918,F1,1,,,,,
2026-10-07,2026-10-07,CM,NSE,STK,1660,INE154A01025,ITC,EQ,,,,,ITC LTD,265.70,267.15,262.45,265.70,265.70,266.70,,265.69,,,50025295,13260858711.50,134937,F1,1,,,,,
2026-10-07,2026-10-07,CM,NSE,STK,1675,INE248A01017,ITI,EQ,,,,,ITI LTD,246.79,248.16,245.00,245.84,246.00,247.84,,245.87,,,101191,24918691.51,4498,F1,1,,,,,
2026-10-07,2026-10-07,CM,NSE,STK,764723,INE478D01014,ITL,EQ,,,,,ITL INDUSTRIES LTD.,363.10,379.90,346.25,372.80,373.95,366.75,,372.80,,,2896,1067001.15,216,F1,1,,,,,
2026-10-07,2026-10-07,CM,NSE,STK,759041,INE056801025,IVALUE,EQ,,,,,IVALUE INFOSOLUTIONS LTD,230.71,236.10,227.21,232.04,232.20,229.45,,232.05,,,134884,31288630.13,3718,F1,1,,,,,
2026-10-07,2026-10-07,CM,NSE,STK,8857,INE043C01018,IVP,BE,,,,,IVP LIMITED,228.92,232.50,220.30,227.25,227.60,228.92,,227.91,,,8442,1930871.71,117,F1,1,,,,,
2026-10-07,2026-10-07,CM,NSE,STK,757644,INE1AII01014,IWARE,ST,,,,,IWARE SUPPLYCHAIN SER LTD,373.00,381.25,370.00,370.50,370.50,373.00,,370.50,,,9600,3616620.00,15,F1,600,,,,,
2026-10-07,2026-10-07,CM,NSE,STK,14174,INE848A01014,IZMO,EQ,,,,,IZMO LIMITED,868.00,900.00,861.00,889.95,888.00,864.30,,889.96,,,118878,105089677.60,8995,F1,1,,,,,
2026-10-07,2026-10-07,CM,NSE,STK,5633,INE168A01041,J&KBANK,EQ,,,,,J & K BANK LTD.,139.51,140.96,137.71,139.40,139.49,139.50,,139.40,,,2306193,320840724.76,30707,F1,1,,,,,
2026-10-07,2026-10-07,CM,NSE,STK,23056,INE0MB501011,JGCHEM,EQ,,,,,J.G.CHEMICALS LIMITED,670.00,677.20,651.15,654.95,654.00,665.45,,654.96,,,393554,260894909.20,16011,F1,1,,,,,
2026-10-07,2026-10-07,CM,NSE,STK,13211,INE199G01027,JAGRAN,EQ,,,,,JAGRAN PRAKASHAN LIMITED,62.02,62.46,61.64,62.05,61.85,61.72,,62.05,,,71301,4419806.18,1180,F1,1,,,,,
2026-10-07,2026-10-07,CM,NSE,STK,4410,INE048B01035,JAGSNPHARM,EQ,,,,,JAGSONPAL PHARMACEUTICALS,234.80,243.46,234.80,235.40,235.99,233.63,,235.37,,,164193,39145005.03,3677,F1,1,,,,,
2026-10-07,2026-10-07,CM,NSE,STK,11256,INE091G01026,JAIBALAJI,EQ,,,,,JAI BALAJI INDUSTRIES LTD,67.37,67.37,65.00,67.37,67.37,64.17,,67.37,,,432731,29116983.57,1252,F1,1,,,,,
2026-10-07,2026-10-07,CM,NSE,STK,5143,INE070D01027,JAICORPLTD,EQ,,,,,JAI CORP LIMITED,89.00,93.80,88.51,90.90,90.45,90.17,,90.89,,,1110175,101929091.75,11163,F1,1,,,,,
2026-10-07,2026-10-07,CM,NSE,STK,25684,IN9175A01010,JISLDVREQS,EQ,,,,,JAIN DVR EQUITY SHARES,19.34,20.00,18.52,19.18,19.20,18.96,,19.18,,,43706,851097.89,342,F1,1,,,,,
2026-10-07,2026-10-07,CM,NSE,STK,10397,INE175A01038,JISLJALEQS,EQ,,,,,JAIN IRRIGATION SYSTEMS,26.66,29.35,26.56,27.95,28.04,26.65,,27.95,,,26460467,739538099.82,63631,F1,1,,,,,
2026-10-07,2026-10-07,CM,NSE,STK,759244,INE0YD401026,JAINREC,EQ,,,,,JAIN RESOURCE RECYCLING L,290.00,300.90,287.15,295.15,294.50,290.15,,295.14,,,1303023,385535695.65,31859,F1,1,,,,,
2026-10-07,2026-10-07,CM,NSE,STK,758306,INE0XIL01012,JAINIK,ST,,,,,JAINIK POWER CABLES LTD,189.00,194.00,189.00,190.00,190.00,185.90,,190.00,,,18000,3435540.00,15,F1,1200,,,,,
2026-10-07,2026-10-07,CM,NSE,STK,11763,INE351F01018,JPPOWER,EQ,,,,,JAIPRAKASH POWER VEN. LTD,15.00,15.12,14.73,14.86,14.85,15.00,,14.86,,,44222342,659729901.70,833920,F1,1,,,,,
2026-10-07,2026-10-07,CM,NSE,STK,20930,INE349X01015,JALAN,ST,,,,,JALAN TRANSOLU. INDIA LTD,1.60,1.60,1.60,1.60,1.60,1.65,,1.60,,,9000,14400.00,2,F1,3000,,,,,
2026-10-07,2026-10-07,CM,NSE,STK,20778,INE039C01032,JAMNAAUTO,EQ,,,,,JAMNA AUTO IND LTD,144.40,154.00,142.50,151.77,151.55,144.21,,151.77,,,12310484,1856656158.00,126074,F1,1,,,,,
2026-10-07,2026-10-07,CM,NSE,STK,22663,INE953L01027,JSFB,EQ,,,,,JANA SMALL FIN BANK LTD,499.85,509.40,491.55,500.10,500.00,499.85,,500.10,,,357814,179202861.35,19836,F1,1,,,,,
2026-10-07,2026-10-07,CM,NSE,STK,759951,INE00YJ01010,JARO,EQ,,,,,JARO INS OF TEC MG N RE L,416.00,416.00,410.05,414.40,414.90,413.85,,414.39,,,103527,42923117.25,1749,F1,1,,,,,
2026-10-07,2026-10-07,CM,NSE,STK,13982,INE039O01029,JASH,EQ,,,,,JASH ENGINEERING LIMITED,596.00,599.00,580.05,586.15,586.80,594.95,,586.16,,,192190,113242493.30,6327,F1,1,,,,,
2026-10-07,2026-10-07,CM,NSE,STK,25037,INE0SMY01017,JAYBEE,SM,,,,,JAY BEE LAMINATIONS LTD,92.10,92.50,88.25,89.55,89.00,93.55,,89.55,,,36000,3246100.00,69,F1,500,,,,,
2026-10-07,2026-10-07,CM,NSE,STK,1708,INE571B01036,JAYBARMARU,EQ,,,,,JAY BHARAT MARUTI LTD,134.36,137.50,129.31,132.78,133.40,134.37,,132.79,,,1041373,138982650.22,13887,F1,1,,,,,
2026-10-07,2026-10-07,CM,NSE,STK,10892,INE0J6801010,KORE,ST,,,,,JAY JALARAM TECHNO LTD,198.80,204.75,190.00,202.05,204.75,195.00,,202.05,,,14750,2920625.00,34,F1,250,,,,,
2026-10-07,2026-10-07,CM,NSE,STK,4041,INE785A01026,JAYAGROGN,EQ,,,,,JAYANT AGRO ORGANICS LTD,219.80,219.80,212.00,213.00,212.22,219.16,,213.10,,,7226,1553684.64,418,F1,1,,,,,
2026-10-07,2026-10-07,CM,NSE,STK,2331,INE854B01010,JAYNECOIND,EQ,,,,,JAYASWAL NECO INDUSTR LTD,93.90,96.00,93.05,95.24,95.67,94.45,,95.23,,,2969185,280646193.11,23657,F1,1,,,,,
2026-10-07,2026-10-07,CM,NSE,STK,759159,INE1AE401014,JAYESH,SM,,,,,JAYESH LOGISTICS LIMITED,128.00,128.00,126.80,127.45,127.00,124.45,,127.45,,,62000,7897800.00,28,F1,1000,,,,,
2026-10-07,2026-10-07,CM,NSE,STK,760073,INE903A01025,JAYKAY,EQ,,,,,JAYKAY ENTERPRISES LTD,241.50,273.00,236.40,263.45,264.50,240.02,,263.41,,,6198201,1618166263.22,109384,F1,1,,,,,
2026-10-07,2026-10-07,CM,NSE,STK,766244,IN9903A01015,JAYKAYPP,E1,,,,,JAYKAY RE.0.50 PPD UP,199.01,220.98,193.11,213.51,215.98,193.11,,213.56,,,115793,24513414.22,1083,F1,1,,,,,
2026-10-07,2026-10-07,CM,NSE,STK,1720,INE364A01020,JAYSREETEA,EQ,,,,,JAYSHREE TEA & INDUSTRIES,85.79,86.90,83.00,83.41,83.10,85.74,,83.40,,,23661,1995791.87,631,F1,1,,,,,
2026-10-07,2026-10-07,CM,NSE,STK,11655,INE927D01051,JBMA,EQ,,,,,JBM AUTO LIMITED,557.00,557.00,545.00,547.00,547.10,555.65,,546.99,,,141136,77568228.65,9241,F1,1,,,,,
2026-10-07,2026-10-07,CM,NSE,STK,758115,INE0J5801029,JSLL,EQ,,,,,JEENA SIKHO LIFECARE LTD,444.80,448.25,407.25,417.20,415.95,441.25,,417.19,,,3700090,1558868524.65,92073,F1,1,,,,,
2026-10-07,2026-10-07,CM,NSE,STK,764728,INE354A01013,JENBURPH,EQ,,,,,JENBURKT PHARMACEUTICAL L,902.70,908.00,886.80,891.40,893.00,905.55,,891.54,,,4187,3751980.15,270,F1,1,,,,,
2026-10-07,2026-10-07,CM,NSE,STK,7211,INE982V01025,JETFREIGHT,EQ,,,,,JET FREIGHT LOGISTICS LTD,19.80,19.98,19.29,19.72,19.56,19.80,,19.72,,,89485,1756072.70,976,F1,1,,,,,
2026-10-07,2026-10-07,CM,NSE,STK,25147,INE0RXB01022,JEYYAM,SM,,,,,JEYYAM GLOBAL FOODS LTD,21.90,22.45,21.00,22.25,22.25,21.90,,22.25,,,20000,437900.00,10,F1,2000,,,,,
2026-10-07,2026-10-07,CM,NSE,STK,10885,INE0LA901015,JFLLIFE,SM,,,,,JFL LIFE SCIENCES LIMITED,10.20,10.25,10.20,10.25,10.25,9.80,,10.25,,,12000,122700.00,2,F1,6000,,,,,
2026-10-07,2026-10-07,CM,NSE,STK,13723,INE544H01014,JHS,BE,,,,,JHS SVEND. LAB. LTD,9.86,10.79,9.85,9.98,10.00,10.36,,9.98,,,208634,2091136.18,446,F1,1,,,,,
2026-10-07,2026-10-07,CM,NSE,STK,24147,INE03DD01011,RETAIL,BE,,,,,JHS SVENDGAARD RETAIL V L,29.97,29.97,29.97,29.97,29.97,31.54,,29.70,,,3938,118021.86,27,F1,1,,,,,
2026-10-07,2026-10-07,CM,NSE,STK,31507,INE147P01019,JPOLYINVST,EQ,,,,,JIND POL INV & FIN CO LTD,923.90,949.25,890.10,901.10,895.00,923.90,,901.11,,,4656,4206117.05,756,F1,1,,,,,
2026-10-07,2026-10-07,CM,NSE,STK,13875,INE742C01031,JINDRILL,EQ,,,,,JINDAL DRILLING IND. LTD,590.70,610.00,590.70,598.10,599.00,590.70,,598.10,,,198826,119363506.75,8111,F1,1,,,,,
2026-10-07,2026-10-07,CM,NSE,STK,11743,INE796G01012,JINDALPHOT,EQ,,,,,JINDAL PHOTO LIMITED,1012.00,1040.00,1012.00,1032.80,1028.10,1024.80,,1032.80,,,1436,1474725.10,130,F1,1,,,,,
2026-10-07,2026-10-07,CM,NSE,STK,1756,INE197D01010,JINDALPOLY,EQ,,,,,JINDAL POLY FILMS LIMITED,668.00,670.95,643.55,653.25,664.55,658.35,,653.31,,,6873,4483498.85,960,F1,1,,,,,
2026-10-07,2026-10-07,CM,NSE,STK,3024,INE324A01032,JINDALSAW,EQ,,,,,JINDAL SAW LIMITED,282.40,283.40,278.15,281.90,281.90,282.40,,281.90,,,693527,195282892.00,17465,F1,1,,,,,
2026-10-07,2026-10-07,CM,NSE,STK,11236,INE220G01021,JSL,EQ,,,,,JINDAL STAINLESS LIMITED,751.00,754.60,730.05,732.15,732.25,750.95,,732.15,,,546010,401419023.50,35220,F1,1,,,,,
2026-10-07,2026-10-07,CM,NSE,STK,6733,INE749A01030,JINDALSTEL,EQ,,,,,JINDAL STEEL LIMITED,1080.60,1082.60,1055.60,1061.00,1061.00,1085.90,,1060.93,,,904316,961174710.70,26011,F1,1,,,,,
2026-10-07,2026-10-07,CM,NSE,STK,766187,INE1DLO01028,JSIPL,BE,,,,,JINDAL SUPREME (INDIA) L,195.42,195.42,195.42,195.42,195.42,186.12,,198.21,,,333820,65235104.40,2686,F1,1,,,,,
2026-10-07,2026-10-07,CM,NSE,STK,20642,INE247D01039,JINDWORLD,EQ,,,,,JINDAL WORLDWIDE LTD,45.62,46.17,44.15,44.83,44.70,45.39,,44.83,,,2495710,112983852.69,6324,F1,1,,,,,
2026-10-07,2026-10-07,CM,NSE,STK,759205,INE1FF001016,JKIPL,EQ,,,,,JINKUSHAL INDUSTRIES LTD,95.52,100.29,95.05,100.29,100.29,95.52,,100.29,,,84237,8421238.85,195,F1,1,,,,,
2026-10-07,2026-10-07,CM,NSE,STK,18143,INE758E01017,JIOFIN,EQ,,,,,JIO FIN SERVICES LTD,217.45,218.78,215.55,216.44,216.44,217.90,,216.44,,,10207060,2217326193.56,68075,F1,1,,,,,
2026-10-07,2026-10-07,CM,NSE,STK,765307,INF22M001184,NIFTYJBLK,EQ,,,,,JIOBLACKROCKAMC-NIFTYJBLK,11.94,11.94,11.57,11.61,11.65,11.65,,11.61,,,58269,676966.51,466,F1,1,,,,,
2026-10-07,2026-10-07,CM,NSE,STK,19691,INE863T01013,JITFINFRA,EQ,,,,,JITF INFRALOGISTICS LTD,272.00,283.95,271.20,278.30,279.00,275.10,,278.30,,,20154,5590254.65,873,F1,1,,,,,
2026-10-07,2026-10-07,CM,NSE,STK,18558,INE0N5H01017,JIWANRAM,SM,,,,,JIWANRAM SHEODUTTRA IND L,4.05,4.05,4.05,4.05,4.05,4.05,,4.05,,,6000,24300.00,1,F1,6000,,,,,
2026-10-07,2026-10-07,CM,NSE,STK,13270,INE823G01014,JKCEMENT,EQ,,,,,JK CEMENT LIMITED,4960.00,5081.50,4952.00,5047.00,5050.00,4960.00,,5046.98,,,39360,197753731.00,10545,F1,1,,,,,
2026-10-07,2026-10-07,CM,NSE,STK,13491,INE786A01032,JKLAKSHMI,EQ,,,,,JK LAKSHMI CEMENT LTD,479.85,479.95,469.10,471.65,471.90,478.45,,471.64,,,107094,50674642.85,13510,F1,1,,,,,
2026-10-07,2026-10-07,CM,NSE,STK,11860,INE789E01012,JKPAPER,EQ,,,,,JK PAPER LIMITED,393.45,393.45,378.65,384.50,382.90,393.45,,384.51,,,449194,172107992.60,13352,F1,1,,,,,
2026-10-07,2026-10-07,CM,NSE,STK,14435,INE573A01042,JKTYRE,EQ,,,,,JK TYRE & INDUSTRIES LTD,339.85,341.30,333.05,333.40,333.55,339.35,,333.39,,,756641,253778969.20,17477,F1,1,,,,,
2026-10-07,2026-10-07,CM,NSE,STK,15266,INE576I01022,JKIL,EQ,,,,,JKUMAR INFR.LTD.,448.90,449.95,440.40,442.20,440.50,448.30,,442.20,,,112056,49701829.30,2931,F1,1,,,,,
2026-10-07,2026-10-07,CM,NSE,STK,13637,INE780C01023,JMFINANCIL,EQ,,,,,JM FINANCIAL LIMITED,123.68,125.34,122.80,124.92,124.91,124.00,,124.92,,,1531478,190424118.01,24258,F1,1,,,,,
2026-10-07,2026-10-07,CM,NSE,STK,23621,INE0OAF01028,JNKINDIA,EQ,,,,,JNK INDIA LIMITED,444.15,452.45,435.00,444.75,441.25,440.95,,444.63,,,138580,61728742.15,7683,F1,1,,,,,
2026-10-07,2026-10-07,CM,NSE,STK,16927,INE839G01010,JOCIL,EQ,,,,,JOCIL LIMITED,149.19,155.00,146.40,149.04,149.00,148.47,,149.04,,,2527,375872.91,55,F1,1,,,,,
2026-10-07,2026-10-07,CM,NSE,STK,762623,INE515A01019,COCKERILL,EQ,,,,,JOHN COCKERILL INDIA LTD.,7978.50,7990.00,7780.00,7856.00,7825.00,7978.50,,7856.11,,,4026,31607151.00,1138,F1,1,,,,,
2026-10-07,2026-10-07,CM,NSE,STK,758460,INE718I01012,JSWCEMENT,EQ,,,,,JSW CEMENT LIMITED,115.77,116.40,110.81,112.14,111.80,113.20,,112.14,,,4530075,509148060.73,64864,F1,1,,,,,
2026-10-07,2026-10-07,CM,NSE,STK,1467,INE133A01011,JSWDULUX,EQ,,,,,JSW DULUX LIMITED,3025.00,3101.40,2993.20,3028.10,3035.00,3004.80,,3028.15,,,29702,90320322.30,7747,F1,1,,,,,
2026-10-07,2026-10-07,CM,NSE,STK,17869,INE121E01018,JSWENERGY,EQ,,,,,JSW ENERGY LIMITED,494.90,494.90,481.45,485.45,485.45,494.90,,485.44,,,2337109,1139704867.35,37982,F1,1,,,,,
2026-10-07,2026-10-07,CM,NSE,STK,11880,INE824G01012,JSWHL,EQ,,,,,JSW HOLDINGS LIMITED,11403.00,11403.00,11216.00,11272.00,11252.00,11313.00,,11271.50,,,1285,14505143.00,669,F1,1,,,,,
2026-10-07,2026-10-07,CM,NSE,STK,19020,INE880J01026,JSWINFRA,EQ,,,,,JSW INFRASTRUCTURE LTD,355.00,365.75,351.05,353.90,354.05,363.05,,353.88,,,4533527,1621820318.60,58186,F1,1,,,,,
2026-10-07,2026-10-07,CM,NSE,STK,11723,INE019A01038,JSWSTEEL,EQ,,,,,JSW STEEL LIMITED,1249.00,1253.00,1225.90,1230.00,1230.00,1259.60,,1229.99,,,1830488,2254968188.70,85526,F1,1,,,,,
2026-10-07,2026-10-07,CM,NSE,STK,3237,INE643A01035,JTEKTINDIA,EQ,,,,,JTEKT INDIA LIMITED,115.90,115.90,114.00,114.46,114.30,115.38,,114.46,,,53296,6113648.55,825,F1,1,,,,,
2026-10-07,2026-10-07,CM,NSE,STK,7287,INE391J01032,JTLIND,EQ,,,,,JTL INDUSTRIES LIMITED,84.60,90.00,82.03,88.20,89.00,84.53,,88.17,,,7721553,664191653.47,43775,F1,1,,,,,
2026-10-07,2026-10-07,CM,NSE,STK,29590,INE03CC01015,JUBLCPL,EQ,,,,,JUBILANT AGRI N CON PRO L,1966.00,2042.80,1966.00,1988.00,1981.50,2003.50,,1988.06,,,3874,7744153.40,783,F1,1,,,,,
2026-10-07,2026-10-07,CM,NSE,STK,18096,INE797F01020,JUBLFOOD,EQ,,,,,JUBILANT FOODWORKS LTD,455.55,467.00,455.55,460.60,460.60,449.75,,460.59,,,2597754,1201209024.75,37387,F1,1,,,,,
2026-10-07,2026-10-07,CM,NSE,STK,2783,INE0BY001018,JUBLINGREA,EQ,,,,,JUBILANT INGREVIA LIMITED,638.60,647.10,627.00,642.55,637.00,644.25,,642.53,,,322660,205541096.30,20153,F1,1,,,,,
2026-10-07,2026-10-07,CM,NSE,STK,3637,INE700A01033,JUBLPHARMA,EQ,,,,,JUBILANT PHARMOVA LTD,991.20,993.80,971.00,974.60,975.00,989.20,,974.60,,,69406,67931500.30,11826,F1,1,,,,,
2026-10-07,2026-10-07,CM,NSE,STK,7109,INE412C01023,JMA,EQ,,,,,JULLUNDUR MOT AGENCY LTD,88.40,89.50,87.01,88.69,89.00,86.92,,88.69,,,12195,1080426.20,228,F1,1,,,,,
2026-10-07,2026-10-07,CM,NSE,STK,764408,INE05C901015,JNPR,EQ,,,,,JUNIPER GREEN ENERGY LTD,281.10,283.00,275.75,280.65,280.70,280.60,,280.66,,,822016,230363355.80,22969,F1,1,,,,,
2026-10-07,2026-10-07,CM,NSE,STK,22824,INE696F01016,JUNIPER,EQ,,,,,JUNIPER HOTELS LIMITED,222.00,223.65,215.21,216.34,217.45,218.36,,216.34,,,62425,13618784.64,1435,F1,1,,,,,
2026-10-07,2026-10-07,CM,NSE,STK,18553,INE682M01020,JLHL,EQ,,,,,JUPITER LIFE LINE HOSP L,255.10,255.90,248.50,250.00,248.55,253.85,,250.02,,,70500,17743021.25,5195,F1,1,,,,,
2026-10-07,2026-10-07,CM,NSE,STK,20224,INE209L01016,JWL,EQ,,,,,JUPITER WAGONS LIMITED,223.67,226.90,221.80,223.56,223.00,224.64,,223.55,,,478354,107184965.91,11226,F1,1,,,,,
2026-10-07,2026-10-07,CM,NSE,STK,29962,INE599M01018,JUSTDIAL,EQ,,,,,JUSTDIAL LTD.,657.00,664.45,653.00,657.40,656.60,658.95,,657.41,,,50927,33490963.35,3179,F1,1,,,,,
2026-10-07,2026-10-07,CM,NSE,STK,15146,INE668F01031,JYOTHYLAB,EQ,,,,,JYOTHY LABS LIMITED,185.00,193.95,182.59,191.44,191.00,183.32,,191.40,,,808049,152825717.80,19489,F1,1,,,,,
2026-10-07,2026-10-07,CM,NSE,STK,21334,INE980O01024,JYOTICNC,EQ,,,,,JYOTI CNC AUTOMATION LTD,1075.00,1081.00,1056.00,1071.00,1071.00,1073.10,,1070.99,,,699558,749054615.00,30557,F1,1,,,,,
2026-10-07,2026-10-07,CM,NSE,STK,758221,INE1M3T01017,JYOTIGLOBL,SM,,,,,JYOTI GLOBAL PLAST LTD,44.00,44.70,43.00,43.85,44.70,44.20,,43.85,,,16000,700200.00,7,F1,2000,,,,,
2026-10-07,2026-10-07,CM,NSE,STK,764733,INE577D01013,JYOTIRES,EQ,,,,,JYOTI RESINS & ADHESIVE L,849.60,850.00,833.35,842.95,848.00,849.60,,843.26,,,5832,4936028.70,662,F1,1,,,,,
2026-10-07,2026-10-07,CM,NSE,STK,1802,INE197A01024,JYOTISTRUC,EQ,,,,,JYOTI STRUCTURES LTD,8.96,9.26,8.80,9.03,9.06,8.94,,9.02,,,2917830,26043884.49,2872,F1,1,,,,,
2026-10-07,2026-10-07,CM,NSE,STK,764743,INE533C01018,KJMCFIN,EQ,,,,,K J M C FINANCIAL SERV L,58.30,61.97,58.30,58.45,58.50,59.03,,58.45,,,132,7763.93,6,F1,1,,,,,
2026-10-07,2026-10-07,CM,NSE,STK,764748,INE879K01018,KMCSHIL,EQ,,,,,K M C SPECIALITY HOSP I L,172.50,185.18,170.36,183.22,183.15,170.36,,183.23,,,1362750,247058994.65,22886,F1,1,,,,,
2026-10-07,2026-10-07,CM,NSE,STK,14671,INE157H01023,KMSUGAR,BE,,,,,K M SUGAR MILLS LTD,26.85,26.85,25.70,26.17,26.40,26.53,,26.17,,,106338,2784530.94,418,F1,1,,,,,
2026-10-07,2026-10-07,CM,NSE,STK,27079,INE127T01021,KPEL,EQ,,,,,K.P. ENERGY LIMITED,215.51,216.53,212.00,212.89,212.30,215.47,,212.90,,,125317,26750646.75,3609,F1,1,,,,,
2026-10-07,2026-10-07,CM,NSE,STK,23459,INE0DEZ01013,K2INFRA,SM,,,,,K2 INFRAGEN LIMITED,40.60,40.60,39.10,39.10,39.10,40.10,,39.10,,,15000,595920.00,25,F1,600,,,,,
2026-10-07,2026-10-07,CM,NSE,STK,29192,INE0XOW01017,KKJEWELS,SM,,,,,KABRA JEWELS LIMITED,99.80,99.80,95.70,96.10,96.10,99.90,,96.10,,,7000,676100.00,7,F1,1000,,,,,
2026-10-07,2026-10-07,CM,NSE,STK,8784,INE900B01029,KABRAEXTRU,BE,,,,,KABRAEXTRUSION,817.60,845.00,800.00,805.90,808.55,815.70,,806.44,,,49892,41021882.15,1032,F1,1,,,,,
2026-10-07,2026-10-07,CM,NSE,STK,1808,INE217B01036,KAJARIACER,EQ,,,,,KAJARIA CERAMICS LTD,1217.70,1254.50,1201.20,1226.20,1230.00,1213.80,,1226.22,,,238403,294015891.50,20361,F1,1,,,,,
2026-10-07,2026-10-07,CM,NSE,STK,1811,INE437B01014,KAKATCEM,EQ,,,,,KAKATIYA CEM SUGAR &IND L,105.44,107.30,104.45,105.95,107.10,105.44,,105.33,,,1531,161917.63,52,F1,1,,,,,
2026-10-07,2026-10-07,CM,NSE,STK,25443,INE0T0L01014,KALANA,SM,,,,,KALANA ISPAT LIMITED,17.60,17.60,17.60,17.60,17.60,17.95,,17.60,,,2000,35200.00,1,F1,2000,,,,,
2026-10-07,2026-10-07,CM,NSE,STK,758558,INE227J01012,KALPATARU,EQ,,,,,KALPATARU LIMITED,270.00,270.00,264.40,267.30,269.20,269.80,,267.30,,,25781,6890825.10,812,F1,1,,,,,
2026-10-07,2026-10-07,CM,NSE,STK,1814,INE220B01022,KPIL,EQ,,,,,KALPATARU PROJECT INT LTD,1456.90,1468.70,1431.60,1458.40,1454.10,1451.50,,1458.23,,,171837,249461721.70,18753,F1,1,,,,,
2026-10-07,2026-10-07,CM,NSE,STK,2955,INE303R01014,KALYANKJIL,EQ,,,,,KALYAN JEWELLERS IND LTD,547.40,581.20,542.55,569.00,569.00,548.15,,569.00,,,18559247,10538872077.55,174682,F1,1,,,,,
2026-10-07,2026-10-07,CM,NSE,STK,15160,INE314G01014,KALYANIFRG,BE,,,,,KALYANI FORGE LIMITED,909.95,932.00,893.10,914.80,907.00,905.00,,911.29,,,635,577911.65,65,F1,1,,,,,
2026-10-07,2026-10-07,CM,NSE,STK,21119,INE029L01018,KICL,EQ,,,,,KALYANI INVEST CO LTD,4810.00,4932.30,4810.00,4881.90,4893.00,4808.30,,4881.90,,,1534,7478843.40,324,F1,1,,,,,
2026-10-07,2026-10-07,CM,NSE,STK,18889,INE907A01026,KSL,EQ,,,,,KALYANI STEELS LIMITED,938.00,942.00,924.00,932.65,934.00,942.80,,932.15,,,40147,37488002.65,3268,F1,1,,,,,
2026-10-07,2026-10-07,CM,NSE,STK,762732,INE411F01010,KAMAHOLD,EQ,,,,,KAMA HOLDINGS LTD.,2231.50,2255.90,2230.00,2236.20,2255.00,2253.30,,2236.20,,,299,670738.00,86,F1,1,,,,,
2026-10-07,2026-10-07,CM,NSE,STK,764738,INE344D01018,KAMANWALA,EQ,,,,,KAMANWALA HOUSING CONST L,17.00,17.00,17.00,17.00,17.00,17.40,,16.58,,,2,34.00,2,F1,1,,,,,
2026-10-07,2026-10-07,CM,NSE,STK,1826,INE967C01018,KAMATHOTEL,EQ,,,,,KAMAT HOTELS (I) LTD,263.40,266.39,256.44,262.89,262.00,258.82,,262.90,,,124340,32665297.53,3797,F1,1,,,,,
2026-10-07,2026-10-07,CM,NSE,STK,13457,INE390H01020,KAMDHENU,EQ,,,,,KAMDHENU LIMITED,37.42,39.50,37.13,38.08,38.48,37.31,,38.09,,,1810766,69689043.87,8312,F1,1,,,,,
2026-10-07,2026-10-07,CM,NSE,STK,13814,INE0BTI01037,KAMOPAINTS,EQ,,,,,KAMDHENU VENTURES LIMITED,4.17,4.17,4.06,4.07,4.09,4.11,,4.07,,,107923,441915.51,485,F1,1,,,,,
2026-10-07,2026-10-07,CM,NSE,STK,25786,INE879E01037,KANANIIND,EQ,,,,,KANANI INDUSTRIES LTD,1.35,1.36,1.32,1.33,1.32,1.35,,1.33,,,74612,99632.80,319,F1,1,,,,,
2026-10-07,2026-10-07,CM,NSE,STK,762737,INE081G01019,KANCHI,EQ,,,,,KANCHI KARPOORAM LTD.,379.50,380.00,372.00,378.15,380.00,371.65,,377.38,,,621,234871.55,48,F1,1,,,,,
2026-10-07,2026-10-07,CM,NSE,STK,765090,INE398L01017,KANCOTEA,EQ,,,,,KANCO TEA & INDS. LTD.,52.99,52.99,50.99,52.55,52.55,50.47,,52.28,,,252,12853.04,7,F1,1,,,,,
2026-10-07,2026-10-07,CM,NSE,STK,11208,INE0MOT01016,KANDARP,SM,,,,,KANDARP DG SMART BPO LTD,60.80,61.00,59.95,61.00,61.00,59.00,,61.00,,,23000,1394650.00,10,F1,1000,,,,,
2026-10-07,2026-10-07,CM,NSE,STK,766021,INE877D01025,KANOHAR,EQ,,,,,KANOHAR ELECTRICALS LTD,1030.00,1131.00,1011.20,1091.05,1074.40,942.50,,1090.98,,,18502805,19989658166.40,543974,F1,1,,,,,
2026-10-07,2026-10-07,CM,NSE,STK,9805,INE138C01024,KANORICHEM,BE,,,,,KANORIACHEMICALS-,180.00,184.95,175.00,180.75,183.70,182.10,,180.76,,,17869,3213383.86,267,F1,1,,,,,
2026-10-07,2026-10-07,CM,NSE,STK,1782,INE694E01014,KANPRPLA,EQ,,,,,KANPUR PLASTIPACK LIMITED,250.90,257.00,245.25,250.96,254.72,250.90,,251.57,,,8703,2189111.22,466,F1,1,,,,,
2026-10-07,2026-10-07,CM,NSE,STK,1196,INE531A01024,KANSAINER,EQ,,,,,KANSAI NEROLAC PAINTS LTD,183.11,194.49,180.63,192.40,194.00,184.00,,192.39,,,1839514,344243234.22,37617,F1,1,,,,,
2026-10-07,2026-10-07,CM,NSE,STK,18967,INE542Z01028,KAPSTON,EQ,,,,,KAPSTON SERVICES LIMITED,550.00,550.00,543.00,545.45,547.40,547.25,,545.45,,,29326,15996646.50,1169,F1,1,,,,,
2026-10-07,2026-10-07,CM,NSE,STK,766056,INE590T01012,KARAMTARA,EQ,,,,,KARAMTARA ENGINEERING L,443.00,443.00,412.40,416.65,414.05,438.80,,416.60,,,3685569,1573398620.95,80718,F1,1,,,,,
2026-10-07,2026-10-07,CM,NSE,STK,24385,INE725L01011,KARMAENG,EQ,,,,,KARMA ENERGY LIMITED,37.00,37.00,34.60,34.86,34.91,36.28,,34.87,,,10214,359578.71,288,F1,1,,,,,
2026-10-07,2026-10-07,CM,NSE,STK,8054,INE614B01018,KTKBANK,EQ,,,,,KARNATAKA BANK LIMITED,323.90,329.30,317.90,326.45,326.65,324.25,,326.45,,,1917889,623764061.95,40762,F1,1,,,,,
2026-10-07,2026-10-07,CM,NSE,STK,19465,INE0MGA01012,KARNIKA,SM,,,,,KARNIKA INDUSTRIES LTD,119.10,122.45,119.10,120.20,120.15,120.95,,120.20,,,24000,2886150.00,18,F1,1000,,,,,
2026-10-07,2026-10-07,CM,NSE,STK,1838,INE036D01028,KARURVYSYA,EQ,,,,,KARUR VYSYA BANK LTD,326.10,331.55,320.70,330.10,330.55,325.20,,330.11,,,2515356,823749970.50,62531,F1,1,,,,,
2026-10-07,2026-10-07,CM,NSE,STK,24531,INE0SVY01018,KATARIA,ST,,,,,KATARIA INDUSTRIES LTD,164.25,165.00,163.00,163.80,163.80,162.60,,163.80,,,12600,2069730.00,21,F1,600,,,,,
2026-10-07,2026-10-07,CM,NSE,STK,15140,INE234I01028,KAUSHALYA,BE,,,,,KAUSHALYA INFRA DEV LTD.,823.00,823.00,806.10,820.15,820.15,822.70,,838.08,,,56,45354.20,15,F1,1,,,,,
2026-10-07,2026-10-07,CM,NSE,STK,21189,INE0Q2V01012,KLL,ST,,,,,KAUSHALYA LOGISTICS LTD,41.00,42.90,41.00,42.30,42.85,40.90,,42.30,,,25600,1085280.00,28,F1,800,,,,,
2026-10-07,2026-10-07,CM,NSE,STK,14972,INE455I01029,KSCL,EQ,,,,,KAVERI SEED CO. LTD.,717.55,722.75,705.65,710.75,712.00,717.45,,710.74,,,87226,62035741.95,4788,F1,1,,,,,
2026-10-07,2026-10-07,CM,NSE,STK,15248,INE641C01019,KAVDEFENCE,BE,,,,,KAVVERI DFS & WIR TEC LTD,88.90,89.82,85.55,89.54,89.82,85.55,,89.52,,,421382,37626670.19,2044,F1,1,,,,,
2026-10-07,2026-10-07,CM,NSE,STK,21173,INE0RCG01017,KCEIL,SM,,,,,KAY CEE ENERGY & INFRA L,78.00,78.00,75.25,76.65,77.00,77.25,,76.65,,,37500,2861075.00,56,F1,500,,,,,
2026-10-07,2026-10-07,CM,NSE,STK,10282,INE587G01015,KAYA,BE,,,,,KAYA LIMITED,307.05,311.00,296.15,310.00,310.00,305.55,,310.00,,,32353,9915448.75,75,F1,1,,,,,
2026-10-07,2026-10-07,CM,NSE,STK,12092,INE918Z01012,KAYNES,EQ,,,,,KAYNES TECHNOLOGY IND LTD,3403.90,3429.00,3361.00,3365.00,3365.00,3405.00,,3365.00,,,692436,2347515786.60,45542,F1,1,,,,,
2026-10-07,2026-10-07,CM,NSE,STK,10296,INE0J1E01027,KCK,ST,,,,,KCK INDUSTRIES LTD,15.20,15.45,15.00,15.45,15.45,15.00,,15.45,,,112500,1723375.00,23,F1,2500,,,,,
2026-10-07,2026-10-07,CM,NSE,STK,1841,INE805C01028,KCP,EQ,,,,,KCP LTD,155.00,155.87,152.75,154.33,154.00,154.41,,154.33,,,189686,29174363.91,1951,F1,1,,,,,
2026-10-07,2026-10-07,CM,NSE,STK,8849,INE790B01024,KCPSUGIND,BE,,,,,KCPSUGARINDUS,24.49,25.00,24.02,24.18,24.47,24.43,,24.20,,,263401,6504299.79,625,F1,1,,,,,
2026-10-07,2026-10-07,CM,NSE,STK,765105,INE348N01042,KDGREEN,EQ,,,,,KD GREEN INDUSTRIES LTD,52.99,52.99,48.50,48.53,48.50,49.19,,48.54,,,35828,1757456.52,420,F1,1,,,,,
2026-10-07,2026-10-07,CM,NSE,STK,14908,INE291D01011,KDDL,EQ,,,,,KDDL LIMITED,3965.00,4055.80,3965.00,3997.20,3985.70,3999.90,,3997.35,,,18883,75666585.30,5028,F1,1,,,,,
2026-10-07,2026-10-07,CM,NSE,STK,13260,INE389H01022,KEC,EQ,,,,,KEC INTL. LIMITED,375.00,375.15,362.00,362.50,363.00,374.90,,362.49,,,1716962,627327940.25,40043,F1,1,,,,,
2026-10-07,2026-10-07,CM,NSE,STK,13310,INE878B01027,KEI,EQ,,,,,KEI INDUSTRIES LTD.,4560.20,4688.90,4495.00,4677.70,4677.70,4557.40,,4674.71,,,220874,1019208180.80,22931,F1,1,,,,,
2026-10-07,2026-10-07,CM,NSE,STK,13430,INE164B01030,KELLTONTEC,EQ,,,,,KELLTON TECH SOL LTD,12.25,12.42,12.12,12.15,12.13,12.41,,12.15,,,960616,11747455.62,2817,F1,1,,,,,
2026-10-07,2026-10-07,CM,NSE,STK,29547,INE15DO01012,KEN,SM,,,,,KEN ENTERPRISES LIMITED,42.85,42.85,40.00,42.10,42.10,42.85,,42.10,,,10800,444960.00,9,F1,1200,,,,,
2026-10-07,2026-10-07,CM,NSE,STK,11841,INE717A01029,KENNAMET,EQ,,,,,KENNAMETAL INDIA LIMITED,4243.30,4301.80,4168.90,4180.90,4174.90,4268.60,,4180.79,,,11863,49918034.10,3901,F1,1,,,,,
2026-10-07,2026-10-07,CM,NSE,STK,13121,INE202H01019,KERNEX,EQ,,,,,KERNEX MICROSYS(I) LTD,1754.90,1779.50,1702.10,1767.50,1777.00,1749.70,,1767.66,,,149534,260986407.60,14097,F1,1,,,,,
2026-10-07,2026-10-07,CM,NSE,STK,1859,INE087A01019,KESORAMIND,EQ,,,,,KESORAM INDUSTRIES LTD,11.10,11.15,10.75,10.81,10.80,10.76,,10.81,,,445320,4858785.08,1347,F1,1,,,,,
2026-10-07,2026-10-07,CM,NSE,STK,13381,INE401H01017,KKCL,EQ,,,,,KEWAL KIRAN CLOTHING LTD,474.60,481.45,472.00,475.55,478.10,474.55,,475.49,,,31242,14900159.35,1483,F1,1,,,,,
2026-10-07,2026-10-07,CM,NSE,STK,4157,INE681C01015,KEYFINSERV,EQ,,,,,KEYNOTE FIN SERV LTD.,254.95,254.95,238.66,240.00,240.00,241.53,,240.00,,,1376,338442.05,59,F1,1,,,,,
2026-10-07,2026-10-07,CM,NSE,STK,12219,INE263M01029,RUSTOMJEE,EQ,,,,,KEYSTONE REALTORS LIMITED,370.40,382.00,360.00,379.30,380.00,368.55,,379.30,,,77255,29020163.20,2330,F1,1,,,,,
2026-10-07,2026-10-07,CM,NSE,STK,13359,INE138Y01010,KFINTECH,EQ,,,,,KFIN TECHNOLOGIES LIMITED,860.00,871.70,858.00,858.00,858.00,863.80,,858.01,,,388798,336196201.90,35067,F1,1,,,,,
2026-10-07,2026-10-07,CM,NSE,STK,433,INE834I01025,KHADIM,BE,,,,,KHADIM INDIA LIMITED,114.13,115.20,114.13,115.20,115.20,114.70,,114.60,,,2012,231487.62,28,F1,1,,,,,
2026-10-07,2026-10-07,CM,NSE,STK,3912,INE731C01018,KHAITANLTD,EQ,,,,,KHAITAN (INDIA)LTD.,142.01,159.00,141.61,150.76,151.51,145.60,,150.83,,,9188,1371879.33,268,F1,1,,,,,
2026-10-07,2026-10-07,CM,NSE,STK,896,INE745B01028,KHAICHEM,EQ,,,,,KHAITAN CHEM & FERT LTD,49.00,49.59,48.11,48.82,48.65,48.73,,48.82,,,88182,4307429.93,1274,F1,1,,,,,
2026-10-07,2026-10-07,CM,NSE,STK,9641,INE060B01014,KHANDSE,EQ,,,,,KHANDWALA SECURITIES LTD,17.19,17.20,16.50,17.16,17.16,16.97,,17.33,,,194,3243.66,24,F1,1,,,,,
2026-10-07,2026-10-07,CM,NSE,STK,766214,INE0HOL01013,KHERIAAUTO,ST,,,,,KHERIA AUTOCOMP LIMITED,92.00,93.90,89.50,92.15,92.15,89.45,,92.15,,,48000,4426560.00,38,F1,1200,,,,,
2026-10-07,2026-10-07,CM,NSE,STK,762747,INE338F01015,KLBRENG-B,EQ,,,,,KILBURN ENGINEERING LTD.,533.00,538.85,514.05,524.35,523.90,528.40,,524.35,,,179670,95259852.20,7662,F1,1,,,,,
2026-10-07,2026-10-07,CM,NSE,STK,19937,INE729D01010,KILITCH,EQ,,,,,KILITCH DRUGS INDIA LTD,260.70,267.90,254.60,256.25,255.60,260.70,,256.24,,,180989,47191734.82,5026,F1,1,,,,,
2026-10-07,2026-10-07,CM,NSE,STK,18944,INE473D01015,KINGFA,EQ,,,,,KINGFA SCI & TEC IND LTD.,6932.00,6979.00,6760.00,6932.50,6979.00,6932.00,,6932.45,,,9197,63063624.50,3109,F1,1,,,,,
2026-10-07,2026-10-07,CM,NSE,STK,19126,INE880L01014,KIOCL,EQ,,,,,KIOCL LIMITED,339.30,354.00,337.80,349.35,351.00,344.60,,349.31,,,127933,44401068.50,6534,F1,1,,,,,
2026-10-07,2026-10-07,CM,NSE,STK,762742,INE555P01013,KIRANVYPAR,EQ,,,,,KIRAN VYAPAR LTD.,177.00,212.46,169.96,191.35,212.46,177.05,,191.20,,,22423,4264373.20,544,F1,1,,,,,
2026-10-07,2026-10-07,CM,NSE,STK,16639,INE415I01015,KIRIINDUS,EQ,,,,,KIRI INDUSTRIES LIMITED,561.70,565.90,553.70,556.25,555.35,564.10,,556.25,,,361713,202100696.45,13536,F1,1,,,,,
2026-10-07,2026-10-07,CM,NSE,STK,18581,INE732A01036,KIRLOSBROS,EQ,,,,,KIRLOSKAR BROTHERS LTD,1733.50,1744.70,1710.00,1712.80,1711.30,1745.30,,1712.88,,,43337,74574132.70,7443,F1,1,,,,,
2026-10-07,2026-10-07,CM,NSE,STK,18220,INE134B01017,KECL,EQ,,,,,KIRLOSKAR ELECTRIC CO LTD,125.41,131.50,125.41,129.04,129.50,128.11,,129.04,,,272071,35009101.90,4439,F1,1,,,,,
2026-10-07,2026-10-07,CM,NSE,STK,14466,INE884B01025,KIRLFER,EQ,,,,,KIRLOSKAR FERROUS IND LTD,472.90,478.00,467.85,473.80,475.35,472.75,,473.76,,,69152,32741283.10,3875,F1,1,,,,,
2026-10-07,2026-10-07,CM,NSE,STK,19025,INE250A01039,KIRLOSIND,EQ,,,,,KIRLOSKAR INDUSTRIES LTD,3541.40,3579.60,3520.20,3531.20,3521.00,3542.50,,3531.14,,,4656,16509348.30,1069,F1,1,,,,,
2026-10-07,2026-10-07,CM,NSE,STK,20936,INE146L01010,KIRLOSENG,EQ,,,,,KIRLOSKAR OIL ENG LTD,2270.00,2290.50,2206.10,2230.80,2230.00,2266.10,,2230.77,,,364515,814889104.60,34531,F1,1,,,,,
2026-10-07,2026-10-07,CM,NSE,STK,15180,INE811A01038,KIRLPNU,EQ,,,,,KIRLOSKAR PNEUMATIC COM L,713.40,718.95,691.75,696.15,695.00,710.85,,696.13,,,120760,84855538.50,10633,F1,1,,,,,
2026-10-07,2026-10-07,CM,NSE,STK,28899,INE602G01020,KITEX,EQ,,,,,KITEX GARMENTS LTD,118.90,120.98,116.66,116.93,117.00,118.96,,116.94,,,210532,24777919.07,3717,F1,1,,,,,
2026-10-07,2026-10-07,CM,NSE,STK,760923,INE0KNW01016,KNAGRI,EQ,,,,,KN AGRI RESOURCES LIMITED,204.98,208.00,201.41,205.90,206.00,205.00,,205.90,,,6941,1427378.11,198,F1,1,,,,,
2026-10-07,2026-10-07,CM,NSE,STK,763839,INE17QZ01016,KNACK,EQ,,,,,KNACK PACKAGING LIMITED,198.98,214.80,197.10,211.86,212.60,197.34,,211.86,,,4515449,939468570.45,52425,F1,1,,,,,
2026-10-07,2026-10-07,CM,NSE,STK,27084,INE0CJD01029,KMEW,EQ,,,,,KNOWLEDGE MARINE & EN W L,3210.30,3268.50,3178.00,3214.00,3215.00,3202.30,,3213.78,,,92519,297505854.20,16324,F1,1,,,,,
2026-10-07,2026-10-07,CM,NSE,STK,758431,INE1JAR25012,KRT,RR,,,,,KNOWLEDGE REALTY TRUST,112.40,112.70,111.90,112.24,112.17,112.40,,112.24,,,1224978,137521317.77,3509,F1,1,,,,,
2026-10-07,2026-10-07,CM,NSE,STK,15283,INE634I01029,KNRCON,EQ,,,,,KNR CONSTRU LTD.,115.33,116.50,114.00,115.72,115.45,115.65,,115.73,,,489996,56415601.75,5144,F1,1,,,,,
2026-10-07,2026-10-07,CM,NSE,STK,18754,INE0Q7P01013,KODYTECH,ST,,,,,KODY TECHNOLAB LIMITED,1560.00,1560.00,1521.00,1533.45,1521.00,1556.55,,1533.45,,,10600,16439570.00,54,F1,100,,,,,
2026-10-07,2026-10-07,CM,NSE,STK,3009,INE080B01012,KOHINOOR,EQ,,,,,KOHINOOR FOODS LIMITED,29.29,29.65,28.55,29.42,29.56,28.89,,29.44,,,104662,3051903.44,2550,F1,1,,,,,
2026-10-07,2026-10-07,CM,NSE,STK,16827,INE760A01029,KOKUYOCMLN,EQ,,,,,KOKUYO CAMLIN LIMITED,76.40,76.40,72.10,73.00,73.22,74.57,,73.00,,,68227,4980565.73,740,F1,1,,,,,
2026-10-07,2026-10-07,CM,NSE,STK,15124,INE094I01018,KOLTEPATIL,EQ,,,,,KOLTE PATIL DEV. LTD.,434.55,438.00,427.00,435.90,437.25,433.55,,435.83,,,33290,14379019.10,2086,F1,1,,,,,
2026-10-07,2026-10-07,CM,NSE,STK,22475,INE0QEI01011,KONSTELEC,ST,,,,,KONSTELEC ENGINEERS LTD,52.50,52.50,48.70,48.70,48.70,50.00,,48.70,,,11000,554200.00,7,F1,1000,,,,,
2026-10-07,2026-10-07,CM,NSE,STK,1919,INE082A01010,KOPRAN,EQ,,,,,KOPRAN LTD,269.60,279.50,267.05,276.50,276.80,269.60,,276.50,,,300819,82798168.35,6512,F1,1,,,,,
2026-10-07,2026-10-07,CM,NSE,STK,16758,INE0O4R01018,KDL,SM,,,,,KORE DIGITAL LIMITED,40.55,40.55,40.55,40.55,40.55,42.65,,40.55,,,2700,109485.00,16,F1,150,,,,,
2026-10-07,2026-10-07,CM,NSE,STK,14858,INF174KA1HJ8,GOLD1,EQ,,,,,KOTAK GOLD ETF,122.24,122.70,122.24,122.30,122.27,122.72,,122.30,,,1190007,145615594.83,6342,F1,1,,,,,
2026-10-07,2026-10-07,CM,NSE,STK,1922,INE237A01036,KOTAKBANK,EQ,,,,,KOTAK MAHINDRA BANK LTD,432.05,441.50,429.00,440.00,440.00,431.90,,440.00,,,37972097,16664569433.65,264248,F1,1,,,,,
2026-10-07,2026-10-07,CM,NSE,STK,18102,INF174K014P6,NIFTY1,EQ,,,,,KOTAK NIFTY ETF,252.01,252.72,250.01,251.29,250.95,252.54,,251.29,,,275401,69434853.07,1301,F1,1,,,,,
2026-10-07,2026-10-07,CM,NSE,STK,15061,INF174KA1A86,PSUBANK,EQ,,,,,KOTAK PSU BANK,82.09,82.09,79.32,80.92,81.30,80.09,,80.90,,,2565596,207004989.08,982,F1,1,,,,,
2026-10-07,2026-10-07,CM,NSE,STK,759885,INF174KA1XV0,CHEMICAL,EQ,,,,,KOTAKMAMC - CHEMICAL,28.65,29.05,28.30,28.36,28.31,28.63,,28.36,,,280795,7984252.97,1141,F1,1,,,,,
2026-10-07,2026-10-07,CM,NSE,STK,7412,INF174KA1IA5,ALPHA,EQ,,,,,KOTAKMAMC - KOTAKALPHA,52.78,53.00,52.25,52.84,52.91,52.70,,52.84,,,1387540,73220135.21,11774,F1,1,,,,,
2026-10-07,2026-10-07,CM,NSE,STK,10512,INF174KA1ZF8,CONS,EQ,,,,,KOTAKMAMC - KOTAKCONS,11.33,11.37,11.28,11.29,11.33,11.40,,11.29,,,101242,1144243.62,185,F1,1,,,,,
2026-10-07,2026-10-07,CM,NSE,STK,2627,INF174KA1GC5,IT,EQ,,,,,KOTAKMAMC - KOTAKIT,30.41,31.25,30.33,30.74,31.01,31.19,,30.74,,,185562,5740168.27,952,F1,1,,,,,
2026-10-07,2026-10-07,CM,NSE,STK,13950,INF174KA1LV5,LIQUID1,EQ,,,,,KOTAKMAMC - KOTAKLIQ,1115.35,1128.00,1115.35,1125.82,1125.82,1125.67,,1125.82,,,672408,757007458.83,1198,F1,1,,,,,
2026-10-07,2026-10-07,CM,NSE,STK,8632,INF174KA1IY5,LOWVOL1,EQ,,,,,KOTAKMAMC - KOTAKLOVOL,19.85,19.85,19.54,19.57,19.57,19.85,,19.57,,,169816,3338267.48,12874,F1,1,,,,,
2026-10-07,2026-10-07,CM,NSE,STK,8077,INF174KA1ZC5,MIDCAP,EQ,,,,,KOTAKMAMC - KOTAKMID50,16.98,17.62,16.82,17.32,17.45,17.42,,17.32,,,481540,8366878.51,1268,F1,1,,,,,
2026-10-07,2026-10-07,CM,NSE,STK,10676,INF174KA1JF2,MNC,EQ,,,,,KOTAKMAMC - KOTAKMNC,32.26,32.26,31.02,31.16,31.18,31.48,,31.16,,,51266,1598705.75,495,F1,1,,,,,
2026-10-07,2026-10-07,CM,NSE,STK,13082,INF174KA1ZD3,SILVER1,EQ,,,,,KOTAKMAMC - KOTAKSILVE,21.37,21.37,21.19,21.20,21.25,21.37,,21.20,,,3026025,64356161.21,3533,F1,1,,,,,
2026-10-07,2026-10-07,CM,NSE,STK,11457,INF174KA1ZE1,NV20,EQ,,,,,KOTAKMAMC - KTKNV20ETF,13.48,13.48,13.07,13.08,13.21,13.23,,13.08,,,103954,1366309.55,448,F1,1,,,,,
2026-10-07,2026-10-07,CM,NSE,STK,30469,INF174KA1VW2,MID150,EQ,,,,,KOTAKMAMC - MID150,22.00,22.77,22.00,22.26,22.22,22.31,,22.26,,,73710,1643001.55,304,F1,1,,,,,
2026-10-07,2026-10-07,CM,NSE,STK,759488,INF174KA1XS6,MOMENTUM30,EQ,,,,,KOTAKMAMC - MOMENTUM30,29.74,29.86,29.60,29.74,29.84,29.80,,29.74,,,6630,197301.20,88,F1,1,,,,,
2026-10-07,2026-10-07,CM,NSE,STK,29758,INF174KA1VD2,MSCIINDIA,EQ,,,,,KOTAKMAMC - MSCIINDIA,28.20,28.77,28.09,28.18,28.10,28.37,,28.18,,,13733,386872.81,180,F1,1,,,,,
2026-10-07,2026-10-07,CM,NSE,STK,760709,INF174KA1YO3,NEXT50ETF,EQ,,,,,KOTAKMAMC - NEXT50ETF,71.29,71.29,69.82,70.11,70.27,70.59,,70.11,,,7372,517200.97,200,F1,1,,,,,
2026-10-07,2026-10-07,CM,NSE,STK,29944,INF174KA1UW4,NIFTY100EW,EQ,,,,,KOTAKMAMC - NIFTY100EW,33.59,33.60,32.98,33.38,33.24,33.37,,33.38,,,75880,2515108.36,419,F1,1,,,,,
2026-10-07,2026-10-07,CM,NSE,STK,764195,INF174KA1A94,PVTBANK,EQ,,,,,KOTAKMAMC - PVTBANK,27.19,27.34,27.06,27.19,27.06,27.14,,27.19,,,33373,907146.92,50,F1,1,,,,,
2026-10-07,2026-10-07,CM,NSE,STK,757946,INF174KA1WT6,QUALITY30,EQ,,,,,KOTAKMAMC - QUALITY30,19.32,19.36,19.20,19.24,19.29,19.40,,19.24,,,53091,1022482.86,165,F1,1,,,,,
2026-10-07,2026-10-07,CM,NSE,STK,5851,INF174KA1ZB7,BANKNIFTY1,EQ,,,,,KOTAKMAMC-KOTAKBKETF,58.47,58.47,56.74,57.10,56.99,57.05,,57.10,,,1792830,102215242.70,1386,F1,1,,,,,
2026-10-07,2026-10-07,CM,NSE,STK,762752,INE972A01020,KOTIC,EQ,,,,,KOTHARI INDUSTRIAL CORP L,147.47,147.47,142.00,143.91,143.45,147.33,,143.97,,,38655,5590831.00,3065,F1,1,,,,,
2026-10-07,2026-10-07,CM,NSE,STK,4594,INE720A01015,KOTHARIPET,EQ,,,,,KOTHARI PETROCHEM LTD,128.13,129.00,125.44,126.56,127.75,127.53,,126.56,,,54672,6946406.14,1270,F1,1,,,,,
2026-10-07,2026-10-07,CM,NSE,STK,5528,INE823A01017,KOTHARIPRO,EQ,,,,,KOTHARI PRODUCTS LTD,64.64,65.81,63.50,65.08,65.00,64.64,,65.46,,,2939,189645.75,68,F1,1,,,,,
2026-10-07,2026-10-07,CM,NSE,STK,11648,INE419A01022,KOTARISUG,BE,,,,,KOTHARI SUG & CHEM LTD.,26.15,26.94,25.52,25.94,25.86,26.15,,25.94,,,18189,474259.45,188,F1,1,,,,,
2026-10-07,2026-10-07,CM,NSE,STK,761335,INE0J0B01017,KOTYARK,EQ,,,,,KOTYARK INDUSTRIES LTD,29.50,31.80,29.22,31.10,30.90,29.98,,31.14,,,539007,16342871.49,1669,F1,1,,,,,
2026-10-07,2026-10-07,CM,NSE,STK,5192,INE177F01017,KOVAI,EQ,,,,,KOVAI MEDICAL CENTER & HO,5976.00,5992.00,5902.00,5919.50,5902.50,5936.00,,5919.47,,,4156,24629268.00,785,F1,1,,,,,
2026-10-07,2026-10-07,CM,NSE,STK,5108,INE542W01025,KPIGREEN,EQ,,,,,KPI GREEN ENERGY LIMITED,325.70,341.50,320.00,334.45,334.70,326.80,,334.45,,,1691178,558997962.35,41034,F1,1,,,,,
2026-10-07,2026-10-07,CM,NSE,STK,9683,INE04I401011,KPITTECH,EQ,,,,,KPIT TECHNOLOGIES LIMITED,493.90,496.95,483.40,484.25,484.25,492.70,,484.29,,,1032082,503891940.25,23824,F1,1,,,,,
2026-10-07,2026-10-07,CM,NSE,STK,14912,INE930H01031,KPRMILL,EQ,,,,,KPR MILL LTD.,1101.00,1114.90,1088.60,1101.30,1101.30,1100.40,,1101.30,,,217508,239474414.70,17719,F1,1,,,,,
2026-10-07,2026-10-07,CM,NSE,STK,10577,INE001B01026,KRBL,EQ,,,,,KRBL LIMITED,389.15,400.00,385.00,398.20,397.95,389.15,,398.17,,,376596,148255820.80,13390,F1,1,,,,,
2026-10-07,2026-10-07,CM,NSE,STK,1937,INE268B01013,KREBSBIO,EQ,,,,,KREBS BIOCHEMICALS & IND,58.15,61.97,58.15,59.72,59.90,58.86,,59.74,,,30458,1841479.93,616,F1,1,,,,,
2026-10-07,2026-10-07,CM,NSE,STK,11480,INE524L01026,KRIDHANINF,EQ,,,,,KRIDHAN INFRA LIMITED,1.84,1.90,1.84,1.86,1.89,1.88,,1.86,,,8557,15933.10,30,F1,1,,,,,
2026-10-07,2026-10-07,CM,NSE,STK,12847,INE506W01020,KRISHANA,EQ,,,,,KRISHANA PHOSCHEM LIMITED,194.65,194.65,190.20,191.38,191.97,193.66,,191.38,,,413924,79608613.74,7512,F1,1,,,,,
2026-10-07,2026-10-07,CM,NSE,STK,16133,INE0NR701018,KRISHCA,SM,,,,,KRISHCA STRAPPING SLTN L,210.00,210.75,206.50,207.75,210.00,209.90,,207.75,,,5500,1148050.00,11,F1,500,,,,,
2026-10-07,2026-10-07,CM,NSE,STK,756782,INE0GGO01015,KRISHIVAL,EQ,,,,,KRISHIVAL FOODS LIMITED,405.05,406.00,393.00,397.40,393.00,404.45,,397.48,,,5354,2146966.75,273,F1,1,,,,,
2026-10-07,2026-10-07,CM,NSE,STK,761192,INE0J5601015,KRISHNADEF,EQ,,,,,KRISHNA DEF AND ALD IND L,1310.00,1310.00,1230.00,1242.10,1239.00,1312.30,,1242.10,,,176515,224273363.80,14322,F1,1,,,,,
2026-10-07,2026-10-07,CM,NSE,STK,4847,INE967H01025,KIMS,EQ,,,,,KRISHNA INST OF MED SCI L,700.00,704.20,686.10,693.95,693.00,693.40,,693.96,,,692428,481430345.05,40780,F1,1,,,,,
2026-10-07,2026-10-07,CM,NSE,STK,6417,INE479D01038,KRITI,EQ,,,,,KRITI INDUSTRIES IND LTD,60.05,61.00,57.65,59.07,58.50,60.03,,59.07,,,8290,486145.10,254,F1,1,,,,,
2026-10-07,2026-10-07,CM,NSE,STK,11432,INE798K01010,KRITINUT,EQ,,,,,KRITI NUTRIENTS LIMITED,73.00,73.79,69.01,70.15,70.48,72.61,,70.18,,,21419,1515759.50,520,F1,1,,,,,
2026-10-07,2026-10-07,CM,NSE,STK,9288,INE00Z501029,KRITIKA,EQ,,,,,KRITIKA WIRES LIMITED,4.90,4.98,4.83,4.95,4.95,4.95,,4.95,,,75321,369808.66,337,F1,1,,,,,
2026-10-07,2026-10-07,CM,NSE,STK,760624,INE1MTV01019,KRMAYURVED,SM,,,,,KRM AYURVEDA LIMITED,291.80,291.80,273.95,275.00,274.90,291.80,,275.00,,,145000,40432400.00,126,F1,1000,,,,,
2026-10-07,2026-10-07,CM,NSE,STK,25643,INE0Q3J01015,KRN,EQ,,,,,KRN HEAT EXCHANGE N REF L,1457.40,1518.00,1454.00,1484.20,1485.00,1462.30,,1484.17,,,516318,771259334.30,35640,F1,1,,,,,
2026-10-07,2026-10-07,CM,NSE,STK,24026,INE0ATZ01017,KRONOX,BE,,,,,KRONOX LAB SCIENCES LTD,214.55,215.05,207.50,210.60,212.00,206.65,,210.59,,,38705,8222331.73,537,F1,1,,,,,
2026-10-07,2026-10-07,CM,NSE,STK,25252,INE0O6601022,KROSS,EQ,,,,,KROSS LIMITED,253.75,269.90,250.10,263.90,263.60,253.20,,263.90,,,1500938,395620170.85,26491,F1,1,,,,,
2026-10-07,2026-10-07,CM,NSE,STK,5359,INE08LI01020,KRSNAA,EQ,,,,,KRSNAA DIAGNOSTICS LTD,556.20,556.20,543.50,548.10,550.00,552.70,,548.09,,,33805,18539505.45,2145,F1,1,,,,,
2026-10-07,2026-10-07,CM,NSE,STK,23175,INE0QN801017,KRYSTAL,EQ,,,,,KRYSTAL INTEGRATED SER L,647.80,658.90,641.25,644.45,641.25,656.65,,644.23,,,3241,2099529.35,376,F1,1,,,,,
2026-10-07,2026-10-07,CM,NSE,STK,1949,INE999A01023,KSB,EQ,,,,,KSB LIMITED,809.00,814.30,796.55,801.50,802.05,809.10,,801.51,,,71157,57250403.00,5726,F1,1,,,,,
2026-10-07,2026-10-07,CM,NSE,STK,764753,INE953E01022,KSE,EQ,,,,,KSE LTD.,180.00,180.00,174.60,176.84,176.00,176.86,,176.84,,,5761,1017643.08,264,F1,1,,,,,
2026-10-07,2026-10-07,CM,NSE,STK,760433,INE987S01020,KSHINTL,EQ,,,,,KSH INTERNATIONAL LIMITED,1040.90,1077.70,1033.00,1072.30,1068.00,1034.10,,1072.30,,,340263,361032354.40,22206,F1,1,,,,,
2026-10-07,2026-10-07,CM,NSE,STK,10412,INE013801027,KSHITIJPOL,BE,,,,,KSHITIJ POLYLINE LIMITED,3.81,3.82,3.81,3.81,3.82,3.64,,3.81,,,11750986,44867631.88,1938,F1,1,,,,,
2026-10-07,2026-10-07,CM,NSE,STK,11060,INE0D6I01023,KSOLVES,EQ,,,,,KSOLVES INDIA LIMITED,251.44,254.79,243.82,246.44,246.00,248.96,,246.45,,,29074,7230857.97,1603,F1,1,,,,,
2026-10-07,2026-10-07,CM,NSE,STK,759989,INE1SPP01016,KSR,BE,,,,,KSR FOOTWEAR LIMITED,39.30,39.30,37.25,37.56,38.45,38.30,,37.56,,,9440,361260.13,69,F1,1,,,,,
2026-10-07,2026-10-07,CM,NSE,STK,13870,INE529I01021,KUANTUM,EQ,,,,,KUANTUM PAPERS LIMITED,75.31,77.29,75.00,76.72,77.29,75.31,,76.68,,,68656,5214135.98,1114,F1,1,,,,,
2026-10-07,2026-10-07,CM,NSE,STK,764116,INE0ISX01025,KUSUMGAR,EQ,,,,,KUSUMGAR LIMITED,616.60,632.00,604.75,626.85,626.70,611.00,,626.78,,,187736,116884930.00,11600,F1,1,,,,,
2026-10-07,2026-10-07,CM,NSE,STK,762757,INE552U01010,KPL,EQ,,,,,KWALITY PHARMACEUTICALS L,3783.90,3783.90,3642.10,3681.20,3720.00,3745.00,,3681.27,,,21347,79079484.60,3924,F1,1,,,,,
2026-10-07,2026-10-07,CM,NSE,STK,760946,INE2KCE01013,KWIL,EQ,,,,,KWALITY WALL'S (INDIA) L,38.65,38.85,37.70,38.06,38.01,38.29,,38.06,,,5607252,214559975.48,24362,F1,1,,,,,
2026-10-07,2026-10-07,CM,NSE,STK,765100,INE341H01023,LKPSEC,EQ,,,,,L K P SECURITIES LTD.,14.30,14.30,13.01,13.65,13.61,14.30,,13.65,,,17851,241500.28,146,F1,1,,,,,
2026-10-07,2026-10-07,CM,NSE,STK,24948,INE498L01015,LTF,EQ,,,,,L&T FINANCE LIMITED,264.00,266.75,258.85,260.25,260.25,264.40,,260.23,,,7005951,1833668100.15,59785,F1,1,,,,,
2026-10-07,2026-10-07,CM,NSE,STK,18564,INE010V01017,LTTS,EQ,,,,,L&T TECHNOLOGY SER. LTD.,3246.00,3291.00,3216.60,3252.10,3264.00,3246.00,,3252.05,,,46255,150899169.00,8565,F1,1,,,,,
2026-10-07,2026-10-07,CM,NSE,STK,14423,INE059D01020,LAOPALA,EQ,,,,,LA OPALA RG LIMITED,159.07,159.90,154.31,155.04,154.31,159.07,,155.04,,,100907,15807278.26,3234,F1,1,,,,,
2026-10-07,2026-10-07,CM,NSE,STK,764761,INE519D01015,LADDERUP,BE,,,,,LADDERUP FINANCE LTD.,52.18,52.18,49.99,51.90,51.90,52.20,,51.90,,,380,19163.30,16,F1,1,,,,,
2026-10-07,2026-10-07,CM,NSE,STK,5865,INE548Z01017,LAGNAM,EQ,,,,,LAGNAM SPINTEX LIMITED,73.59,74.00,72.01,72.26,72.30,73.59,,72.26,,,2483,182737.86,24,F1,1,,,,,
2026-10-07,2026-10-07,CM,NSE,STK,762762,INE515C01023,LAHOTIOV,EQ,,,,,LAHOTI OVERSEAS LTD.,38.95,40.00,38.60,39.90,40.00,39.12,,39.90,,,2408,95177.00,50,F1,1,,,,,
2026-10-07,2026-10-07,CM,NSE,STK,7902,INE850E01012,LFIC,EQ,,,,,LAKSHMI FIN IND CORP LTD,130.00,131.00,125.82,129.00,127.00,130.42,,129.00,,,468,60293.87,57,F1,1,,,,,
2026-10-07,2026-10-07,CM,NSE,STK,764763,INE938C01019,LAKSHMIMIL,EQ,,,,,LAKSHMI MILLS CO. LTD.,7734.00,7734.00,7600.00,7715.00,7715.00,7733.50,,7715.00,,,8,61279.00,8,F1,1,,,,,
2026-10-07,2026-10-07,CM,NSE,STK,4774,INE651C01018,LAKPRE,BZ,,,,,LAKSHMI PRE SCRE LTD,5.20,5.20,5.20,5.20,5.20,5.25,,5.20,,,1002,5210.40,3,F1,1,,,,,
2026-10-07,2026-10-07,CM,NSE,STK,25860,INE0VZS01015,LAKSHYA,SM,,,,,LAKSHYA POWERTECH LIMITED,96.90,97.70,96.90,97.70,97.70,93.05,,97.70,,,9600,935920.00,12,F1,800,,,,,
2026-10-07,2026-10-07,CM,NSE,STK,765361,INE0K9O01026,LALITHAA,EQ,,,,,LALITHAA JEWELLERY MART L,407.00,414.10,392.25,394.85,395.50,405.45,,394.84,,,4147890,1662814875.85,44934,F1,1,,,,,
2026-10-07,2026-10-07,CM,NSE,STK,6407,INE112F01022,LAMBODHARA,EQ,,,,,LAMBODHARA TEXTILES LTD.,138.00,138.00,130.50,133.74,134.90,135.95,,133.58,,,8366,1125236.61,422,F1,1,,,,,
2026-10-07,2026-10-07,CM,NSE,STK,27225,INE0R0201012,LAMOSAIC,ST,,,,,LAMOSAIC INDIA LIMITED,47.30,47.30,45.35,47.20,47.30,47.70,,47.20,,,21000,970890.00,29,F1,600,,,,,
2026-10-07,2026-10-07,CM,NSE,STK,9392,INE359U01028,LANCER,EQ,,,,,LANCER CONTAINER LINES L,11.25,11.34,10.90,10.98,11.07,11.28,,10.99,,,198181,2192398.17,845,F1,1,,,,,
2026-10-07,2026-10-07,CM,NSE,STK,23030,INE572G01025,LANCORHOL,BE,,,,,LANCOR HOLDINGS LIMITED,32.20,32.48,31.12,31.41,31.95,32.21,,31.42,,,33605,1065666.99,173,F1,1,,,,,
2026-10-07,2026-10-07,CM,NSE,STK,13276,INE559R01029,LANDMARK,EQ,,,,,LANDMARK CARS LIMITED,480.00,485.00,474.20,480.95,483.60,480.60,,481.02,,,68685,32940777.80,1957,F1,1,,,,,
2026-10-07,2026-10-07,CM,NSE,STK,16863,INE197J01017,LPDC,EQ,,,,,LANDMARK PR.DEV.CO.LTD,6.35,6.35,6.18,6.25,6.28,6.23,,6.30,,,11999,74930.53,122,F1,1,,,,,
2026-10-07,2026-10-07,CM,NSE,STK,17380,INE688J01023,LANDSMILL,BE,,,,,LANDSMILL GREEN LIMITED,0.90,0.91,0.89,0.89,0.89,0.93,,0.89,,,2085318,1859552.16,1093,F1,1,,,,,
2026-10-07,2026-10-07,CM,NSE,STK,11483,INE018A01030,LT,EQ,,,,,LARSEN & TOUBRO LTD.,3750.00,3758.10,3684.60,3701.50,3701.50,3770.00,,3701.45,,,1609969,5976877424.10,88514,F1,1,,,,,
2026-10-07,2026-10-07,CM,NSE,STK,764126,INE17IR01028,LASERPOWER,EQ,,,,,LASER POWER & INFRA LTD,279.85,287.80,273.50,284.55,283.10,278.80,,284.55,,,786184,221218479.65,11384,F1,1,,,,,
2026-10-07,2026-10-07,CM,NSE,STK,6818,INE0I7C01011,LATENTVIEW,EQ,,,,,LATENT VIEW ANALYTICS LTD,234.44,235.99,229.10,230.08,231.74,233.28,,230.08,,,638016,147630169.81,7570,F1,1,,,,,
2026-10-07,2026-10-07,CM,NSE,STK,15840,INE262Z01023,LATTEYS,EQ,,,,,LATTEYS INDUSTRIES LTD,22.10,22.59,21.35,21.87,21.98,21.89,,21.87,,,69991,1548200.15,261,F1,1,,,,,
2026-10-07,2026-10-07,CM,NSE,STK,19234,INE947Q01028,LAURUSLABS,EQ,,,,,LAURUS LABS LIMITED,2052.00,2065.20,2035.60,2052.80,2052.80,2050.00,,2052.83,,,1499990,3073199158.30,57089,F1,1,,,,,
2026-10-07,2026-10-07,CM,NSE,STK,6568,INE801V01019,LAXMICOT,EQ,,,,,LAXMI COTSPIN LIMITED,12.89,13.19,12.77,12.80,12.80,12.63,,12.80,,,2219,28511.25,14,F1,1,,,,,
2026-10-07,2026-10-07,CM,NSE,STK,29171,INE0WO601020,LAXMIDENTL,EQ,,,,,LAXMI DENTAL LIMITED,190.54,198.00,190.00,197.12,197.50,190.53,,197.13,,,107375,20950720.17,1888,F1,1,,,,,
2026-10-07,2026-10-07,CM,NSE,STK,19876,INE258Y01016,LGHL,EQ,,,,,LAXMI GOLDORNA HOUSE LTD,228.00,228.00,212.00,215.12,217.00,213.69,,215.12,,,33116,7116131.13,658,F1,1,,,,,
2026-10-07,2026-10-07,CM,NSE,STK,758863,INE06WU01026,LAXMIINDIA,EQ,,,,,LAXMI INDIA FINANCE LTD,112.10,113.49,110.00,110.81,110.10,111.59,,110.82,,,64905,7253777.14,1492,F1,1,,,,,
2026-10-07,2026-10-07,CM,NSE,STK,2841,INE576O01020,LXCHEM,EQ,,,,,LAXMI ORGANIC INDUS LTD,188.10,193.77,185.30,190.35,190.80,188.86,,190.34,,,2013189,382959128.04,35588,F1,1,,,,,
2026-10-07,2026-10-07,CM,NSE,STK,7537,INE938A01021,LCCINFOTEC,BE,,,,,LCC INFOTECH LTD,3.59,3.68,3.42,3.46,3.44,3.59,,3.45,,,58915,203250.83,106,F1,1,,,,,
2026-10-07,2026-10-07,CM,NSE,STK,766044,INE1FPN01026,LCCPROJECT,EQ,,,,,LCC PROJECTS LIMITED,144.00,145.90,141.51,143.97,143.98,144.08,,143.96,,,694750,99613547.75,8117,F1,1,,,,,
2026-10-07,2026-10-07,CM,NSE,STK,760300,INE0G1L01025,LEMERITE,EQ,,,,,LE MERITE EXPORTS LIMITED,20.00,20.30,19.06,19.26,19.44,19.80,,19.26,,,151025,2949585.94,228,F1,1,,,,,
2026-10-07,2026-10-07,CM,NSE,STK,24067,INE0HV901016,IXIGO,EQ,,,,,LE TRAVENUES TECHNOLOGY L,160.19,160.31,157.32,158.27,158.50,160.13,,158.26,,,821667,130469150.24,15656,F1,1,,,,,
2026-10-07,2026-10-07,CM,NSE,STK,14204,INE0H4B01011,LRRPL,SM,,,,,LEAD REC AND RUB PROD LTD,95.70,96.00,95.70,95.70,95.70,100.70,,95.70,,,15000,1436250.00,10,F1,1500,,,,,
2026-10-07,2026-10-07,CM,NSE,STK,764523,INE00GO01025,LEAPIND,EQ,,,,,LEAP INDIA LIMITED,141.24,150.59,141.24,148.03,147.80,142.48,,148.03,,,3817325,565156475.88,43106,F1,1,,,,,
2026-10-07,2026-10-07,CM,NSE,STK,765098,INE791B01014,LEENEE,BE,,,,,LEE & NEE SOFTWARES (E) L,7.49,7.55,7.06,7.34,7.21,7.39,,7.38,,,5502,40712.36,35,F1,1,,,,,
2026-10-07,2026-10-07,CM,NSE,STK,757014,INE0AQ201015,THELEELA,EQ,,,,,LEELA PALACES HOTEL LTD,580.00,607.25,576.50,602.45,603.00,582.70,,602.46,,,627331,374616055.50,47612,F1,1,,,,,
2026-10-07,2026-10-07,CM,NSE,STK,2606,INE970X01018,LEMONTREE,EQ,,,,,LEMON TREE HOTELS LTD,109.80,113.55,108.81,112.52,112.50,110.12,,112.51,,,6232616,699688874.16,55804,F1,1,,,,,
2026-10-07,2026-10-07,CM,NSE,STK,759605,INE956O01016,LENSKART,EQ,,,,,LENSKART SOLUTIONS LTD,688.00,691.95,679.50,681.30,680.25,684.85,,681.30,,,1835430,1254392350.25,53323,F1,1,,,,,
2026-10-07,2026-10-07,CM,NSE,STK,14459,INE500X01013,LEXUS,EQ,,,,,LEXUS GRANITO (INDIA) LTD,10.81,10.99,9.00,9.48,9.49,10.81,,9.48,,,242702,2325953.90,974,F1,1,,,,,
2026-10-07,2026-10-07,CM,NSE,STK,18321,INE337A01034,LGBBROSLTD,EQ,,,,,LG BALAKRISHNAN & BROS,1657.80,1724.90,1644.10,1715.80,1710.00,1657.80,,1715.84,,,22620,38447317.40,3950,F1,1,,,,,
2026-10-07,2026-10-07,CM,NSE,STK,760213,INE324D01010,LGEINDIA,EQ,,,,,LG ELECTRONICS INDIA LTD,1757.40,1790.00,1751.50,1780.30,1785.00,1758.60,,1780.08,,,371600,656727719.60,36960,F1,1,,,,,
2026-10-07,2026-10-07,CM,NSE,STK,11082,INE908V01012,LIBAS,EQ,,,,,LIBAS CONSU PRODUCTS LTD,11.88,11.99,11.28,11.55,11.70,11.51,,11.55,,,15851,184828.17,173,F1,1,,,,,
2026-10-07,2026-10-07,CM,NSE,STK,1994,INE557B01019,LIBERTSHOE,EQ,,,,,LIBERTY SHOES LTD,218.57,219.54,215.11,216.48,216.30,218.57,,216.24,,,11336,2457425.72,440,F1,1,,,,,
2026-10-07,2026-10-07,CM,NSE,STK,1997,INE115A01026,LICHSGFIN,EQ,,,,,LIC HOUSING FINANCE LTD,503.45,517.15,497.20,515.40,515.40,502.00,,515.42,,,2958457,1507943507.40,33894,F1,1,,,,,
2026-10-07,2026-10-07,CM,NSE,STK,25640,INF767K01SM1,LICMFGOLD,EQ,,,,,LIC MF - LIC GOLD ETF,131.65,132.55,131.65,132.25,132.10,132.00,,132.24,,,455323,60315130.05,521,F1,1,,,,,
2026-10-07,2026-10-07,CM,NSE,STK,11319,INF767K01OS7,LICNETFN50,EQ,,,,,LICNAMC - LICNFENGP,255.23,255.81,252.87,254.00,254.00,255.83,,254.00,,,122,31126.53,20,F1,1,,,,,
2026-10-07,2026-10-07,CM,NSE,STK,11441,INF767K01OT5,LICNETFSEN,EQ,,,,,LICNAMC - LICNFESGP,825.21,878.00,801.11,817.51,817.92,823.00,,820.01,,,128,105648.14,22,F1,1,,,,,
2026-10-07,2026-10-07,CM,NSE,STK,15229,INF767K01PC8,LICNFNHGP,EQ,,,,,LICNAMC - LICNFNHGP,261.51,264.13,260.56,260.56,260.56,262.40,,261.01,,,1019,267281.25,9,F1,1,,,,,
2026-10-07,2026-10-07,CM,NSE,STK,6062,INF767K01MV5,LICNETFGSC,EQ,,,,,LICNAMC - LICNMFET,28.29,29.28,28.29,28.93,28.96,29.02,,28.93,,,13335,386016.29,75,F1,1,,,,,
2026-10-07,2026-10-07,CM,NSE,STK,22722,INF767K01RN1,LICNMID100,EQ,,,,,LICNAMC - LICNMID100,59.58,60.50,59.45,59.58,59.50,59.62,,59.59,,,15216,916244.69,89,F1,1,,,,,
2026-10-07,2026-10-07,CM,NSE,STK,9480,INE0J1Y01017,LICI,EQ,,,,,LIFE INSURA CORP OF INDIA,390.00,393.35,382.50,386.30,386.30,390.00,,386.30,,,4216811,1630861276.25,46238,F1,1,,,,,
2026-10-07,2026-10-07,CM,NSE,STK,578,INE060901027,LIKHITHA,EQ,,,,,LIKHITHA INFRASTRUC LTD,225.01,237.19,224.41,234.14,234.00,226.66,,234.06,,,53476,12368210.68,1728,F1,1,,,,,
2026-10-07,2026-10-07,CM,NSE,STK,6951,INE802B01027,LINC,EQ,,,,,LINC LIMITED,86.20,87.80,86.05,86.84,86.51,88.25,,86.87,,,22189,1922777.05,394,F1,1,,,,,
2026-10-07,2026-10-07,CM,NSE,STK,11596,INE405C01035,LINCOLN,EQ,,,,,LINCOLN PHARMA LTD,580.65,580.65,561.15,563.85,562.40,577.80,,563.86,,,26964,15299612.35,2291,F1,1,,,,,
2026-10-07,2026-10-07,CM,NSE,STK,1627,INE473A01011,LINDEINDIA,EQ,,,,,LINDE INDIA LIMITED,6119.00,6119.00,6065.00,6094.00,6085.00,6152.50,,6093.87,,,6366,38787518.50,2100,F1,1,,,,,
2026-10-07,2026-10-07,CM,NSE,STK,17801,INE093R01011,LLOYDSENGG,EQ,,,,,LLOYDS ENGG WORK LIMITED,101.35,103.40,100.05,101.10,101.16,101.15,,101.10,,,10569722,1075721144.46,43541,F1,1,,,,,
2026-10-07,2026-10-07,CM,NSE,STK,25807,INE080I01025,LLOYDSENT,EQ,,,,,LLOYDS ENTERPRISES LTD,78.66,79.80,77.72,78.98,78.60,78.83,,78.98,,,1865814,147276805.70,12327,F1,1,,,,,
2026-10-07,2026-10-07,CM,NSE,STK,11472,INE0DTQ01028,LLOYDS,SM,,,,,LLOYDS LUXURIES LIMITED,59.00,60.60,58.90,59.50,59.50,62.00,,59.50,,,9000,533600.00,9,F1,1000,,,,,
2026-10-07,2026-10-07,CM,NSE,STK,17313,INE281B01032,LLOYDSME,EQ,,,,,LLOYDS METALS N ENERGY L,1853.60,1854.70,1827.00,1844.50,1843.50,1858.20,,1844.48,,,251085,463224605.70,23048,F1,1,,,,,
2026-10-07,2026-10-07,CM,NSE,STK,1979,INE269B01029,LMW,EQ,,,,,LMW LIMITED,16999.00,17350.00,16600.00,16819.00,16874.00,16910.00,,16818.82,,,2818,47358321.00,1208,F1,1,,,,,
2026-10-07,2026-10-07,CM,NSE,STK,3220,INE670K01029,LODHA,EQ,,,,,LODHA DEVELOPERS LIMITED,1129.90,1141.00,1109.40,1109.40,1109.40,1135.60,,1109.40,,,1923289,2161278503.30,44468,F1,1,,,,,
2026-10-07,2026-10-07,CM,NSE,STK,764296,INE0QJW01029,LCL,EQ,,,,,LOHIA CORP LIMITED,630.10,638.70,613.25,624.10,622.00,627.55,,624.09,,,599031,376079611.45,26734,F1,1,,,,,
2026-10-07,2026-10-07,CM,NSE,STK,13436,INE397H01017,LOKESHMACH,EQ,,,,,LOKESH MACHINES LTD,446.90,475.00,445.00,465.45,465.95,455.70,,465.44,,,252924,117957732.05,8011,F1,1,,,,,
2026-10-07,2026-10-07,CM,NSE,STK,18232,INE846D01012,LORDSCHLO,EQ,,,,,LORDS CHLORO ALKALI LTD,140.00,140.59,137.00,139.50,140.00,139.21,,139.50,,,11087,1542388.40,318,F1,1,,,,,
2026-10-07,2026-10-07,CM,NSE,STK,14924,INE740X01023,LAL,EQ,,,,,LORENZINI APPARELS LTD,8.50,8.75,8.35,8.61,8.50,8.50,,8.46,,,11575,99411.89,81,F1,1,,,,,
2026-10-07,2026-10-07,CM,NSE,STK,764768,INE026D01011,LOTUSCHO,EQ,,,,,LOTUS CHOCOLATE CO. LTD.,590.00,693.50,581.90,646.85,642.00,579.65,,646.61,,,106548,68772182.95,5645,F1,1,,,,,
2026-10-07,2026-10-07,CM,NSE,STK,16807,INE947I01017,LOTUSEYE,EQ,,,,,LOTUS EYE HOSP & INST L,115.00,116.89,114.10,114.84,114.46,115.37,,114.72,,,3251,374156.23,180,F1,1,,,,,
2026-10-07,2026-10-07,CM,NSE,STK,22415,INE597L01014,LOVABLE,EQ,,,,,LOVABLE LINGERIE LTD,71.00,71.00,68.56,68.73,68.73,69.00,,68.73,,,2482,170993.02,121,F1,1,,,,,
2026-10-07,2026-10-07,CM,NSE,STK,10590,INE970D01010,LOYALTEX,EQ,,,,,LOYAL TEXTILE MILLS LTD,207.00,209.00,205.20,208.02,209.00,207.00,,208.02,,,432,89103.90,7,F1,1,,,,,
2026-10-07,2026-10-07,CM,NSE,STK,13816,INE818H01020,LTFOODS,EQ,,,,,LT FOODS LIMITED,408.05,421.90,407.35,418.20,419.00,408.15,,418.17,,,487332,202278448.45,19471,F1,1,,,,,
2026-10-07,2026-10-07,CM,NSE,STK,17818,INE214T01019,LTM,EQ,,,,,LTM LIMITED,3971.00,4008.00,3905.60,3930.00,3930.00,3971.10,,3929.80,,,255181,1011273622.50,26083,F1,1,,,,,
2026-10-07,2026-10-07,CM,NSE,STK,14014,INE872H01027,LUMAXTECH,EQ,,,,,LUMAX AUTO TECH LTD,1862.90,1900.90,1810.00,1849.20,1845.00,1856.90,,1849.19,,,202771,377148587.80,28176,F1,1,,,,,
2026-10-07,2026-10-07,CM,NSE,STK,2018,INE162B01018,LUMAXIND,EQ,,,,,LUMAX INDUSTRIES LTD,5434.50,5464.50,5370.50,5401.50,5401.00,5435.50,,5401.64,,,7449,40296429.50,2356,F1,1,,,,,
2026-10-07,2026-10-07,CM,NSE,STK,765524,INE185Q01025,LUMINO,EQ,,,,,LUMINO INDUSTRIES LIMITED,101.60,109.60,101.50,108.90,109.10,101.67,,108.89,,,13878425,1490814696.23,76377,F1,1,,,,,
2026-10-07,2026-10-07,CM,NSE,STK,10440,INE326A01037,LUPIN,EQ,,,,,LUPIN LIMITED,2029.30,2030.80,2001.50,2012.90,2012.90,2029.30,,2012.89,,,787301,1586463136.30,43331,F1,1,,,,,
2026-10-07,2026-10-07,CM,NSE,STK,11301,INE150G01020,LUXIND,EQ,,,,,LUX INDUSTRIES LIMITED,1177.90,1200.00,1142.90,1157.50,1165.00,1177.00,,1157.70,,,23431,27371304.80,2966,F1,1,,,,,
2026-10-07,2026-10-07,CM,NSE,STK,7248,INE933A01014,LYKALABS,BE,,,,,LYKA LABS LTD.,73.70,75.64,73.70,74.30,74.30,75.26,,74.30,,,15990,1187878.69,70,F1,1,,,,,
2026-10-07,2026-10-07,CM,NSE,STK,758150,INE08N601015,MBEL,EQ,,,,,M AND B ENGINEERING LTD,255.00,300.74,250.26,290.60,288.00,255.41,,290.60,,,7111495,2048103159.19,91332,F1,1,,,,,
2026-10-07,2026-10-07,CM,NSE,STK,765120,INE227F01010,MKEXIM,EQ,,,,,M K EXIM (INDIA) LTD.,65.88,65.88,61.50,62.00,62.20,64.59,,61.63,,,8508,537156.04,95,F1,1,,,,,
2026-10-07,2026-10-07,CM,NSE,STK,16736,INE964W01021,MKPL,EQ,,,,,M K PROTEINS LIMITED,4.04,4.05,3.77,3.93,3.93,3.99,,3.95,,,250065,980180.07,500,F1,1,,,,,
2026-10-07,2026-10-07,CM,NSE,STK,22360,INE813V01022,MCL,EQ,,,,,M TEK COPPER LIMITED,56.00,56.00,54.13,55.27,55.42,54.82,,55.27,,,51630,2850323.77,1628,F1,1,,,,,
2026-10-07,2026-10-07,CM,NSE,STK,13285,INE774D01024,M&MFIN,EQ,,,,,M&M FIN. SERVICES LTD,327.40,331.00,319.90,321.75,320.00,327.75,,321.73,,,2047176,666178602.50,75629,F1,1,,,,,
2026-10-07,2026-10-07,CM,NSE,STK,22976,INE0SGC01015,MVKAGRO,SM,,,,,M.V.K. AGRO FOOD PROD LTD,217.30,228.15,214.95,228.15,228.15,217.30,,228.15,,,297900,67900155.00,112,F1,300,,,,,
2026-10-07,2026-10-07,CM,NSE,STK,15017,INE215I01027,MAANALU,EQ,,,,,MAAN ALUMINIUM LIMITED,104.00,105.34,102.00,103.99,103.00,105.03,,103.96,,,47078,4881191.74,855,F1,1,,,,,
2026-10-07,2026-10-07,CM,NSE,STK,762782,INE435D01014,MCCHRLS-B,EQ,,,,,MAC CHARLES (INDIA) LTD.,665.00,688.00,658.20,672.55,677.00,674.25,,674.62,,,737,490788.50,19,F1,1,,,,,
2026-10-07,2026-10-07,CM,NSE,STK,24545,INE0R0J01010,MACOBSTECH,SM,,,,,MACOBS TECHNOLOGIES LTD,198.00,205.40,196.00,205.05,205.00,203.70,,205.05,,,63200,12875640.00,23,F1,800,,,,,
2026-10-07,2026-10-07,CM,NSE,STK,22347,INE155Z01011,MACPOWER,EQ,,,,,MACPOWER CNC MACHINES LTD,2090.10,2108.90,2030.00,2062.90,2040.00,2090.10,,2062.90,,,27342,56355017.70,4132,F1,1,,,,,
2026-10-07,2026-10-07,CM,NSE,STK,762767,INE631R01026,MADHAVIPL,EQ,,,,,MADHAV INFRA PROJECTS L,7.48,7.48,7.20,7.39,7.33,7.35,,7.39,,,48422,354522.92,175,F1,1,,,,,
2026-10-07,2026-10-07,CM,NSE,STK,15151,INE925C01016,MADHAV,EQ,,,,,MADHAV MARBLE & GRANITE,34.90,34.90,33.60,33.62,33.60,33.93,,33.62,,,847,28891.47,43,F1,1,,,,,
2026-10-07,2026-10-07,CM,NSE,STK,13671,INE378D01032,MADHUCON,EQ,,,,,MADHUCON PROJECTS LTD.,4.00,4.05,3.85,3.93,4.04,3.96,,3.93,,,25147,98347.91,100,F1,1,,,,,
2026-10-07,2026-10-07,CM,NSE,STK,765476,INE1P5601010,MADHURKNIT,SM,,,,,MADHUR KNIT CRAFTS LTD,55.20,57.90,54.15,57.45,57.80,55.10,,57.45,,,27600,1547220.00,22,F1,1200,,,,,
2026-10-07,2026-10-07,CM,NSE,STK,18738,INE0P6701019,MADHUSUDAN,ST,,,,,MADHUSUDAN MASALA LIMITED,224.55,230.20,220.00,230.20,230.20,227.15,,230.20,,,29000,6500500.00,28,F1,1000,,,,,
2026-10-07,2026-10-07,CM,NSE,STK,12686,INE900L01028,MBAPL,EQ,,,,,MADHYA BHARAT AGRO P. LTD,167.00,169.15,165.21,168.02,168.50,166.95,,168.02,,,341290,57277857.53,5195,F1,1,,,,,
2026-10-07,2026-10-07,CM,NSE,STK,4911,INE414A01015,MADRASFERT,EQ,,,,,MADRAS FERTILISERS LTD,58.98,59.30,58.64,58.89,58.80,58.98,,58.89,,,12364,729080.84,423,F1,1,,,,,
2026-10-07,2026-10-07,CM,NSE,STK,762772,INE270B01035,MAFATIND,EQ,,,,,MAFATLAL INDUSTRIES LTD.,115.85,116.70,115.11,115.95,115.11,115.64,,115.81,,,20020,2321263.06,548,F1,1,,,,,
2026-10-07,2026-10-07,CM,NSE,STK,21392,INE347W01011,MAGADSUGAR,EQ,,,,,MAGADH SUGAR & ENERGY LTD,554.35,570.00,552.05,562.30,561.50,552.45,,562.30,,,52127,29351351.85,3378,F1,1,,,,,
2026-10-07,2026-10-07,CM,NSE,STK,29482,INE613C01026,MCLOUD,EQ,,,,,MAGELLANIC CLOUD LIMITED,24.98,25.20,24.60,24.76,24.79,24.85,,24.76,,,1192358,29684379.25,2563,F1,1,,,,,
2026-10-07,2026-10-07,CM,NSE,STK,14957,INE387I01016,MAGNUM,EQ,,,,,MAGNUM VENTURES LTD.,18.37,18.37,18.11,18.18,18.11,18.19,,18.09,,,4625,84006.65,37,F1,1,,,,,
2026-10-07,2026-10-07,CM,NSE,STK,5239,INE843B01013,MAHAPEXLTD,EQ,,,,,MAHA RASHTRA APEX COPR. L,50.00,52.98,50.00,51.66,52.00,50.84,,51.66,,,2223,115418.14,44,F1,1,,,,,
2026-10-07,2026-10-07,CM,NSE,STK,24937,INE0US801024,MFML,EQ,,,,,MAHALAXMI FABRIC MILLS LT,19.46,19.46,18.31,18.39,18.32,19.19,,18.40,,,3198,59242.78,77,F1,1,,,,,
2026-10-07,2026-10-07,CM,NSE,STK,7889,INE112D01035,MHLXMIRU,BE,,,,,MAHALAXMI RUBTECH LIMITED,176.00,176.00,165.00,168.01,168.00,171.12,,168.01,,,2849,481981.79,48,F1,1,,,,,
2026-10-07,2026-10-07,CM,NSE,STK,17531,INE451L01014,MAHASTEEL,BE,,,,,MAHAMAYA STEEL INDS LTD,1139.30,1139.30,1097.10,1114.90,1101.70,1139.30,,1115.04,,,803,897069.50,113,F1,1,,,,,
2026-10-07,2026-10-07,CM,NSE,STK,17534,INE002S01010,MGL,EQ,,,,,MAHANAGAR GAS LTD.,1035.00,1058.90,1034.90,1041.60,1039.00,1039.80,,1041.59,,,80050,83872606.20,12065,F1,1,,,,,
2026-10-07,2026-10-07,CM,NSE,STK,2294,INE153A01019,MTNL,EQ,,,,,MAHANAGAR TELEPHONE NIGAM,23.35,23.94,23.07,23.55,23.60,23.28,,23.55,,,1009450,23762506.56,3455,F1,1,,,,,
2026-10-07,2026-10-07,CM,NSE,STK,2085,INE288A01013,MAHSCOOTER,EQ,,,,,MAHARASHTRA SCOOTERS LTD,12300.00,12376.00,12180.00,12242.00,12230.00,12315.00,,12241.82,,,5400,66257861.00,2298,F1,1,,,,,
2026-10-07,2026-10-07,CM,NSE,STK,2088,INE271B01025,MAHSEAMLES,EQ,,,,,MAHARASHTRA SEAMLESS LTD,682.50,698.90,671.70,692.75,693.00,685.70,,692.83,,,368489,253382871.60,30634,F1,1,,,,,
2026-10-07,2026-10-07,CM,NSE,STK,758688,INE632Q01018,MRIL,ST,,,,,MAHENDRA REALTO & INFRA L,69.00,69.00,69.00,69.00,69.00,68.60,,69.00,,,1600,110400.00,1,F1,1600,,,,,
2026-10-07,2026-10-07,CM,NSE,STK,9576,INE263W01010,MAHESHWARI,EQ,,,,,MAHESHWARI LOGISTICS LTD.,71.44,71.44,70.25,71.20,71.20,71.44,,71.20,,,2771,195981.36,31,F1,1,,,,,
2026-10-07,2026-10-07,CM,NSE,STK,2839,INE961Y01015,MAHICKRA,SM,,,,,MAHICKRA CHEMICAL LIMITED,270.00,293.00,270.00,281.50,293.00,280.00,,281.50,,,1500,422250.00,2,F1,750,,,,,
2026-10-07,2026-10-07,CM,NSE,STK,2031,INE101A01026,M&M,EQ,,,,,MAHINDRA & MAHINDRA LTD,2823.60,2837.90,2800.00,2800.00,2800.00,2855.00,,2800.08,,,3361287,9463176277.90,121389,F1,1,,,,,
2026-10-07,2026-10-07,CM,NSE,STK,17603,INE215D01010,MAHEPC,EQ,,,,,MAHINDRA EPC IRRIG LTD,98.97,99.80,96.61,98.37,98.30,98.97,,98.41,,,7692,761184.38,328,F1,1,,,,,
2026-10-07,2026-10-07,CM,NSE,STK,17333,INE998I01010,MHRIL,EQ,,,,,MAHINDRA HOLIDAYS LTD,197.20,197.20,193.61,195.07,194.59,196.71,,195.06,,,31279,6099926.08,1950,F1,1,,,,,
2026-10-07,2026-10-07,CM,NSE,STK,8050,INE813A01018,MAHLIFE,EQ,,,,,MAHINDRA LIFESPACE DEVLTD,356.95,360.95,348.50,351.10,351.80,352.20,,351.10,,,259250,91696709.10,11365,F1,1,,,,,
2026-10-07,2026-10-07,CM,NSE,STK,385,INE766P01016,MAHLOG,EQ,,,,,MAHINDRA LOGISTIC LIMITED,415.70,419.30,407.55,411.15,410.50,415.05,,411.18,,,118205,48713911.30,7334,F1,1,,,,,
2026-10-07,2026-10-07,CM,NSE,STK,24538,INE683C01011,MAITHANALL,EQ,,,,,MAITHAN ALLOYS LTD,915.00,922.95,904.00,905.75,904.50,911.00,,905.75,,,34492,31434967.45,2629,F1,1,,,,,
2026-10-07,2026-10-07,CM,NSE,STK,19809,INE0PLQ01011,MAITREYA,SM,,,,,MAITREYA MEDICARE LIMITED,117.00,118.50,117.00,118.10,118.30,113.50,,118.10,,,2400,282960.00,6,F1,400,,,,,
2026-10-07,2026-10-07,CM,NSE,STK,762780,INE201B01022,MAJESAUT,BE,,,,,MAJESTIC AUTO LTD.,369.15,376.00,366.00,367.60,372.00,369.15,,367.60,,,2423,900043.05,119,F1,1,,,,,
2026-10-07,2026-10-07,CM,NSE,STK,764773,INE987A01010,MAKERSL,EQ,,,,,MAKERS LABORATORIES LTD.,183.00,185.80,178.61,179.21,179.21,183.00,,185.00,,,351,64144.44,18,F1,1,,,,,
2026-10-07,2026-10-07,CM,NSE,STK,7965,INE389C01015,MALLCOM,EQ,,,,,MALLCOM (INDIA) LIMITED,903.30,925.00,898.00,902.10,901.50,903.30,,902.03,,,2789,2516968.75,273,F1,1,,,,,
2026-10-07,2026-10-07,CM,NSE,STK,13352,INE383H01017,MALUPAPER,EQ,,,,,MALU PAPER MILLS LIMITED,32.50,32.97,30.20,31.08,31.05,32.40,,31.09,,,30035,933378.11,308,F1,1,,,,,
2026-10-07,2026-10-07,CM,NSE,STK,28687,INE0TO701015,MAMATA,EQ,,,,,MAMATA MACHINERY LIMITED,395.50,397.95,390.05,395.95,394.90,395.65,,395.95,,,72502,28499895.45,2696,F1,1,,,,,
2026-10-07,2026-10-07,CM,NSE,STK,7413,INE830Q01018,MANAKCOAT,EQ,,,,,MAN COAT METAL & IND LTD,130.89,133.19,128.10,129.25,129.46,129.32,,129.25,,,194836,25348794.02,2489,F1,1,,,,,
2026-10-07,2026-10-07,CM,NSE,STK,11884,INE993A01026,MANINDS,EQ,,,,,MAN INDUSTRIES (I) LTD.,922.00,929.00,890.05,905.75,903.95,922.05,,905.86,,,333776,304759019.10,17944,F1,1,,,,,
2026-10-07,2026-10-07,CM,NSE,STK,18226,INE949H01023,MANINFRA,EQ,,,,,MAN INFRA LTD,123.00,123.36,121.20,122.52,122.41,123.24,,122.52,,,764088,93372666.46,4101,F1,1,,,,,
2026-10-07,2026-10-07,CM,NSE,STK,7420,INE859Q01017,MANAKALUCO,EQ,,,,,MANAK ALUMINIUM CO. LTD.,33.24,33.87,32.00,32.21,32.22,33.24,,32.21,,,84982,2753451.95,697,F1,1,,,,,
2026-10-07,2026-10-07,CM,NSE,STK,15199,INE015D01022,MANAKSIA,EQ,,,,,MANAKSIA LTD.,59.50,59.50,57.96,58.26,58.54,59.05,,58.27,,,19558,1148050.40,423,F1,1,,,,,
2026-10-07,2026-10-07,CM,NSE,STK,7482,INE824Q01011,MANAKSTEEL,BE,,,,,MANAKSIA STEELS LTD,108.34,114.32,106.00,110.97,110.05,108.88,,111.04,,,48669,5437914.43,473,F1,1,,,,,
2026-10-07,2026-10-07,CM,NSE,STK,13796,INE201A01024,MANALIPETC,EQ,,,,,MANALI PETROCHEMICALS LT,93.00,93.00,87.70,90.48,90.69,92.36,,90.48,,,3975432,356004064.03,22075,F1,1,,,,,
2026-10-07,2026-10-07,CM,NSE,STK,19061,INE522D01027,MANAPPURAM,EQ,,,,,MANAPPURAM FINANCE LTD,310.20,315.90,308.00,308.90,308.90,310.20,,308.90,,,4398209,1372227933.25,29911,F1,1,,,,,
2026-10-07,2026-10-07,CM,NSE,STK,759351,INE0U4H01011,MPEL,SM,,,,,MANAS POLYMER N ENERGIE L,23.80,23.90,22.50,22.55,22.55,22.80,,22.55,,,1649600,37607920.00,200,F1,1600,,,,,
2026-10-07,2026-10-07,CM,NSE,STK,25597,INE939X01013,MANBA,EQ,,,,,MANBA FINANCE LIMITED,142.15,142.40,139.20,141.74,141.50,141.35,,141.75,,,48842,6896130.13,702,F1,1,,,,,
2026-10-07,2026-10-07,CM,NSE,STK,23779,INE0R3T01013,MANDEEP,SM,,,,,MANDEEP AUTO INDUSTRIES L,18.30,18.30,18.00,18.00,18.00,18.40,,18.00,,,10000,182400.00,3,F1,2000,,,,,
2026-10-07,2026-10-07,CM,NSE,STK,24823,INE545L01039,MANCREDIT,EQ,,,,,MANGAL CREDIT N FINCORP L,239.99,244.07,236.00,240.56,239.00,231.90,,240.56,,,119524,28855451.38,1530,F1,1,,,,,
2026-10-07,2026-10-07,CM,NSE,STK,758748,INE0PKD01011,MEIL,EQ,,,,,MANGAL ELECTRICAL IND L,262.40,275.60,260.25,274.40,274.70,263.45,,274.40,,,48196,13068736.55,1942,F1,1,,,,,
2026-10-07,2026-10-07,CM,NSE,STK,19137,INE00C401011,MAL,ST,,,,,MANGALAM ALLOYS LIMITED,38.00,38.55,38.00,38.55,38.55,38.00,,38.55,,,9600,367280.00,5,F1,1600,,,,,
2026-10-07,2026-10-07,CM,NSE,STK,2106,INE347A01017,MANGLMCEM,EQ,,,,,MANGALAM CEMENT LTD,991.70,1000.45,961.65,971.10,973.80,988.10,,971.10,,,50762,49536943.55,2912,F1,1,,,,,
2026-10-07,2026-10-07,CM,NSE,STK,11817,INE584F01014,MANGALAM,EQ,,,,,MANGALAM DRUG & CHEM LTD,32.49,33.95,31.60,33.09,33.06,31.86,,33.09,,,78218,2597448.16,739,F1,1,,,,,
2026-10-07,2026-10-07,CM,NSE,STK,1593,INE0APB01032,MGEL,EQ,,,,,MANGALAM GLOBAL ENT LTD,15.75,16.03,15.53,15.71,15.75,15.78,,15.68,,,65032,1026430.66,270,F1,1,,,,,
2026-10-07,2026-10-07,CM,NSE,STK,6422,INE370D01013,MANORG,EQ,,,,,MANGALAM ORGANICS LIMITED,449.00,449.00,434.10,438.00,437.00,436.10,,438.00,,,6074,2674805.65,251,F1,1,,,,,
2026-10-07,2026-10-07,CM,NSE,STK,764783,INE829S01016,MSL,EQ,,,,,MANGALAM SEEDS LTD.,140.00,167.00,140.00,145.69,151.00,140.00,,145.69,,,5392,858914.44,171,F1,1,,,,,
2026-10-07,2026-10-07,CM,NSE,STK,759169,INE0JYY01029,MWL,EQ,,,,,MANGALAM WORLDWIDE LTD,41.98,42.25,41.10,42.04,41.51,41.66,,42.04,,,450623,18851179.40,1484,F1,1,,,,,
2026-10-07,2026-10-07,CM,NSE,STK,766139,INE0KWF01020,MANIKA,EQ,,,,,MANIKA PLASTECH LIMITED,53.50,61.00,42.00,58.64,58.13,51.52,,58.64,,,18085851,992514191.93,86325,F1,1,,,,,
2026-10-07,2026-10-07,CM,NSE,STK,760174,INE1ERK01013,MANILAM,SM,,,,,MANILAM INDUSTRIES IND L,35.00,35.00,35.00,35.00,35.00,34.85,,35.00,,,2000,70000.00,1,F1,2000,,,,,
2026-10-07,2026-10-07,CM,NSE,STK,764357,INE459N01021,MANIPALHOS,EQ,,,,,MANIPAL HEALTH ENTERPRI L,691.15,704.65,677.00,699.15,700.00,690.50,,699.00,,,443752,307545732.20,21681,F1,1,,,,,
2026-10-07,2026-10-07,CM,NSE,STK,766051,INE241U01028,MPIMANIPAL,EQ,,,,,MANIPAL PAYMENT & IDE S L,367.70,383.90,363.35,377.60,376.00,366.05,,377.58,,,1218935,457823403.75,47642,F1,1,,,,,
2026-10-07,2026-10-07,CM,NSE,STK,15380,INE634S01028,MANKIND,EQ,,,,,MANKIND PHARMA LIMITED,2500.90,2530.00,2480.10,2500.00,2500.00,2500.00,,2500.00,,,242210,607628070.80,23054,F1,1,,,,,
2026-10-07,2026-10-07,CM,NSE,STK,19015,INE0KNT01012,MVGJL,EQ,,,,,MANOJ VAIBHAV GEM N JEW L,202.00,223.00,201.31,212.39,211.41,203.16,,212.40,,,454478,97809637.11,8758,F1,1,,,,,
2026-10-07,2026-10-07,CM,NSE,STK,13753,INE784W01015,MANOMAY,EQ,,,,,MANOMAY TEX INDIA LTD,242.99,244.96,234.00,236.90,234.00,240.14,,236.89,,,186922,44531294.86,7098,F1,1,,,,,
2026-10-07,2026-10-07,CM,NSE,STK,10227,INE00VM01036,MANORAMA,EQ,,,,,MANORAMA INDUSTRIES LTD,1999.80,2043.00,1987.10,1996.00,2000.50,1985.60,,1996.05,,,175806,354282907.40,16462,F1,1,,,,,
2026-10-07,2026-10-07,CM,NSE,STK,13575,INE867A01022,MANUGRAPH,BE,,,,,MANUGRAPH INDIA LIMITED,16.70,17.00,15.91,16.31,16.25,16.45,,16.31,,,53325,893820.90,84,F1,1,,,,,
2026-10-07,2026-10-07,CM,NSE,STK,2112,INE882A01013,MARALOVER,EQ,,,,,MARAL OVERSEAS LTD,59.70,59.70,57.40,58.48,58.48,57.99,,58.48,,,3783,220778.14,97,F1,1,,,,,
2026-10-07,2026-10-07,CM,NSE,STK,18659,INE182D01020,MARATHON,EQ,,,,,MARATHON NXTGEN REALT LTD,376.45,382.25,369.00,377.70,378.00,374.60,,377.74,,,88066,33082952.55,2628,F1,1,,,,,
2026-10-07,2026-10-07,CM,NSE,STK,760456,INE0TD401015,MARC,ST,,,,,MARC TECHNOCRATS LIMITED,152.00,155.85,152.00,155.85,155.85,148.45,,155.85,,,7200,1116480.00,6,F1,1200,,,,,
2026-10-07,2026-10-07,CM,NSE,STK,18773,INE0QP001012,MARCO,SM,,,,,MARCO CABLE & CONDUCTOR L,28.00,29.00,28.00,29.00,29.00,28.90,,29.00,,,4500,127500.00,3,F1,1500,,,,,
2026-10-07,2026-10-07,CM,NSE,STK,4067,INE196A01026,MARICO,EQ,,,,,MARICO LIMITED,794.00,795.80,783.40,787.25,787.25,794.15,,787.25,,,1064427,839072851.20,48101,F1,1,,,,,
2026-10-07,2026-10-07,CM,NSE,STK,1328,INE01JE01028,MARINE,EQ,,,,,MARINE ELECTRICAL (I) LTD,476.70,490.85,471.10,476.40,475.00,478.85,,476.40,,,1413767,679221447.40,34955,F1,1,,,,,
2026-10-07,2026-10-07,CM,NSE,STK,20414,INE0P1P01017,MARINETRAN,ST,,,,,MARINETRANS INDIA LIMITED,13.80,13.80,13.80,13.80,13.80,14.50,,13.80,,,8000,110400.00,2,F1,4000,,,,,
2026-10-07,2026-10-07,CM,NSE,STK,760204,INE0FW001016,MARKOLINES,EQ,,,,,MARKOLINES PAVEMENT TEC L,170.66,171.44,166.23,169.60,170.25,170.41,,169.43,,,187834,31762011.21,1423,F1,1,,,,,
2026-10-07,2026-10-07,CM,NSE,STK,10579,INE750C01026,MARKSANS,EQ,,,,,MARKSANS PHARMA LIMITED,325.80,329.00,318.45,325.45,326.05,324.40,,325.45,,,2155353,697912929.05,41518,F1,1,,,,,
2026-10-07,2026-10-07,CM,NSE,STK,761386,INE415B01044,MARSONS,EQ,,,,,MARSONS LIMITED,123.00,138.95,122.38,132.45,132.70,119.24,,132.45,,,19136401,2510113620.59,147584,F1,1,,,,,
2026-10-07,2026-10-07,CM,NSE,STK,10999,INE585B01010,MARUTI,EQ,,,,,MARUTI SUZUKI INDIA LTD.,11561.00,11597.00,11383.00,11450.00,11450.00,11625.00,,11450.87,,,628155,7198982874.00,63463,F1,1,,,,,
2026-10-07,2026-10-07,CM,NSE,STK,199,INE348L01012,MASFIN,EQ,,,,,MAS FINANCIAL SERV LTD,264.30,286.65,263.90,270.25,271.80,266.90,,270.04,,,1010890,275355873.05,15871,F1,1,,,,,
2026-10-07,2026-10-07,CM,NSE,STK,18727,INE885F01015,MASKINVEST,EQ,,,,,MASK INVESTMENTS LIMITED,144.99,145.00,144.99,144.99,145.00,147.49,,144.99,,,20,2899.90,2,F1,1,,,,,
2026-10-07,2026-10-07,CM,NSE,STK,24278,INE0SH001010,MASON,SM,,,,,MASON INFRATECH LIMITED,104.05,105.00,100.00,101.00,101.00,104.35,,101.00,,,27000,2752525.00,36,F1,500,,,,,
2026-10-07,2026-10-07,CM,NSE,STK,2124,INE759A01021,MASTEK,EQ,,,,,MASTEK LTD,1619.00,1640.70,1598.10,1624.90,1623.00,1616.30,,1624.91,,,51331,83398688.50,9128,F1,1,,,,,
2026-10-07,2026-10-07,CM,NSE,STK,19011,INE0OJM01017,MASTER,SM,,,,,MASTER COMPONENTS LIMITED,415.00,415.00,415.00,415.00,415.00,410.50,,415.00,,,1500,622500.00,3,F1,500,,,,,
2026-10-07,2026-10-07,CM,NSE,STK,27047,INE677D01037,MASTERTR,EQ,,,,,MASTER TRUST LIMITED,82.52,91.34,81.51,82.94,83.05,82.62,,82.94,,,1651954,141087023.13,14412,F1,1,,,,,
2026-10-07,2026-10-07,CM,NSE,STK,21726,INE866R01028,MATRIMONY,EQ,,,,,MATRIMONY.COM LIMITED,512.95,527.95,507.85,517.50,515.00,509.60,,517.49,,,14894,7785304.85,762,F1,1,,,,,
2026-10-07,2026-10-07,CM,NSE,STK,759945,INE132901013,MGSL,SM,,,,,MATRIX GEO SOLUTIONS LTD,58.50,60.95,58.50,58.60,58.60,58.95,,58.60,,,19200,1143720.00,16,F1,1200,,,,,
2026-10-07,2026-10-07,CM,NSE,STK,17022,INE636A01039,MAWANASUG,EQ,,,,,MAWANA SUGARS LIMITED,147.98,155.50,147.32,151.66,152.00,147.89,,151.62,,,526482,80453835.18,9433,F1,1,,,,,
2026-10-07,2026-10-07,CM,NSE,STK,19646,INE03EI01018,MAXESTATES,EQ,,,,,MAX ESTATES LIMITED,569.90,570.05,548.00,550.50,557.90,564.95,,550.49,,,56627,31482919.10,3576,F1,1,,,,,
2026-10-07,2026-10-07,CM,NSE,STK,2142,INE180A01020,MFSL,EQ,,,,,MAX FINANCIAL SERV LTD,1355.80,1358.00,1331.30,1345.10,1345.10,1361.00,,1345.11,,,795124,1069244389.20,35169,F1,1,,,,,
2026-10-07,2026-10-07,CM,NSE,STK,22377,INE027H01010,MAXHEALTH,EQ,,,,,MAX HEALTHCARE INS LTD,900.00,911.25,891.60,908.00,908.00,902.50,,907.99,,,2002385,1805804667.35,39390,F1,1,,,,,
2026-10-07,2026-10-07,CM,NSE,STK,22428,INE0CG601016,MAXIND,EQ,,,,,MAX INDIA LIMITED,165.90,165.99,160.25,162.27,161.00,165.84,,162.32,,,33743,5527639.80,1183,F1,1,,,,,
2026-10-07,2026-10-07,CM,NSE,STK,21691,INE0ECC01022,MAXPOSURE,SM,,,,,MAXPOSURE LIMITED,35.00,35.00,33.60,34.60,34.60,35.00,,34.60,,,3000,103200.00,3,F1,1000,,,,,
2026-10-07,2026-10-07,CM,NSE,STK,29645,INE10A501018,MAXVOLT,SM,,,,,MAXVOLT ENERGY INDUS L,433.05,459.75,432.10,442.60,446.00,440.75,,442.60,,,57600,25675300.00,137,F1,400,,,,,
2026-10-07,2026-10-07,CM,NSE,STK,757587,INE0ZTO01018,MAYASHEEL,SM,,,,,MAYASHEEL VENTURES LTD,33.00,34.85,33.00,33.00,33.00,36.20,,33.00,,,24000,805800.00,8,F1,3000,,,,,
2026-10-07,2026-10-07,CM,NSE,STK,28906,INE040D01038,MAYURUNIQ,EQ,,,,,MAYUR UNIQUOTERS LTD,760.95,767.40,748.00,762.85,765.00,761.15,,762.80,,,78870,59827629.20,5104,F1,1,,,,,
2026-10-07,2026-10-07,CM,NSE,STK,509,INE249Z01020,MAZDOCK,EQ,,,,,MAZAGON DOCK SHIPBUIL LTD,2101.00,2102.50,2052.40,2064.40,2064.40,2101.00,,2064.45,,,437816,905570645.00,25701,F1,1,,,,,
2026-10-07,2026-10-07,CM,NSE,STK,18870,INE885E01042,MAZDA,BE,,,,,MAZDA LIMITED,281.10,289.90,278.00,283.65,285.00,283.40,,283.67,,,26709,7586921.95,512,F1,1,,,,,
2026-10-07,2026-10-07,CM,NSE,STK,18029,INE912H01013,MBLINFRA,EQ,,,,,MBL INFRASTRUCTURE LTD,25.88,25.94,24.70,25.06,25.00,25.05,,25.06,,,104724,2660479.11,522,F1,1,,,,,
2026-10-07,2026-10-07,CM,NSE,STK,11943,INE942G01012,MCLEODRUSS,EQ,,,,,MCLEOD RUSSEL INDIA LTD.,42.01,43.36,41.71,42.00,42.20,42.60,,42.00,,,156711,6674001.00,971,F1,1,,,,,
2026-10-07,2026-10-07,CM,NSE,STK,13687,INE748A01024,MBECL,BE,,,,,MCNALLY BHARAT ENGIN CO L,483.95,483.95,483.95,483.95,483.95,493.80,,483.95,,,1537,743831.15,44,F1,1,,,,,
2026-10-07,2026-10-07,CM,NSE,STK,14574,INE0O4M01019,MCON,SM,,,,,MCON RASAYAN INDIA LTD,39.90,40.90,39.00,40.90,40.90,39.95,,40.90,,,16000,640250.00,13,F1,1000,,,,,
2026-10-07,2026-10-07,CM,NSE,STK,21705,INE456Z01021,MEDIASSIST,EQ,,,,,MEDI ASSIST HEALTH SER L,306.45,307.05,298.40,300.00,300.95,306.25,,300.00,,,245485,73864840.85,13231,F1,1,,,,,
2026-10-07,2026-10-07,CM,NSE,STK,765113,INE442D01010,MEDICAPQ,BE,,,,,MEDI CAPS LTD.,24.50,24.99,24.00,24.50,24.50,24.99,,24.51,,,1968,48346.10,10,F1,1,,,,,
2026-10-07,2026-10-07,CM,NSE,STK,762802,INE200D01020,MMWL,EQ,,,,,MEDIA MATRIX WORLDWIDE L,17.99,17.99,17.99,17.99,17.99,17.14,,18.10,,,23177,416954.23,39,F1,1,,,,,
2026-10-07,2026-10-07,CM,NSE,STK,6281,INE646B01010,MEDICAMEQ,BE,,,,,MEDICAMEN BIOTECH LIMITED,313.00,315.30,304.00,313.25,313.30,311.95,,313.31,,,21741,6720788.70,284,F1,1,,,,,
2026-10-07,2026-10-07,CM,NSE,STK,9667,INE630Y01024,MEDICO,EQ,,,,,MEDICO REMEDIES LIMITED,22.50,22.56,21.85,22.37,22.49,22.17,,22.37,,,215603,4800451.91,1146,F1,1,,,,,
2026-10-07,2026-10-07,CM,NSE,STK,7254,INE804L01022,MEDPLUS,EQ,,,,,MEDPLUS HEALTH SERV LTD,654.00,654.00,641.75,647.30,643.00,651.45,,647.28,,,54469,35226912.60,6679,F1,1,,,,,
2026-10-07,2026-10-07,CM,NSE,STK,760229,INE0VDM01015,MEESHO,EQ,,,,,MEESHO LIMITED,236.99,240.34,234.00,236.52,236.15,238.22,,236.53,,,13483541,3201537763.31,85654,F1,1,,,,,
2026-10-07,2026-10-07,CM,NSE,STK,10971,INE0G1D01014,MEGAFLEX,SM,,,,,MEGA FLEX PLASTICS LTD,123.00,123.00,123.00,123.00,123.00,120.25,,123.00,,,1000,123000.00,1,F1,1000,,,,,
2026-10-07,2026-10-07,CM,NSE,STK,8153,INE00EM01016,MEGASTAR,EQ,,,,,MEGASTAR FOODS LIMITED,291.41,312.99,288.27,309.06,311.00,289.97,,309.06,,,16694,5123842.82,650,F1,1,,,,,
2026-10-07,2026-10-07,CM,NSE,STK,22560,INE531R01010,MEGATHERM,SM,,,,,MEGATHERM INDUCTION LTD,250.00,254.40,245.00,248.65,249.00,245.90,,248.65,,,15600,3897420.00,34,F1,400,,,,,
2026-10-07,2026-10-07,CM,NSE,STK,5394,INE0CT101020,MOL,EQ,,,,,MEGHMANI ORGANICS LIMITED,60.25,62.54,59.41,61.06,60.62,60.25,,61.07,,,1173615,71894241.23,9605,F1,1,,,,,
2026-10-07,2026-10-07,CM,NSE,STK,764778,INE898Q01015,MIIL,EQ,,,,,MEGHNA INFRACON INFRA L,680.05,686.95,661.00,667.50,668.75,675.50,,667.51,,,41690,28013016.35,1086,F1,1,,,,,
2026-10-07,2026-10-07,CM,NSE,STK,6961,INE071D01033,MENONBE,EQ,,,,,MENON BEARINGS LIMITED,309.65,313.75,294.00,301.45,301.90,304.95,,301.42,,,224158,68399435.60,4864,F1,1,,,,,
2026-10-07,2026-10-07,CM,NSE,STK,762790,INE650G01029,MENNPIS,BE,,,,,MENON PISTONS LTD.,70.95,72.55,70.10,72.11,71.80,70.19,,71.84,,,21943,1562793.07,138,F1,1,,,,,
2026-10-07,2026-10-07,CM,NSE,STK,25882,INE776I01010,MEP,BZ,,,,,MEP INFRA. DEVELOPERS LTD,0.68,0.68,0.68,0.68,0.68,0.67,,0.68,,,9373,6373.64,12,F1,1,,,,,
2026-10-07,2026-10-07,CM,NSE,STK,762792,INE689O01013,MERCANTILE,EQ,,,,,MERCANTILE VENTURES LTD.,22.85,22.85,21.80,22.33,22.33,22.85,,22.33,,,614,13614.56,16,F1,1,,,,,
2026-10-07,2026-10-07,CM,NSE,STK,763663,INE763M01028,MERCURYEV,EQ,,,,,MERCURY EV-TECH LIMITED,37.49,39.29,36.80,37.88,37.80,36.97,,37.88,,,366184,13896530.11,3732,F1,1,,,,,
2026-10-07,2026-10-07,CM,NSE,STK,764278,INE1II801013,METALIC,ST,,,,,METALIC TECHNOFORGE LTD,169.80,177.00,166.20,169.45,166.20,172.90,,169.45,,,100800,17370320.00,50,F1,1600,,,,,
2026-10-07,2026-10-07,CM,NSE,STK,7242,INE317I01021,METROBRAND,EQ,,,,,METRO BRANDS LIMITED,827.00,827.40,807.00,825.10,826.00,818.85,,825.13,,,25599,20948900.70,4096,F1,1,,,,,
2026-10-07,2026-10-07,CM,NSE,STK,762797,INE085D01033,METROGLOBL,EQ,,,,,METROGLOBAL LTD.,130.00,132.00,127.21,132.00,132.00,130.00,,126.65,,,93,12035.06,14,F1,1,,,,,
2026-10-07,2026-10-07,CM,NSE,STK,9581,INE112L01020,METROPOLIS,EQ,,,,,METROPOLIS HEALTHCARE LTD,550.00,550.00,539.15,541.45,542.40,552.65,,541.44,,,119688,64946249.45,6549,F1,1,,,,,
2026-10-07,2026-10-07,CM,NSE,STK,7165,INE287C01037,MICEL,BE,,,,,MIC ELECTRONICS LTD,34.43,34.43,34.12,34.13,34.13,34.60,,34.11,,,141141,4832444.92,502,F1,1,,,,,
2026-10-07,2026-10-07,CM,NSE,STK,759517,INE0XAD01024,MIDWESTLTD,EQ,,,,,MIDWEST LIMITED,1049.00,1100.00,1030.00,1067.15,1066.00,1006.20,,1067.15,,,203806,217680894.55,11857,F1,1,,,,,
2026-10-07,2026-10-07,CM,NSE,STK,765125,INE588G01021,MLKFOOD,EQ,,,,,MILKFOOD LTD.,85.00,86.00,84.00,85.70,86.00,84.66,,85.75,,,4910,418986.26,81,F1,1,,,,,
2026-10-07,2026-10-07,CM,NSE,STK,765274,INE00IT01020,MILKYMIST,BE,,,,,MILKY MIST DAIRY FOOD L,318.80,335.15,318.80,335.15,335.15,319.20,,335.15,,,2326916,774237043.70,14431,F1,1,,,,,
2026-10-07,2026-10-07,CM,NSE,STK,765118,INE097E01028,MINALIND,BE,,,,,MINAL INDUSTRIES LTD.,4.09,4.09,4.09,4.09,4.09,4.17,,4.13,,,2369,9689.21,14,F1,1,,,,,
2026-10-07,2026-10-07,CM,NSE,STK,25897,INE842C01021,MINDACORP,EQ,,,,,MINDA CORPORATION LTD,657.00,657.00,636.80,639.45,638.00,659.60,,639.45,,,280732,180977989.00,9427,F1,1,,,,,
2026-10-07,2026-10-07,CM,NSE,STK,22308,INE0CCU25019,MINDSPACE,RR,,,,,MINDSPACE BUSINESS P REIT,495.76,498.80,491.51,493.59,493.51,496.63,,493.60,,,168489,83426496.64,11055,F1,1,,,,,
2026-10-07,2026-10-07,CM,NSE,STK,18049,INE110B01017,MINDTECK,EQ,,,,,MINDTECK (INDIA) LIMITED,145.00,146.90,137.59,140.12,139.90,143.72,,140.10,,,90917,12787181.75,2096,F1,1,,,,,
2026-10-07,2026-10-07,CM,NSE,STK,19640,INF769K01KU7,ALPHAETF,EQ,,,,,MIRAEAMC - ALPHAETF,25.37,25.61,25.37,25.49,25.50,25.61,,25.48,,,221770,5654514.68,804,F1,1,,,,,
2026-10-07,2026-10-07,CM,NSE,STK,17419,INF769K01KR3,BANKETF,EQ,,,,,MIRAEAMC - BANKETF,559.58,563.99,557.55,561.26,561.02,561.20,,561.29,,,56453,31658935.79,1193,F1,1,,,,,
2026-10-07,2026-10-07,CM,NSE,STK,25725,INF769K01LZ4,BANKPSU,EQ,,,,,MIRAEAMC - BANKPSU,78.58,81.74,78.58,81.60,81.64,80.60,,81.60,,,24524,1989836.82,77,F1,1,,,,,
2026-10-07,2026-10-07,CM,NSE,STK,28969,INF769K01NS5,CONSUMER,EQ,,,,,MIRAEAMC - CONSUMER,11.33,11.34,11.24,11.26,11.28,11.31,,11.26,,,47616,536894.06,234,F1,1,,,,,
2026-10-07,2026-10-07,CM,NSE,STK,761046,INF769K01QC2,DEFENCE,EQ,,,,,MIRAEAMC - DEFENCE,77.96,77.96,76.80,76.96,76.97,78.10,,76.96,,,192836,14869294.86,888,F1,1,,,,,
2026-10-07,2026-10-07,CM,NSE,STK,760412,INF769K01PY8,DIVIDEND,EQ,,,,,MIRAEAMC - DIVIDEND,32.89,33.77,32.89,33.54,33.54,33.74,,33.54,,,2894,97256.13,66,F1,1,,,,,
2026-10-07,2026-10-07,CM,NSE,STK,759780,INF769K01PR2,ENERGY,EQ,,,,,MIRAEAMC - ENERGY,36.27,37.95,36.27,36.98,37.04,37.21,,36.98,,,133804,4959777.73,988,F1,1,,,,,
2026-10-07,2026-10-07,CM,NSE,STK,30121,INF769K01OA1,EQUAL200,EQ,,,,,MIRAEAMC - EQUAL200,13.11,13.12,13.00,13.03,13.04,13.13,,13.03,,,28794,376110.47,80,F1,1,,,,,
2026-10-07,2026-10-07,CM,NSE,STK,757142,INF769K01OO2,EQUAL50,EQ,,,,,MIRAEAMC - EQUAL50,311.25,312.02,309.50,310.32,310.73,312.60,,310.32,,,20284,6313938.69,61,F1,1,,,,,
2026-10-07,2026-10-07,CM,NSE,STK,24461,INF769K01LQ3,EVINDIA,EQ,,,,,MIRAEAMC - EVINDIA,31.30,31.30,29.92,30.07,30.08,30.28,,30.06,,,102330,3080951.80,1531,F1,1,,,,,
2026-10-07,2026-10-07,CM,NSE,STK,760986,INF769K01QA6,HEALTHCARE,EQ,,,,,MIRAEAMC - HEALTHCARE,21.44,22.35,20.97,21.04,21.05,21.02,,21.04,,,44054,926928.31,196,F1,1,,,,,
2026-10-07,2026-10-07,CM,NSE,STK,764333,INF769K01RJ5,HYBRIDETF,EQ,,,,,MIRAEAMC - HYBRIDETF,9.86,9.86,9.81,9.84,9.84,9.83,,9.84,,,2500,24618.44,34,F1,1,,,,,
2026-10-07,2026-10-07,CM,NSE,STK,761030,INF769K01QB4,INFRA,EQ,,,,,MIRAEAMC - INFRA,11.58,11.58,11.45,11.47,11.49,11.59,,11.47,,,8575,98827.75,197,F1,1,,,,,
2026-10-07,2026-10-07,CM,NSE,STK,758595,INF769K01PB6,INTERNET,EQ,,,,,MIRAEAMC - INTERNET,13.77,13.97,13.72,13.86,13.86,13.78,,13.87,,,317024,4406051.29,219,F1,1,,,,,
2026-10-07,2026-10-07,CM,NSE,STK,19633,INF769K01KV5,ITETF,EQ,,,,,MIRAEAMC - ITETF,30.12,30.12,29.41,29.48,29.48,29.72,,29.48,,,225664,6671781.68,677,F1,1,,,,,
2026-10-07,2026-10-07,CM,NSE,STK,765313,INF769K01RK3,LARGEMID50,EQ,,,,,MIRAEAMC - LARGEMID50,34.36,34.53,34.28,34.37,34.37,34.63,,34.37,,,2113,72671.38,16,F1,1,,,,,
2026-10-07,2026-10-07,CM,NSE,STK,17572,INF769K01KS1,LIQUID,EQ,,,,,MIRAEAMC - LIQUID,1004.99,1004.99,999.99,999.99,999.99,999.99,,999.99,,,138344,138343758.21,179,F1,1,,,,,
2026-10-07,2026-10-07,CM,NSE,STK,27075,INF769K01MY5,LIQUIDPLUS,EQ,,,,,MIRAEAMC - LIQUIDPLUS,1106.46,1106.48,1106.46,1106.47,1106.48,1106.32,,1106.47,,,309194,342112797.35,270,F1,1,,,,,
2026-10-07,2026-10-07,CM,NSE,STK,1200,INF769K01GS9,ESG,EQ,,,,,MIRAEAMC - MAESGETF,39.85,39.85,38.61,38.73,38.73,38.88,,38.74,,,9054,350692.30,67,F1,1,,,,,
2026-10-07,2026-10-07,CM,NSE,STK,3507,INF769K01HF4,MAFANG,EQ,,,,,MIRAEAMC - MAFANG,280.40,297.00,276.13,295.01,296.00,276.13,,295.04,,,1807873,526355266.27,34916,F1,1,,,,,
2026-10-07,2026-10-07,CM,NSE,STK,5220,INF769K01HI8,BFSI,EQ,,,,,MIRAEAMC - MAFSETF,26.54,26.54,25.77,25.99,26.01,25.90,,25.99,,,149135,3868036.50,560,F1,1,,,,,
2026-10-07,2026-10-07,CM,NSE,STK,14286,INF769K01JP9,GOLDETF,EQ,,,,,MIRAEAMC - MAGOLDETF,142.88,142.96,142.46,142.57,142.51,142.99,,142.57,,,471931,67323607.41,9195,F1,1,,,,,
2026-10-07,2026-10-07,CM,NSE,STK,14938,INF769K01KF8,GSEC10YEAR,EQ,,,,,MIRAEAMC - MAGS813ETF,29.80,32.76,29.80,30.38,30.50,29.79,,30.38,,,35846,1088899.96,73,F1,1,,,,,
2026-10-07,2026-10-07,CM,NSE,STK,7074,INF769K01HS7,MAHKTECH,EQ,,,,,MIRAEAMC - MAHKTECH,22.45,23.25,22.20,23.00,23.02,22.25,,23.00,,,1477196,33948633.90,5851,F1,1,,,,,
2026-10-07,2026-10-07,CM,NSE,STK,8413,INF769K01IC9,MIDCAPETF,EQ,,,,,MIRAEAMC - MAM150ETF,22.98,23.00,22.28,22.34,22.36,22.42,,22.34,,,2046221,45797899.89,5105,F1,1,,,,,
2026-10-07,2026-10-07,CM,NSE,STK,7979,INF769K01IB1,MAKEINDIA,EQ,,,,,MIRAEAMC - MAMFGETF,157.00,157.00,154.81,155.25,155.34,157.00,,155.25,,,23264,3615270.30,527,F1,1,,,,,
2026-10-07,2026-10-07,CM,NSE,STK,6353,INF769K01EG9,NIFTYETF,EQ,,,,,MIRAEAMC - MAN50ETF,253.76,253.76,245.74,246.38,246.49,247.58,,246.38,,,424784,104867392.53,2120,F1,1,,,,,
2026-10-07,2026-10-07,CM,NSE,STK,14786,INF769K01JU9,LOWVOL,EQ,,,,,MIRAEAMC - MANV30F,192.83,192.87,191.97,192.52,192.52,193.43,,192.52,,,911,175337.70,13,F1,1,,,,,
2026-10-07,2026-10-07,CM,NSE,STK,17181,INF769K01FN2,NEXT50,EQ,,,,,MIRAEAMC - MANXT50,719.99,727.23,715.75,718.03,718.12,723.61,,718.03,,,34559,24848264.47,4025,F1,1,,,,,
2026-10-07,2026-10-07,CM,NSE,STK,16777,INF769K01KG6,SILVERAG,EQ,,,,,MIRAEAMC - MASILVER,214.75,214.75,212.68,212.92,213.24,214.75,,212.92,,,102052,21762343.51,1705,F1,1,,,,,
2026-10-07,2026-10-07,CM,NSE,STK,5782,INF769K01HP3,MASPTOP50,EQ,,,,,MIRAEAMC - MASPTOP50,113.82,118.00,111.32,116.81,117.88,111.05,,116.80,,,1568731,182119162.27,16198,F1,1,,,,,
2026-10-07,2026-10-07,CM,NSE,STK,25744,INF769K01LY7,METAL,EQ,,,,,MIRAEAMC - METAL,12.99,12.99,12.42,12.46,12.45,12.72,,12.46,,,2702556,33765249.97,8474,F1,1,,,,,
2026-10-07,2026-10-07,CM,NSE,STK,23855,INF769K01LJ8,MIDSMALL,EQ,,,,,MIRAEAMC - MIDSMALL,50.45,50.45,49.89,50.30,50.31,50.32,,50.30,,,195314,9792972.42,1252,F1,1,,,,,
2026-10-07,2026-10-07,CM,NSE,STK,764198,INF769K01RC0,MOMMIDCAP,EQ,,,,,MIRAEAMC - MOMMIDCAP,12.49,12.63,12.49,12.56,12.57,12.61,,12.56,,,665148,8361947.57,363,F1,1,,,,,
2026-10-07,2026-10-07,CM,NSE,STK,25080,INF769K01LX9,MULTICAP,EQ,,,,,MIRAEAMC - MULTICAP,16.21,16.21,15.90,15.95,15.97,16.02,,15.95,,,84694,1353687.05,496,F1,1,,,,,
2026-10-07,2026-10-07,CM,NSE,STK,30109,INF769K01ON4,SELECTIPO,EQ,,,,,MIRAEAMC - SELECTIPO,46.47,46.88,46.41,46.55,46.47,46.64,,46.55,,,29492,1376117.18,113,F1,1,,,,,
2026-10-07,2026-10-07,CM,NSE,STK,19224,INF769K01KT9,SENSEXETF,EQ,,,,,MIRAEAMC - SENSEXETF,75.31,75.46,74.86,75.05,75.12,75.41,,75.06,,,38979,2927908.42,314,F1,1,,,,,
2026-10-07,2026-10-07,CM,NSE,STK,759814,INF769K01PQ4,SMALL250,EQ,,,,,MIRAEAMC - SMALL250,17.86,18.03,17.77,17.93,17.94,17.96,,17.93,,,648384,11639888.58,696,F1,1,,,,,
2026-10-07,2026-10-07,CM,NSE,STK,22832,INF769K01LC3,SMALLCAP,EQ,,,,,MIRAEAMC - SMALLCAP,49.20,49.20,47.53,48.45,48.47,48.24,,48.45,,,1047947,50678329.33,2849,F1,1,,,,,
2026-10-07,2026-10-07,CM,NSE,STK,760415,INF769K01PZ5,TOP20,EQ,,,,,MIRAEAMC - TOP20,8.40,8.41,8.34,8.35,8.36,8.40,,8.35,,,12952,108440.82,146,F1,1,,,,,
2026-10-07,2026-10-07,CM,NSE,STK,761511,INF769K01QV2,VALUE,EQ,,,,,MIRAEAMC - VALUE,15.24,15.24,15.09,15.14,15.16,15.25,,15.14,,,22990,348512.70,117,F1,1,,,,,
2026-10-07,2026-10-07,CM,NSE,STK,4394,INE771A01026,MIRZAINT,EQ,,,,,MIRZA INTERNATIONAL LIMIT,27.40,28.04,27.40,27.85,27.80,27.72,,27.85,,,31847,888134.44,378,F1,1,,,,,
2026-10-07,2026-10-07,CM,NSE,STK,2463,INE099Z01011,MIDHANI,EQ,,,,,MISHRA DHATU NIGAM LTD,458.35,462.00,452.60,458.70,456.50,462.35,,458.69,,,942710,431514275.70,24571,F1,1,,,,,
2026-10-07,2026-10-07,CM,NSE,STK,8469,INE828O01033,MITCON,EQ,,,,,MITCON CON & ENG SER LTD,79.35,79.98,76.74,78.49,78.50,79.35,,78.49,,,5529,432854.48,89,F1,1,,,,,
2026-10-07,2026-10-07,CM,NSE,STK,18562,INE997Y01027,MITTAL,EQ,,,,,MITTAL LIFE STYLE LIMITED,0.71,0.73,0.71,0.72,0.73,0.71,,0.72,,,400267,286813.76,215,F1,1,,,,,
2026-10-07,2026-10-07,CM,NSE,STK,13844,INE227C01017,MMFL,EQ,,,,,MM FORGINGS LTD,579.45,583.10,560.00,566.05,567.90,579.15,,566.29,,,36751,20861026.95,2543,F1,1,,,,,
2026-10-07,2026-10-07,CM,NSE,STK,16395,INE511Y01018,MMP,EQ,,,,,MMP INDUSTRIES LIMITED,485.00,504.00,470.60,498.80,500.00,480.55,,498.80,,,191291,94279013.80,9551,F1,1,,,,,
2026-10-07,2026-10-07,CM,NSE,STK,17957,INE123F01029,MMTC,EQ,,,,,MMTC LIMITED,57.46,57.46,55.96,56.20,56.11,57.01,,56.20,,,650861,36691818.06,6963,F1,1,,,,,
2026-10-07,2026-10-07,CM,NSE,STK,2241,INE794W01014,MODTHREAD,EQ,,,,,MODERN THREADS INDIA LTD,46.98,50.98,45.20,45.21,45.21,48.99,,45.26,,,2248,107838.29,49,F1,1,,,,,
2026-10-07,2026-10-07,CM,NSE,STK,760277,INE537F01012,MODINATUR,EQ,,,,,MODI NATURALS LIMITED,319.90,326.70,295.00,299.60,299.00,317.50,,299.60,,,21897,6698516.45,684,F1,1,,,,,
2026-10-07,2026-10-07,CM,NSE,STK,2229,INE832A01018,MODIRUBBER,EQ,,,,,MODI RUBBER LTD,122.49,122.50,118.40,118.87,119.50,118.58,,118.87,,,2663,322122.29,42,F1,1,,,,,
2026-10-07,2026-10-07,CM,NSE,STK,759752,INE0L0L01012,MODIS,EQ,,,,,MODIS NAVNIRMAN LTD,381.10,385.00,375.65,382.80,385.00,380.85,,382.80,,,16179,6163282.35,489,F1,1,,,,,
2026-10-07,2026-10-07,CM,NSE,STK,3325,INE737D01021,MODISONLTD,BE,,,,,MODISON LIMITED,497.00,506.00,480.00,488.80,490.00,491.30,,488.24,,,44662,21942645.40,1085,F1,1,,,,,
2026-10-07,2026-10-07,CM,NSE,STK,29423,INE954E01012,MOHITIND,EQ,,,,,MOHIT INDUSTRIES LTD,23.45,23.59,22.28,22.57,22.70,22.78,,22.57,,,3094,70429.63,105,F1,1,,,,,
2026-10-07,2026-10-07,CM,NSE,STK,765130,INE154B01023,MOHITE,EQ,,,,,MOHITE INDUSTRIES LTD.,2.54,2.54,2.42,2.47,2.48,2.49,,2.47,,,13164,32578.35,70,F1,1,,,,,
2026-10-07,2026-10-07,CM,NSE,STK,20830,INE490G01020,MOIL,EQ,,,,,MOIL LIMITED,238.50,238.80,235.42,236.40,236.50,239.20,,236.40,,,206935,49001369.52,4854,F1,1,,,,,
2026-10-07,2026-10-07,CM,NSE,STK,3586,INE514Y01020,MOKSH,EQ,,,,,MOKSH ORNAMENTS LIMITED,9.50,9.57,9.30,9.52,9.54,9.31,,9.52,,,29775,282049.33,169,F1,1,,,,,
2026-10-07,2026-10-07,CM,NSE,STK,764548,INE869T01028,MOLBIO,EQ,,,,,MOLBIO DIAGNOSTICS LTD,1499.00,1559.90,1496.40,1544.70,1554.00,1501.10,,1544.66,,,1450584,2227950337.20,90266,F1,1,,,,,
2026-10-07,2026-10-07,CM,NSE,STK,6713,INE893J01029,MOLDTKPAC,EQ,,,,,MOLD-TEK PACKAGING LTD,679.90,690.10,654.95,667.20,664.20,678.00,,667.21,,,124269,83339318.50,7177,F1,1,,,,,
2026-10-07,2026-10-07,CM,NSE,STK,17629,INE835B01035,MOLDTECH,BE,,,,,MOLD-TEK TECHNOLOGIES LTD,221.10,222.00,215.00,220.99,220.00,216.72,,220.77,,,64307,14051973.60,1097,F1,1,,,,,
2026-10-07,2026-10-07,CM,NSE,STK,7679,INE903D01011,MONARCH,EQ,,,,,MONARCH NETWORTH CAP LTD,346.95,350.85,343.15,347.15,345.45,344.65,,347.15,,,26938,9348582.35,1245,F1,1,,,,,
2026-10-07,2026-10-07,CM,NSE,STK,759384,INE296Q01012,MONEYBOXX,BE,,,,,MONEYBOXX FINANCE LIMITED,51.88,53.75,51.88,52.72,53.00,53.48,,53.00,,,6871,361734.08,53,F1,1,,,,,
2026-10-07,2026-10-07,CM,NSE,STK,766325,INE0PTN01011,MONEYVIEW,EQ,,,,,MONEYVIEW LIMITED,50.60,60.60,49.33,60.46,60.60,50.50,,60.46,,,424471169,23842596620.75,701932,F1,1,,,,,
2026-10-07,2026-10-07,CM,NSE,STK,18392,INE0OIP01012,MONOPHARMA,SM,,,,,MONO PHARMACARE LIMITED,8.05,8.40,8.05,8.40,8.40,8.30,,8.40,,,6000,49100.00,3,F1,2000,,,,,
2026-10-07,2026-10-07,CM,NSE,STK,756958,INE1DV401010,MONOLITH,SM,,,,,MONOLITHISCH INDIA LTD,1278.95,1310.00,1220.05,1271.95,1279.90,1239.85,,1271.95,,,33500,42598087.50,123,F1,250,,,,,
2026-10-07,2026-10-07,CM,NSE,STK,5938,INE950M01013,MONTECARLO,EQ,,,,,MONTE CARLO FASHIONS LTD.,527.40,529.00,519.20,525.70,524.00,524.30,,525.71,,,25560,13404862.35,1548,F1,1,,,,,
2026-10-07,2026-10-07,CM,NSE,STK,2259,INE083A01026,MOREPENLAB,EQ,,,,,MOREPEN LAB. LTD,145.30,150.70,145.14,146.97,147.51,143.96,,146.96,,,19889954,2947312904.51,91826,F1,1,,,,,
2026-10-07,2026-10-07,CM,NSE,STK,15051,INE0N7S01028,MOS,SM,,,,,MOS UTILITY LIMITED,5.90,6.30,5.70,6.30,6.30,6.00,,6.30,,,468000,2862400.00,77,F1,4000,,,,,
2026-10-07,2026-10-07,CM,NSE,STK,29459,INE935B01025,MOSCHIP,EQ,,,,,MOSCHIP TECHNOLOGIES LTD,197.90,197.94,194.61,195.20,194.94,197.70,,195.21,,,800419,156733912.51,11881,F1,1,,,,,
2026-10-07,2026-10-07,CM,NSE,STK,8596,INE0FS801015,MSUMI,EQ,,,,,MOTHERSON SUMI WRNG IND L,33.25,33.69,32.96,33.57,33.64,33.31,,33.57,,,9270659,309779275.27,29179,F1,1,,,,,
2026-10-07,2026-10-07,CM,NSE,STK,21423,INF247L01023,MOM100,EQ,,,,,MOTILAL OS MIDCAP100 ETF,64.75,64.75,63.90,64.14,64.34,64.60,,64.14,,,229691,14763654.63,2400,F1,1,,,,,
2026-10-07,2026-10-07,CM,NSE,STK,22739,INF247L01AP3,MON100,EQ,,,,,MOTILAL OS NASDAQ100 ETF,338.69,338.69,331.00,332.06,331.64,330.43,,332.08,,,903342,300494834.51,18259,F1,1,,,,,
2026-10-07,2026-10-07,CM,NSE,STK,14947,INE338I01027,MOTILALOFS,EQ,,,,,MOTILAL OSWAL FIN LTD,1080.00,1090.25,1059.70,1067.90,1067.90,1081.15,,1067.86,,,1232877,1325778860.85,38246,F1,1,,,,,
2026-10-07,2026-10-07,CM,NSE,STK,19289,INF247L01536,MOM50,EQ,,,,,MOTILAL OSWAL M50 ETF,238.05,238.23,235.85,236.09,235.85,238.46,,236.11,,,5672,1343708.80,128,F1,1,,,,,
2026-10-07,2026-10-07,CM,NSE,STK,1507,INF247L01AK4,MOGSEC,EQ,,,,,MOTILALAMC - G5,64.95,65.21,60.83,64.87,62.50,64.86,,64.87,,,114334,7410181.68,76,F1,1,,,,,
2026-10-07,2026-10-07,CM,NSE,STK,757669,INF247L01FR8,MOALPHA50,EQ,,,,,MOTILALAMC - MOALPHA50,54.70,55.06,54.55,54.91,54.99,54.34,,54.91,,,13783,757778.16,81,F1,1,,,,,
2026-10-07,2026-10-07,CM,NSE,STK,761693,INF247L01GV8,MOBANK10,EQ,,,,,MOTILALAMC - MOBANK10,16.30,16.41,16.22,16.25,16.25,16.43,,16.25,,,6503,106065.79,69,F1,1,,,,,
2026-10-07,2026-10-07,CM,NSE,STK,30065,INF247L01EV3,MOCAPITAL,EQ,,,,,MOTILALAMC - MOCAPITAL,52.84,53.29,52.35,52.91,53.03,52.89,,52.91,,,708911,37545886.53,2306,F1,1,,,,,
2026-10-07,2026-10-07,CM,NSE,STK,24944,INF247L01DJ0,MODEFENCE,EQ,,,,,MOTILALAMC - MODEFENCE,102.41,102.41,100.64,100.93,101.15,102.41,,100.92,,,843928,85625877.25,6704,F1,1,,,,,
2026-10-07,2026-10-07,CM,NSE,STK,759374,INF247L01GH7,MOENERGY,EQ,,,,,MOTILALAMC - MOENERGY,37.15,37.17,36.62,36.81,36.96,37.11,,36.81,,,123817,4569057.80,558,F1,1,,,,,
2026-10-07,2026-10-07,CM,NSE,STK,757791,INF247L01FY4,MOGOLD,EQ,,,,,MOTILALAMC - MOGOLD,145.90,145.90,144.70,144.95,145.10,145.35,,145.01,,,17936,2602397.35,236,F1,1,,,,,
2026-10-07,2026-10-07,CM,NSE,STK,10508,INF247L01BB1,MOHEALTH,EQ,,,,,MOTILALAMC - MOHEALTH,51.85,51.85,50.34,50.39,50.40,50.86,,50.34,,,24333,1229157.29,463,F1,1,,,,,
2026-10-07,2026-10-07,CM,NSE,STK,757031,INF247L01FL1,MOINFRA,EQ,,,,,MOTILALAMC - MOINFRA,56.77,57.00,55.92,56.18,57.00,56.67,,56.18,,,1784,100297.86,54,F1,1,,,,,
2026-10-07,2026-10-07,CM,NSE,STK,759891,INF247L01GI5,MOIPO,EQ,,,,,MOTILALAMC - MOIPO,46.53,46.94,46.14,46.71,46.71,46.74,,46.71,,,43101,2006995.99,45,F1,1,,,,,
2026-10-07,2026-10-07,CM,NSE,STK,8654,INF247L01BL0,MOLOWVOL,EQ,,,,,MOTILALAMC - MOLOWVOL,34.25,34.29,33.99,34.17,34.17,34.25,,34.10,,,200296,6810264.14,44,F1,1,,,,,
2026-10-07,2026-10-07,CM,NSE,STK,25606,INF247L01DK8,MOMENTUM50,EQ,,,,,MOTILALAMC - MOMENTUM50,53.50,53.50,52.82,52.97,53.00,53.24,,52.97,,,307418,16311688.07,14176,F1,1,,,,,
2026-10-07,2026-10-07,CM,NSE,STK,764402,INF247L01HG7,MOMETAL,EQ,,,,,MOTILALAMC - MOMETAL,12.60,12.62,12.32,12.35,12.38,12.62,,12.35,,,67825,841363.20,189,F1,1,,,,,
2026-10-07,2026-10-07,CM,NSE,STK,757099,INF247L01FK3,MOMGF,EQ,,,,,MOTILALAMC - MOMGF,153.08,153.27,151.95,152.85,152.92,153.92,,152.85,,,271,41344.43,27,F1,1,,,,,
2026-10-07,2026-10-07,CM,NSE,STK,757817,INF247L01FQ0,MOMIDMTM,EQ,,,,,MOTILALAMC - MOMIDMTM,62.45,62.51,61.86,62.23,62.51,62.14,,62.23,,,35623,2211781.58,210,F1,1,,,,,
2026-10-07,2026-10-07,CM,NSE,STK,760054,INF247L01GK1,MOMNC,EQ,,,,,MOTILALAMC - MOMNC,30.28,30.36,30.12,30.18,30.18,30.72,,30.18,,,1515,45842.47,27,F1,1,,,,,
2026-10-07,2026-10-07,CM,NSE,STK,8182,INF247L01BK2,MOMOMENTUM,EQ,,,,,MOTILALAMC - MOMOMENTUM,60.72,60.72,59.78,59.98,59.78,60.72,,59.98,,,32652,1964354.65,391,F1,1,,,,,
2026-10-07,2026-10-07,CM,NSE,STK,756900,INF247L01FC0,MON50EQUAL,EQ,,,,,MOTILALAMC - MON50EQUAL,31.85,31.85,31.10,31.15,31.28,31.79,,31.15,,,37853,1179616.31,126,F1,1,,,,,
2026-10-07,2026-10-07,CM,NSE,STK,757167,INF247L01FD8,MONEXT50,EQ,,,,,MOTILALAMC - MONEXT50,70.14,70.14,69.22,69.51,69.51,69.80,,69.51,,,3439,239731.08,40,F1,1,,,,,
2026-10-07,2026-10-07,CM,NSE,STK,759371,INF247L01GG9,MONIFTY100,EQ,,,,,MOTILALAMC - MONIFTY100,23.31,24.13,23.31,23.84,23.80,23.91,,23.84,,,24568,585367.86,83,F1,1,,,,,
2026-10-07,2026-10-07,CM,NSE,STK,19237,INF247L01BU1,MONIFTY500,EQ,,,,,MOTILALAMC - MONIFTY500,23.30,23.30,22.54,22.59,22.69,22.74,,22.59,,,473388,10717832.65,1513,F1,1,,,,,
2026-10-07,2026-10-07,CM,NSE,STK,7422,INF247L01AU3,MONQ50,EQ,,,,,MOTILALAMC - MONQ50,223.90,263.04,219.50,258.57,256.00,219.20,,258.36,,,2886068,704740397.90,45877,F1,1,,,,,
2026-10-07,2026-10-07,CM,NSE,STK,764405,INF247L01HH5,MOOILGAS,EQ,,,,,MOTILALAMC - MOOILGAS,10.74,11.15,10.58,10.98,10.70,10.74,,10.98,,,7581,81050.66,69,F1,1,,,,,
2026-10-07,2026-10-07,CM,NSE,STK,757431,INF247L01FO5,MOPSE,EQ,,,,,MOTILALAMC - MOPSE,95.35,96.90,94.41,95.53,94.82,94.99,,95.53,,,141,13449.21,10,F1,1,,,,,
2026-10-07,2026-10-07,CM,NSE,STK,10822,INF247L01BH8,MOQUALITY,EQ,,,,,MOTILALAMC - MOQUALITY,191.38,191.38,187.60,188.19,188.69,191.38,,190.54,,,1042,196095.37,67,F1,1,,,,,
2026-10-07,2026-10-07,CM,NSE,STK,23184,INF247L01CI4,MOREALTY,EQ,,,,,MOTILALAMC - MOREALTY,83.96,84.02,82.55,82.77,82.90,83.96,,82.77,,,264689,21999568.34,1872,F1,1,,,,,
2026-10-07,2026-10-07,CM,NSE,STK,760001,INF247L01GJ3,MOSERVICE,EQ,,,,,MOTILALAMC - MOSERVICE,29.30,29.46,29.21,29.25,29.25,29.33,,29.25,,,1645,48149.38,56,F1,1,,,,,
2026-10-07,2026-10-07,CM,NSE,STK,758457,INF247L01FZ1,MOSILVER,EQ,,,,,MOTILALAMC - MOSILVER,218.58,218.58,216.01,216.16,216.05,218.15,,216.15,,,19408,4209105.45,1090,F1,1,,,,,
2026-10-07,2026-10-07,CM,NSE,STK,23181,INF247L01CH6,MOSMALL250,EQ,,,,,MOTILALAMC - MOSMALL250,18.39,18.39,17.78,17.95,17.97,17.95,,17.95,,,959527,17245978.45,1776,F1,1,,,,,
2026-10-07,2026-10-07,CM,NSE,STK,757443,INF247L01FP2,MOTOUR,EQ,,,,,MOTILALAMC - MOTOUR,76.84,77.10,75.99,76.15,75.99,76.55,,76.15,,,6633,506995.51,107,F1,1,,,,,
2026-10-07,2026-10-07,CM,NSE,STK,10825,INF247L01BE5,MOVALUE,EQ,,,,,MOTILALAMC - MOVALUE,107.39,107.39,106.01,106.50,106.27,106.86,,106.51,,,75533,8041168.70,653,F1,1,,,,,
2026-10-07,2026-10-07,CM,NSE,STK,20788,INE0FRK01020,MOTISONS,EQ,,,,,MOTISONS JEWELLERS LTD,17.70,17.85,17.52,17.68,17.67,17.61,,17.68,,,12310506,217902034.08,11816,F1,1,,,,,
2026-10-07,2026-10-07,CM,NSE,STK,2268,INE861B01023,MOTOGENFIN,EQ,,,,,MOTOR & GENERAL FINANCE L,26.29,26.29,25.06,25.30,25.89,25.77,,25.51,,,769,19687.11,46,F1,1,,,,,
2026-10-07,2026-10-07,CM,NSE,STK,757810,INE0XM301010,MMEL,SM,,,,,MOVING MEDIA ENTER LTD,25.50,25.50,25.50,25.50,25.50,27.00,,25.50,,,2000,51000.00,1,F1,2000,,,,,
2026-10-07,2026-10-07,CM,NSE,STK,765138,INE493H01014,MPDL,BE,,,,,MPDL LTD.,27.75,27.75,26.00,26.00,26.00,27.33,,26.00,,,1101,28801.00,6,F1,1,,,,,
2026-10-07,2026-10-07,CM,NSE,STK,4503,INE356A01018,MPHASIS,EQ,,,,,MPHASIS LIMITED,2307.40,2317.70,2274.60,2289.00,2289.00,2298.00,,2289.00,,,277155,635024907.70,20155,F1,1,,,,,
2026-10-07,2026-10-07,CM,NSE,STK,10578,INE943D01017,MPSLTD,EQ,,,,,MPS LIMITED,2683.90,2748.40,2655.10,2697.10,2681.00,2681.20,,2696.98,,,11251,30373954.50,2311,F1,1,,,,,
2026-10-07,2026-10-07,CM,NSE,STK,2277,INE883A01011,MRF,EQ,,,,,MRF LTD,123800.00,123825.00,123000.00,123075.00,123100.00,124080.00,,123076.07,,,2173,267766025.00,1829,F1,1,,,,,
2026-10-07,2026-10-07,CM,NSE,STK,2283,INE103A01014,MRPL,EQ,,,,,MRPL,174.71,184.39,174.26,182.86,182.80,174.72,,182.86,,,23675207,4300376994.90,132348,F1,1,,,,,
2026-10-07,2026-10-07,CM,NSE,STK,1628,INE495P01020,BECTORFOOD,EQ,,,,,MRS BECTORS FOOD SPE LTD,212.00,212.65,208.83,211.07,211.00,212.16,,211.02,,,1387522,292875745.93,16272,F1,1,,,,,
2026-10-07,2026-10-07,CM,NSE,STK,11919,INE752G01015,MSPL,EQ,,,,,MSP STEEL & POWER LTD.,32.19,32.50,30.80,30.95,30.91,32.34,,30.95,,,1440578,45026779.69,4005,F1,1,,,,,
2026-10-07,2026-10-07,CM,NSE,STK,9356,INE255X01014,MSTCLTD,EQ,,,,,MSTC LIMITED,712.95,718.15,695.00,698.75,696.30,714.30,,698.76,,,105257,74410405.70,5420,F1,1,,,,,
2026-10-07,2026-10-07,CM,NSE,STK,31413,INE472M01018,MTEDUCARE,BE,,,,,MT EDUCARE LTD,1.68,1.71,1.58,1.65,1.69,1.63,,1.65,,,34960,58716.53,68,F1,1,,,,,
2026-10-07,2026-10-07,CM,NSE,STK,2715,INE864I01014,MTARTECH,BE,,,,,MTAR TECHNOLOGIES LIMITED,7698.00,7896.00,7600.00,7864.50,7885.00,7718.50,,7864.29,,,111087,868770435.00,16154,F1,1,,,,,
2026-10-07,2026-10-07,CM,NSE,STK,19783,INE08KJ01020,MUFIN,EQ,,,,,MUFIN GREEN FINANCE LTD,136.00,137.50,132.01,135.17,135.50,135.17,,135.17,,,2030615,275021844.40,8631,F1,1,,,,,
2026-10-07,2026-10-07,CM,NSE,STK,11325,INE304A01026,MUKANDLTD,EQ,,,,,MUKAND LTD.,179.91,190.70,179.80,185.92,185.00,181.55,,185.91,,,781279,145759809.81,11001,F1,1,,,,,
2026-10-07,2026-10-07,CM,NSE,STK,764788,INE596B01017,MUKESHB,EQ,,,,,MUKESH BABU FINANC SER L,123.00,123.00,123.00,123.00,123.00,128.00,,124.00,,,27,3321.00,1,F1,1,,,,,
2026-10-07,2026-10-07,CM,NSE,STK,22981,INE0CG401037,MUKKA,BE,,,,,MUKKA PROTEINS LIMITED,27.20,27.90,26.40,26.94,26.82,26.97,,26.94,,,209121,5661069.29,706,F1,1,,,,,
2026-10-07,2026-10-07,CM,NSE,STK,8687,INE374B01019,MUKTAARTS,EQ,,,,,MUKTA ARTS LIMITED,57.75,57.75,55.11,56.50,56.50,57.04,,57.36,,,821,45570.97,19,F1,1,,,,,
2026-10-07,2026-10-07,CM,NSE,STK,31181,INE745G01043,MCX,EQ,,,,,MULTI COMMODITY EXCHANGE,3305.00,3374.60,3267.80,3362.60,3362.60,3310.00,,3362.56,,,2369566,7902332808.50,151038,F1,1,,,,,
2026-10-07,2026-10-07,CM,NSE,STK,759416,INE1K8Y01018,MUNISH,SM,,,,,MUNISH FORGE LIMITED,85.05,90.00,85.00,90.00,90.00,86.45,,90.00,,,7200,618060.00,3,F1,1200,,,,,
2026-10-07,2026-10-07,CM,NSE,STK,13511,INE672B01032,MUNJALAU,EQ,,,,,MUNJAL AUTO IND. LTD.,105.33,107.88,104.51,105.44,105.11,105.33,,105.44,,,284403,30206333.15,5325,F1,1,,,,,
2026-10-07,2026-10-07,CM,NSE,STK,2307,INE577A01027,MUNJALSHOW,EQ,,,,,MUNJAL SHOWA LTD,124.82,127.50,122.81,125.58,125.88,124.82,,125.58,,,19287,2417385.43,546,F1,1,,,,,
2026-10-07,2026-10-07,CM,NSE,STK,2313,INE692B01014,MURUDCERA,EQ,,,,,MURUDESHWAR CERAMICS LTD,27.41,28.45,27.41,27.97,27.99,27.97,,27.97,,,4833,135047.48,83,F1,1,,,,,
2026-10-07,2026-10-07,CM,NSE,STK,19877,INE919I01024,RADIOCITY,EQ,,,,,MUSIC BROADCAST LIMITED,6.04,6.04,5.81,5.87,5.84,6.01,,5.85,,,24410,143385.82,155,F1,1,,,,,
2026-10-07,2026-10-07,CM,NSE,STK,10415,INE296G01013,MUTHOOTCAP,EQ,,,,,MUTHOOT CAP SERV LTD,214.00,218.00,209.01,213.53,216.30,216.42,,213.54,,,11849,2516156.25,491,F1,1,,,,,
2026-10-07,2026-10-07,CM,NSE,STK,23650,INE414G01012,MUTHOOTFIN,EQ,,,,,MUTHOOT FINANCE LIMITED,2695.20,2695.20,2639.30,2654.40,2654.40,2686.00,,2654.40,,,629510,1674738131.10,38080,F1,1,,,,,
2026-10-07,2026-10-07,CM,NSE,STK,20831,INE046W01019,MUTHOOTMF,EQ,,,,,MUTHOOT MICROFIN LIMITED,176.50,177.03,171.00,172.91,173.35,176.76,,172.90,,,183906,31984861.22,4591,F1,1,,,,,
2026-10-07,2026-10-07,CM,NSE,STK,764397,INE0OWZ01020,MVELECTRO,EQ,,,,,MV ELECTROSYSTEMS LIMITED,936.35,939.10,895.55,920.25,915.10,933.10,,920.21,,,1018816,938433312.40,39356,F1,1,,,,,
2026-10-07,2026-10-07,CM,NSE,STK,25208,INE0RVQ01016,MYMUDRA,SM,,,,,MY MUDRA FINCORP LIMITED,87.95,99.20,79.50,99.20,99.20,82.70,,99.20,,,318000,28984620.00,196,F1,1200,,,,,
2026-10-07,2026-10-07,CM,NSE,STK,8220,INE741A01011,MYSORPETRO,BE,,,,,MYSORE PETRO CHEMICALS L,116.00,118.00,113.53,117.06,116.00,117.13,,116.53,,,3163,368193.90,34,F1,1,,,,,
2026-10-07,2026-10-07,CM,NSE,STK,20314,INE740D01017,NRAIL,EQ,,,,,N R AGARWAL INDS LTD,651.00,669.10,648.00,660.90,660.00,658.25,,660.91,,,10667,7045204.30,948,F1,1,,,,,
2026-10-07,2026-10-07,CM,NSE,STK,757489,INE104101014,NRVANDANA,SM,,,,,N R VANDANA TEX IND LTD,71.50,72.40,71.50,72.00,72.00,69.60,,72.00,,,96000,6907800.00,7,F1,3000,,,,,
2026-10-07,2026-10-07,CM,NSE,STK,764798,INE920C01017,NTCIND,EQ,,,,,N T C INDUSTRIES LTD.,134.09,138.90,131.80,132.53,136.85,134.76,,132.59,,,1528,205917.07,66,F1,1,,,,,
2026-10-07,2026-10-07,CM,NSE,STK,19111,INE365I01020,NBIFIN,EQ,,,,,N.B.I. IND. FIN. CO. LTD,1850.10,1870.60,1825.00,1839.30,1825.00,1828.10,,1839.30,,,263,484562.00,76,F1,1,,,,,
2026-10-07,2026-10-07,CM,NSE,STK,20425,INE295D01020,NACLIND,EQ,,,,,NACL INDUSTRIES LIMITED,137.00,137.38,131.10,132.60,132.80,136.63,,132.61,,,360736,48088271.52,6219,F1,1,,,,,
2026-10-07,2026-10-07,CM,NSE,STK,18371,INE756C01015,NDGL,EQ,,,,,NAGA DHUNSERI GROUP LTD,2372.10,2449.90,2340.00,2383.70,2393.80,2371.80,,2383.70,,,133,316633.10,45,F1,1,,,,,
2026-10-07,2026-10-07,CM,NSE,STK,14942,INE245I01016,NAGREEKCAP,EQ,,,,,NAGREEKA CAP & INFR.LTD,28.25,28.25,26.62,27.25,27.25,27.25,,27.14,,,2978,81200.69,31,F1,1,,,,,
2026-10-07,2026-10-07,CM,NSE,STK,14702,INE123B01028,NAGREEKEXP,EQ,,,,,NAGREEKA EXPORTS LTD.,21.13,22.69,21.13,21.63,21.80,21.97,,21.63,,,4318,94289.50,108,F1,1,,,,,
2026-10-07,2026-10-07,CM,NSE,STK,15360,INE049I01012,NAHARCAP,EQ,,,,,NAHAR CAP & FIN.,237.00,244.99,237.00,241.99,242.00,234.66,,241.99,,,1588,384519.17,64,F1,1,,,,,
2026-10-07,2026-10-07,CM,NSE,STK,13106,INE289A01011,NAHARINDUS,EQ,,,,,NAHAR INDS ENT LTD,128.84,136.45,126.61,133.93,133.55,127.66,,133.93,,,43058,5737559.98,1228,F1,1,,,,,
2026-10-07,2026-10-07,CM,NSE,STK,14445,INE308A01027,NAHARPOLY,EQ,,,,,NAHAR POLY FILMS LIMITED,221.50,229.10,220.36,222.13,221.00,220.36,,222.13,,,1434,319508.22,125,F1,1,,,,,
2026-10-07,2026-10-07,CM,NSE,STK,14440,INE290A01027,NAHARSPING,EQ,,,,,NAHAR SPINNING MILLS LTD.,256.80,268.75,255.05,264.30,263.00,257.40,,264.29,,,14820,3910885.30,827,F1,1,,,,,
2026-10-07,2026-10-07,CM,NSE,STK,5401,INE236Y01012,NGIL,EQ,,,,,NAKODA GROUP OF IND. LTD,36.94,38.40,36.00,37.37,37.78,36.15,,37.37,,,7919,299296.35,127,F1,1,,,,,
2026-10-07,2026-10-07,CM,NSE,STK,11239,INE023A01030,NSIL,EQ,,,,,NALWA SONS INVESTMENT LTD,5212.00,5344.50,5212.00,5266.50,5256.00,5297.50,,5266.50,,,1544,8158862.50,378,F1,1,,,,,
2026-10-07,2026-10-07,CM,NSE,STK,25167,INE08NZ01012,NAMOEWASTE,SM,,,,,NAMO EWASTE MANAGEMENT L,381.00,389.45,372.00,372.85,372.00,382.90,,372.85,,,33600,12779640.00,40,F1,800,,,,,
2026-10-07,2026-10-07,CM,NSE,STK,31258,INE875G01048,NDL,EQ,,,,,NANDAN DENIM LIMITED,2.56,2.65,2.56,2.60,2.62,2.57,,2.60,,,675000,1757749.88,851,F1,1,,,,,
2026-10-07,2026-10-07,CM,NSE,STK,5516,INE696V01013,JAIPURKURT,EQ,,,,,NANDANI CREATION LIMITED,28.00,29.75,27.26,28.50,28.70,27.37,,28.50,,,220174,6344774.38,1023,F1,1,,,,,
2026-10-07,2026-10-07,CM,NSE,STK,11840,INE410P01011,NH,EQ,,,,,NARAYANA HRUDAYALAYA LTD.,1729.00,1735.50,1710.20,1723.20,1721.20,1723.80,,1723.24,,,98272,169507071.00,15317,F1,1,,,,,
2026-10-07,2026-10-07,CM,NSE,STK,11627,INE117Z01029,NARMADA,EQ,,,,,NARMADA AGROBASE LIMITED,12.00,12.10,11.13,11.35,11.52,12.10,,11.36,,,476829,5489061.60,1894,F1,1,,,,,
2026-10-07,2026-10-07,CM,NSE,STK,3918,INE987B01026,NATCOPHARM,EQ,,,,,NATCO PHARMA LTD.,822.00,826.05,808.00,810.10,810.70,823.65,,810.10,,,499574,405139560.05,29689,F1,1,,,,,
2026-10-07,2026-10-07,CM,NSE,STK,11065,INE448G01010,NATHBIOGEN,EQ,,,,,NATH BIO-GENES (I) LTD,138.60,140.79,135.30,136.87,136.10,138.31,,136.97,,,7113,978910.53,332,F1,1,,,,,
2026-10-07,2026-10-07,CM,NSE,STK,6364,INE139A01034,NATIONALUM,EQ,,,,,NATIONAL ALUMINIUM CO LTD,337.25,337.25,321.05,321.30,321.30,337.25,,321.31,,,9475375,3081781853.00,97620,F1,1,,,,,
2026-10-07,2026-10-07,CM,NSE,STK,13925,INE870D01012,NFL,EQ,,,,,NATIONAL FERT. LTD,64.85,64.85,63.05,63.76,63.77,64.91,,63.76,,,411261,26243291.08,3833,F1,1,,,,,
2026-10-07,2026-10-07,CM,NSE,STK,6531,INE0H7R23014,NHIT,IV,,,,,NATIONAL HIGHW INFRA TRUS,167.00,168.00,167.00,168.00,168.00,169.90,,168.00,,,75000,12575000.00,2,F1,25000,,,,,
2026-10-07,2026-10-07,CM,NSE,STK,762807,INE166R01015,NATIONSTD,EQ,,,,,NATIONAL STAND (INDIA) L,112.40,112.40,108.05,110.21,110.00,110.79,,110.23,,,2651,293267.63,225,F1,1,,,,,
2026-10-07,2026-10-07,CM,NSE,STK,29588,INE936B01015,NATCAPSUQ,BE,,,,,NATURAL CAPSULES LIMITED,169.89,169.89,160.20,161.42,161.01,166.74,,160.59,,,2807,457277.20,52,F1,1,,,,,
2026-10-07,2026-10-07,CM,NSE,STK,4014,INE725A01030,NAVA,EQ,,,,,NAVA LIMITED,578.00,583.90,565.50,570.45,568.70,575.00,,570.45,,,382335,218803025.25,24226,F1,1,,,,,
2026-10-07,2026-10-07,CM,NSE,STK,14672,INE048G01026,NAVINFLUOR,EQ,,,,,NAVIN FLUORINE INT. LTD,8520.00,8600.00,8440.00,8490.00,8500.00,8536.00,,8489.77,,,111760,951194698.50,21707,F1,1,,,,,
2026-10-07,2026-10-07,CM,NSE,STK,10557,INE278M01019,NAVKARCORP,EQ,,,,,NAVKAR CORPORATION LTD.,85.90,86.79,85.00,85.88,85.97,85.96,,85.88,,,140083,12044327.82,2164,F1,1,,,,,
2026-10-07,2026-10-07,CM,NSE,STK,29146,INE268H01044,NAVKARURB,EQ,,,,,NAVKAR URBANSTRUCTURE LTD,0.86,0.87,0.84,0.86,0.87,0.85,,0.86,,,450278,385095.87,257,F1,1,,,,,
2026-10-07,2026-10-07,CM,NSE,STK,2385,INE060A01024,NAVNETEDUL,EQ,,,,,NAVNEET EDUCATION LTD,124.05,124.89,123.10,123.95,124.17,124.27,,123.95,,,39099,4851710.75,928,F1,1,,,,,
2026-10-07,2026-10-07,CM,NSE,STK,2987,INE418L01047,NAZARA,EQ,,,,,NAZARA TECHNOLOGIES LTD,379.55,383.60,377.80,378.45,377.80,379.55,,378.45,,,421680,160194254.40,8818,F1,1,,,,,
2026-10-07,2026-10-07,CM,NSE,STK,31415,INE095N01031,NBCC,EQ,,,,,NBCC (INDIA) LIMITED,76.80,77.49,76.20,76.74,76.74,77.05,,76.75,,,3629902,279142641.38,25593,F1,1,,,,,
2026-10-07,2026-10-07,CM,NSE,STK,2319,INE868B01028,NCC,EQ,,,,,NCC LIMITED,128.39,128.60,125.86,126.88,126.86,128.47,,126.88,,,2936319,374047196.28,30719,F1,1,,,,,
2026-10-07,2026-10-07,CM,NSE,STK,14490,INE732C01016,NCLIND,EQ,,,,,NCL INDUSTRIES LIMITED,170.00,170.00,163.55,163.93,163.55,166.80,,163.93,,,90517,15019160.23,1463,F1,1,,,,,
2026-10-07,2026-10-07,CM,NSE,STK,14547,INE353A01023,NDLVENTURE,EQ,,,,,NDL VENTURES LIMITED,122.91,122.98,116.35,120.26,120.00,122.91,,120.26,,,6270,753395.24,246,F1,1,,,,,
2026-10-07,2026-10-07,CM,NSE,STK,22255,INE07OG01012,NDRAUTO,EQ,,,,,NDR AUTO COMPONENTS LTD,704.70,724.90,700.60,716.60,722.00,704.70,,716.67,,,9538,6830962.05,770,F1,1,,,,,
2026-10-07,2026-10-07,CM,NSE,STK,22680,INE0Q7Q23015,NDRINVIT,IV,,,,,NDR INVIT TRUST,151.50,153.00,151.50,153.00,153.00,151.50,,153.00,,,300000,45750000.00,9,F1,25000,,,,,
2026-10-07,2026-10-07,CM,NSE,STK,11427,INE155G01029,NDTV,EQ,,,,,NDTV LTD,67.40,67.57,65.39,66.48,66.70,67.08,,66.48,,,78838,5241760.84,1385,F1,1,,,,,
2026-10-07,2026-10-07,CM,NSE,STK,11927,INE023H01027,NECLIFE,EQ,,,,,NECTAR LIFESCIENCES LTD.,10.95,10.95,10.55,10.59,10.65,10.95,,10.59,,,134919,1436065.58,459,F1,1,,,,,
2026-10-07,2026-10-07,CM,NSE,STK,14761,INE189I01024,NELCAST,EQ,,,,,NELCAST LIMITED,128.77,149.37,125.72,146.29,149.37,124.48,,146.35,,,6710048,968042917.34,83832,F1,1,,,,,
2026-10-07,2026-10-07,CM,NSE,STK,2388,INE045B01015,NELCO,EQ,,,,,NELCO LTD,919.10,926.00,900.20,915.80,914.00,924.15,,915.78,,,132674,121065838.15,6439,F1,1,,,,,
2026-10-07,2026-10-07,CM,NSE,STK,760928,INE21UM01018,NEOCHEM,SM,,,,,NEOCHEM BIO SOLUTIONS LTD,104.00,104.65,104.00,104.65,104.65,105.80,,104.65,,,3600,375600.00,3,F1,1200,,,,,
2026-10-07,2026-10-07,CM,NSE,STK,9917,INE136S01016,NEOGEN,EQ,,,,,NEOGEN CHEMICALS LIMITED,2440.00,2465.00,2407.20,2431.30,2432.00,2429.20,,2431.08,,,79815,194747640.00,12173,F1,1,,,,,
2026-10-07,2026-10-07,CM,NSE,STK,24350,INE0SUN01013,NEPHROCARE,SM,,,,,NEPHRO CARE INDIA LIMITED,87.40,88.45,84.15,84.75,84.30,87.30,,84.75,,,31200,2682200.00,60,F1,400,,,,,
2026-10-07,2026-10-07,CM,NSE,STK,760346,INE428V01029,NEPHROPLUS,EQ,,,,,NEPHROCARE HEALTH SERV L,640.00,645.30,632.10,641.60,643.00,634.55,,641.61,,,96021,61377222.50,8685,F1,1,,,,,
2026-10-07,2026-10-07,CM,NSE,STK,15409,INE317F01035,NESCO,EQ,,,,,NESCO LTD.,1043.80,1043.80,1023.10,1028.90,1025.50,1037.10,,1028.93,,,31143,32180087.10,3882,F1,1,,,,,
2026-10-07,2026-10-07,CM,NSE,STK,17963,INE239A01024,NESTLEIND,EQ,,,,,NESTLE INDIA LIMITED,1326.30,1336.60,1313.10,1324.00,1324.00,1341.40,,1323.99,,,1409917,1867653659.40,51323,F1,1,,,,,
2026-10-07,2026-10-07,CM,NSE,STK,17433,INE0NT901020,NETWEB,EQ,,,,,NETWEB TECH INDIA LTD,4735.00,4756.90,4667.30,4685.40,4688.90,4746.20,,4685.41,,,594452,2797050551.10,47430,F1,1,,,,,
2026-10-07,2026-10-07,CM,NSE,STK,756324,INE0FFK01017,NPST,EQ,,,,,NETWORK PEOPLE SRV TECH L,1846.00,1903.60,1821.00,1854.90,1859.00,1835.50,,1854.86,,,107305,201272544.90,9611,F1,1,,,,,
2026-10-07,2026-10-07,CM,NSE,STK,14111,INE870H01013,NETWORK18,EQ,,,,,NETWORK18 MEDIA & INV LTD,26.10,26.18,25.61,25.70,25.78,26.22,,25.70,,,1600704,41394992.25,4871,F1,1,,,,,
2026-10-07,2026-10-07,CM,NSE,STK,30554,INE333I01044,NEUEON,BE,,,,,NEUEON CORPORATION LTD,13.78,14.00,13.13,13.31,13.25,13.79,,13.33,,,16709,228087.28,88,F1,1,,,,,
2026-10-07,2026-10-07,CM,NSE,STK,2406,INE794A01010,NEULANDLAB,EQ,,,,,NEULAND LAB LTD.,21815.00,22150.00,21585.00,21655.00,21610.00,21905.00,,21655.42,,,41495,906750475.00,19975,F1,1,,,,,
2026-10-07,2026-10-07,CM,NSE,STK,1164,INE619B01017,NEWGEN,EQ,,,,,NEWGEN SOFTWARE TECH LTD,457.85,459.10,445.10,447.75,448.00,456.60,,447.66,,,447153,202251110.50,17087,F1,1,,,,,
2026-10-07,2026-10-07,CM,NSE,STK,19161,INE0PW501021,NEWJAISA,ST,,,,,NEWJAISA TECHNOLOGIES LTD,15.40,16.00,15.40,15.65,15.65,16.20,,15.65,,,45000,704625.00,15,F1,1500,,,,,
2026-10-07,2026-10-07,CM,NSE,STK,28801,INE0TP801012,NMSTEEL,SM,,,,,NEWMALAYALAM STEEL LTD,22.00,23.90,22.00,23.30,23.80,23.20,,23.30,,,25600,594640.00,12,F1,1600,,,,,
2026-10-07,2026-10-07,CM,NSE,STK,9867,INE747B01016,NEXTMEDIA,EQ,,,,,NEXT MEDIAWORKS LIMITED,3.57,3.63,3.52,3.53,3.53,3.56,,3.53,,,10136,36038.02,36,F1,1,,,,,
2026-10-07,2026-10-07,CM,NSE,STK,15815,INE0NDH25011,NXST,RR,,,,,NEXUS SELECT TRUST,165.28,165.99,164.50,164.66,164.50,164.81,,164.66,,,291481,48099478.51,7407,F1,1,,,,,
2026-10-07,2026-10-07,CM,NSE,STK,763536,INE0T1501010,NFPSAMPOOR,SM,,,,,NFP SAMPOORNA FOODS LTD,20.95,21.00,20.00,20.30,20.30,19.80,,20.30,,,16000,329400.00,7,F1,2000,,,,,
2026-10-07,2026-10-07,CM,NSE,STK,10277,INE887E01022,NGLFINE,EQ,,,,,NGL FINE CHEM LIMITED,3122.10,3250.30,3080.50,3134.20,3158.00,3122.10,,3134.06,,,10470,33091120.10,2211,F1,1,,,,,
2026-10-07,2026-10-07,CM,NSE,STK,1765,INE557F07181,893NHB29,N6,,,,,NHB 8.93 NCD TR II SR 2 B,5625.00,5625.00,5625.00,5625.00,5625.00,5600.36,,5625.00,,,40,225000.00,1,F1,1,,,,,
2026-10-07,2026-10-07,CM,NSE,STK,17400,INE848E01016,NHPC,EQ,,,,,NHPC LTD,73.00,73.17,72.10,72.50,72.50,73.11,,72.50,,,4518389,328315234.16,18310,F1,1,,,,,
2026-10-07,2026-10-07,CM,NSE,STK,29487,INE149O01018,NIBE,EQ,,,,,NIBE LIMITED,1241.90,1358.00,1225.00,1270.10,1268.10,1240.90,,1269.84,,,243742,313807156.80,17543,F1,1,,,,,
2026-10-07,2026-10-07,CM,NSE,STK,764793,INE653C01022,NICCOPAR,EQ,,,,,NICCO PARKS & RESORTS LTD,79.00,79.00,76.65,76.91,76.73,79.00,,76.91,,,506,39022.30,34,F1,1,,,,,
2026-10-07,2026-10-07,CM,NSE,STK,6592,INE0J6L01013,NIDAN,SM,,,,,NIDAN LABS AND HEALTH LTD,13.30,13.30,13.00,13.05,13.05,13.35,,13.05,,,11000,143900.00,9,F1,1000,,,,,
2026-10-07,2026-10-07,CM,NSE,STK,17747,INE342G01023,NIITMTS,EQ,,,,,NIIT LEARNING SYSTEMS LTD,205.87,207.65,201.34,203.37,204.29,204.99,,203.38,,,79330,16230483.54,3319,F1,1,,,,,
2026-10-07,2026-10-07,CM,NSE,STK,11522,INE161A01038,NIITLTD,EQ,,,,,NIIT LIMITED,87.00,87.30,84.50,84.99,84.75,86.78,,84.99,,,90289,7739532.48,2139,F1,1,,,,,
2026-10-07,2026-10-07,CM,NSE,STK,758178,INE0FLF01015,NIKITA,SM,,,,,NIKITA GRENTEC RECYCL LTD,68.70,71.95,68.65,70.95,70.95,72.00,,70.95,,,6000,420300.00,5,F1,1200,,,,,
2026-10-07,2026-10-07,CM,NSE,STK,9253,INE937C01029,NILAINFRA,EQ,,,,,NILA INFRASTRUCTURES LTD,6.77,6.77,6.60,6.63,6.64,6.70,,6.63,,,100097,666664.72,360,F1,1,,,,,
2026-10-07,2026-10-07,CM,NSE,STK,7411,INE00S901012,NILASPACES,EQ,,,,,NILA SPACES LIMITED,11.25,11.45,11.11,11.35,11.40,11.17,,11.35,,,381883,4317495.92,1201,F1,1,,,,,
2026-10-07,2026-10-07,CM,NSE,STK,762817,INE445D01013,NILE,EQ,,,,,NILE LTD.,1253.00,1269.00,1236.70,1258.60,1255.00,1238.00,,1258.80,,,1892,2359508.80,312,F1,1,,,,,
2026-10-07,2026-10-07,CM,NSE,STK,2421,INE310A01015,NILKAMAL,EQ,,,,,NILKAMAL LIMITED,1810.00,1840.40,1797.20,1831.70,1820.20,1811.50,,1831.82,,,9830,17885341.00,2080,F1,1,,,,,
2026-10-07,2026-10-07,CM,NSE,STK,761720,INE875B01015,NIMBSPROJ,EQ,,,,,NIMBUS PROJECTS LIMITED,186.68,195.00,182.00,191.61,193.90,191.57,,191.61,,,33135,6176883.81,393,F1,1,,,,,
2026-10-07,2026-10-07,CM,NSE,STK,14194,INE395U01014,NINSYS,EQ,,,,,NINTEC SYSTEMS LIMITED,822.55,854.95,805.00,829.75,825.00,822.55,,829.68,,,6983,5767308.90,585,F1,1,,,,,
2026-10-07,2026-10-07,CM,NSE,STK,11439,INF204KB15I9,BANKBEES,EQ,,,,,NIP IND ETF BANK BEES,578.00,578.00,566.00,570.22,570.50,569.45,,570.22,,,819134,467256005.99,8042,F1,1,,,,,
2026-10-07,2026-10-07,CM,NSE,STK,2435,INF204KA1LD7,CONSUMBEES,EQ,,,,,NIP IND ETF CONSUMPTION,123.30,123.30,122.16,122.49,122.25,123.30,,122.49,,,36101,4425961.98,669,F1,1,,,,,
2026-10-07,2026-10-07,CM,NSE,STK,2636,INF204KA1MS3,DIVOPPBEES,EQ,,,,,NIP IND ETF DIV OPP,72.21,72.82,71.45,71.69,71.75,72.21,,71.69,,,65803,4721604.04,826,F1,1,,,,,
2026-10-07,2026-10-07,CM,NSE,STK,9847,INF204KB18I3,NV20BEES,EQ,,,,,NIP IND ETF ETF NV20,136.50,136.50,131.12,131.77,132.00,134.00,,131.77,,,29941,3941830.45,380,F1,1,,,,,
2026-10-07,2026-10-07,CM,NSE,STK,14428,INF204KB17I5,GOLDBEES,EQ,,,,,NIP IND ETF GOLD BEES,121.46,121.48,121.01,121.08,121.14,121.46,,121.08,,,13757920,1667579700.72,73842,F1,1,,,,,
2026-10-07,2026-10-07,CM,NSE,STK,18284,INF204KB19I1,HNGSNGBEES,EQ,,,,,NIP IND ETF HANGSENG BEES,466.50,466.50,460.00,463.23,462.11,460.99,,463.26,,,54259,25153942.50,3202,F1,1,,,,,
2026-10-07,2026-10-07,CM,NSE,STK,20072,INF732E01268,INFRABEES,EQ,,,,,NIP IND ETF INFRA BEES,904.60,911.06,900.00,905.74,907.62,909.15,,906.78,,,6075,5502200.86,462,F1,1,,,,,
2026-10-07,2026-10-07,CM,NSE,STK,19084,INF204KB15V2,ITBEES,EQ,,,,,NIP IND ETF IT,31.49,31.49,30.83,30.90,30.94,31.17,,30.90,,,6866825,213332813.03,15597,F1,1,,,,,
2026-10-07,2026-10-07,CM,NSE,STK,10939,INF732E01045,JUNIORBEES,EQ,,,,,NIP IND ETF JUNIOR BEES,760.39,762.80,749.30,752.00,753.60,758.79,,752.00,,,404636,304851649.02,14614,F1,1,,,,,
2026-10-07,2026-10-07,CM,NSE,STK,11006,INF732E01037,LIQUIDBEES,EQ,,,,,NIP IND ETF LIQUID BEES,999.99,1000.01,999.30,1000.00,1000.00,999.99,,1000.00,,,5245825,5245860431.25,4832,F1,1,,,,,
2026-10-07,2026-10-07,CM,NSE,STK,17700,INF204KB1882,LTGILTBEES,EQ,,,,,NIP IND ETF LONGTERM GILT,29.54,29.58,29.47,29.51,29.50,29.54,,29.51,,,949721,28016670.50,750,F1,1,,,,,
2026-10-07,2026-10-07,CM,NSE,STK,8506,INF204KB1V68,MID150BEES,EQ,,,,,NIP IND ETF MIDCAP 150,228.52,229.80,225.62,226.35,226.80,227.52,,226.36,,,787083,178529878.76,10954,F1,1,,,,,
2026-10-07,2026-10-07,CM,NSE,STK,29577,INF204K014N5,NIF100BEES,EQ,,,,,NIP IND ETF NIFTY 100,252.01,252.91,250.95,251.24,251.06,253.11,,251.28,,,34167,8603245.12,970,F1,1,,,,,
2026-10-07,2026-10-07,CM,NSE,STK,10576,INF204KB14I2,NIFTYBEES,EQ,,,,,NIP IND ETF NIFTY BEES,258.59,258.99,257.13,257.59,257.50,258.89,,257.59,,,5897585,1521432986.32,49269,F1,1,,,,,
2026-10-07,2026-10-07,CM,NSE,STK,15032,INF204KB16I7,PSUBNKBEES,EQ,,,,,NIP IND ETF PSU BANK BEES,89.50,90.62,88.45,90.12,90.57,89.11,,90.12,,,1982905,178196938.29,5393,F1,1,,,,,
2026-10-07,2026-10-07,CM,NSE,STK,17044,INF732E01128,SHARIABEES,EQ,,,,,NIP IND ETF SHARIAH BEES,424.70,424.99,415.87,419.52,418.14,424.70,,419.57,,,6324,2660571.54,422,F1,1,,,,,
2026-10-07,2026-10-07,CM,NSE,STK,357,INE298J01013,NAM-INDIA,EQ,,,,,NIPPON L I A M LTD,1066.00,1073.50,1041.70,1047.20,1047.20,1073.50,,1047.23,,,929248,977711208.40,33119,F1,1,,,,,
2026-10-07,2026-10-07,CM,NSE,STK,757725,INF204KC1FU1,LIQGRWBEES,EQ,,,,,NIPPONAMC - LIQGRWBEES,1058.01,1058.46,1056.99,1058.45,1058.45,1058.31,,1058.45,,,45192,47832756.78,219,F1,1,,,,,
2026-10-07,2026-10-07,CM,NSE,STK,758667,INF204KC1GH6,MANUFGBEES,EQ,,,,,NIPPONAMC - MANUFGBEES,155.00,156.00,153.05,153.85,154.04,155.23,,153.85,,,9035,1392631.14,243,F1,1,,,,,
2026-10-07,2026-10-07,CM,NSE,STK,7880,INF204KC1337,AUTOBEES,EQ,,,,,NIPPONAMC - NETFAUTO,264.62,265.27,259.82,260.91,261.50,264.61,,260.91,,,221367,57822116.58,4448,F1,1,,,,,
2026-10-07,2026-10-07,CM,NSE,STK,4973,INF204KC1089,PHARMABEES,EQ,,,,,NIPPONAMC - NETFPHARMA,27.30,27.50,27.08,27.16,27.14,27.30,,27.16,,,3016478,82083837.03,8564,F1,1,,,,,
2026-10-07,2026-10-07,CM,NSE,STK,8080,INF204KC1402,SILVERBEES,EQ,,,,,NIPPONAMC - NETFSILVER,210.03,210.48,208.81,209.02,209.39,210.70,,209.02,,,9348467,1959699528.72,49860,F1,1,,,,,
2026-10-07,2026-10-07,CM,NSE,STK,757455,INF204KC1EZ3,SNXT30BEES,EQ,,,,,NIPPONAMC - SNXT30BEES,40.07,40.07,39.78,39.83,39.99,40.16,,39.83,,,5999,239220.77,75,F1,1,,,,,
2026-10-07,2026-10-07,CM,NSE,STK,255,INE368I01016,NIRAJ,EQ,,,,,NIRAJ CEMENT STRUC LTD,27.00,28.19,27.00,27.52,27.84,27.48,,27.52,,,6955,191452.48,89,F1,1,,,,,
2026-10-07,2026-10-07,CM,NSE,STK,18844,INE326T01011,NIRAJISPAT,BE,,,,,NIRAJ ISPAT IND LTD,284.10,284.10,284.10,284.10,284.10,299.00,,284.10,,,53,15057.30,8,F1,1,,,,,
2026-10-07,2026-10-07,CM,NSE,STK,2433,INE910A01012,NIRLON,EQ,,,,,NIRLON LTD,615.90,622.95,615.50,620.10,620.80,619.00,,620.10,,,4288,2649381.85,273,F1,1,,,,,
2026-10-07,2026-10-07,CM,NSE,STK,14722,INE0OK701014,NIRMAN,SM,,,,,NIRMAN AGRI GENTICS LTD,27.00,29.00,25.50,28.20,28.20,27.70,,28.20,,,11100,310455.00,26,F1,300,,,,,
2026-10-07,2026-10-07,CM,NSE,STK,13300,INE858F01012,NITCO,EQ,,,,,NITCO LIMITED,83.50,83.67,81.81,82.75,82.75,83.77,,82.75,,,606001,50228130.48,2191,F1,1,,,,,
2026-10-07,2026-10-07,CM,NSE,STK,13175,INE229H01012,NITINSPIN,EQ,,,,,NITIN SPINNERS LIMITED,618.00,620.25,611.20,615.60,616.00,616.35,,615.60,,,35647,21927474.05,2893,F1,1,,,,,
2026-10-07,2026-10-07,CM,NSE,STK,3247,INE439T01012,NITIRAJ,EQ,,,,,NITIRAJ ENGINEERS LTD,201.00,215.00,201.00,213.86,214.00,203.29,,213.86,,,655,137845.19,30,F1,1,,,,,
2026-10-07,2026-10-07,CM,NSE,STK,762824,INE265B01019,NITTAGELA,EQ,,,,,NITTA GELATIN INDIA LTD.,1700.00,1700.00,1645.90,1668.40,1674.00,1668.10,,1668.65,,,2334,3886827.90,649,F1,1,,,,,
2026-10-07,2026-10-07,CM,NSE,STK,27097,INE995S01015,NIVABUPA,EQ,,,,,NIVA BUPA HEALTH INS CO L,75.91,77.91,75.30,77.38,77.49,76.56,,77.38,,,648650,49758393.76,13763,F1,1,,,,,
2026-10-07,2026-10-07,CM,NSE,STK,2439,INE542C01019,NKIND,EQ,,,,,NK INDUSTRIES LTD,60.00,60.00,58.00,58.99,58.29,57.06,,58.99,,,177,10342.22,17,F1,1,,,,,
2026-10-07,2026-10-07,CM,NSE,STK,8585,INE589A01014,NLCINDIA,EQ,,,,,NLC INDIA LIMITED,254.90,255.40,247.10,250.35,250.10,254.90,,250.34,,,1073810,269126994.90,21400,F1,1,,,,,
2026-10-07,2026-10-07,CM,NSE,STK,761079,INE579F24040,805NMC33,N5,,,,,NMC 8.05% 2033 SR STRPP E,125.00,125.00,125.00,125.00,125.00,129.00,,125.00,,,501,62625.00,9,F1,1,,,,,
2026-10-07,2026-10-07,CM,NSE,STK,761081,INE579F24073,805NMC35,N7,,,,,NMC 8.05% 2035 SR STRPP G,125.00,125.00,125.00,125.00,125.00,118.00,,125.00,,,312,39000.00,8,F1,1,,,,,
2026-10-07,2026-10-07,CM,NSE,STK,15332,INE584A01023,NMDC,EQ,,,,,NMDC LTD.,73.80,73.80,72.44,72.80,72.80,74.38,,72.80,,,15148455,1104471099.10,68608,F1,1,,,,,
2026-10-07,2026-10-07,CM,NSE,STK,14180,INE0NNS01018,NSLNISP,EQ,,,,,NMDC STEEL LIMITED,40.82,40.93,40.28,40.55,40.54,40.90,,40.55,,,2418385,98113017.77,10971,F1,1,,,,,
2026-10-07,2026-10-07,CM,NSE,STK,2442,INE163A01018,NOCIL,EQ,,,,,NOCIL LIMITED,172.40,175.75,170.65,172.82,172.22,171.83,,172.82,,,561575,97143441.04,8286,F1,1,,,,,
2026-10-07,2026-10-07,CM,NSE,STK,10786,INE781B01015,NOIDATOLL,EQ,,,,,NOIDA TOLL BRIDGE CO LTD,3.68,3.74,3.53,3.67,3.66,3.67,,3.68,,,48814,178005.81,531,F1,1,,,,,
2026-10-07,2026-10-07,CM,NSE,STK,4160,INE369C01017,NORBTEAEXP,EQ,,,,,NORBEN TEA & EXPORTS LTD,64.21,65.38,61.20,61.36,61.50,64.21,,61.43,,,2475,154770.33,60,F1,1,,,,,
2026-10-07,2026-10-07,CM,NSE,STK,13522,INE553C01016,NECCLTD,EQ,,,,,NORTH EAST CARRY CORP LTD,19.49,19.50,18.50,18.87,19.15,19.38,,18.78,,,53154,996961.40,346,F1,1,,,,,
2026-10-07,2026-10-07,CM,NSE,STK,25426,INE850M01015,NORTHARC,EQ,,,,,NORTHERN ARC CAPITAL LTD,298.60,299.90,291.75,293.75,292.10,298.20,,293.75,,,1102834,326252602.60,14429,F1,1,,,,,
2026-10-07,2026-10-07,CM,NSE,STK,22477,INE02H701025,NOVAAGRI,EQ,,,,,NOVA AGRITECH LIMITED,22.85,22.85,22.01,22.24,22.48,22.64,,22.24,,,21493,483760.16,216,F1,1,,,,,
2026-10-07,2026-10-07,CM,NSE,STK,9007,INE234A01025,NOVARTIND,EQ,,,,,NOVARTIS INDIA LIMITED,2052.00,2093.90,2000.00,2010.40,2009.00,2051.20,,2010.42,,,59356,121451355.50,7773,F1,1,,,,,
2026-10-07,2026-10-07,CM,NSE,STK,7553,INE349A01021,NRBBEARING,EQ,,,,,NRB BEARING LIMITED,536.95,546.15,526.50,529.95,530.45,536.95,,530.08,,,287108,153902633.70,15508,F1,1,,,,,
2026-10-07,2026-10-07,CM,NSE,STK,29733,INE047O01014,NIBL,EQ,,,,,NRB INDUS. BEARINGS LTD.,31.90,32.75,31.10,31.37,31.72,31.22,,31.37,,,11787,371576.84,504,F1,1,,,,,
2026-10-07,2026-10-07,CM,NSE,STK,27176,INE0ONG01011,NTPCGREEN,EQ,,,,,NTPC GREEN ENERGY LIMITED,90.00,90.05,88.27,88.51,88.89,90.13,,88.51,,,1950927,173198652.64,20007,F1,1,,,,,
2026-10-07,2026-10-07,CM,NSE,STK,11630,INE733E01010,NTPC,EQ,,,,,NTPC LTD,320.15,321.70,315.90,316.75,316.75,321.45,,316.75,,,6330699,2017722456.90,69539,F1,1,,,,,
2026-10-07,2026-10-07,CM,NSE,STK,10791,INE096B01018,NUCLEUS,EQ,,,,,NUCLEUS SOFTWARE EXPORTS,657.70,657.70,616.50,628.85,633.70,638.05,,628.86,,,59350,37522530.85,3451,F1,1,,,,,
2026-10-07,2026-10-07,CM,NSE,STK,13680,INE0JM501013,NRL,BE,,,,,NUPUR RECYCLERS LIMITED,160.00,160.14,160.00,160.14,160.14,157.00,,160.14,,,78987,12646521.60,175,F1,1,,,,,
2026-10-07,2026-10-07,CM,NSE,STK,2353,INE0DSF01015,NURECA,BE,,,,,NURECA LIMITED,339.00,343.95,330.05,333.90,330.05,338.55,,333.67,,,4515,1516238.75,143,F1,1,,,,,
2026-10-07,2026-10-07,CM,NSE,STK,18721,INE531F01023,NUVAMA,EQ,,,,,NUVAMA WEALTH MANAGE LTD,1839.70,1855.00,1788.90,1825.90,1824.10,1838.80,,1825.94,,,241969,442529262.90,20949,F1,1,,,,,
2026-10-07,2026-10-07,CM,NSE,STK,5426,INE118D01016,NUVOCO,EQ,,,,,NUVOCO VISTAS CORP LTD,325.00,329.60,322.05,324.75,324.70,326.50,,324.74,,,80863,26259227.60,7506,F1,1,,,,,
2026-10-07,2026-10-07,CM,NSE,STK,8797,INE426Z01016,OBCL,EQ,,,,,OBCL LIMITED,57.44,57.80,56.01,57.56,57.59,57.44,,57.55,,,3158,181147.27,37,F1,1,,,,,
2026-10-07,2026-10-07,CM,NSE,STK,20242,INE093I01010,OBEROIRLTY,EQ,,,,,OBEROI REALTY LIMITED,1742.90,1752.00,1728.20,1736.00,1736.00,1751.80,,1735.95,,,299046,520314515.40,19761,F1,1,,,,,
2026-10-07,2026-10-07,CM,NSE,STK,25923,INE0YHV01011,OBSCP,SM,,,,,OBSC PERFECTION LIMITED,882.00,897.80,870.00,872.15,870.00,904.80,,872.15,,,44400,39021180.00,103,F1,400,,,,,
2026-10-07,2026-10-07,CM,NSE,STK,25920,INE0PK601023,OCCLLTD,BE,,,,,OCCL LIMITED,214.30,217.96,209.72,217.30,217.96,207.59,,217.24,,,195497,42335212.16,1433,F1,1,,,,,
2026-10-07,2026-10-07,CM,NSE,STK,27571,INE054301028,ODIGMA,EQ,,,,,ODIGMA CONSULTANCY SOL L,20.80,21.17,20.62,20.90,20.99,20.91,,20.90,,,9333,194159.15,326,F1,1,,,,,
2026-10-07,2026-10-07,CM,NSE,STK,764803,INE839E01023,ODYCORP,EQ,,,,,ODYSSEY CORPORATION LTD.,6.60,6.99,6.60,6.70,6.70,6.85,,6.70,,,3117,20954.93,57,F1,1,,,,,
2026-10-07,2026-10-07,CM,NSE,STK,2475,INE213A01029,ONGC,EQ,,,,,OIL AND NATURAL GAS CORP.,223.91,224.92,220.63,221.88,221.88,224.20,,221.88,,,14223609,3154570891.77,152315,F1,1,,,,,
2026-10-07,2026-10-07,CM,NSE,STK,8109,INE591A01010,OILCOUNTUB,BE,,,,,OIL COUNTRY TUBULAR LTD.,82.91,82.91,82.91,82.91,82.91,81.29,,82.76,,,28578,2369401.98,75,F1,1,,,,,
2026-10-07,2026-10-07,CM,NSE,STK,17438,INE274J01014,OIL,EQ,,,,,OIL INDIA LTD,449.45,455.00,446.15,453.75,453.75,447.85,,453.74,,,1445019,652639606.75,22820,F1,1,,,,,
2026-10-07,2026-10-07,CM,NSE,STK,24777,INE0LXG01040,OLAELEC,EQ,,,,,OLA ELECTRIC MOBILITY LTD,36.35,37.10,35.93,36.32,36.26,35.96,,36.32,,,61427676,2236032908.22,130263,F1,1,,,,,
2026-10-07,2026-10-07,CM,NSE,STK,10637,INE260D01016,OLECTRA,EQ,,,,,OLECTRA GREENTECH LIMITED,1101.00,1101.00,1079.00,1084.10,1083.00,1102.90,,1084.00,,,243414,264719113.50,14528,F1,1,,,,,
2026-10-07,2026-10-07,CM,NSE,STK,759411,INE1BZC01019,OMFREIGHT,EQ,,,,,OM FREIGHT FORWARDERS LTD,105.00,107.10,104.60,106.63,106.00,105.00,,106.63,,,42234,4464468.29,487,F1,1,,,,,
2026-10-07,2026-10-07,CM,NSE,STK,24231,INE239D01028,OMINFRAL,EQ,,,,,OM INFRA LIMITED,74.73,74.74,71.50,72.45,71.52,73.33,,72.51,,,41871,3059437.68,948,F1,1,,,,,
2026-10-07,2026-10-07,CM,NSE,STK,762432,INE25E901019,OMPOWER,EQ,,,,,OM POWER TRANSMISSION LTD,162.00,169.86,157.00,165.75,165.50,153.50,,165.74,,,1118196,183541651.97,12200,F1,1,,,,,
2026-10-07,2026-10-07,CM,NSE,STK,10922,INE090B01011,OMAXAUTO,EQ,,,,,OMAX AUTOS LTD,209.29,213.96,205.11,206.85,208.00,209.29,,206.98,,,44859,9394662.37,1218,F1,1,,,,,
2026-10-07,2026-10-07,CM,NSE,STK,14853,INE800H01010,OMAXE,EQ,,,,,OMAXE LIMITED,107.01,108.10,106.31,107.01,107.00,107.71,,107.01,,,214830,23072313.30,3342,F1,1,,,,,
2026-10-07,2026-10-07,CM,NSE,STK,117,INE338Y01016,OMFURN,SM,,,,,OMFURN INDIA LIMITED,49.55,51.60,49.50,51.60,51.60,51.90,,51.60,,,4800,240420.00,4,F1,1200,,,,,
2026-10-07,2026-10-07,CM,NSE,STK,760865,INE0UH301010,OMNI,EQ,,,,,OMNITECH ENGINEERING LTD,657.00,688.75,647.95,657.55,657.55,656.95,,657.59,,,972976,650009226.20,38757,F1,1,,,,,
2026-10-07,2026-10-07,CM,NSE,STK,19692,INE00ER01015,ONDOOR,SM,,,,,ON DOOR CONCEPTS LIMITED,271.00,271.00,257.40,264.00,264.00,267.00,,264.00,,,3900,1030440.00,9,F1,300,,,,,
2026-10-07,2026-10-07,CM,NSE,STK,6705,INE982J01020,PAYTM,EQ,,,,,ONE 97 COMMUNICATIONS LTD,1686.50,1774.00,1680.10,1732.00,1732.00,1694.00,,1732.05,,,5016093,8732104477.90,119142,F1,1,,,,,
2026-10-07,2026-10-07,CM,NSE,STK,765242,INE670O01013,ONEGLOBAL,EQ,,,,,ONE GLOBAL SERVICE PROV L,564.00,587.00,552.05,585.00,585.00,564.00,,584.87,,,16214,9351126.75,1122,F1,1,,,,,
2026-10-07,2026-10-07,CM,NSE,STK,28046,INE0HLU01028,MOBIKWIK,EQ,,,,,ONE MOBIKWIK SYSTEMS LTD,260.00,265.80,247.00,256.08,253.02,242.14,,256.08,,,74766600,19251786642.39,557440,F1,1,,,,,
2026-10-07,2026-10-07,CM,NSE,STK,9939,INE840Y01029,ONEPOINT,EQ,,,,,ONE POINT ONE SOL LTD,78.65,80.75,78.32,78.77,78.90,78.65,,78.77,,,2116511,168277352.23,18013,F1,1,,,,,
2026-10-07,2026-10-07,CM,NSE,STK,19386,INE0OPS01011,OLIL,SM,,,,,ONECLICK LOGISTICS IND L,445.50,454.50,440.00,441.35,440.00,440.65,,441.35,,,33200,14733760.00,33,F1,400,,,,,
2026-10-07,2026-10-07,CM,NSE,STK,25496,INE912L01015,ONELIFECAP,BE,,,,,ONELIFE CAP ADVISORS LTD,46.99,47.25,45.00,47.16,46.90,45.00,,47.17,,,359287,16912064.75,362,F1,1,,,,,
2026-10-07,2026-10-07,CM,NSE,STK,763294,INE12F801023,KISSHT,EQ,,,,,ONEMI TECHNOLOGY SOL LTD,379.00,387.40,375.95,377.35,377.05,383.10,,377.32,,,747467,285083907.40,25847,F1,1,,,,,
2026-10-07,2026-10-07,CM,NSE,STK,29224,INE013P01021,ONESOURCE,EQ,,,,,ONESOURCE SPECL PHARMA L,1529.10,1548.00,1510.60,1528.60,1530.00,1535.80,,1528.43,,,101988,155806184.50,10163,F1,1,,,,,
2026-10-07,2026-10-07,CM,NSE,STK,2202,INE831A01028,ONIDA,EQ,,,,,ONIDA ELECTRONICS LIMITED,31.06,31.29,30.16,30.67,30.78,31.11,,30.67,,,188758,5807457.45,897,F1,1,,,,,
2026-10-07,2026-10-07,CM,NSE,STK,764808,INE173M01012,ONIXSOLAR,EQ,,,,,ONIX SOLAR ENERGY LTD.,344.00,355.10,339.00,355.10,355.10,338.20,,355.10,,,98805,34569457.85,1254,F1,1,,,,,
2026-10-07,2026-10-07,CM,NSE,STK,15282,INE809I01019,ONMOBILE,BE,,,,,ONMOBILE GLOBAL LTD.,49.70,51.57,48.55,51.57,51.57,49.12,,51.57,,,43623,2209331.56,309,F1,1,,,,,
2026-10-07,2026-10-07,CM,NSE,STK,2481,INE229A01017,ONWARDTEC,EQ,,,,,ONWARD TECHNOLOGIES LTD,297.00,301.30,291.95,297.40,298.75,294.60,,297.44,,,38634,11492893.35,1109,F1,1,,,,,
2026-10-07,2026-10-07,CM,NSE,STK,27143,INE0WVU01018,ONYX,ST,,,,,ONYX BIOTEC LIMITED,37.75,37.80,37.75,37.80,37.80,39.35,,37.80,,,4000,151100.00,2,F1,2000,,,,,
2026-10-07,2026-10-07,CM,NSE,STK,21469,INE350C01017,OPTIEMUS,EQ,,,,,OPTIEMUS INFRACOM LTD,879.05,897.45,856.90,861.90,860.95,889.90,,861.82,,,1054981,925964258.90,42405,F1,1,,,,,
2026-10-07,2026-10-07,CM,NSE,STK,764813,INE031G01022,OPTIFIN,EQ,,,,,OPTIMUS FINANCE LTD.,14.49,14.78,14.01,14.58,14.50,14.42,,14.22,,,23183,333124.42,116,F1,1,,,,,
2026-10-07,2026-10-07,CM,NSE,STK,764528,INE1JZB01022,OPTIMYSTIX,SM,,,,,OPTIMYSTIX ENT INDIA LTD,129.00,138.95,129.00,136.90,135.10,133.00,,136.90,,,32000,4339120.00,30,F1,800,,,,,
2026-10-07,2026-10-07,CM,NSE,STK,758903,INE15B101011,OPTIVALUE,ST,,,,,OPTIVALUE TEK CONSULT LTD,246.60,246.60,235.00,238.00,238.00,235.45,,238.00,,,16000,3845040.00,10,F1,1600,,,,,
2026-10-07,2026-10-07,CM,NSE,STK,10738,INE881D01027,OFSS,EQ,,,,,ORACLE FIN SERV SOFT LTD.,10519.00,10733.00,10406.00,10576.00,10576.00,10482.00,,10576.09,,,201807,2137159570.00,31240,F1,1,,,,,
2026-10-07,2026-10-07,CM,NSE,STK,31475,INE231G01010,ORBTEXP,EQ,,,,,ORBIT EXPORTS LIMITED,242.10,251.00,238.00,242.90,243.50,246.85,,242.90,,,7332,1790615.80,333,F1,1,,,,,
2026-10-07,2026-10-07,CM,NSE,STK,29492,INE215B01022,ORCHASP,EQ,,,,,ORCHASP LIMITED,1.29,1.35,1.29,1.33,1.35,1.29,,1.33,,,181892,241371.42,208,F1,1,,,,,
2026-10-07,2026-10-07,CM,NSE,STK,926,INE191A01027,ORCHPHARMA,EQ,,,,,ORCHID PHARMA LIMITED,1007.80,1069.50,993.75,1023.95,1018.00,1006.55,,1023.99,,,198749,206597931.80,19940,F1,1,,,,,
2026-10-07,2026-10-07,CM,NSE,STK,17882,INE0OUT01027,ORIANA,SM,,,,,ORIANA POWER LIMITED,302.50,312.00,298.10,303.00,301.95,303.30,,303.00,,,166125,50807156.25,359,F1,375,,,,,
2026-10-07,2026-10-07,CM,NSE,STK,10159,INE730A01022,ORICONENT,EQ,,,,,ORICON ENTERPRISES LTD,52.27,53.00,51.01,52.27,52.87,52.27,,52.20,,,66002,3456556.96,456,F1,1,,,,,
2026-10-07,2026-10-07,CM,NSE,STK,14278,INE607D01018,ORIENTBELL,EQ,,,,,ORIENT BELL LIMITED,416.05,440.40,405.25,432.55,433.00,413.55,,432.62,,,57426,24642386.85,1468,F1,1,,,,,
2026-10-07,2026-10-07,CM,NSE,STK,766377,INE0J1N01028,ORIENTCABL,EQ,,,,,ORIENT CABLES (INDIA) LTD,400.60,423.90,396.20,418.40,414.00,396.40,,418.43,,,8304312,3416903382.15,146156,F1,1,,,,,
2026-10-07,2026-10-07,CM,NSE,STK,30089,INE876N01018,ORIENTCEM,EQ,,,,,ORIENT CEMENT LTD.,115.32,116.19,112.41,113.21,112.69,115.76,,113.21,,,165155,18775429.46,5399,F1,1,,,,,
2026-10-07,2026-10-07,CM,NSE,STK,13111,INE569C01020,ORIENTCER,EQ,,,,,ORIENT CERATECH LIMITED,44.13,44.45,42.30,42.87,43.00,44.14,,42.88,,,68168,2955103.46,803,F1,1,,,,,
2026-10-07,2026-10-07,CM,NSE,STK,2972,INE142Z01019,ORIENTELEC,EQ,,,,,ORIENT ELECTRIC LIMITED,160.70,162.31,158.76,160.73,161.80,160.70,,160.71,,,120865,19366104.78,3732,F1,1,,,,,
2026-10-07,2026-10-07,CM,NSE,STK,20110,INE999K01014,GREENPOWER,EQ,,,,,ORIENT GREEN POWER CO LTD,8.73,8.75,8.63,8.65,8.64,8.74,,8.65,,,1042099,9042671.93,3298,F1,1,,,,,
2026-10-07,2026-10-07,CM,NSE,STK,2493,INE750A01020,ORIENTHOT,EQ,,,,,ORIENT HOTELS LTD,144.76,145.00,142.70,143.06,143.55,143.61,,143.06,,,343678,49501342.71,2724,F1,1,,,,,
2026-10-07,2026-10-07,CM,NSE,STK,2496,INE592A01026,ORIENTPPR,EQ,,,,,ORIENT PAPER AND INDS LTD,16.30,16.30,15.95,15.99,16.05,16.26,,15.99,,,259318,4163865.03,817,F1,1,,,,,
2026-10-07,2026-10-07,CM,NSE,STK,18211,INE609C01024,ORIENTLTD,BE,,,,,ORIENT PRESS LIMITED,75.24,78.25,75.24,77.00,77.00,76.00,,77.00,,,523,40070.96,6,F1,1,,,,,
2026-10-07,2026-10-07,CM,NSE,STK,24961,INE0PPK01015,ORIENTTECH,EQ,,,,,ORIENT TECHNOLOGIES LTD,229.00,258.20,227.01,239.80,237.00,226.35,,239.80,,,14171312,3530511234.71,177204,F1,1,,,,,
2026-10-07,2026-10-07,CM,NSE,STK,10768,INE959C01023,OAL,EQ,,,,,ORIENTAL AROMATICS LTD,514.80,529.40,508.55,515.60,515.00,511.35,,515.60,,,18150,9408895.90,1054,F1,1,,,,,
2026-10-07,2026-10-07,CM,NSE,STK,764818,INE457G01029,ORIRAIL,EQ,,,,,ORIENTAL RAIL INFRA L,123.50,123.50,119.17,120.66,120.66,122.96,,120.67,,,41071,4968078.47,937,F1,1,,,,,
2026-10-07,2026-10-07,CM,NSE,STK,14346,INE998H01012,ORIENTALTL,EQ,,,,,ORIENTAL TRIMEX LTD,4.87,4.89,4.78,4.83,4.81,4.87,,4.83,,,18666,90394.17,160,F1,1,,,,,
2026-10-07,2026-10-07,CM,NSE,STK,19931,INE725E01024,ORISSAMINE,EQ,,,,,ORISSA MIN DEV CO LTD,3639.00,3639.00,3551.00,3581.30,3575.00,3609.00,,3581.11,,,3643,13089800.10,705,F1,1,,,,,
2026-10-07,2026-10-07,CM,NSE,STK,759569,INE16NZ01023,ORKLAINDIA,EQ,,,,,ORKLA INDIA LIMITED,541.00,566.00,539.00,562.75,563.00,545.00,,562.75,,,66329,36929683.30,4350,F1,1,,,,,
2026-10-07,2026-10-07,CM,NSE,STK,2979,INE749B01020,ORTINGLOBE,EQ,,,,,ORTIN GLOBAL LIMITED,14.68,15.10,14.10,14.90,15.10,14.39,,14.90,,,6452,96852.01,32,F1,1,,,,,
2026-10-07,2026-10-07,CM,NSE,STK,25386,INE0RMF01018,OSELDEVICE,SM,,,,,OSEL DEVICES LIMITED,370.05,389.90,370.05,388.40,389.90,375.70,,388.40,,,24800,9507600.00,107,F1,200,,,,,
2026-10-07,2026-10-07,CM,NSE,STK,766359,INE06IR01021,OSIAHYPER,BZ,,,,,OSIA HYPER RETAIL LIMITED,2.06,2.06,1.90,1.91,1.94,2.00,,1.91,,,659281,1270429.23,700,F1,1,,,,,
2026-10-07,2026-10-07,CM,NSE,STK,2514,INE142A01012,OSWALAGRO,EQ,,,,,OSWAL AGRO MILLS LTD,32.69,33.63,32.10,32.74,32.52,32.85,,32.71,,,45081,1492913.25,327,F1,1,,,,,
2026-10-07,2026-10-07,CM,NSE,STK,471,INE143A01010,OSWALGREEN,EQ,,,,,OSWAL GREENTECH LIMITED,19.27,19.47,18.89,18.99,18.96,19.27,,18.99,,,74952,1433444.08,722,F1,1,,,,,
2026-10-07,2026-10-07,CM,NSE,STK,756802,INE0BYP01024,OSWALPUMPS,EQ,,,,,OSWAL PUMPS LIMITED,264.90,269.95,262.85,264.60,264.80,264.80,,264.60,,,226913,60216732.60,5277,F1,1,,,,,
2026-10-07,2026-10-07,CM,NSE,STK,22911,INE0R8M01017,OWAIS,SM,,,,,OWAIS METAL & MINERAL,68.00,68.30,66.35,66.80,66.50,67.00,,66.80,,,8000,542780.00,42,F1,100,,,,,
2026-10-07,2026-10-07,CM,NSE,STK,765145,INE501F01018,PBMPOLY,EQ,,,,,P B M POLYTEX LTD.,56.26,66.90,56.26,57.75,57.75,58.75,,57.75,,,315,18881.32,9,F1,1,,,,,
2026-10-07,2026-10-07,CM,NSE,STK,25312,INE953R01016,PNGJL,EQ,,,,,P N GADGIL JEWELLERS LTD,587.80,603.95,582.60,597.05,596.50,588.60,,597.03,,,424424,253422508.20,18721,F1,1,,,,,
2026-10-07,2026-10-07,CM,NSE,STK,764845,INE035S01028,POEL,EQ,,,,,P O C L ENTERPRISES LTD.,133.71,137.70,131.57,135.86,135.02,133.71,,135.71,,,42710,5768485.06,1831,F1,1,,,,,
2026-10-07,2026-10-07,CM,NSE,STK,29662,INE0XUS01020,PSRAJ,SM,,,,,P S RAJ STEELS LIMITED,99.40,99.70,98.00,99.40,99.50,99.75,,99.40,,,67500,6704375.00,20,F1,2500,,,,,
2026-10-07,2026-10-07,CM,NSE,STK,2535,INE179A01014,PGHH,EQ,,,,,P&G HYGIENE & HEALTH CARE,6900.00,7012.00,6840.00,6921.00,6939.00,6865.00,,6920.94,,,11952,82875404.00,4415,F1,1,,,,,
2026-10-07,2026-10-07,CM,NSE,STK,759342,INE0S3G01027,PACEDIGITK,EQ,,,,,PACE DIGITEK LIMITED,167.00,168.00,163.56,165.45,166.00,166.28,,165.44,,,525452,86662970.35,7774,F1,1,,,,,
2026-10-07,2026-10-07,CM,NSE,STK,764823,INE883C01025,PACIFICI,EQ,,,,,PACIFIC INDUSTRIES LTD.,141.00,141.00,130.00,138.59,138.59,138.99,,131.06,,,453,60285.87,27,F1,1,,,,,
2026-10-07,2026-10-07,CM,NSE,STK,14413,INE761H01022,PAGEIND,EQ,,,,,PAGE INDUSTRIES LTD,37970.00,37970.00,37300.00,37570.00,37570.00,37970.00,,37570.00,,,10168,382028270.00,5251,F1,1,,,,,
2026-10-07,2026-10-07,CM,NSE,STK,25468,INE420C01059,PAISALO,EQ,,,,,PAISALO DIGITAL LIMITED,83.31,85.48,83.11,84.23,83.51,83.10,,84.22,,,11691827,990281048.74,18197,F1,1,,,,,
2026-10-07,2026-10-07,CM,NSE,STK,17197,INE551D01018,PAKKA,EQ,,,,,PAKKA LIMITED,69.13,72.90,68.66,72.37,72.51,69.13,,72.37,,,208422,14731113.46,2005,F1,1,,,,,
2026-10-07,2026-10-07,CM,NSE,STK,21383,INE471W01019,PALASHSECU,EQ,,,,,PALASH SECURITIES LTD,87.90,87.99,84.10,87.99,87.99,86.80,,87.99,,,205,17738.86,27,F1,1,,,,,
2026-10-07,2026-10-07,CM,NSE,STK,17062,INE218G01033,PALREDTEC,EQ,,,,,PALRED TECHNOLOGIES LTD,41.62,43.42,39.54,43.42,43.42,41.62,,43.42,,,1810,72881.34,40,F1,1,,,,,
2026-10-07,2026-10-07,CM,NSE,STK,4055,INE922B01023,PANACEABIO,EQ,,,,,PANACEA BIOTEC LTD,361.70,365.00,355.55,357.60,357.10,363.20,,357.63,,,46154,16646672.00,1909,F1,1,,,,,
2026-10-07,2026-10-07,CM,NSE,STK,16355,INE895W01019,PANACHE,BE,,,,,PANACHE DIGILIFE LIMITED,570.55,597.45,570.00,597.45,597.45,569.00,,597.45,,,65399,37726673.90,195,F1,1,,,,,
2026-10-07,2026-10-07,CM,NSE,STK,25392,INE305C01029,PANAMAPET,EQ,,,,,PANAMA PETROCHEM LTD,508.65,551.85,497.45,537.00,535.20,504.10,,536.99,,,1895756,1010724863.45,57160,F1,1,,,,,
2026-10-07,2026-10-07,CM,NSE,STK,764828,INE798F01010,PANCHMAHQ,EQ,,,,,PANCHMAHAL STEEL LTD.,296.40,296.40,285.00,285.00,285.00,296.40,,285.00,,,6,1744.20,2,F1,1,,,,,
2026-10-07,2026-10-07,CM,NSE,STK,765140,INE258R01028,PANORAMA,EQ,,,,,PANORAMA STUDIOS INTL. L,62.90,67.00,62.90,66.29,65.40,63.05,,66.29,,,2007982,131360138.01,7910,F1,1,,,,,
2026-10-07,2026-10-07,CM,NSE,STK,6141,INE697V01011,PANSARI,EQ,,,,,PANSARI DEVELOPERS LTD,260.00,273.90,251.10,271.00,271.00,265.70,,271.00,,,368,95861.90,15,F1,1,,,,,
2026-10-07,2026-10-07,CM,NSE,STK,766440,INE1V7901010,PAPADMALJI,ST,,,,,PAPADMALJI AGRO FOODS LTD,72.30,72.30,68.70,68.75,68.70,72.00,,68.75,,,1630400,116851280.00,538,F1,1600,,,,,
2026-10-07,2026-10-07,CM,NSE,STK,5637,INE04LG01015,PAR,BE,,,,,PAR DRUGS AND CHEM LTD,120.06,126.15,120.06,125.28,126.00,122.74,,125.28,,,8720,1075920.64,121,F1,1,,,,,
2026-10-07,2026-10-07,CM,NSE,STK,9741,INE088F01024,PARADEEP,EQ,,,,,PARADEEP PHOSPHATES LTD,156.00,157.38,153.41,155.38,154.75,156.76,,155.38,,,1126425,174759794.25,18558,F1,1,,,,,
2026-10-07,2026-10-07,CM,NSE,STK,17130,INE883N01014,PARAGMILK,EQ,,,,,PARAG MILK FOODS LTD.,306.95,314.70,301.35,311.80,312.70,308.70,,311.80,,,2455573,763693756.85,34861,F1,1,,,,,
2026-10-07,2026-10-07,CM,NSE,STK,19779,INE0N4G01012,PARAGON,SM,,,,,PARAGON FINE S.C. LTD.,50.70,57.40,50.50,53.05,53.05,49.20,,53.05,,,42000,2272140.00,34,F1,1200,,,,,
2026-10-07,2026-10-07,CM,NSE,STK,25069,INE0S2W01018,PARAMATRIX,SM,,,,,PARAMATRIX TECHNOLOGIES L,56.00,56.00,55.00,55.00,55.00,55.00,,55.00,,,2400,133200.00,2,F1,1200,,,,,
2026-10-07,2026-10-07,CM,NSE,STK,13951,INE074B01023,PARACABLES,EQ,,,,,PARAMOUNT COMM LTD,58.08,59.35,57.00,57.49,57.67,58.22,,57.49,,,958244,55665305.50,6174,F1,1,,,,,
2026-10-07,2026-10-07,CM,NSE,STK,25431,INE0Q6001012,PSFL,SM,,,,,PARAMOUNT SPECIALI FORG L,32.50,32.50,32.50,32.50,32.50,32.50,,32.50,,,2000,65000.00,1,F1,2000,,,,,
2026-10-07,2026-10-07,CM,NSE,STK,5911,INE045601023,PARAS,EQ,,,,,PARAS DEF AND SPCE TECH L,1321.90,1321.90,1278.00,1286.10,1286.00,1323.30,,1286.15,,,560761,724022561.60,33368,F1,1,,,,,
2026-10-07,2026-10-07,CM,NSE,STK,3972,INE162C01024,PARASPETRO,EQ,,,,,PARAS PETROFILS LTD.,2.02,2.09,1.99,2.03,2.03,2.02,,2.03,,,192904,391211.90,327,F1,1,,,,,
2026-10-07,2026-10-07,CM,NSE,STK,766227,INE00U801010,PARIN,EQ,,,,,PARIN ENTERPRISES LIMITED,709.20,709.20,685.55,704.30,706.00,700.05,,704.30,,,10043,7028900.60,399,F1,1,,,,,
2026-10-07,2026-10-07,CM,NSE,STK,760351,INE119201023,PARKHOSPS,EQ,,,,,PARK MEDI WORLD LIMITED,274.00,275.90,270.00,272.80,270.50,274.85,,272.79,,,689821,188196429.20,6895,F1,1,,,,,
2026-10-07,2026-10-07,CM,NSE,STK,22649,INE988S01028,PARKHOTELS,EQ,,,,,PARKHOTELS,103.00,104.49,102.68,103.62,104.25,103.19,,103.62,,,73659,7640529.94,1165,F1,1,,,,,
2026-10-07,2026-10-07,CM,NSE,STK,764833,INE383L01019,PARNAXLAB,EQ,,,,,PARNAX LAB LTD.,111.00,115.99,111.00,111.54,111.50,115.34,,111.56,,,2587,291492.97,70,F1,1,,,,,
2026-10-07,2026-10-07,CM,NSE,STK,13795,INE561H01026,PARSVNATH,BE,,,,,PARSVNATH DEVELOPER LTD,2.25,2.25,2.25,2.25,2.25,2.21,,2.25,,,28893,65009.25,37,F1,1,,,,,
2026-10-07,2026-10-07,CM,NSE,STK,758217,INE1H7V01011,PARTH,SM,,,,,PARTH ELEC & ENG LTD,514.00,520.00,510.00,518.75,520.00,512.85,,518.75,,,6800,3503860.00,12,F1,400,,,,,
2026-10-07,2026-10-07,CM,NSE,STK,2599,INE06ZX01015,PARTYCRUS,SM,,,,,PARTY CRUISERS LIMITED,96.50,103.00,96.00,96.20,96.20,95.00,,96.20,,,13000,1289500.00,13,F1,1000,,,,,
2026-10-07,2026-10-07,CM,NSE,STK,766247,INE06ZX20015,PARTY-RE,ST,,,,,PARTY CRUISERS LTD,0.35,0.35,0.30,0.35,0.35,0.30,,0.35,,,386946,130301.70,282,F1,166,,,,,
2026-10-07,2026-10-07,CM,NSE,STK,757955,INE124Y01028,PASHUPATI,EQ,,,,,PASHUPATI COTSPIN LIMITED,71.45,75.04,68.15,69.60,69.70,69.91,,69.62,,,3311365,232732637.13,18374,F1,1,,,,,
2026-10-07,2026-10-07,CM,NSE,STK,6045,INE818B01023,PASUPTAC,EQ,,,,,PASUPATI ACRYLON LIMITED,70.50,73.09,69.56,70.50,69.56,70.89,,70.51,,,76842,5451213.14,1361,F1,1,,,,,
2026-10-07,2026-10-07,CM,NSE,STK,17029,INE619A01035,PATANJALI,EQ,,,,,PATANJALI FOODS LIMITED,362.45,363.00,354.00,360.95,360.95,363.00,,360.96,,,3163358,1136095227.60,30886,F1,1,,,,,
2026-10-07,2026-10-07,CM,NSE,STK,11699,INE244B01030,PATELENG,EQ,,,,,PATEL ENGINEERING LTD.,25.85,26.09,25.62,25.74,25.70,25.93,,25.74,,,1235700,31894642.66,4305,F1,1,,,,,
2026-10-07,2026-10-07,CM,NSE,STK,15219,INE529D01014,PATINTLOG,EQ,,,,,PATEL INT. LOG. LTD,13.48,13.48,13.10,13.11,13.14,13.15,,13.11,,,21004,276603.17,155,F1,1,,,,,
2026-10-07,2026-10-07,CM,NSE,STK,759439,INE0R8B01010,PATELRMART,EQ,,,,,PATEL RETAIL LIMITED,225.88,233.39,223.00,227.86,228.80,227.01,,227.87,,,234782,53784219.90,2940,F1,1,,,,,
2026-10-07,2026-10-07,CM,NSE,STK,756966,INE17GV01016,PATILAUTOM,ST,,,,,PATIL AUTOMATION LIMITED,338.00,353.15,336.35,353.15,353.15,336.35,,353.15,,,56400,19634160.00,68,F1,600,,,,,
2026-10-07,2026-10-07,CM,NSE,STK,762834,INE291E01019,PML,EQ,,,,,PAUL MERCHANTS LTD.,481.20,493.95,468.50,483.85,493.95,481.20,,485.14,,,29,13866.05,20,F1,1,,,,,
2026-10-07,2026-10-07,CM,NSE,STK,759969,INE111F01024,PAUSHAKLTD,EQ,,,,,PAUSHAK LIMITED,722.85,722.85,692.50,697.55,700.95,704.30,,697.76,,,40665,28831119.85,3596,F1,1,,,,,
2026-10-07,2026-10-07,CM,NSE,STK,16192,INE07S101038,PAVNAIND,EQ,,,,,PAVNA INDUSTRIES LIMITED,15.84,15.84,15.25,15.30,15.30,15.65,,15.30,,,20734,321332.83,114,F1,1,,,,,
2026-10-07,2026-10-07,CM,NSE,STK,6656,INE417T01026,POLICYBZR,EQ,,,,,PB FINTECH LIMITED,1034.50,1041.20,1012.00,1040.00,1040.00,1034.90,,1040.00,,,3508117,3605602754.30,69908,F1,1,,,,,
2026-10-07,2026-10-07,CM,NSE,STK,29124,INE785M01021,PCJEWELLER,EQ,,,,,PC JEWELLER LTD,12.95,13.25,12.87,13.14,13.15,12.93,,13.14,,,208486730,2725217262.32,103807,F1,1,,,,,
2026-10-07,2026-10-07,CM,NSE,STK,2649,INE602A01031,PCBL,EQ,,,,,PCBL CHEMICAL LIMITED,328.70,329.00,323.65,326.90,327.25,327.70,,326.90,,,499455,163058454.75,12845,F1,1,,,,,
2026-10-07,2026-10-07,CM,NSE,STK,761819,INE389Z07104,9PCPL28A,N0,,,,,PCPL 9% 2028,9500.00,9650.00,9351.00,9650.00,9650.00,9700.00,,9650.00,,,22,208223.00,9,F1,1,,,,,
2026-10-07,2026-10-07,CM,NSE,STK,5264,INE111Q01021,PDSL,EQ,,,,,PDS LIMITED,348.35,348.40,337.15,342.00,344.00,347.40,,342.00,,,76936,26309152.05,2846,F1,1,,,,,
2026-10-07,2026-10-07,CM,NSE,STK,14260,INE940H01022,PGIL,EQ,,,,,PEARL GLOBAL IND LIMITED,1265.00,1311.00,1261.40,1273.10,1271.00,1266.70,,1273.12,,,177377,227559879.70,24269,F1,1,,,,,
2026-10-07,2026-10-07,CM,NSE,STK,2610,INE844A01013,PEARLPOLY,EQ,,,,,PEARL POLYMERS LTD,16.85,17.95,16.85,17.55,17.55,17.20,,17.53,,,9697,170522.67,68,F1,1,,,,,
2026-10-07,2026-10-07,CM,NSE,STK,25408,INE0VG601013,PELATRO,SM,,,,,PELATRO LIMITED,380.00,380.00,370.05,375.00,375.00,379.20,,375.00,,,6000,2250465.00,12,F1,300,,,,,
2026-10-07,2026-10-07,CM,NSE,STK,2256,INE138A01028,PENINLAND,EQ,,,,,PENINSULA LAND LIMITED,14.40,14.72,14.40,14.66,14.65,14.66,,14.65,,,75236,1100218.69,312,F1,1,,,,,
2026-10-07,2026-10-07,CM,NSE,STK,20621,INE932A01024,PENIND,EQ,,,,,PENNAR INDUSTRIES LTD,177.85,182.95,175.23,180.85,180.95,177.85,,180.91,,,368396,65805524.82,6199,F1,1,,,,,
2026-10-07,2026-10-07,CM,NSE,STK,17139,INE0ORS01017,PENTAGON,ST,,,,,PENTAGON RUBBER LIMITED,87.20,87.20,84.55,85.85,84.55,89.00,,85.85,,,2000,171750.00,2,F1,1000,,,,,
2026-10-07,2026-10-07,CM,NSE,STK,758121,INE925S01012,PERFECT,SZ,,,,,PERFECT INFRAENGINEER LTD,1.75,1.75,1.75,1.75,1.75,1.70,,1.75,,,3000,5250.00,1,F1,3000,,,,,
2026-10-07,2026-10-07,CM,NSE,STK,764838,INE418E01018,PERMAGN,EQ,,,,,PERMANENT MAGNETS LTD.,855.00,895.00,846.30,881.60,888.50,846.75,,881.55,,,6857,6016330.20,781,F1,1,,,,,
2026-10-07,2026-10-07,CM,NSE,STK,18365,INE262H01021,PERSISTENT,EQ,,,,,PERSISTENT SYSTEMS LTD,5513.50,5529.00,5447.50,5507.00,5507.00,5521.00,,5506.89,,,298344,1640483714.00,27802,F1,1,,,,,
2026-10-07,2026-10-07,CM,NSE,STK,24290,INE998U01015,PCCL,SM,,,,,PETRO CARBON AND CHEMI L,414.00,415.00,412.00,412.00,412.00,415.00,,412.00,,,2000,827200.00,5,F1,400,,,,,
2026-10-07,2026-10-07,CM,NSE,STK,11351,INE347G01014,PETRONET,EQ,,,,,PETRONET LNG LIMITED,295.00,299.60,294.25,297.00,297.00,297.50,,297.00,,,3121238,927490221.25,42161,F1,1,,,,,
2026-10-07,2026-10-07,CM,NSE,STK,2643,INE182A01018,PFIZER,EQ,,,,,PFIZER LTD,3870.00,3870.10,3802.00,3815.10,3810.00,3852.20,,3815.15,,,11656,44555818.40,3296,F1,1,,,,,
2026-10-07,2026-10-07,CM,NSE,STK,759562,INE140A07740,905PFL26,N1,,,,,PFL 9.05% SR II 2026,1083.00,1083.00,1080.00,1080.00,1080.00,1080.00,,1081.00,,,35,37860.05,4,F1,1,,,,,
2026-10-07,2026-10-07,CM,NSE,STK,759563,INE140A07765,920PFL28,N2,,,,,PFL 9.20% SR III 2028,1077.77,1085.00,1077.77,1085.00,1085.00,1077.00,,1138.40,,,130,140977.70,3,F1,1,,,,,
2026-10-07,2026-10-07,CM,NSE,STK,25358,INE457L01029,PGEL,EQ,,,,,PG ELECTROPLAST LTD,523.65,531.00,519.20,522.00,522.00,527.65,,522.00,,,987708,518701085.95,19049,F1,1,,,,,
2026-10-07,2026-10-07,CM,NSE,STK,11612,INE0MLZ01019,PHANTOMFX,SM,,,,,PHANTOM DIGITAL EFF LTD,82.00,98.50,80.00,96.70,96.60,82.10,,96.70,,,66600,5827410.00,102,F1,300,,,,,
2026-10-07,2026-10-07,CM,NSE,STK,2658,INE245B01011,PHOENXINTL,EQ,,,,,PHOENIX INTERNATIONAL LTD,28.50,28.99,28.49,28.98,28.98,28.01,,28.98,,,517,14873.05,16,F1,1,,,,,
2026-10-07,2026-10-07,CM,NSE,STK,25513,INE0FPO01018,PHOGLOBAL,SM,,,,,PHOENIX OVERSEAS LIMITED,14.75,14.75,14.65,14.70,14.65,15.20,,14.70,,,6000,88200.00,3,F1,2000,,,,,
2026-10-07,2026-10-07,CM,NSE,STK,759723,INE0LP301011,PWL,EQ,,,,,PHYSICSWALLAH LIMITED,131.02,140.20,130.70,139.57,139.60,131.86,,139.56,,,34917953,4829337695.18,184756,F1,1,,,,,
2026-10-07,2026-10-07,CM,NSE,STK,24184,INE603J01030,PIIND,EQ,,,,,PI INDUSTRIES LTD,2259.00,2259.00,2197.80,2210.00,2210.00,2250.00,,2210.00,,,167302,370058646.70,15955,F1,1,,,,,
2026-10-07,2026-10-07,CM,NSE,STK,757754,INE546C01010,PICCADIL,EQ,,,,,PICCADILY AGRO INDUSTRI L,592.55,602.00,584.00,589.00,590.90,594.20,,589.02,,,56998,33630536.90,5029,F1,1,,,,,
2026-10-07,2026-10-07,CM,NSE,STK,24785,INE0YAL01017,PPSL,SM,,,,,PICTUREPOST STUDIOS LTD,2.75,2.80,2.75,2.80,2.80,2.85,,2.80,,,12000,33150.00,4,F1,3000,,,,,
2026-10-07,2026-10-07,CM,NSE,STK,2664,INE318A01026,PIDILITIND,EQ,,,,,PIDILITE INDUSTRIES LTD,1515.00,1515.00,1483.10,1488.50,1488.50,1520.50,,1488.50,,,537272,803649987.80,40292,F1,1,,,,,
2026-10-07,2026-10-07,CM,NSE,STK,30835,INE600A01035,PILITA,EQ,,,,,PIL ITALICA LIFESTYLE LTD,7.38,7.50,7.30,7.32,7.31,7.35,,7.32,,,22080,162459.86,105,F1,1,,,,,
2026-10-07,2026-10-07,CM,NSE,STK,11445,INE417C01014,PILANIINVS,EQ,,,,,PILANI INV & IND COR LTD,4094.50,4095.00,4053.00,4076.30,4068.40,4067.10,,4076.28,,,1469,5981319.60,275,F1,1,,,,,
2026-10-07,2026-10-07,CM,NSE,STK,759820,INE15B701018,PINELABS,EQ,,,,,PINE LABS LIMITED,173.00,184.70,171.54,177.67,177.75,172.73,,177.67,,,40833328,7345739527.56,236708,F1,1,,,,,
2026-10-07,2026-10-07,CM,NSE,STK,13463,INE156C01018,PIONEEREMB,EQ,,,,,PIONEER EMBROIDERIES LTD,20.30,20.79,20.10,20.70,20.60,20.60,,20.70,,,329,6710.60,22,F1,1,,,,,
2026-10-07,2026-10-07,CM,NSE,STK,762832,INE746D01014,PIONRINV,BE,,,,,PIONEER INVESTCORP LTD.,67.21,67.21,62.60,62.60,62.60,65.89,,62.60,,,15367,961982.31,65,F1,1,,,,,
2026-10-07,2026-10-07,CM,NSE,STK,759551,INE202B01038,PIRAMALFIN,EQ,,,,,PIRAMAL FINANCE LIMITED,2018.00,2022.70,1970.20,1981.50,1980.00,2018.50,,1981.51,,,377333,753397377.90,53575,F1,1,,,,,
2026-10-07,2026-10-07,CM,NSE,STK,11571,INE0DK501011,PPLPHARMA,EQ,,,,,PIRAMAL PHARMA LIMITED,200.06,205.10,199.99,203.01,202.67,200.52,,202.99,,,2298287,465908131.41,40447,F1,1,,,,,
2026-10-07,2026-10-07,CM,NSE,STK,14134,INE450D01021,PITTIENG,EQ,,,,,PITTI ENGINEERING LIMITED,1122.00,1149.80,1115.00,1118.40,1116.40,1122.00,,1118.40,,,86462,98010235.00,6955,F1,1,,,,,
2026-10-07,2026-10-07,CM,NSE,STK,9087,INE751B01018,PIXTRANS,EQ,,,,,PIX TRANSMISSIONS LIMITED,1784.00,1808.80,1756.10,1788.40,1800.00,1796.70,,1788.44,,,24831,44221037.90,3113,F1,1,,,,,
2026-10-07,2026-10-07,CM,NSE,STK,19492,INE0PXD01014,PLADAINFO,SM,,,,,PLADA INFOTECH SERVICES L,11.80,11.80,11.75,11.75,11.75,12.35,,11.75,,,15000,176400.00,5,F1,3000,,,,,
2026-10-07,2026-10-07,CM,NSE,STK,13920,INE083C01022,PLASTIBLEN,EQ,,,,,PLASTIBLENDS INDIA LTD,205.00,207.00,200.20,205.09,204.00,202.40,,205.04,,,47821,9751631.86,1509,F1,1,,,,,
2026-10-07,2026-10-07,CM,NSE,STK,22930,INE0PT501018,PLATIND,EQ,,,,,PLATINUM INDUSTRIES LTD,203.63,207.00,200.00,200.56,200.99,203.58,,200.58,,,50708,10287093.99,1605,F1,1,,,,,
2026-10-07,2026-10-07,CM,NSE,STK,19458,INE0INJ01017,PLAZACABLE,EQ,,,,,PLAZA WIRES LIMITED,58.69,59.00,56.70,58.20,57.51,58.07,,58.22,,,42724,2474776.46,955,F1,1,,,,,
2026-10-07,2026-10-07,CM,NSE,STK,8736,INE859A01011,PNBGILTS,EQ,,,,,PNB GILTS LIMITED,71.50,72.64,71.00,71.52,72.30,71.42,,71.52,,,343479,24700667.06,2451,F1,1,,,,,
2026-10-07,2026-10-07,CM,NSE,STK,18908,INE572E01012,PNBHOUSING,EQ,,,,,PNB HOUSING FIN LTD.,1105.10,1139.70,1105.10,1131.00,1131.00,1102.10,,1131.12,,,1125058,1269634454.30,41835,F1,1,,,,,
2026-10-07,2026-10-07,CM,NSE,STK,9385,INE195J01029,PNCINFRA,EQ,,,,,PNC INFRATECH LTD.,138.74,139.00,135.85,136.93,137.00,138.74,,136.93,,,441404,60522844.98,10544,F1,1,,,,,
2026-10-07,2026-10-07,CM,NSE,STK,9342,INE392B01011,PNC,EQ,,,,,PNC MEDIA AND ENT LTD,18.80,18.80,16.86,17.49,17.50,17.41,,17.49,,,15085,265159.50,265,F1,1,,,,,
2026-10-07,2026-10-07,CM,NSE,STK,760242,INE1RDG01013,PNGSREVA,EQ,,,,,PNGS REVA DIAMOND JEWEL L,551.45,653.00,549.90,631.00,643.90,547.20,,631.18,,,4514798,2795423921.75,121929,F1,1,,,,,
2026-10-07,2026-10-07,CM,NSE,STK,19036,INE371C01013,PODDARMENT,EQ,,,,,PODDAR PIGMENTS LIMITED,255.00,257.70,252.60,254.80,256.10,253.30,,254.65,,,2146,546311.65,104,F1,1,,,,,
2026-10-07,2026-10-07,CM,NSE,STK,17651,INE637C01025,POKARNA,EQ,,,,,POKARNA LIMITED,712.00,712.20,698.30,704.45,702.00,709.90,,704.39,,,31826,22443034.90,2495,F1,1,,,,,
2026-10-07,2026-10-07,CM,NSE,STK,25718,INE205C01021,POLYMED,EQ,,,,,POLY MEDICURE LIMITED,1635.00,1641.00,1599.50,1615.00,1599.50,1633.80,,1615.00,,,114735,186577775.70,11936,F1,1,,,,,
2026-10-07,2026-10-07,CM,NSE,STK,9590,INE455K01017,POLYCAB,EQ,,,,,POLYCAB INDIA LIMITED,8130.50,8335.50,8038.00,8310.00,8310.00,8147.00,,8309.99,,,531310,4340265666.50,44462,F1,1,,,,,
2026-10-07,2026-10-07,CM,NSE,STK,2687,INE633B01018,POLYPLEX,EQ,,,,,POLYPLEX CORPORATION LTD,1028.30,1030.00,1010.40,1023.30,1027.80,1034.30,,1023.46,,,38428,39256721.70,3820,F1,1,,,,,
2026-10-07,2026-10-07,CM,NSE,STK,22711,INE517M01028,POLYSIL,SM,,,,,POLYSIL IRRIGATION SYST L,52.00,55.75,51.60,55.75,55.75,53.10,,55.75,,,13000,711650.00,17,F1,500,,,,,
2026-10-07,2026-10-07,CM,NSE,STK,765150,INE914G01029,POLYSPIN,EQ,,,,,POLYSPIN EXPORTS LTD.,28.95,29.97,28.24,29.00,29.00,28.95,,29.00,,,155,4516.89,13,F1,1,,,,,
2026-10-07,2026-10-07,CM,NSE,STK,14385,INE063E01061,POCL,EQ,,,,,PONDY OXIDES & CHEM LTD,448.45,450.95,438.00,448.40,446.55,447.25,,448.37,,,181018,80831121.40,11058,F1,1,,,,,
2026-10-07,2026-10-07,CM,NSE,STK,10661,INE838E01017,PONNIERODE,EQ,,,,,PONNIE SUGARS (ERODE) LTD,375.00,379.80,362.15,365.40,364.50,374.55,,365.42,,,76407,28459068.90,2330,F1,1,,,,,
2026-10-07,2026-10-07,CM,NSE,STK,766292,INE1C2Q01017,POOJALOGIS,ST,,,,,POOJA LOGISTICS LIMITED,123.00,125.85,120.10,125.85,125.85,119.90,,125.85,,,50400,6252600.00,35,F1,1200,,,,,
2026-10-07,2026-10-07,CM,NSE,STK,11403,INE511C01022,POONAWALLA,EQ,,,,,POONAWALLA FINCORP LTD,459.70,459.70,447.85,448.90,448.20,460.45,,448.90,,,1030916,465445457.45,43401,F1,1,,,,,
2026-10-07,2026-10-07,CM,NSE,STK,23142,INE772T01024,PVSL,EQ,,,,,POPULAR VEHICLES N SER L,95.40,97.00,93.00,95.37,94.20,94.57,,95.04,,,10323,980766.54,536,F1,1,,,,,
2026-10-07,2026-10-07,CM,NSE,STK,24864,INE0S3H01017,POSITRON,SM,,,,,POSITRON ENERGY LIMITED,227.70,234.95,227.70,232.90,234.90,223.80,,232.90,,,28500,6638985.00,72,F1,300,,,,,
2026-10-07,2026-10-07,CM,NSE,STK,14299,INE134E01011,PFC,EQ,,,,,POWER FIN CORP LTD.,322.90,332.25,321.95,325.55,325.55,322.60,,325.55,,,15838626,5178470549.00,101286,F1,1,,,,,
2026-10-07,2026-10-07,CM,NSE,STK,14977,INE752E01010,POWERGRID,EQ,,,,,POWER GRID CORP. LTD.,256.60,256.65,252.85,253.05,253.05,257.20,,253.05,,,4339989,1104222334.60,69333,F1,1,,,,,
2026-10-07,2026-10-07,CM,NSE,STK,15716,INE557Z01018,PIGL,EQ,,,,,POWER INSTRUMENT (G) LTD,96.00,98.61,96.00,97.09,96.41,98.42,,97.09,,,30138,2916113.06,679,F1,1,,,,,
2026-10-07,2026-10-07,CM,NSE,STK,10473,INE211R01019,POWERMECH,EQ,,,,,POWER MECH PROJECTS LTD.,2414.50,2449.40,2401.00,2429.30,2440.00,2426.00,,2429.24,,,26530,64313527.30,6628,F1,1,,,,,
2026-10-07,2026-10-07,CM,NSE,STK,3494,INE0GGX23010,PGINVIT,IV,,,,,POWERGRID INFRA. INVITS,102.36,102.49,102.00,102.48,102.49,102.23,,102.48,,,1115522,114131514.02,4956,F1,1,,,,,
2026-10-07,2026-10-07,CM,NSE,STK,761680,INE921L01032,POWERICA,EQ,,,,,POWERICA LIMITED,600.05,613.60,590.00,600.95,600.00,601.70,,600.84,,,167821,101012458.65,6163,F1,1,,,,,
2026-10-07,2026-10-07,CM,NSE,STK,15213,INE095I01015,PPAP,BE,,,,,PPAP AUTOMOTIVE LIMITED,244.60,248.00,241.35,247.06,246.00,239.81,,247.10,,,6281,1538865.62,96,F1,1,,,,,
2026-10-07,2026-10-07,CM,NSE,STK,30134,INE0I0M01023,PRABHA,EQ,,,,,PRABHA ENERGY LIMITED,220.91,229.00,220.01,225.82,226.10,221.33,,225.80,,,156054,35248921.15,2906,F1,1,,,,,
2026-10-07,2026-10-07,CM,NSE,STK,762839,INE770A01010,PRADPME,EQ,,,,,PRADEEP METALS LTD.,572.20,653.10,572.20,620.90,613.00,544.25,,621.77,,,514852,323477968.30,14921,F1,1,,,,,
2026-10-07,2026-10-07,CM,NSE,STK,2705,INE074A01025,PRAJIND,EQ,,,,,PRAJ INDUSTRIES LTD,315.05,315.90,299.20,300.40,300.00,315.05,,300.40,,,649176,197756720.35,25376,F1,1,,,,,
2026-10-07,2026-10-07,CM,NSE,STK,13941,INE505C01016,PRAENG,EQ,,,,,PRAJAY ENG. SYN. LTD.,20.40,20.58,17.67,19.37,19.26,19.70,,19.37,,,299127,5724173.02,831,F1,1,,,,,
2026-10-07,2026-10-07,CM,NSE,STK,2708,INE603A01013,PRAKASH,EQ,,,,,PRAKASH INDUSTRIES LTD,119.35,119.40,117.11,118.31,118.65,119.70,,118.31,,,264927,31373222.88,3034,F1,1,,,,,
2026-10-07,2026-10-07,CM,NSE,STK,10297,INE050001010,PPL,EQ,,,,,PRAKASH PIPES LIMITED,252.65,252.95,246.05,247.60,246.55,252.65,,247.69,,,28315,7067998.45,915,F1,1,,,,,
2026-10-07,2026-10-07,CM,NSE,STK,19599,INE696K01024,PRAKASHSTL,EQ,,,,,PRAKASH STEELAGE LTD,3.53,3.57,3.41,3.43,3.44,3.53,,3.43,,,93821,325873.23,410,F1,1,,,,,
2026-10-07,2026-10-07,CM,NSE,STK,18514,INE0O7A01017,PRAMARA,SM,,,,,PRAMARA PROMOTIONS LTD,107.60,109.65,105.95,108.00,108.00,104.45,,108.00,,,12500,1339850.00,15,F1,500,,,,,
2026-10-07,2026-10-07,CM,NSE,STK,765287,INE2JG601017,PRAMODINI,SM,,,,,PRAMODINI MEDICARE LTD,116.90,117.00,114.25,115.20,115.40,116.35,,115.20,,,21600,2497320.00,18,F1,1200,,,,,
2026-10-07,2026-10-07,CM,NSE,STK,766000,INE0H4201019,PRANAV,EQ,,,,,PRANAV CONSTRUCTIONS LTD,90.29,95.88,89.10,94.22,94.70,90.90,,94.26,,,3367704,313718230.94,26100,F1,1,,,,,
2026-10-07,2026-10-07,CM,NSE,STK,25818,INE0VJG01014,PRANIK,SM,,,,,PRANIK LOGISTICS LIMITED,46.05,46.05,46.00,46.00,46.00,45.15,,46.00,,,6400,294480.00,2,F1,1600,,,,,
2026-10-07,2026-10-07,CM,NSE,STK,766016,INE455U01024,PRASOLCHEM,EQ,,,,,PRASOL CHEMICALS LIMITED,824.20,889.95,821.45,878.90,876.40,821.45,,879.00,,,609936,527727587.45,37029,F1,1,,,,,
2026-10-07,2026-10-07,CM,NSE,STK,21840,INE393P01035,DIAMONDYD,EQ,,,,,PRATAAP SNACKS LIMITED,1082.30,1095.10,1070.80,1079.20,1090.00,1088.20,,1079.18,,,1026,1109984.70,232,F1,1,,,,,
2026-10-07,2026-10-07,CM,NSE,STK,23113,INE0QA601016,PRATHAM,SM,,,,,PRATHAM EPC PROJECTS LTD,120.05,120.05,120.05,120.05,120.05,122.50,,120.05,,,6800,816340.00,9,F1,400,,,,,
2026-10-07,2026-10-07,CM,NSE,STK,762844,INE722B01019,PRAVEG,EQ,,,,,PRAVEG LTD.,249.03,253.50,241.00,242.27,241.00,247.81,,242.27,,,28238,7010057.86,1322,F1,1,,,,,
2026-10-07,2026-10-07,CM,NSE,STK,1204,INE546Y01022,PRAXIS,EQ,,,,,PRAXIS HOME RETAIL LTD,4.48,4.63,4.48,4.51,4.51,4.45,,4.51,,,29494,134794.67,107,F1,1,,,,,
2026-10-07,2026-10-07,CM,NSE,STK,12603,INE484I01029,PRECAM,EQ,,,,,PRECISION CAMSHAFTS LTD.,112.65,115.98,109.00,113.85,114.02,113.27,,113.77,,,155014,17629857.07,3222,F1,1,,,,,
2026-10-07,2026-10-07,CM,NSE,STK,7963,INE0HKW01018,PRECISION,ST,,,,,PRECISION METALIKS LTD,7.00,7.00,7.00,7.00,7.00,7.00,,7.00,,,2000,14000.00,1,F1,2000,,,,,
2026-10-07,2026-10-07,CM,NSE,STK,2717,INE372C01037,PRECWIRE,EQ,,,,,PRECISION WIRES INDIA LTD,515.00,522.05,509.35,516.60,516.00,515.15,,516.59,,,455686,235570398.80,19522,F1,1,,,,,
2026-10-07,2026-10-07,CM,NSE,STK,2711,INE283A01014,PRECOT,EQ,,,,,PRECOT LIMITED,595.80,635.95,595.10,613.10,615.00,604.50,,613.10,,,996,603217.85,128,F1,1,,,,,
2026-10-07,2026-10-07,CM,NSE,STK,762849,INE001E01012,PREMCO,EQ,,,,,PREMCO GLOBAL LTD.,405.85,405.85,389.50,397.15,395.00,405.90,,398.05,,,1232,491319.50,103,F1,1,,,,,
2026-10-07,2026-10-07,CM,NSE,STK,25049,INE0BS701011,PREMIERENE,EQ,,,,,PREMIER ENERGIES LIMITED,900.15,917.70,894.35,910.00,910.00,907.00,,910.00,,,918753,836292359.95,36967,F1,1,,,,,
2026-10-07,2026-10-07,CM,NSE,STK,17397,INE863B01029,PREMEXPLN,EQ,,,,,PREMIER EXPLOSIVES LTD,685.90,693.90,682.10,687.05,687.20,685.10,,687.10,,,200274,137279155.30,4120,F1,1,,,,,
2026-10-07,2026-10-07,CM,NSE,STK,6248,INE342A01018,PREMIER,BE,,,,,PREMIER LIMITED,2.65,2.76,2.54,2.74,2.76,2.63,,2.74,,,20022,54433.01,34,F1,1,,,,,
2026-10-07,2026-10-07,CM,NSE,STK,3908,INE309M01020,PREMIERPOL,EQ,,,,,PREMIER POLYFILM LTD,98.01,103.89,97.32,101.23,101.92,97.23,,101.22,,,809457,81801956.14,13498,F1,1,,,,,
2026-10-07,2026-10-07,CM,NSE,STK,23764,INE0CFG01012,PRLIND,SM,,,,,PREMIER ROADLINES LIMITED,42.25,43.85,42.25,43.65,43.65,42.95,,43.65,,,22000,945350.00,20,F1,1000,,,,,
2026-10-07,2026-10-07,CM,NSE,STK,25898,INE0M1F01011,PREMIUM,SM,,,,,PREMIUM PLAST LIMITED,44.30,45.95,44.30,44.30,44.30,46.50,,44.30,,,15000,671250.00,5,F1,3000,,,,,
2026-10-07,2026-10-07,CM,NSE,STK,20506,INE0R1601012,PRESSTONIC,ST,,,,,PRESSTONIC ENGINEERING L,43.30,44.90,42.00,44.85,44.85,42.80,,44.85,,,84000,3681480.00,55,F1,800,,,,,
2026-10-07,2026-10-07,CM,NSE,STK,20302,INE811K01011,PRESTIGE,EQ,,,,,PRESTIGE ESTATE LTD,1467.50,1467.50,1425.50,1429.30,1429.30,1467.70,,1429.30,,,589957,850287858.70,24871,F1,1,,,,,
2026-10-07,2026-10-07,CM,NSE,STK,19631,INE726V01018,PRICOLLTD,EQ,,,,,PRICOL LIMITED,681.00,687.00,658.65,661.25,661.00,677.65,,661.24,,,609345,405141567.15,32212,F1,1,,,,,
2026-10-07,2026-10-07,CM,NSE,STK,759075,INE0CQA01020,PRIMECAB,ST,,,,,PRIME CABLE INDUSTRIES L,205.00,205.00,199.00,203.00,203.00,201.05,,203.00,,,65600,13278080.00,38,F1,1600,,,,,
2026-10-07,2026-10-07,CM,NSE,STK,13496,INE367G01038,PFOCUS,EQ,,,,,PRIME FOCUS LIMITED,294.85,296.10,265.00,284.00,284.00,292.70,,283.98,,,8031093,2218420419.45,118488,F1,1,,,,,
2026-10-07,2026-10-07,CM,NSE,STK,11864,INE032B01021,PRIMESECU,EQ,,,,,PRIME SECURITIES LIMITED,301.50,302.95,294.25,295.80,295.05,297.05,,295.86,,,4970,1474554.75,302,F1,1,,,,,
2026-10-07,2026-10-07,CM,NSE,STK,756925,INE607A01022,PRIMO,EQ,,,,,PRIMO CHEMICALS LIMITED,27.44,27.44,25.25,25.62,25.60,26.97,,25.62,,,277273,7320405.20,1560,F1,1,,,,,
2026-10-07,2026-10-07,CM,NSE,STK,16045,INE689W01016,PRINCEPIPE,EQ,,,,,PRINCE PIPES FITTINGS LTD,256.55,262.00,253.15,256.65,255.90,258.20,,256.64,,,104909,27073848.70,3983,F1,1,,,,,
2026-10-07,2026-10-07,CM,NSE,STK,765558,INE15EH01014,PRIORITY,EQ,,,,,PRIORITY JEWELS LIMITED,315.00,342.70,305.30,319.55,321.70,311.85,,319.55,,,1457432,475532070.20,40413,F1,1,,,,,
2026-10-07,2026-10-07,CM,NSE,STK,2739,INE010A01011,PRSMJOHNSN,EQ,,,,,PRISM JOHNSON LIMITED,103.75,103.75,100.21,100.71,100.47,103.48,,100.71,,,332140,33571179.11,5785,F1,1,,,,,
2026-10-07,2026-10-07,CM,NSE,STK,765155,INE286N01028,PRISMX,EQ,,,,,PRISMX GLOBAL VENTURES L,0.50,0.51,0.49,0.49,0.51,0.49,,0.49,,,159772,79213.86,115,F1,1,,,,,
2026-10-07,2026-10-07,CM,NSE,STK,8304,INE974Z01015,PRITI,EQ,,,,,PRITI INTERNATIONAL LTD,32.80,32.90,31.25,32.20,31.55,31.66,,32.20,,,2193,70626.41,114,F1,1,,,,,
2026-10-07,2026-10-07,CM,NSE,STK,5292,INE583R01029,PRITIKAUTO,EQ,,,,,PRITIKA AUTO INDUS LTD,16.02,16.78,16.01,16.18,16.12,16.33,,16.20,,,143879,2344139.69,755,F1,1,,,,,
2026-10-07,2026-10-07,CM,NSE,STK,12971,INE0MJQ01020,PRITIKA,SM,,,,,PRITIKA ENG COMPO LTD,70.00,70.00,62.00,67.45,67.45,62.90,,67.45,,,66000,4568400.00,9,F1,2000,,,,,
2026-10-07,2026-10-07,CM,NSE,STK,8825,INE959A01019,PRIVISCL,EQ,,,,,PRIVI SPECIALITY CHE LTD,3504.90,3545.00,3476.00,3519.20,3511.00,3504.90,,3519.26,,,78112,274695545.70,13971,F1,1,,,,,
2026-10-07,2026-10-07,CM,NSE,STK,24511,INE0V9N01017,PRIZOR,ST,,,,,PRIZOR VIZTECH LIMITED,1382.15,1382.15,1382.15,1382.15,1382.15,1316.35,,1382.15,,,4400,6081460.00,10,F1,400,,,,,
2026-10-07,2026-10-07,CM,NSE,STK,757806,INE0VJT01017,PROFX,SM,,,,,PRO FX TECH LIMITED,66.00,68.00,66.00,68.00,68.00,67.05,,68.00,,,3200,214400.00,2,F1,1600,,,,,
2026-10-07,2026-10-07,CM,NSE,STK,940,INE199A01012,PGHL,EQ,,,,,PROCTER & GAMBLE HEALTH L,5305.50,5329.50,5192.00,5234.00,5240.00,5306.00,,5234.00,,,10836,56767954.00,2622,F1,1,,,,,
2026-10-07,2026-10-07,CM,NSE,STK,764345,INE1FFX01018,PROPSHOP,SM,,,,,PROPSHOP EVENTS AND EXH L,71.00,71.00,71.00,71.00,71.00,71.50,,71.00,,,2000,142000.00,1,F1,2000,,,,,
2026-10-07,2026-10-07,CM,NSE,STK,758173,INE0BX301013,PROSTARM,EQ,,,,,PROSTARM INFO SYSTEMS LTD,133.52,133.76,130.50,131.36,130.92,132.91,,131.37,,,115044,15187777.93,1850,F1,1,,,,,
2026-10-07,2026-10-07,CM,NSE,STK,29472,INE004A01022,PROTEAN,EQ,,,,,PROTEAN EGOV TECHNO LTD,685.00,696.00,666.95,669.95,670.00,689.25,,669.95,,,469531,319187274.20,17219,F1,1,,,,,
2026-10-07,2026-10-07,CM,NSE,STK,16483,INE0ONE01016,PROV,SM,,,,,PROVENTUS AGROCOM LIMITED,1950.00,1990.00,1950.00,1961.00,1961.00,1960.00,,1961.00,,,560,1108080.00,4,F1,80,,,,,
2026-10-07,2026-10-07,CM,NSE,STK,28859,INE195N01013,PROZONER,EQ,,,,,PROZONE REALTY LIMITED,52.98,55.50,50.99,54.06,53.75,52.45,,54.06,,,710014,37700539.71,5684,F1,1,,,,,
2026-10-07,2026-10-07,CM,NSE,STK,9553,INE00F201020,PRUDENT,EQ,,,,,PRUDENT CORP ADV SER LTD,3172.00,3247.50,3170.70,3223.30,3207.80,3204.30,,3223.27,,,19841,63946503.70,7071,F1,1,,,,,
2026-10-07,2026-10-07,CM,NSE,STK,20527,INE024D01016,PRUDMOULI,EQ,,,,,PRUDENTIAL SUGAR CORPORAT,14.77,14.77,13.32,13.54,13.54,13.81,,13.55,,,17056,237967.61,93,F1,1,,,,,
2026-10-07,2026-10-07,CM,NSE,STK,20877,INE488V01015,PSPPROJECT,EQ,,,,,PSP PROJECTS LIMITED,762.50,785.00,760.00,765.60,765.00,761.75,,765.61,,,36096,27874680.10,2876,F1,1,,,,,
2026-10-07,2026-10-07,CM,NSE,STK,22602,INE560K01014,PFS,EQ,,,,,PTC INDIA FIN SERV LTD,27.48,27.51,26.90,27.12,27.25,27.29,,27.12,,,890156,24176072.61,5481,F1,1,,,,,
2026-10-07,2026-10-07,CM,NSE,STK,11355,INE877F01012,PTC,EQ,,,,,PTC INDIA LIMITED,150.80,152.14,149.35,151.72,151.85,157.14,,151.72,,,1807621,273101632.85,16594,F1,1,,,,,
2026-10-07,2026-10-07,CM,NSE,STK,16682,INE596F01018,PTCIL,EQ,,,,,PTC INDUSTRIES LIMITED,23850.00,24800.00,23755.00,24685.00,24770.00,23125.00,,24687.12,,,117090,2839834360.00,34410,F1,1,,,,,
2026-10-07,2026-10-07,CM,NSE,STK,14101,INE034D01049,PTL,EQ,,,,,PTL ENTERPRISES LTD,38.25,38.41,37.94,38.20,38.17,38.23,,38.20,,,62207,2365787.10,653,F1,1,,,,,
2026-10-07,2026-10-07,CM,NSE,STK,15377,INE865T01018,PDMJEPAPER,EQ,,,,,PUDUMJEE PAPER PRO. LTD,96.22,97.59,95.70,96.36,96.00,96.16,,96.38,,,73269,7076131.79,1636,F1,1,,,,,
2026-10-07,2026-10-07,CM,NSE,STK,507,INE335X01014,PULZ,SM,,,,,PULZ ELECTRONICS LIMITED,21.65,21.65,21.65,21.65,21.65,21.50,,21.65,,,2000,43300.00,1,F1,2000,,,,,
2026-10-07,2026-10-07,CM,NSE,STK,21001,INE608A01012,PSB,EQ,,,,,PUNJAB & SIND BANK,21.10,21.26,20.87,21.06,21.10,21.05,,21.06,,,1039235,21862254.92,3060,F1,1,,,,,
2026-10-07,2026-10-07,CM,NSE,STK,4344,INE277B01014,PUNJABCHEM,EQ,,,,,PUNJAB CHEM & CROP PROT L,1035.20,1051.90,1030.60,1044.10,1040.80,1039.00,,1044.10,,,1977,2055161.50,359,F1,1,,,,,
2026-10-07,2026-10-07,CM,NSE,STK,10666,INE160A01022,PNB,EQ,,,,,PUNJAB NATIONAL BANK,111.60,115.10,110.55,114.59,114.59,111.92,,114.57,,,18275898,2075382618.41,71430,F1,1,,,,,
2026-10-07,2026-10-07,CM,NSE,STK,14922,INE323I01011,PURVA,EQ,,,,,PURAVANKARA LIMITED,208.99,211.95,206.82,209.68,208.00,210.75,,209.69,,,58462,12223540.62,1914,F1,1,,,,,
2026-10-07,2026-10-07,CM,NSE,STK,765568,INE0I1B01016,PERNIASPOP,EQ,,,,,PURPLE STYLE LABS LIMITED,516.50,535.00,516.50,531.45,533.25,518.60,,531.54,,,46942,24831642.75,2792,F1,1,,,,,
2026-10-07,2026-10-07,CM,NSE,STK,28028,INE0P5R01014,PURPLEUTED,SM,,,,,PURPLE UNITED SALES LTD,515.00,520.60,505.00,509.40,511.00,495.85,,509.40,,,65250,33810650.00,174,F1,250,,,,,
2026-10-07,2026-10-07,CM,NSE,STK,757683,INE154801018,PUSHPA,SM,,,,,PUSHPA JEWELLERS LIMITED,120.05,123.00,113.00,115.55,115.25,120.45,,115.55,,,116000,14037500.00,95,F1,1000,,,,,
2026-10-07,2026-10-07,CM,NSE,STK,4010,INE362A01016,PVP,EQ,,,,,PVP VENTURES LIMITED,52.85,52.85,52.85,52.85,52.85,50.34,,52.85,,,65062,3438526.70,113,F1,1,,,,,
2026-10-07,2026-10-07,CM,NSE,STK,13147,INE191H01014,PVRINOX,EQ,,,,,PVR INOX LIMITED,1287.00,1374.80,1276.00,1343.80,1335.10,1249.40,,1343.83,,,5065408,6786894721.30,214177,F1,1,,,,,
2026-10-07,2026-10-07,CM,NSE,STK,18250,INE0MIS01010,PYRAMID,EQ,,,,,PYRAMID TECHNOPLAST LTD,157.84,157.90,148.21,151.27,150.90,159.71,,151.29,,,114998,17424616.63,2042,F1,1,,,,,
2026-10-07,2026-10-07,CM,NSE,STK,763594,INE1G2W01011,QLINE,SM,,,,,Q-LINE BIOTECH LIMITED,657.95,685.40,657.00,684.35,685.40,658.15,,684.35,,,43200,29159700.00,102,F1,400,,,,,
2026-10-07,2026-10-07,CM,NSE,STK,751653,INE0FMW01018,QMSMEDI,BE,,,,,QMS MEDICAL ALLIED S LTD,185.55,202.34,185.55,200.99,202.33,192.71,,200.99,,,82949,16618434.71,434,F1,1,,,,,
2026-10-07,2026-10-07,CM,NSE,STK,29087,INE0LRY01011,QUADFUTURE,EQ,,,,,QUADRANT FUTURE TEK LTD,547.40,549.00,531.25,534.40,536.00,547.40,,534.40,,,209072,112404162.55,8970,F1,1,,,,,
2026-10-07,2026-10-07,CM,NSE,STK,765985,INE1XJ401012,QUALIANCE,SM,,,,,QUALIANCE INTERNATIONAL L,166.40,177.50,165.05,175.45,175.00,166.40,,175.45,,,56000,9590350.00,49,F1,1000,,,,,
2026-10-07,2026-10-07,CM,NSE,STK,29711,INE0SII01026,QPOWER,EQ,,,,,QUALITY POWER ELEC EQUP L,1664.00,1666.00,1595.00,1615.00,1618.00,1648.80,,1615.18,,,318497,518666678.20,18133,F1,1,,,,,
2026-10-07,2026-10-07,CM,NSE,STK,15330,INF082J01408,QGOLDHALF,EQ,,,,,QUANTUM GOLD ETF,121.85,121.85,120.89,121.30,121.30,121.86,,121.30,,,146528,17791316.10,574,F1,1,,,,,
2026-10-07,2026-10-07,CM,NSE,STK,16819,INF082J01499,QNIFTY,EQ,,,,,QUANTUM NIFTY 50 ETF,255.00,255.00,248.20,249.49,249.20,250.58,,249.49,,,9876,2464560.45,133,F1,1,,,,,
2026-10-07,2026-10-07,CM,NSE,STK,765392,INF966L01EI5,SILVER001,EQ,,,,,QUANT_AMC - SILVER001,22.31,22.31,22.02,22.03,22.13,22.31,,22.03,,,720276,15947570.44,73,F1,1,,,,,
2026-10-07,2026-10-07,CM,NSE,STK,17704,INE615P01015,QUESS,EQ,,,,,QUESS CORP LIMITED,332.25,342.75,324.10,328.40,329.30,334.45,,328.40,,,239909,79856478.65,8412,F1,1,,,,,
2026-10-07,2026-10-07,CM,NSE,STK,23793,INE0TNW01017,QUESTLAB,SM,,,,,QUEST LABORATORIES LTD,91.00,93.50,90.10,93.45,93.50,92.60,,93.45,,,31200,2884320.00,17,F1,1200,,,,,
2026-10-07,2026-10-07,CM,NSE,STK,13116,INE306L01010,QUICKHEAL,EQ,,,,,QUICK HEAL TECH LTD,141.12,145.85,139.14,140.97,140.99,140.42,,140.96,,,65681,9338742.92,1930,F1,1,,,,,
2026-10-07,2026-10-07,CM,NSE,STK,15285,INE0K4D01020,QUICKTOUCH,SM,,,,,QUICKTOUCH TECHNOLOGIES L,13.55,14.60,13.35,14.55,14.60,14.00,,14.55,,,15500,211275.00,14,F1,500,,,,,
2026-10-07,2026-10-07,CM,NSE,STK,762857,INE641R01017,QUINT,BE,,,,,QUINT DIGITAL LTD.,58.95,58.95,58.95,58.95,58.95,62.05,,58.94,,,4526,266807.70,48,F1,1,,,,,
2026-10-07,2026-10-07,CM,NSE,STK,9355,INE033B01011,QUINTEGRA,EQ,,,,,QUINTEGRA SOLUTIONS LTD.,1.54,1.54,1.54,1.54,1.54,1.47,,1.59,,,1590,2448.60,5,F1,1,,,,,
2026-10-07,2026-10-07,CM,NSE,STK,24957,INE0KZF01015,QVCEL,SM,,,,,QVC EXPORTS LIMITED,25.00,25.00,25.00,25.00,25.00,25.75,,25.00,,,1600,40000.00,1,F1,1600,,,,,
2026-10-07,2026-10-07,CM,NSE,STK,23043,INE0NQ801033,RKSWAMY,EQ,,,,,R K SWAMY LIMITED,89.48,89.50,86.77,88.16,87.20,87.87,,88.18,,,15829,1392476.66,309,F1,1,,,,,
2026-10-07,2026-10-07,CM,NSE,STK,757836,INE219Y01026,RMDRIP,BE,,,,,R M DRIP & SPRINK SYS LTD,23.48,23.49,22.52,22.68,22.69,23.55,,22.69,,,97764,2238114.11,479,F1,1,,,,,
2026-10-07,2026-10-07,CM,NSE,STK,762864,INE951M01037,RRIL,EQ,,,,,R R I L LTD.,16.66,16.66,15.62,16.07,15.87,16.18,,16.07,,,18854,300036.80,95,F1,1,,,,,
2026-10-07,2026-10-07,CM,NSE,STK,18566,INE777K01022,RRKABEL,EQ,,,,,R R KABEL LIMITED,2785.00,2789.00,2683.30,2722.50,2715.30,2789.70,,2722.51,,,502681,1369752739.50,49725,F1,1,,,,,
2026-10-07,2026-10-07,CM,NSE,STK,13414,INE411H01032,RSYSTEMS,EQ,,,,,R SYS INTERNATIONAL LTD,248.65,255.30,242.80,252.35,251.85,246.30,,252.35,,,1316807,329467427.00,22385,F1,1,,,,,
2026-10-07,2026-10-07,CM,NSE,STK,764858,INE005C01017,RTSPOWR,BE,,,,,R T S POWER CORPN. LTD.,105.75,108.90,105.00,108.24,108.54,103.78,,108.24,,,3913,419142.51,70,F1,1,,,,,
2026-10-07,2026-10-07,CM,NSE,STK,758984,INE012Q01039,RNBDENIMS,BE,,,,,R&B DENIMS LIMITED,9.13,9.13,8.80,9.00,9.06,8.98,,8.98,,,66786,598732.25,235,F1,1,,,,,
2026-10-07,2026-10-07,CM,NSE,STK,6429,INE165B01029,RSSOFTWARE,EQ,,,,,R. S. SOFTWARE (INDIA) LI,30.15,30.79,29.60,30.04,30.02,30.44,,30.04,,,14524,437625.93,148,F1,1,,,,,
2026-10-07,2026-10-07,CM,NSE,STK,20760,INE324L01013,RPPINFRA,EQ,,,,,R.P.P INFRA PROJECTS LTD,50.25,52.50,50.25,51.43,51.25,51.53,,51.42,,,48709,2508680.82,608,F1,1,,,,,
2026-10-07,2026-10-07,CM,NSE,STK,762244,INE2PB023011,RIIT,IV,,,,,RAAJMARG INFRA INVEST T,121.80,121.80,119.51,121.00,121.00,120.69,,121.00,,,54860,6630286.05,2258,F1,1,,,,,
2026-10-07,2026-10-07,CM,NSE,STK,15391,INE084Q01012,RACE,EQ,,,,,RACE ECO CHAIN LIMITED,107.99,107.99,102.24,103.75,103.05,108.75,,103.75,,,90297,9491282.71,835,F1,1,,,,,
2026-10-07,2026-10-07,CM,NSE,STK,9854,INE02OY01016,RILINFRA,SM,,,,,RACHANA INFRA LTD,32.90,33.40,32.50,32.50,32.50,32.50,,32.50,,,3900,128485.00,29,F1,100,,,,,
2026-10-07,2026-10-07,CM,NSE,STK,27171,INE704B01017,RACLGEAR,EQ,,,,,RACL GEARTECH LIMITED,1603.00,1618.00,1568.10,1589.50,1618.00,1593.40,,1589.49,,,15992,25387201.90,3040,F1,1,,,,,
2026-10-07,2026-10-07,CM,NSE,STK,10932,INE874F01027,RADAAN,EQ,,,,,RADAAN MEDIAWORKS (I) LTD,2.98,2.98,2.87,2.89,2.94,2.98,,2.89,,,7107,20629.97,57,F1,1,,,,,
2026-10-07,2026-10-07,CM,NSE,STK,10347,INE583V01021,RADHIKAJWE,BE,,,,,RADHIKA JEWELTECH LIMITED,67.69,70.70,66.00,69.53,70.00,67.39,,69.52,,,149614,10184281.71,899,F1,1,,,,,
2026-10-07,2026-10-07,CM,NSE,STK,13580,INE855R01021,RADIANTCMS,EQ,,,,,RADIANT CASH MGMT SER LTD,34.82,35.40,34.20,34.52,34.28,34.82,,34.53,,,104256,3617186.73,1015,F1,1,,,,,
2026-10-07,2026-10-07,CM,NSE,STK,10990,INE944F01028,RADICO,EQ,,,,,RADICO KHAITAN LTD,4451.00,4531.20,4425.30,4495.00,4495.00,4460.10,,4495.05,,,460029,2066386623.30,47924,F1,1,,,,,
2026-10-07,2026-10-07,CM,NSE,STK,23445,INE430U01019,RADIOWALLA,ST,,,,,RADIOWALLA NETWORK LTD,29.15,29.15,29.15,29.15,29.15,28.60,,29.15,,,3200,93280.00,2,F1,1600,,,,,
2026-10-07,2026-10-07,CM,NSE,STK,24735,INE912T01018,RPEL,EQ,,,,,RAGHAV PRODUCTIVITY ENH L,1859.90,1925.00,1751.00,1820.90,1829.80,1835.60,,1820.98,,,249601,462857188.80,25799,F1,1,,,,,
2026-10-07,2026-10-07,CM,NSE,STK,9552,INE415G01027,RVNL,EQ,,,,,RAIL VIKAS NIGAM LIMITED,198.00,198.25,194.65,195.87,195.87,198.78,,195.88,,,2797757,549403654.97,27440,F1,1,,,,,
2026-10-07,2026-10-07,CM,NSE,STK,2431,INE0DD101019,RAILTEL,EQ,,,,,RAILTEL CORP OF IND LTD,258.45,258.45,252.90,254.65,255.10,257.65,,254.63,,,317218,80738765.90,9820,F1,1,,,,,
2026-10-07,2026-10-07,CM,NSE,STK,15337,INE855B01025,RAIN,EQ,,,,,RAIN INDUSTRIES LIMITED,211.14,220.89,210.26,218.95,218.80,212.63,,218.95,,,4431420,964860847.51,36244,F1,1,,,,,
2026-10-07,2026-10-07,CM,NSE,STK,9408,INE961O01016,RAINBOW,EQ,,,,,RAINBOW CHILDRENS MED LTD,1237.00,1288.70,1198.00,1270.70,1267.00,1239.70,,1270.63,,,409464,506192321.60,40699,F1,1,,,,,
2026-10-07,2026-10-07,CM,NSE,STK,359,INE294G01026,ROML,EQ,,,,,RAJ OIL MILLS LIMITED,43.00,43.30,41.12,43.20,43.20,42.99,,42.62,,,451,19231.73,32,F1,1,,,,,
2026-10-07,2026-10-07,CM,NSE,STK,8428,INE533D01032,RAJRILTD,BE,,,,,RAJ RAYON INDUSTRIES LTD,20.41,20.41,20.41,20.41,20.41,20.01,,20.41,,,9469,193262.29,39,F1,1,,,,,
2026-10-07,2026-10-07,CM,NSE,STK,14407,INE952H01027,RAJTV,BE,,,,,RAJ TV NETWORK LTD,10.71,10.71,10.19,10.53,10.60,10.72,,10.53,,,12914,133185.79,68,F1,1,,,,,
2026-10-07,2026-10-07,CM,NSE,STK,762859,INE296E01026,RAJPALAYAM,EQ,,,,,RAJAPALAYAM MILLS LTD.,768.00,768.00,710.00,743.80,726.30,743.95,,743.89,,,1936,1425616.15,92,F1,1,,,,,
2026-10-07,2026-10-07,CM,NSE,STK,181,INE610C01014,ARENTERP,EQ,,,,,RAJDARSHAN INDUSTRIES LTD,33.89,33.89,32.10,32.44,33.25,33.89,,32.44,,,2252,73236.15,40,F1,1,,,,,
2026-10-07,2026-10-07,CM,NSE,STK,760461,INE343B01030,RAJESHEXPO,BZ,,,,,RAJESH EXPORTS LTD,60.51,62.50,60.51,61.02,61.50,61.80,,61.03,,,88199,5417492.90,2166,F1,1,,,,,
2026-10-07,2026-10-07,CM,NSE,STK,19681,INE0BZQ01011,RCDL,SM,,,,,RAJGOR CASTOR DERIVATI L,14.60,16.10,14.60,16.05,16.05,15.35,,16.05,,,444000,6727950.00,80,F1,3000,,,,,
2026-10-07,2026-10-07,CM,NSE,STK,2168,INE00KV01022,RAJMET,EQ,,,,,RAJNANDINI METAL LIMITED,3.13,3.13,3.05,3.10,3.11,3.08,,3.10,,,156016,482618.97,585,F1,1,,,,,
2026-10-07,2026-10-07,CM,NSE,STK,757049,INE535F01024,RAJOOENG,EQ,,,,,RAJOO ENGINEERS LIMITED,57.74,62.90,56.76,62.37,62.90,56.95,,62.37,,,2912369,177112565.52,18170,F1,1,,,,,
2026-10-07,2026-10-07,CM,NSE,STK,27269,INE0VHU01019,RAJPUTANA,SM,,,,,RAJPUTANA BIODIESEL LTD,218.75,218.75,195.00,200.05,208.00,205.25,,200.05,,,63500,12714800.00,67,F1,500,,,,,
2026-10-07,2026-10-07,CM,NSE,STK,24707,INE0PCU01012,RAJINDLTD,SM,,,,,RAJPUTANA INDUSTRIES LTD,68.65,68.65,65.00,65.00,65.00,66.45,,65.00,,,6000,400050.00,4,F1,1500,,,,,
2026-10-07,2026-10-07,CM,NSE,STK,761439,INE313L01016,RSL,EQ,,,,,RAJPUTANA STAINLESS LTD,177.00,177.00,174.00,174.51,174.90,176.06,,174.52,,,174318,30534881.36,3746,F1,1,,,,,
2026-10-07,2026-10-07,CM,NSE,STK,18962,INE451D01029,RAJRATAN,EQ,,,,,RAJRATAN GLOBAL WIRE LTD,468.00,471.80,455.60,460.60,459.10,467.30,,460.60,,,74372,34549205.90,4314,F1,1,,,,,
2026-10-07,2026-10-07,CM,NSE,STK,6915,INE760W01023,RPPL,BE,,,,,RAJSHREE POLYPACK LTD,19.20,19.40,18.91,19.31,19.25,19.03,,19.31,,,9898,189485.25,52,F1,1,,,,,
2026-10-07,2026-10-07,CM,NSE,STK,2809,INE562B01019,RAJSREESUG,EQ,,,,,RAJSHREE SUGAR & CHEMICAL,28.69,30.15,27.08,27.40,27.52,29.58,,27.41,,,368626,10355481.68,2183,F1,1,,,,,
2026-10-07,2026-10-07,CM,NSE,STK,2816,INE613A01020,RALLIS,EQ,,,,,RALLIS INDIA LTD,199.90,200.47,197.75,200.03,200.15,200.30,,200.03,,,320141,63880614.92,19266,F1,1,,,,,
2026-10-07,2026-10-07,CM,NSE,STK,10485,INE207E01023,RAMRAT,EQ,,,,,RAM RATNA WIRES LIMITED,639.05,641.50,630.55,637.40,639.80,641.20,,637.49,,,113963,72539012.40,8078,F1,1,,,,,
2026-10-07,2026-10-07,CM,NSE,STK,10568,INE809A01032,RAMAPHO,EQ,,,,,RAMA PHOSPHATES LIMITED,119.90,119.90,114.50,115.17,115.00,117.99,,115.16,,,60428,7031858.31,864,F1,1,,,,,
2026-10-07,2026-10-07,CM,NSE,STK,10304,INE230R01035,RAMASTEEL,BE,,,,,RAMA STEEL TUBES LIMITED,4.25,4.25,4.23,4.23,4.23,4.31,,4.24,,,396923,1681291.55,885,F1,1,,,,,
2026-10-07,2026-10-07,CM,NSE,STK,4587,INE614A01028,RAMCOIND,EQ,,,,,RAMCO INDUSTRIES LIMITED,299.00,302.50,295.75,299.70,302.50,297.75,,299.69,,,90554,27060808.50,2271,F1,1,,,,,
2026-10-07,2026-10-07,CM,NSE,STK,7851,INE246B01019,RAMCOSYS,EQ,,,,,RAMCO SYSTEMS LTD.,563.50,578.00,557.05,574.35,576.00,563.50,,574.34,,,49520,28247919.85,2819,F1,1,,,,,
2026-10-07,2026-10-07,CM,NSE,STK,23565,INE0RJH01010,RBS,SM,,,,,RAMDEVBABA SOLVENT LTD,79.00,82.00,79.00,82.00,82.00,80.00,,82.00,,,4800,384400.00,6,F1,800,,,,,
2026-10-07,2026-10-07,CM,NSE,STK,11411,INE399G01023,RKFORGE,EQ,,,,,RAMKRISHNA FORGINGS LTD,734.00,734.00,714.00,716.40,715.30,732.65,,716.38,,,562430,405312481.35,17995,F1,1,,,,,
2026-10-07,2026-10-07,CM,NSE,STK,20134,INE874I01013,RAMKY,EQ,,,,,RAMKY INFRA LTD,288.10,288.10,278.10,281.70,280.10,286.65,,281.70,,,35235,9926022.60,1214,F1,1,,,,,
2026-10-07,2026-10-07,CM,NSE,STK,2837,INE625B01014,RANASUG,EQ,,,,,RANA SUGARS LTD.,13.70,14.10,13.70,13.82,13.82,13.81,,13.83,,,266483,3688236.92,803,F1,1,,,,,
2026-10-07,2026-10-07,CM,NSE,STK,11975,INE050H01012,RML,EQ,,,,,RANE (MADRAS) LIMITED,1380.00,1392.00,1330.00,1336.40,1337.00,1394.40,,1336.44,,,54933,74093559.20,5972,F1,1,,,,,
2026-10-07,2026-10-07,CM,NSE,STK,2844,INE384A01010,RANEHOLDIN,EQ,,,,,RANE HOLDINGS LIMITED,1535.80,1555.00,1510.00,1536.60,1553.80,1547.40,,1539.42,,,6257,9568541.30,781,F1,1,,,,,
2026-10-07,2026-10-07,CM,NSE,STK,30460,INE0QX901013,RAPIDFLEET,SM,,,,,RAPID FLEET MGT SERVICE L,206.00,207.00,206.00,207.00,207.00,205.65,,207.00,,,7200,1485750.00,12,F1,600,,,,,
2026-10-07,2026-10-07,CM,NSE,STK,25610,INE0MVO01012,RAPPID,SM,,,,,RAPPID VALVES (INDIA) LTD,333.10,335.00,330.00,330.00,330.00,338.00,,330.00,,,4800,1596060.00,8,F1,600,,,,,
2026-10-07,2026-10-07,CM,NSE,STK,22670,INE0J1F01024,RPTECH,EQ,,,,,RASHI PERIPHERALS LIMITED,958.30,969.00,933.50,939.70,939.80,958.25,,939.71,,,216975,204997859.60,16582,F1,1,,,,,
2026-10-07,2026-10-07,CM,NSE,STK,2866,INE027A01015,RCF,EQ,,,,,RASHTRIYA CHEMICALS & FER,108.70,108.70,107.02,107.58,107.35,108.94,,107.58,,,451969,48691892.73,5563,F1,1,,,,,
2026-10-07,2026-10-07,CM,NSE,STK,7177,INE0CLI01024,RATEGAIN,EQ,,,,,RATEGAIN TRAVEL TECHN LTD,848.05,863.05,845.55,854.55,854.00,854.45,,854.55,,,173482,148292476.15,14071,F1,1,,,,,
2026-10-07,2026-10-07,CM,NSE,STK,13451,INE703B01027,RATNAMANI,EQ,,,,,RATNAMANI MET & TUB LTD.,2617.00,2617.00,2511.00,2524.30,2520.00,2601.20,,2524.37,,,50917,129962738.90,8013,F1,1,,,,,
2026-10-07,2026-10-07,CM,NSE,STK,18423,INE05CZ01011,RATNAVEER,EQ,,,,,RATNAVEER PRECISION ENG L,336.00,351.90,334.35,336.45,335.95,335.25,,336.45,,,5211840,1782312780.20,47733,F1,1,,,,,
2026-10-07,2026-10-07,CM,NSE,STK,27297,INE834M01019,RTNINDIA,EQ,,,,,RATTANINDIA ENT LIMITED,26.21,26.21,25.45,25.78,25.95,26.13,,25.78,,,959214,24677041.65,4276,F1,1,,,,,
2026-10-07,2026-10-07,CM,NSE,STK,17520,INE399K01017,RTNPOWER,EQ,,,,,RATTANINDIA POWER LIMITED,6.71,6.76,6.68,6.70,6.70,6.75,,6.70,,,6903506,46386523.12,8139,F1,1,,,,,
2026-10-07,2026-10-07,CM,NSE,STK,20950,INE722J01012,RKDL,EQ,,,,,RAVI KUMAR DIST. LTD.,17.27,17.69,16.86,16.93,17.00,17.27,,17.10,,,4504,76714.37,194,F1,1,,,,,
2026-10-07,2026-10-07,CM,NSE,STK,1565,INE09E501017,RVHL,EQ,,,,,RAVINDER HEIGHTS LIMITED,37.85,37.99,37.00,37.38,37.74,37.26,,37.38,,,11908,445288.04,81,F1,1,,,,,
2026-10-07,2026-10-07,CM,NSE,STK,24596,INE206N01018,RELTD,EQ,,,,,RAVINDRA ENERGY LIMITED,146.60,150.79,145.00,148.58,148.75,147.25,,148.59,,,539786,80642026.33,3287,F1,1,,,,,
2026-10-07,2026-10-07,CM,NSE,STK,25073,INE02ID01020,RAYMONDLSL,EQ,,,,,RAYMOND LIFESTYLE LIMITED,649.60,651.40,623.10,624.85,625.00,649.85,,624.85,,,167854,105969012.60,8029,F1,1,,,,,
2026-10-07,2026-10-07,CM,NSE,STK,2859,INE301A01014,RAYMOND,EQ,,,,,RAYMOND LTD,1287.50,1289.20,1193.70,1206.70,1209.00,1294.30,,1206.71,,,1774220,2185259410.00,81478,F1,1,,,,,
2026-10-07,2026-10-07,CM,NSE,STK,758551,INE1SY401010,RAYMONDREL,EQ,,,,,RAYMOND REALTY LIMITED,702.45,726.50,690.30,701.80,705.00,707.80,,701.82,,,1304100,921976369.75,40920,F1,1,,,,,
2026-10-07,2026-10-07,CM,NSE,STK,765936,INE1FCO01014,MOMSBELIEF,EQ,,,,,RAYS OF BELIEF LIMITED,234.99,236.98,226.11,229.68,230.01,232.64,,229.68,,,161231,37288501.43,2168,F1,1,,,,,
2026-10-07,2026-10-07,CM,NSE,STK,18391,INE976G01028,RBLBANK,EQ,,,,,RBL BANK LIMITED,412.50,416.80,410.30,412.00,412.00,414.50,,412.06,,,1657559,684672360.65,27603,F1,1,,,,,
2026-10-07,2026-10-07,CM,NSE,STK,13570,INE0NA301016,RBMINFRA,SM,,,,,RBM INFRACON LIMITED,239.50,242.80,236.00,237.50,236.00,239.50,,237.50,,,23200,5570760.00,75,F1,200,,,,,
2026-10-07,2026-10-07,CM,NSE,STK,20893,INE0PEQ01016,RBZJEWEL,BE,,,,,RBZ JEWELLERS LIMITED,200.00,204.80,198.00,199.38,201.79,196.15,,199.49,,,101810,20524946.37,844,F1,1,,,,,
2026-10-07,2026-10-07,CM,NSE,STK,764850,INE0AK901016,RRECL,EQ,,,,,RDB REAL ESTATE CONS L,127.40,127.40,124.00,124.00,124.00,125.17,,124.00,,,309,38423.43,9,F1,1,,,,,
2026-10-07,2026-10-07,CM,NSE,STK,29561,INE10QL01011,READYMIX,SM,,,,,READYMIX CONSTRU MACHI L,54.00,55.00,52.40,55.00,55.00,54.35,,55.00,,,28000,1523150.00,24,F1,1000,,,,,
2026-10-07,2026-10-07,CM,NSE,STK,15355,INE020B01018,RECLTD,EQ,,,,,REC LIMITED,300.00,306.85,297.45,298.90,298.90,300.00,,298.90,,,6950416,2090269185.95,71929,F1,1,,,,,
2026-10-07,2026-10-07,CM,NSE,STK,14255,INE891D01026,REDINGTON,EQ,,,,,REDINGTON LIMITED,406.00,411.00,401.50,406.50,406.20,405.70,,406.50,,,2508651,1017973768.80,48685,F1,1,,,,,
2026-10-07,2026-10-07,CM,NSE,STK,17859,INE0LXT01019,REDTAPE,EQ,,,,,REDTAPE LIMITED,114.70,114.70,112.95,113.63,113.68,114.80,,113.63,,,146070,16631273.28,3614,F1,1,,,,,
2026-10-07,2026-10-07,CM,NSE,STK,17764,INE056I01025,REFEX,EQ,,,,,REFEX INDUSTRIES LIMITED,263.00,275.00,262.40,266.35,265.00,265.15,,266.41,,,191336,51034204.10,4046,F1,1,,,,,
2026-10-07,2026-10-07,CM,NSE,STK,23718,INE0TNX01015,REFRACTORY,SM,,,,,REFRACTORY SHAPES LIMITED,37.75,37.75,37.75,37.75,37.75,39.70,,37.75,,,16000,604000.00,7,F1,1000,,,,,
2026-10-07,2026-10-07,CM,NSE,STK,758680,INE0MHO01029,REGAAL,EQ,,,,,REGAAL RESOURCES LIMITED,86.79,86.79,84.67,85.49,85.78,85.94,,85.49,,,166086,14183874.34,2385,F1,1,,,,,
2026-10-07,2026-10-07,CM,NSE,STK,4130,INE277C01012,REGENCERAM,EQ,,,,,REGENCY CERAMICS LTD.,32.06,32.96,31.10,31.66,31.99,33.28,,32.75,,,9795,311816.93,166,F1,1,,,,,
2026-10-07,2026-10-07,CM,NSE,STK,24225,INE131B01039,RELAXO,EQ,,,,,RELAXO FOOT LTD.,290.55,292.00,285.95,287.75,289.00,290.50,,287.75,,,77339,22274013.55,4481,F1,1,,,,,
2026-10-07,2026-10-07,CM,NSE,STK,3172,INF204KC1030,GILT5YBEES,EQ,,,,,RELCAPAMC - NETFGILT5Y,65.68,65.69,65.36,65.54,65.53,65.54,,65.54,,,259323,16988076.78,629,F1,1,,,,,
2026-10-07,2026-10-07,CM,NSE,STK,24378,INE375Y01018,RELIABLE,EQ,,,,,RELIABLE DATA SERVICE LTD,144.00,144.00,139.00,141.58,141.90,139.30,,141.58,,,8871,1245784.34,343,F1,1,,,,,
2026-10-07,2026-10-07,CM,NSE,STK,9652,INE750D01016,RELCHEMQ,EQ,,,,,RELIANCE CHEMOTEX IND LTD,113.27,114.99,113.01,114.19,114.54,113.40,,114.20,,,995,113426.28,69,F1,1,,,,,
2026-10-07,2026-10-07,CM,NSE,STK,13188,INE330H01018,RCOM,BE,,,,,RELIANCE COMMUNICATIONS L,0.85,0.86,0.84,0.85,0.85,0.86,,0.85,,,2110504,1802702.30,1728,F1,1,,,,,
2026-10-07,2026-10-07,CM,NSE,STK,759204,INE217K01011,RHFL,BZ,,,,,RELIANCE HOME FINANCE LTD,1.58,1.60,1.56,1.56,1.58,1.56,,1.56,,,409638,649362.16,670,F1,1,,,,,
2026-10-07,2026-10-07,CM,NSE,STK,2912,INE046A01015,RIIL,EQ,,,,,RELIANCE INDUSTRIAL INFRA,682.00,740.45,675.00,705.05,702.00,681.70,,705.02,,,440480,317066380.95,19935,F1,1,,,,,
2026-10-07,2026-10-07,CM,NSE,STK,2885,INE002A01018,RELIANCE,EQ,,,,,RELIANCE INDUSTRIES LTD,1212.00,1220.80,1203.50,1207.70,1207.70,1218.00,,1207.69,,,11880731,14382508204.30,303168,F1,1,,,,,
2026-10-07,2026-10-07,CM,NSE,STK,4791,INE036A01016,RELINFRA,BE,,,,,RELIANCE INFRASTRUCTU LTD,53.80,53.80,53.80,53.80,53.80,51.24,,53.80,,,125234,6737589.20,540,F1,1,,,,,
2026-10-07,2026-10-07,CM,NSE,STK,15259,INE614G01033,RPOWER,EQ,,,,,RELIANCE POWER LTD.,20.59,20.72,20.20,20.32,20.31,20.49,,20.32,,,20012310,409723938.27,31285,F1,1,,,,,
2026-10-07,2026-10-07,CM,NSE,STK,765330,INF205KA1CB9,IVZBANKNF,EQ,,,,,RELIGARAMC - IVZBANKNF,54.83,55.39,54.57,55.21,55.21,55.12,,55.21,,,956,52495.46,17,F1,1,,,,,
2026-10-07,2026-10-07,CM,NSE,STK,765327,INF205KA1CA1,IVZSENSEX,EQ,,,,,RELIGARAMC - IVZSENSEX,75.03,75.49,72.50,74.74,75.49,73.20,,74.74,,,255,18626.26,16,F1,1,,,,,
2026-10-07,2026-10-07,CM,NSE,STK,15068,INE621H01010,RELIGARE,EQ,,,,,RELIGARE ENTER. LTD.,226.20,228.79,223.86,224.92,225.00,227.75,,224.92,,,1529143,344097357.93,12570,F1,1,,,,,
2026-10-07,2026-10-07,CM,NSE,STK,3965,INE474C01023,REMSONSIND,EQ,,,,,REMSONS INDUSTRIES LTD,104.99,110.88,101.00,104.02,103.80,108.67,,104.04,,,869358,90719800.82,6649,F1,1,,,,,
2026-10-07,2026-10-07,CM,NSE,STK,16154,INE0O5T01011,REMUS,SM,,,,,REMUS PHARMACEUTICALS L,840.05,874.90,840.00,856.25,855.00,844.45,,856.25,,,3700,3181030.00,36,F1,100,,,,,
2026-10-07,2026-10-07,CM,NSE,STK,15129,INE722H01024,RGL,EQ,,,,,RENAISSANCE GLOBAL LTD,163.62,170.19,162.68,168.47,169.95,163.62,,168.46,,,600665,100337241.07,9321,F1,1,,,,,
2026-10-07,2026-10-07,CM,NSE,STK,758157,INE0VZX01015,RNPL,SM,,,,,RENOL POLYCHEM LIMITED,79.70,79.70,79.70,79.70,79.70,75.95,,79.70,,,4800,382560.00,4,F1,1200,,,,,
2026-10-07,2026-10-07,CM,NSE,STK,766077,INE08T701025,RENTOMOJO,EQ,,,,,RENTOMOJO LIMITED,551.40,643.50,550.00,618.95,637.00,545.20,,619.07,,,18424264,11253930362.80,396201,F1,1,,,,,
2026-10-07,2026-10-07,CM,NSE,STK,29598,INE612J01015,REPCOHOME,EQ,,,,,REPCO HOME FINANCE LTD,326.45,342.50,325.80,339.80,341.00,326.45,,339.79,,,156577,52904865.95,8389,F1,1,,,,,
2026-10-07,2026-10-07,CM,NSE,STK,13126,INE461B01014,REPRO,EQ,,,,,REPRO INDIA LIMITED,297.85,304.90,287.00,295.70,294.50,296.35,,295.77,,,20376,6004355.35,1332,F1,1,,,,,
2026-10-07,2026-10-07,CM,NSE,STK,20323,INE688D01026,RESPONIND,EQ,,,,,RESPONSIVE INDUSTRIES LTD,156.00,166.23,155.80,159.73,161.26,156.31,,159.73,,,443322,71646242.01,8476,F1,1,,,,,
2026-10-07,2026-10-07,CM,NSE,STK,1494,INE07T201019,RBA,EQ,,,,,RESTAURANT BRAND ASIA LTD,95.39,96.60,93.40,96.08,96.30,95.10,,96.08,,,3125930,297698988.78,22117,F1,1,,,,,
2026-10-07,2026-10-07,CM,NSE,STK,25157,INE0DAB01012,RVTH,EQ,,,,,REVATHI EQUIPMENT INDIA L,725.05,743.00,725.05,726.75,727.05,756.20,,727.03,,,467,340178.90,53,F1,1,,,,,
2026-10-07,2026-10-07,CM,NSE,STK,763468,INE0V2V01015,RFBL,ST,,,,,RFBL FLEXI PACK LIMITED,101.50,101.50,101.50,101.50,101.50,106.80,,101.50,,,9000,913500.00,3,F1,3000,,,,,
2026-10-07,2026-10-07,CM,NSE,STK,759062,INE0KKN01029,RHETAN,EQ,,,,,RHETAN TMT LIMITED,17.41,17.41,17.40,17.40,17.41,16.59,,17.40,,,12917219,224851182.13,2492,F1,1,,,,,
2026-10-07,2026-10-07,CM,NSE,STK,31163,INE743M01012,RHIM,EQ,,,,,RHI MAGNESITA INDIA LTD,377.25,381.70,366.80,369.45,369.50,373.40,,369.46,,,402448,150104615.95,14032,F1,1,,,,,
2026-10-07,2026-10-07,CM,NSE,STK,8208,INE0J1P01015,RICHA,SM,,,,,RICHA INFO SYSTEMS LTD,83.25,83.25,83.25,83.25,83.25,83.25,,83.25,,,1000,83250.00,1,F1,1000,,,,,
2026-10-07,2026-10-07,CM,NSE,STK,2909,INE209B01025,RICOAUTO,EQ,,,,,RICO AUTO INDUSTRIES LTD,122.85,126.19,120.53,123.45,123.20,121.83,,123.45,,,908338,112291892.01,9200,F1,1,,,,,
2026-10-07,2026-10-07,CM,NSE,STK,764121,INE302D01024,RIR,EQ,,,,,RIR POWER ELECTRONICS L,184.80,188.35,181.10,183.81,184.50,183.49,,183.81,,,593105,109375475.08,10366,F1,1,,,,,
2026-10-07,2026-10-07,CM,NSE,STK,18417,INE0N2P01017,RISHABH,EQ,,,,,RISHABH INSTRUMENTS LTD,689.00,690.00,670.15,674.20,675.00,688.40,,674.27,,,103620,70293025.65,5554,F1,1,,,,,
2026-10-07,2026-10-07,CM,NSE,STK,8944,INE01EG01016,RITCO,EQ,,,,,RITCO LOGISTICS LIMITED,286.40,288.95,282.00,284.05,283.00,285.55,,284.05,,,43301,12345201.20,1012,F1,1,,,,,
2026-10-07,2026-10-07,CM,NSE,STK,3761,INE320J01015,RITES,EQ,,,,,RITES LIMITED,203.50,203.79,199.65,200.74,200.40,203.51,,200.75,,,441765,88854436.36,9722,F1,1,,,,,
2026-10-07,2026-10-07,CM,NSE,STK,1553,INE786W01010,RKEC,BE,,,,,RKEC PROJECTS LIMITED,21.42,21.42,20.50,20.89,20.99,21.42,,20.89,,,24505,511397.14,87,F1,1,,,,,
2026-10-07,2026-10-07,CM,NSE,STK,762346,INE655V01019,RMC,EQ,,,,,RMC SWITCHGEARS LIMITED,198.00,202.00,195.00,196.41,202.00,196.05,,195.83,,,76677,15074481.63,1110,F1,1,,,,,
2026-10-07,2026-10-07,CM,NSE,STK,24589,INE0SA001017,RNFI,SM,,,,,RNFI SERVICES LIMITED,334.00,338.00,320.00,321.05,320.05,331.00,,321.05,,,40800,13507860.00,59,F1,600,,,,,
2026-10-07,2026-10-07,CM,NSE,STK,15157,INE508K01013,RHL,EQ,,,,,ROBUST HOTELS LIMITED,162.01,165.98,162.01,165.87,163.05,165.25,,165.87,,,1867,305799.39,73,F1,1,,,,,
2026-10-07,2026-10-07,CM,NSE,STK,760033,IN90PTR01010,ROCKPP,E1,,,,,ROCKINGDCE RS.5 PPD UP,65.00,65.00,65.00,65.00,65.00,62.90,,65.00,,,1000,65000.00,1,F1,1000,,,,,
2026-10-07,2026-10-07,CM,NSE,STK,20289,INE0PTR01012,ROCKINGDCE,SM,,,,,ROCKINGDEALS CIRCU ECO L,211.00,214.90,207.20,212.40,207.20,219.20,,212.40,,,6750,1432625.00,25,F1,250,,,,,
2026-10-07,2026-10-07,CM,NSE,STK,5279,INE645S01024,ROLEXRINGS,EQ,,,,,ROLEX RINGS LIMITED,189.00,189.04,182.61,183.67,182.71,188.18,,183.65,,,2364465,437236750.07,39560,F1,1,,,,,
2026-10-07,2026-10-07,CM,NSE,STK,19108,INE927A01040,ROLLT,BE,,,,,ROLLATAINERS LIMITED,5.46,5.47,5.33,5.47,5.47,5.21,,5.47,,,422448,2309953.97,323,F1,1,,,,,
2026-10-07,2026-10-07,CM,NSE,STK,19410,INE02A801020,ROSSARI,EQ,,,,,ROSSARI BIOTECH LIMITED,429.00,431.65,421.60,422.90,423.00,427.45,,422.89,,,38540,16426710.25,2974,F1,1,,,,,
2026-10-07,2026-10-07,CM,NSE,STK,28913,INE847C01020,ROSSELLIND,EQ,,,,,ROSSELL INDIA LIMITED,51.00,53.20,49.82,52.26,52.77,50.68,,52.26,,,42281,2206148.56,758,F1,1,,,,,
2026-10-07,2026-10-07,CM,NSE,STK,27353,INE0OJW01016,ROSSTECH,EQ,,,,,ROSSELL TECHSYS LIMITED,1615.00,1643.40,1581.40,1622.40,1622.10,1612.10,,1622.46,,,141894,228809230.40,16517,F1,1,,,,,
2026-10-07,2026-10-07,CM,NSE,STK,9049,INE535D01037,ROTO,EQ,,,,,ROTO PUMPS LIMITED,62.24,63.16,61.90,62.35,62.49,62.24,,62.34,,,280036,17490946.12,2542,F1,1,,,,,
2026-10-07,2026-10-07,CM,NSE,STK,128,INE450U01017,ROUTE,EQ,,,,,ROUTE MOBILE LIMITED,431.95,433.00,424.40,426.50,426.50,430.80,,426.51,,,127804,54659067.60,5754,F1,1,,,,,
2026-10-07,2026-10-07,CM,NSE,STK,20167,INE0PDJ01013,ROXHITECH,SM,,,,,ROX HI TECH LIMITED,70.50,70.50,64.20,64.90,64.20,70.55,,64.90,,,92800,6182080.00,50,F1,1600,,,,,
2026-10-07,2026-10-07,CM,NSE,STK,29727,INE0EO401019,ROYALARC,SM,,,,,ROYAL ARC ELECTRODES LTD,153.00,155.00,153.00,153.00,153.00,152.00,,153.00,,,4800,736800.00,4,F1,1200,,,,,
2026-10-07,2026-10-07,CM,NSE,STK,13182,INE283H01019,ROHLTD,EQ,,,,,ROYAL ORCHID HOTELS LTD,300.70,304.35,296.00,297.25,296.60,300.75,,297.25,,,6645,1986212.25,451,F1,1,,,,,
2026-10-07,2026-10-07,CM,NSE,STK,16725,INE105J01010,RPGLIFE,EQ,,,,,RPG LIFE SCIENCES LTD,2940.00,2948.90,2860.00,2892.80,2895.00,2933.20,,2893.35,,,15914,46202693.40,2046,F1,1,,,,,
2026-10-07,2026-10-07,CM,NSE,STK,8119,INE425Y01011,RPSGVENT,EQ,,,,,RPSG VENTURES LIMITED,887.00,916.40,861.00,870.15,878.00,833.10,,870.18,,,134474,120526836.90,4761,F1,1,,,,,
2026-10-07,2026-10-07,CM,NSE,STK,2794,INE611A01016,RSWM,EQ,,,,,RSWM LIMITED,205.25,208.67,203.00,203.83,203.15,207.03,,203.82,,,33308,6839701.80,663,F1,1,,,,,
2026-10-07,2026-10-07,CM,NSE,STK,24730,INE642C01025,RUBFILA,EQ,,,,,RUBFILA INTERNATIONAL LTD,63.11,65.56,63.11,64.90,65.28,63.59,,64.92,,,34378,2224441.77,679,F1,1,,,,,
2026-10-07,2026-10-07,CM,NSE,STK,759316,INE506V01022,RUBICON,EQ,,,,,RUBICON RESEARCH LIMITED,1596.80,1596.80,1553.70,1575.60,1570.00,1596.80,,1575.56,,,147284,231464688.80,18180,F1,1,,,,,
2026-10-07,2026-10-07,CM,NSE,STK,4566,INE413B01023,RUCHINFRA,EQ,,,,,RUCHI INFRASTRUCTURE LTD,5.07,5.08,4.90,4.94,4.95,4.98,,4.94,,,68197,337755.19,246,F1,1,,,,,
2026-10-07,2026-10-07,CM,NSE,STK,13821,INE803H01014,RUCHIRA,EQ,,,,,RUCHIRA PAPERS LIMITED,103.99,103.99,101.48,103.15,103.12,102.78,,103.15,,,9650,992767.85,290,F1,1,,,,,
2026-10-07,2026-10-07,CM,NSE,STK,760392,INE027T01023,RUDRA,EQ,,,,,RUDRA GLOBAL INFRA PROD L,18.20,21.10,17.61,19.46,19.49,17.81,,19.45,,,599677,12306487.96,840,F1,1,,,,,
2026-10-07,2026-10-07,CM,NSE,STK,1480,INE364Z01019,REPL,EQ,,,,,RUDRABHISHEK ENTERP LTD,57.01,57.01,54.05,55.30,54.58,56.83,,55.30,,,5726,322144.50,81,F1,1,,,,,
2026-10-07,2026-10-07,CM,NSE,STK,23830,INE0R7301013,RULKA,SM,,,,,RULKA ELECTRICALS LIMITED,105.00,105.00,102.05,102.05,102.05,105.00,,102.05,,,2100,217185.00,5,F1,300,,,,,
2026-10-07,2026-10-07,CM,NSE,STK,766391,INE804W01029,RUNWALENTR,EQ,,,,,RUNWAL ENTERPRISES LTD,289.00,293.70,275.00,279.10,277.70,290.60,,279.11,,,866944,248484283.40,16487,F1,1,,,,,
2026-10-07,2026-10-07,CM,NSE,STK,25724,INE895B01021,RUPA,EQ,,,,,RUPA & COMPANY LTD,128.35,131.48,126.90,127.62,126.91,128.99,,127.62,,,114842,14787577.30,5889,F1,1,,,,,
2026-10-07,2026-10-07,CM,NSE,STK,24595,INE573K01025,RUSHIL,EQ,,,,,RUSHIL DECOR LIMITED,15.55,15.84,15.07,15.17,15.10,15.54,,15.17,,,208821,3197262.54,699,F1,1,,,,,
2026-10-07,2026-10-07,CM,NSE,STK,20698,INE807K01035,SCHAND,EQ,,,,,S CHAND AND COMPANY LTD,147.40,147.40,143.24,144.15,144.13,145.16,,144.15,,,9369,1358084.05,479,F1,1,,,,,
2026-10-07,2026-10-07,CM,NSE,STK,25528,INE0X6F01017,SDREAMS,SM,,,,,S D RETAIL LIMITED,84.75,84.75,84.75,84.75,84.75,84.75,,84.75,,,1000,84750.00,1,F1,1000,,,,,
2026-10-07,2026-10-07,CM,NSE,STK,11212,INE500L01026,SHK,EQ,,,,,S H KELKAR AND CO. LTD.,141.61,143.00,139.85,141.62,142.65,142.32,,141.62,,,190745,27047157.54,5925,F1,1,,,,,
2026-10-07,2026-10-07,CM,NSE,STK,20542,INE0F3301020,SJLOGISTIC,SM,,,,,S J LOGISTICS (INDIA) LTD,310.00,310.95,305.00,309.45,308.20,308.90,,309.45,,,22250,6860350.00,70,F1,250,,,,,
2026-10-07,2026-10-07,CM,NSE,STK,764940,INE159L01013,SVGLOBAL,EQ,,,,,S V GLOBAL MILL LTD.,135.00,140.00,135.00,138.95,139.00,140.92,,139.13,,,1283,177122.82,48,F1,1,,,,,
2026-10-07,2026-10-07,CM,NSE,STK,2951,INE902B01017,S&SPOWER,EQ,,,,,S&S POWER SWITCHGEARS LTD,286.00,293.50,274.00,290.60,289.40,286.00,,290.67,,,8966,2543236.05,887,F1,1,,,,,
2026-10-07,2026-10-07,CM,NSE,STK,18252,INE212I01016,SPAL,EQ,,,,,S. P. APPARELS LIMITED,964.00,969.95,941.10,960.30,955.80,949.65,,960.45,,,20423,19528157.45,2952,F1,1,,,,,
2026-10-07,2026-10-07,CM,NSE,STK,11634,INE658G01014,SALSTEEL,EQ,,,,,S.A.L. STEEL LTD.,89.20,93.23,85.41,86.44,86.08,89.60,,86.44,,,989979,88444810.78,5947,F1,1,,,,,
2026-10-07,2026-10-07,CM,NSE,STK,19112,INE0PSK01027,SAAKSHI,ST,,,,,SAAKSHI MEDTEC N PANELS L,364.00,364.00,364.00,364.00,364.00,364.00,,364.00,,,3000,1092000.00,5,F1,600,,,,,
2026-10-07,2026-10-07,CM,NSE,STK,759057,INE13B501022,SAATVIKGL,EQ,,,,,SAATVIK GREEN ENERGY LTD,406.80,421.75,399.00,405.30,404.05,402.50,,405.30,,,150423,61922052.95,4432,F1,1,,,,,
2026-10-07,2026-10-07,CM,NSE,STK,757409,INE1ARD01016,SACHEEROME,SM,,,,,SACHEEROME LIMITED,508.00,508.00,496.15,500.35,500.35,511.85,,500.35,,,13500,6761565.00,41,F1,300,,,,,
2026-10-07,2026-10-07,CM,NSE,STK,13236,INE226H01026,SADBHAV,EQ,,,,,SADBHAV ENGINEERING LTD,6.85,7.19,6.66,6.92,6.90,6.85,,6.93,,,141726,988437.55,495,F1,1,,,,,
2026-10-07,2026-10-07,CM,NSE,STK,10618,INE764L01010,SADBHIN,EQ,,,,,SADBHAV INFRA PROJ LTD.,2.58,2.63,2.54,2.60,2.63,2.56,,2.60,,,74920,193001.28,178,F1,1,,,,,
2026-10-07,2026-10-07,CM,NSE,STK,15349,INE888C01040,SADHNANIQ,BE,,,,,SADHANA NITROCHEM LIMITED,2.75,2.80,2.58,2.68,2.71,2.68,,2.66,,,1570737,4197039.02,803,F1,1,,,,,
2026-10-07,2026-10-07,CM,NSE,STK,22897,INE0K5H01010,SADHAV,SM,,,,,SADHAV SHIPPING LIMITED,112.50,114.00,111.00,111.55,111.15,114.50,,111.55,,,9000,1005750.00,13,F1,600,,,,,
2026-10-07,2026-10-07,CM,NSE,STK,13035,INE429E01023,SAFARI,EQ,,,,,SAFARI IND (INDIA) LTD,1324.90,1345.00,1306.40,1319.20,1307.20,1318.00,,1318.91,,,25293,33556442.60,5490,F1,1,,,,,
2026-10-07,2026-10-07,CM,NSE,STK,757583,INE17D601016,SAFEENTP,SM,,,,,SAFE ENTER RETAIL FIX LTD,253.00,261.00,252.95,260.45,261.00,250.05,,260.45,,,40500,10482125.00,65,F1,500,,,,,
2026-10-07,2026-10-07,CM,NSE,STK,14068,INE229C01021,SAGCEM,EQ,,,,,SAGAR CEMENTS LIMITED,146.00,150.80,143.20,143.91,145.00,146.60,,143.91,,,43307,6361178.77,916,F1,1,,,,,
2026-10-07,2026-10-07,CM,NSE,STK,8175,INE976T01013,SAGARDEEP,EQ,,,,,SAGARDEEP ALLOYS LIMITED,22.22,23.78,22.11,22.18,22.16,23.14,,22.18,,,8512,190526.88,147,F1,1,,,,,
2026-10-07,2026-10-07,CM,NSE,STK,27052,INE0W2G01015,SAGILITY,EQ,,,,,SAGILITY LIMITED,43.88,44.35,43.00,43.11,43.11,43.88,,43.11,,,8174501,356085860.09,18004,F1,1,,,,,
2026-10-07,2026-10-07,CM,NSE,STK,24478,INE0P4701011,SAHAJSOLAR,SM,,,,,SAHAJ SOLAR LIMITED,87.30,89.95,87.30,88.55,88.15,91.15,,88.55,,,14800,1306400.00,32,F1,400,,,,,
2026-10-07,2026-10-07,CM,NSE,STK,16711,INE0LEX01011,SAHANA,SM,,,,,SAHANA SYSTEM LIMITED,921.00,944.00,890.00,915.50,915.00,926.60,,915.50,,,85950,78543225.00,336,F1,150,,,,,
2026-10-07,2026-10-07,CM,NSE,STK,25668,INE0RBQ01018,SAHASRA,SM,,,,,SAHASRA ELECTRONIC SOLU L,464.00,487.75,452.15,452.15,452.15,475.90,,452.15,,,120800,55743120.00,283,F1,400,,,,,
2026-10-07,2026-10-07,CM,NSE,STK,14900,INE280H01015,SAHYADRI,EQ,,,,,SAHYADRI INDUSTRIES LTD,352.50,363.00,345.20,352.10,363.00,354.05,,352.00,,,5520,1939840.90,318,F1,1,,,,,
2026-10-07,2026-10-07,CM,NSE,STK,764865,INE531X01018,SAICAPI,EQ,,,,,SAI CAPITAL LTD.,153.16,153.16,140.00,146.08,145.00,150.16,,145.89,,,639,93406.81,60,F1,1,,,,,
2026-10-07,2026-10-07,CM,NSE,STK,27839,INE570L01029,SAILIFE,EQ,,,,,SAI LIFE SCIENCES LIMITED,1558.00,1590.00,1544.10,1561.80,1558.70,1558.10,,1561.14,,,656465,1030091961.80,35049,F1,1,,,,,
2026-10-07,2026-10-07,CM,NSE,STK,761675,INE0H9F01037,SAIPARENT,EQ,,,,,SAI PARENTERALS LIMITED,524.00,528.90,515.40,521.65,518.15,522.90,,521.69,,,127845,66812209.75,5458,F1,1,,,,,
2026-10-07,2026-10-07,CM,NSE,STK,18755,INE438K01021,KALAMANDIR,EQ,,,,,SAI SILKS (KALAMANDIR) L,77.01,77.55,76.11,77.01,76.50,77.36,,77.01,,,218600,16827266.57,2776,F1,1,,,,,
2026-10-07,2026-10-07,CM,NSE,STK,764880,INE068B01017,SEKURITIND,EQ,,,,,SAINT GOBAIN SEKUR IND L,110.44,111.18,109.04,109.99,110.40,110.08,,109.91,,,11947,1311607.79,327,F1,1,,,,,
2026-10-07,2026-10-07,CM,NSE,STK,25715,INE00MT01022,SAJHOTELS,ST,,,,,SAJ HOTELS LIMITED,27.90,27.90,27.90,27.90,27.90,29.35,,27.90,,,8000,223200.00,4,F1,2000,,,,,
2026-10-07,2026-10-07,CM,NSE,STK,9539,INE732S01012,SAKAR,EQ,,,,,SAKAR HEALTHCARE LIMITED,1056.60,1058.50,1011.10,1020.10,1023.90,1048.50,,1020.10,,,62173,63931853.40,5784,F1,1,,,,,
2026-10-07,2026-10-07,CM,NSE,STK,11794,INE667G01023,SAKSOFT,EQ,,,,,SAKSOFT LIMITED,142.74,142.74,137.30,139.08,139.40,142.74,,139.09,,,207978,29134709.62,3954,F1,1,,,,,
2026-10-07,2026-10-07,CM,NSE,STK,2969,INE623A01011,SAKHTISUG,EQ,,,,,SAKTHI SUGARS LTD,18.98,19.30,18.52,18.63,18.60,18.88,,18.63,,,147331,2788863.58,756,F1,1,,,,,
2026-10-07,2026-10-07,CM,NSE,STK,13251,INE190H01024,SAKUMA,EQ,,,,,SAKUMA EXPORTS LIMITED,1.53,1.53,1.48,1.50,1.51,1.51,,1.51,,,993343,1489425.46,739,F1,1,,,,,
2026-10-07,2026-10-07,CM,NSE,STK,21362,INE170V01027,SALASAR,EQ,,,,,SALASAR TECHNO ENGG. LTD.,4.15,4.22,4.13,4.17,4.17,4.22,,4.17,,,2607156,10890911.85,2603,F1,1,,,,,
2026-10-07,2026-10-07,CM,NSE,STK,17351,INE498E01010,SALONA,EQ,,,,,SALONA COTSPIN LTD.,269.00,284.00,269.00,276.55,277.00,274.20,,276.55,,,118,32355.10,26,F1,1,,,,,
2026-10-07,2026-10-07,CM,NSE,STK,11399,INE457F01013,SALZERELEC,EQ,,,,,SALZER ELECTRONICS LTD,524.95,528.45,518.35,521.00,518.50,524.95,,521.00,,,29076,15162321.45,1338,F1,1,,,,,
2026-10-07,2026-10-07,CM,NSE,STK,756851,INE124101010,SAMAY,ST,,,,,SAMAY PROJECT SERVICES L,44.25,44.25,44.25,44.25,44.25,45.40,,44.25,,,4000,177000.00,1,F1,4000,,,,,
2026-10-07,2026-10-07,CM,NSE,STK,764870,INE304D01012,SAMBANDAM,EQ,,,,,SAMBANDAM SPINNING MILL L,105.25,105.25,105.25,105.25,105.25,102.15,,111.00,,,101,10630.25,5,F1,1,,,,,
2026-10-07,2026-10-07,CM,NSE,STK,4127,INE699B01027,SAMBHAAV,EQ,,,,,SAMBHAAV MEDIA LTD,5.58,5.58,4.99,5.10,5.14,5.25,,5.08,,,81651,417474.51,161,F1,1,,,,,
2026-10-07,2026-10-07,CM,NSE,STK,757767,INE12NJ01018,SAMBHV,EQ,,,,,SAMBHV STEEL TUBES LTD,161.24,162.20,157.41,158.32,157.90,162.19,,158.30,,,1552880,248255863.34,15864,F1,1,,,,,
2026-10-07,2026-10-07,CM,NSE,STK,21096,INE0PZA01015,SAIFL,SM,,,,,SAMEERA AGRO AND INFRA L,4.25,4.35,4.10,4.15,4.15,4.30,,4.15,,,108000,452200.00,26,F1,4000,,,,,
2026-10-07,2026-10-07,CM,NSE,STK,18614,INE08U801020,SAMHI,EQ,,,,,SAMHI HOTELS LIMITED,151.60,151.60,146.00,147.25,148.00,149.73,,147.25,,,665337,98508828.01,9548,F1,1,,,,,
2026-10-07,2026-10-07,CM,NSE,STK,30125,INE148I01020,SAMMAANCAP,EQ,,,,,SAMMAAN CAPITAL LIMITED,134.90,135.10,132.00,132.94,132.32,134.40,,132.94,,,2802056,374831359.80,22700,F1,1,,,,,
2026-10-07,2026-10-07,CM,NSE,STK,27303,INE735M01018,SAMPANN,EQ,,,,,SAMPANN UTPADAN INDIA LTD,24.05,24.05,23.56,23.96,24.00,23.99,,23.98,,,4119,98604.84,135,F1,1,,,,,
2026-10-07,2026-10-07,CM,NSE,STK,4204,INE775A01035,MOTHERSON,EQ,,,,,SAMVRDHNA MTHRSN INTL LTD,158.73,159.98,156.99,159.20,159.20,160.00,,159.19,,,11181774,1771449387.61,54984,F1,1,,,,,
2026-10-07,2026-10-07,CM,NSE,STK,28805,INE0JPD01013,SANATHAN,EQ,,,,,SANATHAN TEXTILES LIMITED,525.65,530.95,512.90,522.85,525.50,525.65,,522.75,,,33869,17641628.55,2170,F1,1,,,,,
2026-10-07,2026-10-07,CM,NSE,STK,2988,INE583B01015,SANDESH,EQ,,,,,SANDESH LTD,1000.00,1025.00,997.65,1002.05,1001.00,1017.40,,1002.05,,,1150,1162009.75,159,F1,1,,,,,
2026-10-07,2026-10-07,CM,NSE,STK,2397,INE278H01035,SANDHAR,EQ,,,,,SANDHAR TECHNOLOGIES LTD,561.85,565.95,553.10,561.30,563.00,558.10,,561.31,,,92072,51576454.50,6841,F1,1,,,,,
2026-10-07,2026-10-07,CM,NSE,STK,18359,INE149K01016,SANDUMA,EQ,,,,,SANDUR MANG & IRON ORES L,182.88,182.90,179.67,181.19,181.05,183.38,,181.20,,,317131,57393413.91,7168,F1,1,,,,,
2026-10-07,2026-10-07,CM,NSE,STK,4184,INE495C01010,SANGAMIND,EQ,,,,,SANGAM (INDIA) LTD,636.90,649.40,620.55,624.05,625.40,642.40,,624.24,,,27370,17308523.35,1490,F1,1,,,,,
2026-10-07,2026-10-07,CM,NSE,STK,18035,INE0OVI01010,SANGANI,SM,,,,,SANGANI HOSPITALS LIMITED,58.00,58.00,56.00,56.80,57.85,57.20,,56.80,,,9000,513825.00,6,F1,1500,,,,,
2026-10-07,2026-10-07,CM,NSE,STK,14058,INE989A01032,SANGHVIMOV,EQ,,,,,SANGHVI MOVERS LTD,423.95,423.95,408.25,410.65,411.20,419.50,,410.84,,,213148,88023213.90,11256,F1,1,,,,,
2026-10-07,2026-10-07,CM,NSE,STK,25222,INE0UOS01011,SANOFICONR,EQ,,,,,SANOFI CONS HEALTHC IND L,3725.00,3757.40,3701.00,3722.90,3750.00,3736.50,,3722.91,,,4089,15227366.20,1397,F1,1,,,,,
2026-10-07,2026-10-07,CM,NSE,STK,1442,INE058A01010,SANOFI,EQ,,,,,SANOFI INDIA LIMITED,3047.00,3051.80,3010.00,3023.80,3022.10,3047.00,,3023.83,,,8729,26393418.90,2762,F1,1,,,,,
2026-10-07,2026-10-07,CM,NSE,STK,5751,INE953O01021,SANSERA,EQ,,,,,SANSERA ENGINEERING LTD,4226.00,4328.00,4209.20,4261.70,4277.00,4232.90,,4261.51,,,125963,538818719.30,22793,F1,1,,,,,
2026-10-07,2026-10-07,CM,NSE,STK,24582,INE08NE01025,SANSTAR,EQ,,,,,SANSTAR LIMITED,103.55,105.09,102.60,104.23,104.50,104.07,,104.23,,,85775,8930470.95,2188,F1,1,,,,,
2026-10-07,2026-10-07,CM,NSE,STK,46,INE890C01046,SANWARIA,BZ,,,,,SANWARIA CONSUMER LIMITED,0.18,0.19,0.18,0.18,0.19,0.18,,0.18,,,1901235,345491.28,185,F1,1,,,,,
2026-10-07,2026-10-07,CM,NSE,STK,6718,INE806T01020,SAPPHIRE,EQ,,,,,SAPPHIRE FOODS INDIA LTD,215.90,216.80,213.64,215.03,215.00,215.16,,215.03,,,168957,36327534.99,6470,F1,1,,,,,
2026-10-07,2026-10-07,CM,NSE,STK,19863,INE0PUC01020,SARTELE,SM,,,,,SAR TELEVENTURE LIMITED,96.60,99.00,94.00,94.35,94.00,96.85,,94.35,,,51000,4869150.00,77,F1,500,,,,,
2026-10-07,2026-10-07,CM,NSE,STK,762985,INE967G01019,ZSARACOM,EQ,,,,,SARASWATI COMM (INDIA) L,9950.00,10300.00,9950.00,10282.00,10290.00,9961.00,,10282.00,,,12,121751.00,10,F1,1,,,,,
2026-10-07,2026-10-07,CM,NSE,STK,24856,INE0PQ101010,SSDL,EQ,,,,,SARASWATI SAREE DEPOT LTD,69.29,69.99,65.51,66.20,66.30,68.57,,66.23,,,88459,6006660.98,2049,F1,1,,,,,
2026-10-07,2026-10-07,CM,NSE,STK,17758,INE385C01021,SARDAEN,EQ,,,,,SARDA ENERGY & MIN LTD,500.90,505.00,497.50,499.35,498.00,500.70,,499.35,,,189889,95192370.85,11264,F1,1,,,,,
2026-10-07,2026-10-07,CM,NSE,STK,4892,INE979A01025,SAREGAMA,EQ,,,,,SAREGAMA INDIA LIMITED,502.20,507.90,496.10,503.75,504.45,503.70,,503.76,,,160898,80975010.85,10421,F1,1,,,,,
2026-10-07,2026-10-07,CM,NSE,STK,14043,INE453D01025,SARLAPOLY,EQ,,,,,SARLA PERF. FIBERS LTD,97.67,97.69,96.00,96.70,96.00,96.44,,96.66,,,14965,1448075.00,401,F1,1,,,,,
2026-10-07,2026-10-07,CM,NSE,STK,6843,INE017W01010,SMLT,EQ,,,,,SARTHAK METALS LIMITED,73.69,77.50,70.16,73.94,72.10,74.06,,74.03,,,39657,2910469.45,657,F1,1,,,,,
2026-10-07,2026-10-07,CM,NSE,STK,12913,INE324X01026,SARVESHWAR,EQ,,,,,SARVESHWAR FOODS LIMITED,3.60,3.69,3.57,3.61,3.63,3.58,,3.61,,,2446544,8919622.28,2316,F1,1,,,,,
2026-10-07,2026-10-07,CM,NSE,STK,11983,INE231F01020,SASKEN,EQ,,,,,SASKEN TECHNOLOGIES LTD,1684.30,1708.60,1656.00,1665.10,1658.30,1679.50,,1664.76,,,11590,19420067.40,1959,F1,1,,,,,
2026-10-07,2026-10-07,CM,NSE,STK,29151,INE0NB801022,SATKARTAR,SM,,,,,SAT KARTAR LIFE LIMITED,170.35,170.35,158.15,159.70,159.95,166.80,,159.70,,,40000,6556920.00,48,F1,800,,,,,
2026-10-07,2026-10-07,CM,NSE,STK,24697,INE0RFP01011,SSEGL,SM,,,,,SATHLOKHAR SYN E&C GLOB L,401.20,401.20,380.00,388.30,389.00,397.00,,388.30,,,42800,16715180.00,172,F1,200,,,,,
2026-10-07,2026-10-07,CM,NSE,STK,24504,INE0RPM01017,SATIPOLY,SM,,,,,SATI POLY PLAST LIMITED,34.00,34.30,34.00,34.30,34.30,34.10,,34.30,,,1500,51150.00,2,F1,500,,,,,
2026-10-07,2026-10-07,CM,NSE,STK,11045,INE170E01023,SATIA,EQ,,,,,SATIA INDUSTRIES LIMITED,69.59,71.22,68.50,69.00,69.00,69.26,,69.00,,,97840,6791905.97,1078,F1,1,,,,,
2026-10-07,2026-10-07,CM,NSE,STK,10453,INE836B01017,SATIN,EQ,,,,,SATIN CREDIT NET LTD,229.90,239.40,221.25,223.79,221.30,228.35,,223.80,,,1191616,276387511.05,18730,F1,1,,,,,
2026-10-07,2026-10-07,CM,NSE,STK,758960,INE14DW01018,SATTVAENGG,SM,,,,,SATTVA ENGINEERING CSTN L,57.65,58.60,57.10,58.40,58.40,56.10,,58.40,,,62400,3627280.00,10,F1,1600,,,,,
2026-10-07,2026-10-07,CM,NSE,STK,3018,INE626A01014,SAURASHCEM,EQ,,,,,SAURASHTRA CEMENT LIMITED,51.20,51.95,50.25,50.60,50.50,51.47,,50.60,,,74227,3797924.76,1026,F1,1,,,,,
2026-10-07,2026-10-07,CM,NSE,STK,3021,INE035D01020,SOTL,EQ,,,,,SAVITA OIL TECHNOLO. LTD,776.95,807.20,764.45,803.80,802.00,775.50,,803.82,,,583613,462152800.65,35412,F1,1,,,,,
2026-10-07,2026-10-07,CM,NSE,STK,758444,INE10VS01016,SAWALIYA,SM,,,,,SAWALIYA FOOD PRODUCTS L,191.00,194.00,187.20,188.40,188.00,191.20,,188.40,,,91200,17384310.00,89,F1,600,,,,,
2026-10-07,2026-10-07,CM,NSE,STK,762879,INE318C01014,SAYAJIHOTL,EQ,,,,,SAYAJI HOTELS LTD.,309.00,312.00,309.00,309.00,309.00,307.35,,306.80,,,108,33378.60,4,F1,1,,,,,
2026-10-07,2026-10-07,CM,NSE,STK,764875,INE327G01032,SAYAJIIND,EQ,,,,,SAYAJI INDUSTRIES LTD.,115.00,118.00,115.00,116.00,115.00,118.00,,115.48,,,104,11966.00,4,F1,1,,,,,
2026-10-07,2026-10-07,CM,NSE,STK,6792,INE04AK01028,SBC,EQ,,,,,SBC EXPORTS LIMITED,61.80,62.62,61.05,61.77,62.10,61.70,,61.77,,,13158768,812147051.99,17132,F1,1,,,,,
2026-10-07,2026-10-07,CM,NSE,STK,18026,INE423Y01016,SBFC,EQ,,,,,SBFC FINANCE LIMITED,83.27,83.50,80.81,81.10,81.15,83.28,,81.11,,,1102475,90364696.87,15262,F1,1,,,,,
2026-10-07,2026-10-07,CM,NSE,STK,17971,INE018E01016,SBICARD,EQ,,,,,SBI CARDS & PAY SER LTD,569.40,569.95,555.65,557.40,557.40,569.40,,557.32,,,1197820,672326615.50,28150,F1,1,,,,,
2026-10-07,2026-10-07,CM,NSE,STK,764173,INE640G01020,SBIFUNDS,EQ,,,,,SBI FUNDS MANAGEMENT LTD,501.95,503.00,494.30,501.20,500.00,502.85,,501.17,,,1247454,621124050.25,47453,F1,1,,,,,
2026-10-07,2026-10-07,CM,NSE,STK,21808,INE123W01016,SBILIFE,EQ,,,,,SBI LIFE INSURANCE CO LTD,1735.00,1750.50,1701.80,1726.10,1726.10,1750.00,,1725.82,,,1030112,1777000254.70,41402,F1,1,,,,,
2026-10-07,2026-10-07,CM,NSE,STK,17272,INF200KA16D8,SETFGOLD,EQ,,,,,SBI-ETF GOLD,125.42,125.42,124.87,124.92,124.87,125.36,,124.92,,,4215605,526894366.06,9983,F1,1,,,,,
2026-10-07,2026-10-07,CM,NSE,STK,10176,INF200KA1FS1,SETFNIF50,EQ,,,,,SBI-ETF NIFTY 50,245.43,245.43,243.20,243.65,244.00,245.14,,243.65,,,502526,122576550.30,6209,F1,1,,,,,
2026-10-07,2026-10-07,CM,NSE,STK,7361,INF200KA1580,SETFNIFBK,EQ,,,,,SBI-ETF NIFTY BANK,565.58,568.64,561.61,566.09,564.64,565.47,,566.17,,,83760,47435843.07,2289,F1,1,,,,,
2026-10-07,2026-10-07,CM,NSE,STK,7353,INF200KA1598,SETFNN50,EQ,,,,,SBI-ETF NIFTY NEXT 50,746.30,751.67,743.85,746.57,748.08,751.83,,746.57,,,20385,15236031.53,1025,F1,1,,,,,
2026-10-07,2026-10-07,CM,NSE,STK,19705,INF200KA13Z8,LIQUIDSBI,EQ,,,,,SBIAMC - LIQUIDSBI,999.99,1000.01,999.99,1000.01,1000.01,999.99,,1000.01,,,1677,1677010.37,17,F1,1,,,,,
2026-10-07,2026-10-07,CM,NSE,STK,30290,INF200KB1712,SBIBPB,EQ,,,,,SBIAMC - SBIBPB,46.86,47.26,46.10,46.74,46.79,46.61,,46.74,,,320442,14976939.84,343,F1,1,,,,,
2026-10-07,2026-10-07,CM,NSE,STK,5168,INF200KA1X17,SBIETFCON,EQ,,,,,SBIAMC - SBIETFCON,111.09,116.20,111.09,113.42,113.00,113.94,,113.42,,,1877,212935.65,80,F1,1,,,,,
2026-10-07,2026-10-07,CM,NSE,STK,740,INF200KA1S14,SBIETFIT,EQ,,,,,SBIAMC - SBIETFIT,311.29,311.97,307.64,308.87,309.57,311.04,,308.87,,,1886,584176.15,115,F1,1,,,,,
2026-10-07,2026-10-07,CM,NSE,STK,722,INF200KA1S22,SBIETFPB,EQ,,,,,SBIAMC - SBIETFPB,275.86,278.99,275.01,277.45,278.93,275.91,,277.45,,,1284,356185.64,67,F1,1,,,,,
2026-10-07,2026-10-07,CM,NSE,STK,7218,INF200KA1WX6,SBIETFQLTY,EQ,,,,,SBIAMC - SBIETFQLTY,211.96,211.96,206.00,206.30,206.87,207.80,,206.30,,,3175,655316.84,67,F1,1,,,,,
2026-10-07,2026-10-07,CM,NSE,STK,758496,INF200KB1969,SBILIQETF,EQ,,,,,SBIAMC - SBILIQETF,1059.06,1059.06,1059.04,1059.04,1059.04,1058.89,,1059.04,,,135422,143417444.83,78,F1,1,,,,,
2026-10-07,2026-10-07,CM,NSE,STK,761095,INF200KB1AJ0,SBIMIDMOM,EQ,,,,,SBIAMC - SBIMIDMOM,61.86,67.67,61.00,61.62,61.55,61.56,,61.62,,,73965,4553219.01,165,F1,1,,,,,
2026-10-07,2026-10-07,CM,NSE,STK,24524,INF200KB1282,SBINEQWETF,EQ,,,,,SBIAMC - SBINEQWETF,32.01,32.01,31.12,31.31,31.34,32.01,,31.31,,,55730,1743828.02,431,F1,1,,,,,
2026-10-07,2026-10-07,CM,NSE,STK,761741,INF200KB1AK8,SBINMID150,EQ,,,,,SBIAMC - SBINMID150,22.08,22.11,21.83,21.93,22.00,21.98,,21.92,,,638981,14046227.78,1319,F1,1,,,,,
2026-10-07,2026-10-07,CM,NSE,STK,24366,INF200KB1217,SBISILVER,EQ,,,,,SBIAMC - SBISILVER,216.04,216.04,214.14,214.32,214.40,216.04,,214.32,,,428404,91956864.42,4856,F1,1,,,,,
2026-10-07,2026-10-07,CM,NSE,STK,763543,INF200KB1AY9,SBISMLETF,EQ,,,,,SBIAMC - SBISMLETF,17.82,18.00,17.79,17.95,18.00,17.90,,17.95,,,24521,439002.37,191,F1,1,,,,,
2026-10-07,2026-10-07,CM,NSE,STK,763546,INF200KB1AX1,SBIVALETF,EQ,,,,,SBIAMC - SBIVALETF,13.95,14.02,13.81,13.87,13.87,13.95,,13.87,,,32602500,452371862.80,762,F1,1,,,,,
2026-10-07,2026-10-07,CM,NSE,STK,17395,INF200KA1JT1,SETF10GILT,EQ,,,,,SBIAMC - SETF10GILT,260.01,260.92,259.98,260.15,260.15,259.78,,260.15,,,979,255220.43,28,F1,1,,,,,
2026-10-07,2026-10-07,CM,NSE,STK,762887,INE099G01011,SCANSTL,BE,,,,,SCAN STEELS LTD.,48.80,50.46,46.75,50.06,50.05,48.06,,50.06,,,33099,1629777.67,149,F1,1,,,,,
2026-10-07,2026-10-07,CM,NSE,STK,1011,INE513A01022,SCHAEFFLER,EQ,,,,,SCHAEFFLER INDIA LIMITED,3818.10,3827.80,3762.40,3797.00,3800.00,3818.10,,3796.95,,,59517,226121715.80,14421,F1,1,,,,,
2026-10-07,2026-10-07,CM,NSE,STK,31234,INE839M01018,SCHNEIDER,EQ,,,,,SCHNEIDER ELECTRIC INFRA,1276.00,1276.00,1240.00,1256.20,1258.50,1274.00,,1256.14,,,119136,149372328.90,13328,F1,1,,,,,
2026-10-07,2026-10-07,CM,NSE,STK,30204,INE148I07VZ2,1025SCL35A,N1,,,,,SCL 10.25% SR XII,1000.00,1000.00,1000.00,1000.00,1000.00,1008.00,,1000.00,,,673,673000.00,3,F1,1,,,,,
2026-10-07,2026-10-07,CM,NSE,STK,760284,INE148I07YI2,879SCL30,N0,,,,,SCL 8.7923% 2030 SR I,98600.00,98600.00,98600.00,98600.00,98600.00,98200.00,,98600.00,,,2,197200.00,1,F1,1,,,,,
2026-10-07,2026-10-07,CM,NSE,STK,30230,INE148I07WP1,971SCL30,N1,,,,,SCL 9.71% SR VIII,1021.05,1021.05,1021.05,1021.05,1021.05,1020.13,,1021.05,,,218,222588.90,3,F1,1,,,,,
2026-10-07,2026-10-07,CM,NSE,STK,757608,INE148I07WZ0,975SCL35,N0,,,,,SCL 9.75% 2035 SR II,101000.00,101000.00,101000.00,101000.00,101000.00,101000.00,,101000.00,,,2,202000.00,2,F1,1,,,,,
2026-10-07,2026-10-07,CM,NSE,STK,30222,INE148I07WI6,990SCL28,N1,,,,,SCL 9.90% SR IV,1016.80,1016.90,1016.80,1016.81,1016.80,1055.06,,1016.81,,,11,11184.90,3,F1,1,,,,,
2026-10-07,2026-10-07,CM,NSE,STK,757478,INE090501011,SCODATUBES,EQ,,,,,SCODA TUBES LIMITED,124.00,124.00,122.21,122.88,122.25,124.37,,122.88,,,97607,12009334.34,1407,F1,1,,,,,
2026-10-07,2026-10-07,CM,NSE,STK,30181,IN3520240091,714CG32,SG,,,,,SDL CG 7.14% 2032,95.85,95.85,95.85,95.85,95.85,97.42,,95.85,,,100,9585.00,1,F1,100,,,,,
2026-10-07,2026-10-07,CM,NSE,STK,20479,IN1520230120,766GJ30A,SG,,,,,SDL GJ 7.66% 2030,100.50,100.50,100.50,100.50,100.50,100.87,,100.28,,,100,10050.00,1,F1,100,,,,,
2026-10-07,2026-10-07,CM,NSE,STK,755742,IN1720260034,777HP49,SG,,,,,SDL HP 7.77% 2049,99.00,99.00,98.60,98.60,98.60,98.00,,98.60,,,200,19760.00,2,F1,100,,,,,
2026-10-07,2026-10-07,CM,NSE,STK,763197,IN2020260047,783KL49,SG,,,,,SDL KL 7.83% 2049,100.00,100.00,100.00,100.00,100.00,99.93,,100.00,,,100,10000.00,1,F1,100,,,,,
2026-10-07,2026-10-07,CM,NSE,STK,23540,IN2220230311,742MH34,SG,,,,,SDL MH 7.42% 2034,91.00,91.00,91.00,91.00,91.00,91.00,,91.00,,,100,9100.00,1,F1,100,,,,,
2026-10-07,2026-10-07,CM,NSE,STK,9532,IN2920220018,77RJ32,SG,,,,,SDL RJ 7.7% 2032,100.00,100.00,100.00,100.00,100.00,102.00,,100.00,,,100,10000.00,1,F1,100,,,,,
2026-10-07,2026-10-07,CM,NSE,STK,10784,IN4520220133,774TS46,SG,,,,,SDL TS 7.74% 2046,95.16,95.16,95.16,95.16,95.16,100.00,,95.16,,,100,9516.00,1,F1,100,,,,,
2026-10-07,2026-10-07,CM,NSE,STK,2616,INE497B01018,SEAMECLTD,EQ,,,,,SEAMEC LIMITED,1580.00,1633.90,1564.10,1610.90,1628.00,1584.90,,1610.78,,,36641,58527388.80,4914,F1,1,,,,,
2026-10-07,2026-10-07,CM,NSE,STK,20771,INE413U07277,10ISFL26,N3,,,,,SEC RE NCD 10% SR 4,1078.50,1078.50,1073.20,1073.20,1073.20,1073.20,,1073.20,,,29,31223.50,2,F1,1,,,,,
2026-10-07,2026-10-07,CM,NSE,STK,20779,INE413U07269,1003ISFL28,N4,,,,,SEC RE NCD 10.03% SR 5,1003.75,1003.90,1003.75,1003.90,1003.90,1009.19,,1003.90,,,225,225862.50,20,F1,1,,,,,
2026-10-07,2026-10-07,CM,NSE,STK,20116,INE148I07QX7,1003SCL30A,NV,,,,,SEC RE NCD 10.03% SR X,779.99,780.00,779.99,780.00,780.00,720.31,,780.00,,,25,19499.89,2,F1,1,,,,,
2026-10-07,2026-10-07,CM,NSE,STK,25914,INE583D07521,1025UCL26A,N1,,,,,SEC RE NCD 10.25% SR II,1000.01,1000.02,1000.01,1000.01,1000.02,1015.00,,995.74,,,16,16000.20,2,F1,1,,,,,
2026-10-07,2026-10-07,CM,NSE,STK,23323,INE148I07SQ7,1025SCL34,Z8,,,,,SEC RE NCD 10.25% SR XII,1035.00,1035.00,1035.00,1035.00,1035.00,1014.01,,1035.00,,,30,31050.00,1,F1,1,,,,,
2026-10-07,2026-10-07,CM,NSE,STK,18906,INE148I07PV3,888SCL25E,N4,,,,,SEC RE NCD 10.25% SR XII,620.10,700.20,620.10,694.37,700.20,600.30,,689.33,,,58,40131.00,4,F1,1,,,,,
2026-10-07,2026-10-07,CM,NSE,STK,20130,INE148I07RB1,965SCL25F,NZ,,,,,SEC RE NCD 10.25% SR XII,800.10,885.00,800.10,885.00,885.00,800.10,,885.00,,,11,8886.00,2,F1,1,,,,,
2026-10-07,2026-10-07,CM,NSE,STK,24143,INE413U07319,1050IIFL29,ND,,,,,SEC RE NCD 10.50% SR VI,1025.00,1025.00,1025.00,1025.00,1025.00,1025.00,,1025.00,,,24,24600.00,1,F1,1,,,,,
2026-10-07,2026-10-07,CM,NSE,STK,15249,INE244L07556,1003SFIL28,NX,,,,,SEC RE NCD 10.50% SR.VII,377.15,410.00,377.15,410.00,410.00,433.46,,410.00,,,84,33060.30,2,F1,1,,,,,
2026-10-07,2026-10-07,CM,NSE,STK,23123,INE342T07460,1065NFL27,NC,,,,,SEC RE NCD 10.65% SR.IV,1005.00,1005.00,1002.51,1002.51,1002.51,1005.00,,1002.51,,,20,20075.10,2,F1,1,,,,,
2026-10-07,2026-10-07,CM,NSE,STK,3451,INE219X07249,769IGT28,NH,,,,,SEC RE NCD 7.69% SR.IV,1005.00,1005.00,1005.00,1005.00,1005.00,1000.00,,1005.00,,,93,93465.00,4,F1,1,,,,,
2026-10-07,2026-10-07,CM,NSE,STK,11658,INE0H7R07017,79NHIT35,N1,,,,,SEC RE NCD 7.90% STRPP A,309.75,312.00,309.75,312.00,312.00,311.87,,312.00,,,2081,649107.25,12,F1,1,,,,,
2026-10-07,2026-10-07,CM,NSE,STK,11665,INE0H7R07025,79NHIT40,N2,,,,,SEC RE NCD 7.90% STRPP B,313.90,313.90,310.15,312.97,312.97,311.00,,312.97,,,79,24538.95,4,F1,1,,,,,
2026-10-07,2026-10-07,CM,NSE,STK,11669,INE0H7R07033,79NHIT47,N3,,,,,SEC RE NCD 7.90% STRPP C,415.36,415.70,415.36,415.70,415.70,405.02,,415.70,,,138,57343.14,2,F1,1,,,,,
2026-10-07,2026-10-07,CM,NSE,STK,3476,INE219X07280,797IGT31,NL,,,,,SEC RE NCD 7.97% SR.VI,1001.11,1001.11,1001.11,1001.11,1001.11,1000.00,,1001.11,,,119,119132.09,1,F1,1,,,,,
2026-10-07,2026-10-07,CM,NSE,STK,7648,INE477L07AN9,820IIFL27,N9,,,,,SEC RE NCD 8.20% SR.III,998.20,998.20,996.20,997.50,997.50,998.19,,997.50,,,445,443443.00,4,F1,1,,,,,
2026-10-07,2026-10-07,CM,NSE,STK,3464,INE219X07264,82IGT31,NJ,,,,,SEC RE NCD 8.20% SR.V,1035.50,1038.00,1035.40,1038.00,1038.00,1039.00,,1038.95,,,1216,1261946.20,8,F1,1,,,,,
2026-10-07,2026-10-07,CM,NSE,STK,17039,INE530B07385,865IFL28,NZ,,,,,SEC RE NCD 8.65% SR.V,987.11,987.11,987.11,987.11,987.11,993.00,,986.11,,,15,14806.65,1,F1,1,,,,,
2026-10-07,2026-10-07,CM,NSE,STK,13852,INE530B07310,865IIFL28,NS,,,,,SEC RE NCD 8.65% SR.V,992.50,994.00,992.50,993.00,993.00,992.50,,993.00,,,78,77479.00,8,F1,1,,,,,
2026-10-07,2026-10-07,CM,NSE,STK,7671,INE477L07AR0,875IHFL29,ND,,,,,SEC RE NCD 8.75% SR.VII,1031.50,1031.50,1031.50,1031.50,1031.50,1030.82,,1032.03,,,50,51575.00,2,F1,1,,,,,
2026-10-07,2026-10-07,CM,NSE,STK,7777,INE148I07LE8,889SCFL27,YC,,,,,SEC RE NCD 8.89% SR.VIII,1000.00,1000.00,1000.00,1000.00,1000.00,999.00,,1000.00,,,15,15000.00,1,F1,1,,,,,
2026-10-07,2026-10-07,CM,NSE,STK,28869,INE477L07BG1,89IHFL29,N1,,,,,SEC RE NCD 8.90% SR VI,986.51,986.51,986.51,986.51,986.51,988.00,,986.51,,,125,123313.75,2,F1,1,,,,,
2026-10-07,2026-10-07,CM,NSE,STK,23706,INE338I07164,897MOFSL29,N4,,,,,SEC RE NCD 8.97% SR V,1025.00,1025.00,1025.00,1025.00,1025.00,1024.00,,1025.00,,,99,101475.00,7,F1,1,,,,,
2026-10-07,2026-10-07,CM,NSE,STK,17041,INE530B07377,9IIFL28,Y0,,,,,SEC RE NCD 9% SR.VI,1002.62,1004.46,1002.50,1004.46,1004.46,1002.50,,1004.46,,,1100,1103017.00,5,F1,1,,,,,
2026-10-07,2026-10-07,CM,NSE,STK,13854,INE530B07260,9IIFL28A,NT,,,,,SEC RE NCD 9% SR.VI,1053.00,1053.00,1053.00,1053.00,1053.00,1059.98,,1053.00,,,550,579150.00,1,F1,1,,,,,
2026-10-07,2026-10-07,CM,NSE,STK,28872,INE477L07BH9,925IHFL29,N1,,,,,SEC RE NCD 9.25% SR VII,1044.00,1044.00,1044.00,1044.00,1044.00,1044.00,,1044.00,,,500,522000.00,1,F1,1,,,,,
2026-10-07,2026-10-07,CM,NSE,STK,23710,INE338I07115,93MOFSL34,N6,,,,,SEC RE NCD 9.30% SR VII,1055.10,1056.00,1055.10,1056.00,1056.00,1057.00,,1056.00,,,142,149950.20,2,F1,1,,,,,
2026-10-07,2026-10-07,CM,NSE,STK,23708,INE338I07107,935MOFSL29,N5,,,,,SEC RE NCD 9.35% SR VI,1054.90,1054.90,1054.90,1054.90,1054.90,1050.00,,1054.90,,,25,26372.50,1,F1,1,,,,,
2026-10-07,2026-10-07,CM,NSE,STK,13497,INE148I07ND6,965SCL25C,N0,,,,,SEC RE NCD 9.39% SR.VIII,410.28,410.28,410.28,410.28,410.28,420.80,,410.28,,,94,38566.32,1,F1,1,,,,,
2026-10-07,2026-10-07,CM,NSE,STK,23297,INE148I07SI4,948SCL27,YV,,,,,SEC RE NCD 9.48% SR V,998.00,998.00,998.00,998.00,998.00,998.58,,998.00,,,4,3992.00,1,F1,1,,,,,
2026-10-07,2026-10-07,CM,NSE,STK,25552,INE148I07UC3,948SCL27D,N1,,,,,SEC RE NCD 9.48% SR V,1017.99,1017.99,1017.99,1017.99,1017.99,1000.00,,1017.99,,,5,5089.95,1,F1,1,,,,,
2026-10-07,2026-10-07,CM,NSE,STK,25294,INE423A07336,956AEL29,N6,,,,,SEC RE NCD 9.56% SR VI,1026.10,1038.98,1026.01,1026.99,1026.10,1025.06,,1026.99,,,1664,1709618.20,49,F1,1,,,,,
2026-10-07,2026-10-07,CM,NSE,STK,25287,INE423A07328,965AEL27,N4,,,,,SEC RE NCD 9.65% SR IV,1012.00,1012.00,1011.05,1011.70,1011.70,1012.00,,1017.78,,,613,620198.85,15,F1,1,,,,,
2026-10-07,2026-10-07,CM,NSE,STK,18487,INE741K07579,970CAGL28,ND,,,,,SEC RE NCD 9.70% SR VII,1021.90,1021.90,1015.02,1015.02,1015.02,1023.90,,1015.02,,,131,133075.10,10,F1,1,,,,,
2026-10-07,2026-10-07,CM,NSE,STK,20106,INE148I07QT5,971SCL28A,NT,,,,,SEC RE NCD 9.71% SR VIII,530.40,530.40,530.40,530.40,530.40,508.50,,530.40,,,3,1591.20,1,F1,1,,,,,
2026-10-07,2026-10-07,CM,NSE,STK,20437,INE121A07RK6,CIFCZC26,NF,,,,,SEC RE NCD SR 4,1235.00,1235.00,1235.00,1235.00,1235.00,1249.00,,1235.00,,,31,38285.00,1,F1,1,,,,,
2026-10-07,2026-10-07,CM,NSE,STK,28854,INE477L07BA4,IHFL261224,N1,,,,,SEC RE NCD SR II,1143.20,1154.80,1143.20,1154.80,1154.80,1154.80,,1154.80,,,207,238811.60,4,F1,1,,,,,
2026-10-07,2026-10-07,CM,NSE,STK,25292,INE423A07377,AEL120924A,N5,,,,,SEC RE NCD SR V,1210.00,1210.00,1210.00,1210.00,1210.00,1210.00,,1217.50,,,2,2420.00,1,F1,1,,,,,
2026-10-07,2026-10-07,CM,NSE,STK,15376,INE121A07QX1,CIFCZC28A,N5,,,,,SEC RE NCD SR.VI,1307.00,1315.00,1307.00,1315.00,1315.00,1305.00,,1315.00,,,1002,1309630.00,6,F1,1,,,,,
2026-10-07,2026-10-07,CM,NSE,STK,14219,INE00QS24043,IMC1,N1,,,,,SEC RE NCGB 8.25% STRPP B,252.99,252.99,252.99,252.99,252.99,252.99,,252.99,,,5,1264.95,1,F1,1,,,,,
2026-10-07,2026-10-07,CM,NSE,STK,14224,INE00QS24027,IMC1,N2,,,,,SEC RE NCGB 8.25% STRPP C,250.30,250.30,250.30,250.30,250.30,250.30,,250.30,,,9,2252.70,1,F1,1,,,,,
2026-10-07,2026-10-07,CM,NSE,STK,14228,INE00QS24035,IMC1,N3,,,,,SEC RE NCGB 8.25% STRPP D,252.99,252.99,252.99,252.99,252.99,252.99,,252.99,,,15,3794.85,1,F1,1,,,,,
2026-10-07,2026-10-07,CM,NSE,STK,7975,INE804IA7014,1015ECL29,NR,,,,,SEC RED NCD 10.15% SR. VI,1025.00,1025.00,1019.00,1019.29,1020.00,1018.21,,1019.29,,,539,551079.75,9,F1,1,,,,,
2026-10-07,2026-10-07,CM,NSE,STK,16870,INE033L07GS6,81TCHF28,N8,,,,,SEC RED NCD 8.10% SR.IV,1025.00,1030.00,1025.00,1030.00,1030.00,1010.00,,1030.00,,,10,10275.00,2,F1,1,,,,,
2026-10-07,2026-10-07,CM,NSE,STK,16874,INE033L07GU2,84TCHF28,NA,,,,,SEC RED NCD 8.40% SR.V,1069.75,1070.70,1069.00,1070.70,1070.70,1069.69,,1070.70,,,300,321106.50,3,F1,1,,,,,
2026-10-07,2026-10-07,CM,NSE,STK,498,INE721A07NU1,903SFL28,YI,,,,,SEC RED NCD 9.03% SR. II,1025.00,1025.00,1010.10,1014.45,1010.10,1026.00,,1016.76,,,92,93877.16,10,F1,1,,,,,
2026-10-07,2026-10-07,CM,NSE,STK,4288,INE804I078Y8,943ECL28,NJ,,,,,SEC RED NCD 9.43% SR. VI,1002.01,1002.20,1002.00,1002.20,1002.20,1002.00,,1002.20,,,21,21042.21,3,F1,1,,,,,
2026-10-07,2026-10-07,CM,NSE,STK,4292,INE804I079Y6,985ECL28,NK,,,,,SEC RED NCD 9.85% SR. VII,1007.00,1013.99,1007.00,1013.99,1013.99,1012.49,,1013.99,,,321,323259.99,4,F1,1,,,,,
2026-10-07,2026-10-07,CM,NSE,STK,19496,INE0BTM01013,SECMARK,EQ,,,,,SECMARK CONSULTANCY LTD,142.00,142.99,130.41,139.69,139.70,137.00,,139.69,,,4492,631035.86,63,F1,1,,,,,
2026-10-07,2026-10-07,CM,NSE,STK,11058,INE650K01021,SECURKLOUD,EQ,,,,,SECUREKLOUD TECH LIMITED,16.88,16.88,14.50,15.34,15.37,15.71,,15.33,,,46860,710201.73,356,F1,1,,,,,
2026-10-07,2026-10-07,CM,NSE,STK,761153,INE00XB01019,SEDEMAC,EQ,,,,,SEDEMAC MECHATRONICS LTD,3398.00,3478.40,3360.20,3425.60,3424.00,3399.60,,3425.62,,,116377,398777222.50,18127,F1,1,,,,,
2026-10-07,2026-10-07,CM,NSE,STK,7091,INE955I01044,SEJALLTD,EQ,,,,,SEJAL GLASS LIMITED,683.90,704.10,666.45,680.55,682.05,676.55,,680.55,,,13851,9457729.30,845,F1,1,,,,,
2026-10-07,2026-10-07,CM,NSE,STK,757982,INE0IJF01013,SELLOWRAP,SM,,,,,SELLOWRAP INDUSTRIES LTD,60.05,60.05,58.35,58.35,58.35,60.00,,58.35,,,4800,285440.00,3,F1,1600,,,,,
2026-10-07,2026-10-07,CM,NSE,STK,11961,INE617A01013,SEMAC,EQ,,,,,SEMAC CONSTRUCTION LTD,235.55,239.00,233.00,236.38,239.00,235.55,,236.44,,,605,142449.69,62,F1,1,,,,,
2026-10-07,2026-10-07,CM,NSE,STK,17271,INE602W01027,SENCO,EQ,,,,,SENCO GOLD LIMITED,318.75,326.30,315.00,320.60,319.75,318.75,,320.64,,,1246457,400714891.40,31947,F1,1,,,,,
2026-10-07,2026-10-07,CM,NSE,STK,28888,INE0RB801010,SENORES,EQ,,,,,SENORES PHARMACEUTICALS L,1399.90,1424.00,1380.00,1389.60,1398.00,1388.60,,1389.60,,,197473,276599781.20,17728,F1,1,,,,,
2026-10-07,2026-10-07,CM,NSE,STK,15308,INE964H01014,SEPC,EQ,,,,,SEPC LIMITED,5.06,5.08,5.00,5.03,5.04,5.05,,5.03,,,3570447,17998536.05,2188,F1,1,,,,,
2026-10-07,2026-10-07,CM,NSE,STK,20715,INE027E07BC8,865LTF26,NN,,,,,SERENCD 8.65% SR.VI OP12,1066.00,1066.00,1066.00,1066.00,1066.00,1066.00,,1067.00,,,475,506350.00,9,F1,1,,,,,
2026-10-07,2026-10-07,CM,NSE,STK,20691,INE027E07AN7,87LTF27,NH,,,,,SERENCD 8.70% SR.VII OPII,1099.99,1099.99,1099.00,1099.00,1099.00,1105.00,,1099.00,,,99,108898.02,2,F1,1,,,,,
2026-10-07,2026-10-07,CM,NSE,STK,20687,INE027E07AL1,905LTF27,NF,,,,,SERENCD 9.05% SR.VI OPII,1053.90,1054.00,1050.00,1050.00,1050.00,1050.00,,1049.50,,,205,215957.60,22,F1,1,,,,,
2026-10-07,2026-10-07,CM,NSE,STK,21197,INE306N07LM5,865TCAPS27,N8,,,,,SERENCD8.65%SR.IIICIII&IV,1018.00,1019.00,1010.00,1018.50,1018.00,1024.00,,1018.50,,,243,246775.00,30,F1,1,,,,,
2026-10-07,2026-10-07,CM,NSE,STK,5507,INE782X01033,SERVOTECH,EQ,,,,,SERVOTECH REN POW SYS LTD,72.06,72.29,70.75,71.15,71.19,72.06,,71.15,,,332097,23696525.75,2978,F1,1,,,,,
2026-10-07,2026-10-07,CM,NSE,STK,759934,INE04VU01023,STYL,EQ,,,,,SESHAASAI TECHNOLOGIES L,364.15,374.45,364.15,369.70,370.00,369.70,,369.78,,,34514,12797932.35,1700,F1,1,,,,,
2026-10-07,2026-10-07,CM,NSE,STK,3066,INE630A01024,SESHAPAPER,EQ,,,,,SESHASAYEE PAPER & BOARDS,234.05,235.00,230.20,231.31,230.50,233.87,,231.40,,,260189,60354986.35,1739,F1,1,,,,,
2026-10-07,2026-10-07,CM,NSE,STK,17518,INE878E01021,SETCO,BE,,,,,SETCO AUTOMOTIVE LTD,18.22,18.75,17.60,18.48,18.60,18.22,,18.48,,,43134,798533.56,194,F1,1,,,,,
2026-10-07,2026-10-07,CM,NSE,STK,18024,INE023M01027,SETUINFRA,BZ,,,,,SETUBANDHAN INFRA LTD,0.49,0.49,0.48,0.48,0.48,0.49,,0.48,,,4524,2176.54,17,F1,1,,,,,
2026-10-07,2026-10-07,CM,NSE,STK,10836,INE573R01012,SEYAIND,BE,,,,,SEYA INDUSTRIES LIMITED,12.86,12.86,12.61,12.61,12.61,12.86,,12.61,,,4061,51215.96,22,F1,1,,,,,
2026-10-07,2026-10-07,CM,NSE,STK,758853,INE618R01015,SGFIN,EQ,,,,,SG FINSERVE LIMITED,666.00,674.00,656.00,663.70,664.00,662.15,,663.69,,,231759,154271572.50,10510,F1,1,,,,,
2026-10-07,2026-10-07,CM,NSE,STK,758889,INE385F01024,SGMART,EQ,,,,,SG MART LIMITED,743.00,774.80,736.55,752.25,753.00,742.85,,752.27,,,152651,115605575.05,10518,F1,1,,,,,
2026-10-07,2026-10-07,CM,NSE,STK,765247,INE967B01028,SGLRES,EQ,,,,,SGL RESOURCES LIMITED,2.17,2.25,2.16,2.18,2.16,2.26,,2.19,,,32083,69789.46,83,F1,1,,,,,
2026-10-07,2026-10-07,CM,NSE,STK,761469,INE12UN01015,SHADOWFAX,EQ,,,,,SHADOWFAX TECHNOLOGIES L,289.70,296.35,287.00,292.85,292.00,288.00,,292.84,,,5496570,1607467397.65,77375,F1,1,,,,,
2026-10-07,2026-10-07,CM,NSE,STK,11859,INE640C01011,SHAHALLOYS,BE,,,,,SHAH ALLOYS LIMITED,82.94,82.95,80.19,80.56,80.20,81.03,,80.56,,,10831,875423.16,78,F1,1,,,,,
2026-10-07,2026-10-07,CM,NSE,STK,766416,INE029N01014,SHAHINVEST,BE,,,,,SHAH INVESTORS HOME LTD,167.05,169.00,165.11,166.82,165.11,173.79,,166.80,,,596517,99733234.32,4357,F1,1,,,,,
2026-10-07,2026-10-07,CM,NSE,STK,20296,INE482J01021,SHAH,EQ,,,,,SHAH METACORP LIMITED,3.09,3.09,3.00,3.01,3.01,3.09,,3.01,,,855584,2599673.43,589,F1,1,,,,,
2026-10-07,2026-10-07,CM,NSE,STK,8727,INE151G01028,SHAILY,EQ,,,,,SHAILY ENG PLASTICS LTD,3085.00,3119.20,3064.20,3085.30,3083.00,3100.30,,3085.31,,,60556,187338281.30,10304,F1,1,,,,,
2026-10-07,2026-10-07,CM,NSE,STK,25574,INE908D01010,SHAKTIPUMP,EQ,,,,,SHAKTI PUMPS (I) LTD,451.00,454.70,445.00,447.40,447.00,449.35,,447.50,,,441292,198146942.60,17144,F1,1,,,,,
2026-10-07,2026-10-07,CM,NSE,STK,714,INE597J01018,SHALBY,EQ,,,,,SHALBY LIMITED,136.30,136.95,134.15,134.62,134.21,136.51,,134.56,,,37417,5063928.91,1004,F1,1,,,,,
2026-10-07,2026-10-07,CM,NSE,STK,761688,INE861D01011,SAHLIBHFI,EQ,,,,,SHALIBHADRA FINANCE LTD,78.90,79.40,75.15,76.31,78.00,76.71,,76.31,,,13656,1056650.74,462,F1,1,,,,,
2026-10-07,2026-10-07,CM,NSE,STK,15346,INE849C01026,SHALPAINTS,BE,,,,,SHALIM PAINTS LTD,77.84,80.00,75.21,77.08,78.70,77.64,,77.06,,,140272,10777330.18,477,F1,1,,,,,
2026-10-07,2026-10-07,CM,NSE,STK,25737,INE01NE01012,SRD,EQ,,,,,SHANKAR LAL RAMPAL LTD,38.48,38.48,37.60,37.81,38.30,38.29,,37.83,,,9969,378415.00,206,F1,1,,,,,
2026-10-07,2026-10-07,CM,NSE,STK,20321,INE274V01019,SHANKARA,EQ,,,,,SHANKARA BLDG PRODUCT LTD,125.58,125.89,118.10,119.98,120.20,125.58,,119.97,,,102791,12375275.71,2611,F1,1,,,,,
2026-10-07,2026-10-07,CM,NSE,STK,760594,INE24OJ01011,BUILDPRO,EQ,,,,,SHANKARA BUILDPRO LIMITED,1311.60,1326.00,1275.60,1302.00,1300.00,1301.50,,1302.10,,,111587,145477538.60,7830,F1,1,,,,,
2026-10-07,2026-10-07,CM,NSE,STK,765382,INE1WFC01025,SHANKESH,EQ,,,,,SHANKESH JEWELLERS LTD,91.79,99.72,91.36,96.51,96.30,92.21,,96.51,,,6866799,664195904.89,51098,F1,1,,,,,
2026-10-07,2026-10-07,CM,NSE,STK,3078,INE631A01022,SHANTIGEAR,EQ,,,,,SHANTHI GEARS LTD,603.00,603.00,581.25,586.05,587.50,602.30,,586.05,,,24891,14699758.65,1438,F1,1,,,,,
2026-10-07,2026-10-07,CM,NSE,STK,762889,INE440T01028,SEIL,EQ,,,,,SHANTI EDU INITIATIVES L,187.41,190.55,184.01,185.98,186.00,186.16,,185.98,,,90576,17016690.04,1346,F1,1,,,,,
2026-10-07,2026-10-07,CM,NSE,STK,758002,INE06ZD01017,SHANTIGOLD,EQ,,,,,SHANTI GOLD INTERNATION L,340.00,351.00,335.30,341.05,340.50,336.65,,341.04,,,3025042,1038831641.75,39810,F1,1,,,,,
2026-10-07,2026-10-07,CM,NSE,STK,765577,INE1ZEE01019,SHANTIINOR,SM,,,,,SHANTI INORGANICS LIMITED,213.10,224.45,200.15,205.40,204.75,201.65,,205.40,,,376000,80257040.00,217,F1,1600,,,,,
2026-10-07,2026-10-07,CM,NSE,STK,5650,INE933X01016,SHANTI,EQ,,,,,SHANTI OVERSEAS INDIA LTD,5.21,5.75,5.21,5.46,5.46,5.49,,5.46,,,3096,16744.75,61,F1,1,,,,,
2026-10-07,2026-10-07,CM,NSE,STK,762904,INE220Z01013,SHINDL,EQ,,,,,SHARAT INDUSTRIES LTD.,158.61,158.61,156.05,157.72,158.00,158.69,,157.72,,,144798,22759708.31,925,F1,1,,,,,
2026-10-07,2026-10-07,CM,NSE,STK,4992,INE221J01015,SHARDACROP,EQ,,,,,SHARDA CROPCHEM LTD.,744.00,749.00,732.00,742.05,741.50,741.75,,742.07,,,70577,52243538.80,6083,F1,1,,,,,
2026-10-07,2026-10-07,CM,NSE,STK,10530,INE597I01028,SHARDAMOTR,EQ,,,,,SHARDA MOTOR INDS LTD,928.90,933.95,916.25,924.85,923.00,928.55,,924.86,,,42593,39395718.05,4134,F1,1,,,,,
2026-10-07,2026-10-07,CM,NSE,STK,762897,INE037B01020,SHARDUL,BE,,,,,SHARDUL SECURITIES LTD.,58.25,58.49,58.00,58.32,58.36,58.25,,58.32,,,58891,3429023.77,189,F1,1,,,,,
2026-10-07,2026-10-07,CM,NSE,STK,104,INE932X01026,SHAREINDIA,EQ,,,,,SHARE IND. SECURITIES LTD,212.10,212.90,206.00,207.27,207.95,211.40,,207.27,,,791105,165422022.12,9704,F1,1,,,,,
2026-10-07,2026-10-07,CM,NSE,STK,19469,INE460Q01014,SCML,SM,,,,,SHARP CHUCKS N MACHINES L,107.00,107.00,97.20,97.70,98.20,107.95,,97.70,,,18000,1847450.00,17,F1,1000,,,,,
2026-10-07,2026-10-07,CM,NSE,STK,759407,INE0YJV01017,SHEEL,SM,,,,,SHEEL BIOTECH LIMITED,61.50,61.50,61.50,61.50,61.50,62.00,,61.50,,,30000,1845000.00,2,F1,2000,,,,,
2026-10-07,2026-10-07,CM,NSE,STK,19184,INE916U01025,SFL,EQ,,,,,SHEELA FOAM LIMITED,625.90,628.90,615.40,620.05,620.15,623.40,,620.05,,,81571,50672279.50,7528,F1,1,,,,,
2026-10-07,2026-10-07,CM,NSE,STK,12081,INE501Y01019,SCPL,BE,,,,,SHEETAL COOL PRODUCTS LTD,615.30,624.00,600.30,609.20,600.30,609.25,,609.19,,,65509,40516432.15,247,F1,1,,,,,
2026-10-07,2026-10-07,CM,NSE,STK,20415,INE04VX01019,SHEETAL,SM,,,,,SHEETAL UNIVERSAL LIMITED,357.00,358.95,354.00,357.90,357.90,350.00,,357.90,,,3500,1247850.00,7,F1,500,,,,,
2026-10-07,2026-10-07,CM,NSE,STK,21099,INE268L01046,SHEKHAWATI,BE,,,,,SHEKHAWATI INDUSTRIES LTD,25.82,25.82,25.82,25.82,25.82,27.17,,25.82,,,19887,513482.34,70,F1,1,,,,,
2026-10-07,2026-10-07,CM,NSE,STK,5068,INE363M01019,SHEMAROO,EQ,,,,,SHEMAROO ENTER. LTD.,111.61,113.13,110.10,111.11,110.10,111.76,,111.15,,,4319,481605.83,51,F1,1,,,,,
2026-10-07,2026-10-07,CM,NSE,STK,14172,INE0MM001019,SHERA,SM,,,,,SHERA ENERGY LIMITED,197.00,203.00,195.00,198.50,198.50,195.35,,198.50,,,54000,10736300.00,50,F1,1000,,,,,
2026-10-07,2026-10-07,CM,NSE,STK,764890,INE011D01013,SHERVANI,EQ,,,,,SHERVANI INDUSTRIAL SYN L,334.00,334.00,318.55,321.05,318.55,304.00,,321.05,,,80,26265.60,10,F1,1,,,,,
2026-10-07,2026-10-07,CM,NSE,STK,8394,INE03KJ01013,SHIGAN,SM,,,,,SHIGAN QUANTUM TECH LTD,62.50,65.50,62.50,65.00,65.00,62.80,,65.00,,,16500,1059375.00,11,F1,1500,,,,,
2026-10-07,2026-10-07,CM,NSE,STK,759847,INE024F01011,SHILCTECH,EQ,,,,,SHILCHAR TECHNOLOGIES LTD,4095.00,4100.00,3990.60,4000.90,3993.10,4094.20,,4000.96,,,15948,64160648.70,4265,F1,1,,,,,
2026-10-07,2026-10-07,CM,NSE,STK,764895,INE960A01017,SHILGRAVQ,EQ,,,,,SHILP GRAVURES LTD.,145.31,149.00,145.00,145.82,145.05,145.31,,145.82,,,1823,266672.73,58,F1,1,,,,,
2026-10-07,2026-10-07,CM,NSE,STK,17752,INE790G01031,SHILPAMED,EQ,,,,,SHILPA MEDICARE LTD,1072.40,1086.80,1055.10,1071.20,1069.50,1073.70,,1071.24,,,433185,463522217.00,27531,F1,1,,,,,
2026-10-07,2026-10-07,CM,NSE,STK,23127,INE0PB301013,SCILAL,EQ,,,,,SHIPPING CORP OF ILA LTD,37.86,38.40,37.36,37.85,37.80,37.68,,37.85,,,227035,8599053.80,1634,F1,1,,,,,
2026-10-07,2026-10-07,CM,NSE,STK,3048,INE109A01011,SCI,EQ,,,,,SHIPPING CORP OF INDIA LT,288.05,289.00,283.90,285.35,284.30,289.00,,285.34,,,1736876,497218982.70,24734,F1,1,,,,,
2026-10-07,2026-10-07,CM,NSE,STK,765282,INE0FOO01011,SHIPROCKET,EQ,,,,,SHIPROCKET LIMITED,130.93,134.50,127.76,133.11,133.00,131.43,,133.11,,,4177506,549787246.29,41375,F1,1,,,,,
2026-10-07,2026-10-07,CM,NSE,STK,759747,INE719F01016,SHIVAUM,EQ,,,,,SHIV AUM STEELS LIMITED,553.45,553.60,540.00,551.40,550.00,552.65,,551.40,,,30704,16792653.60,244,F1,1,,,,,
2026-10-07,2026-10-07,CM,NSE,STK,765160,INE555C01029,SHIVACEM,EQ,,,,,SHIVA CEMENT LTD.,13.29,13.47,12.96,13.00,13.02,13.19,,13.00,,,98539,1290445.46,363,F1,1,,,,,
2026-10-07,2026-10-07,CM,NSE,STK,764900,INE960E01019,SHIVAAGRO,EQ,,,,,SHIVA GLOBAL AGRO INDS. L,39.19,40.00,38.00,39.40,39.40,39.02,,39.40,,,1305,51011.57,46,F1,1,,,,,
2026-10-07,2026-10-07,CM,NSE,STK,1497,INE644Y01017,SHIVAMILLS,EQ,,,,,SHIVA MILLS LIMITED,60.99,61.22,57.00,58.33,57.30,58.31,,58.33,,,4377,262407.19,81,F1,1,,,,,
2026-10-07,2026-10-07,CM,NSE,STK,804,INE705C01020,SHIVATEX,EQ,,,,,SHIVA TEXYARN LIMITED,172.00,172.00,166.05,166.41,166.42,169.99,,166.41,,,1492,250290.78,51,F1,1,,,,,
2026-10-07,2026-10-07,CM,NSE,STK,24249,INE0T7B01010,SPCL,SM,,,,,SHIVALIC POWER CONTROL L,61.50,61.50,60.20,60.30,60.20,60.75,,60.30,,,4800,291810.00,8,F1,600,,,,,
2026-10-07,2026-10-07,CM,NSE,STK,4656,INE386D01027,SBCL,EQ,,,,,SHIVALIK BIMETAL CON. LTD,1111.60,1129.10,1088.60,1099.30,1089.10,1099.60,,1099.30,,,169999,187612862.60,15104,F1,1,,,,,
2026-10-07,2026-10-07,CM,NSE,STK,7016,INE788J01021,SHIVALIK,EQ,,,,,SHIVALIK RASAYAN LIMITED,388.10,388.10,363.35,365.05,365.00,386.25,,365.06,,,64876,24019519.20,2841,F1,1,,,,,
2026-10-07,2026-10-07,CM,NSE,STK,13756,INE637H01024,SHIVAMAUTO,EQ,,,,,SHIVAM AUTO.LTD,17.23,17.23,16.65,16.68,16.65,16.60,,16.68,,,16767,281291.82,130,F1,1,,,,,
2026-10-07,2026-10-07,CM,NSE,STK,758744,INE1DLF01018,SHIVASHRIT,SM,,,,,SHIVASHRIT FOODS LIMITED,118.70,118.70,114.00,114.95,115.00,116.70,,114.95,,,97000,11159650.00,46,F1,1000,,,,,
2026-10-07,2026-10-07,CM,NSE,STK,11813,INE498B01024,SHOPERSTOP,EQ,,,,,SHOPPERS STOP LIMITED,400.70,400.70,389.25,392.40,391.20,398.15,,392.38,,,16537,6528515.15,1621,F1,1,,,,,
2026-10-07,2026-10-07,CM,NSE,STK,764905,INE311M01018,SHRADDHA,EQ,,,,,SHRADDHA PRIME PROJECTS L,167.90,171.95,162.51,163.31,162.51,166.72,,163.29,,,13589,2273276.93,427,F1,1,,,,,
2026-10-07,2026-10-07,CM,NSE,STK,708,INE715Y01031,SHRADHA,EQ,,,,,SHRADHA REALTY LIMITED,30.70,31.80,29.50,30.78,30.12,29.83,,30.78,,,10199,313873.69,85,F1,1,,,,,
2026-10-07,2026-10-07,CM,NSE,STK,10588,INE712K01011,SHREEPUSHK,EQ,,,,,SHRE PUSH CHEM & FERT LTD,505.00,521.85,505.00,517.50,519.60,510.10,,517.49,,,50642,26095480.65,3078,F1,1,,,,,
2026-10-07,2026-10-07,CM,NSE,STK,762874,INE185C01017,SAPPL,EQ,,,,,SHREE AJIT PULP & PAPER L,318.95,329.90,306.10,317.90,315.25,314.10,,318.01,,,2022,640871.15,75,F1,1,,,,,
2026-10-07,2026-10-07,CM,NSE,STK,3103,INE070A01015,SHREECEM,EQ,,,,,SHREE CEMENT LIMITED,21905.00,22160.00,21690.00,21780.00,21780.00,22210.00,,21780.00,,,43001,942676800.00,17376,F1,1,,,,,
2026-10-07,2026-10-07,CM,NSE,STK,3099,INE232A01011,SHREDIGCEM,EQ,,,,,SHREE DIGVIJAY CEM CO LTD,65.00,65.90,64.50,64.55,64.50,65.12,,64.54,,,31054,2012970.00,890,F1,1,,,,,
2026-10-07,2026-10-07,CM,NSE,STK,764885,INE414Y01015,SGRL,EQ,,,,,SHREE GANESH REMEDIES LTD,728.75,728.75,705.00,715.10,719.95,719.05,,715.24,,,9538,6790916.55,871,F1,1,,,,,
2026-10-07,2026-10-07,CM,NSE,STK,23074,INE0S4Y01010,SHREEKARNI,SM,,,,,SHREE KARNI FABCOM LTD,375.00,375.00,375.00,375.00,375.00,377.00,,375.00,,,600,225000.00,4,F1,150,,,,,
2026-10-07,2026-10-07,CM,NSE,STK,20603,INE02S501018,SHREEOSFM,SM,,,,,SHREE OSFM E-MOBILITY LTD,55.00,57.25,54.50,56.05,55.60,57.65,,56.05,,,9000,506100.00,9,F1,1000,,,,,
2026-10-07,2026-10-07,CM,NSE,STK,760188,INE19GK01015,SRTL,EQ,,,,,SHREE RAM TWISTEX LIMITED,36.77,38.00,36.67,37.74,37.36,36.67,,37.72,,,21134,792060.03,281,F1,1,,,,,
2026-10-07,2026-10-07,CM,NSE,STK,7627,INE879A01019,SHREERAMA,EQ,,,,,SHREE RAMA MULTI TECH LTD,44.00,44.99,43.00,43.36,43.55,43.53,,43.36,,,69271,3021448.06,908,F1,1,,,,,
2026-10-07,2026-10-07,CM,NSE,STK,13565,INE278B01020,RAMANEWS,EQ,,,,,SHREE RAMA NEWSPRINT LTD,29.59,29.59,28.61,28.98,28.84,28.88,,29.01,,,7824,229176.35,84,F1,1,,,,,
2026-10-07,2026-10-07,CM,NSE,STK,12026,INE087H01022,RENUKA,EQ,,,,,SHREE RENUKA SUGARS LTD,22.58,23.27,22.45,22.78,22.79,22.65,,22.78,,,11798511,270649191.33,19180,F1,1,,,,,
2026-10-07,2026-10-07,CM,NSE,STK,25203,INE0S2G01011,BALAJEE,EQ,,,,,SHREE TIRUPATI BALAJEE L,25.10,25.10,23.60,23.97,23.99,24.24,,23.97,,,27282,653371.31,428,F1,1,,,,,
2026-10-07,2026-10-07,CM,NSE,STK,15121,INE00CE01017,SVLL,EQ,,,,,SHREE VASU LOGISTICS LTD,831.00,834.40,811.00,824.90,829.95,835.60,,824.90,,,251,206724.95,33,F1,1,,,,,
2026-10-07,2026-10-07,CM,NSE,STK,762159,INE0K3301012,SHREEDHAR,ST,,,,,SHREEDHAR SPINNERS LTD,154.00,161.40,154.00,161.40,161.40,153.75,,161.40,,,26000,4151000.00,12,F1,2000,,,,,
2026-10-07,2026-10-07,CM,NSE,STK,759802,INE1FL101016,SHETHJI,SM,,,,,SHREEJI GLOBAL FMCG LTD,184.00,185.00,182.00,184.65,185.00,184.50,,184.65,,,21000,3843900.00,16,F1,1000,,,,,
2026-10-07,2026-10-07,CM,NSE,STK,759448,INE1B6101010,SHREEJISPG,EQ,,,,,SHREEJI SHIPPING GLOBAL L,796.90,808.00,796.90,802.10,801.00,796.50,,802.10,,,1943741,1560462465.25,14185,F1,1,,,,,
2026-10-07,2026-10-07,CM,NSE,STK,14305,INE00IK01029,OSWALSEEDS,EQ,,,,,SHREEOSWAL S AND CHE LTD,12.29,12.50,12.01,12.20,12.30,12.13,,12.20,,,39106,476124.20,294,F1,1,,,,,
2026-10-07,2026-10-07,CM,NSE,STK,5718,INE0GTI23014,SHREMINVIT,IV,,,,,SHREM INVIT,102.00,102.00,102.00,102.00,102.00,100.05,,102.00,,,100000,10200000.00,3,F1,25000,,,,,
2026-10-07,2026-10-07,CM,NSE,STK,760252,INE632X01030,SHRENIK,BZ,,,,,SHRENIK LIMITED,0.27,0.28,0.26,0.27,0.28,0.27,,0.27,,,271106,74029.54,180,F1,1,,,,,
2026-10-07,2026-10-07,CM,NSE,STK,3126,INE231C01019,SHREYANIND,EQ,,,,,SHREYANS INDUSTRIES LTD,130.47,130.47,127.10,129.00,129.00,128.94,,129.00,,,1866,241084.17,40,F1,1,,,,,
2026-10-07,2026-10-07,CM,NSE,STK,756406,INE0DM401012,SHRIAHIMSA,SM,,,,,SHRI AHIMSA NATURALS LTD,426.50,430.00,421.05,430.00,430.00,426.50,,430.00,,,5400,2310210.00,9,F1,600,,,,,
2026-10-07,2026-10-07,CM,NSE,STK,762899,INE402H01015,SHBAJRG,EQ,,,,,SHRI BAJRANG ALLIANCE L,162.65,172.00,161.30,168.80,168.90,162.80,,168.82,,,3337,557652.55,163,F1,1,,,,,
2026-10-07,2026-10-07,CM,NSE,STK,758568,INE0NON01025,SHKSIL,SM,,,,,SHRI HARE-KRI SPO IRON L,32.90,32.90,32.00,32.50,32.50,30.45,,32.50,,,16000,520500.00,8,F1,2000,,,,,
2026-10-07,2026-10-07,CM,NSE,STK,764910,INE564J01026,SHRJAGP,EQ,,,,,SHRI JAGDAMBA POLYMERS L,685.00,698.80,650.00,657.10,650.00,674.60,,654.51,,,548,368115.45,102,F1,1,,,,,
2026-10-07,2026-10-07,CM,NSE,STK,760202,INE1V4601019,SHRIKANHA,SM,,,,,SHRI KANHA STAINLESS LTD,23.75,23.75,23.75,23.75,23.75,23.75,,23.75,,,4800,114000.00,3,F1,1600,,,,,
2026-10-07,2026-10-07,CM,NSE,STK,762909,INE997I01012,SHRIKRISH,EQ,,,,,SHRI KRISHNA DEVCON LTD.,37.40,37.40,34.00,34.82,34.00,34.05,,34.86,,,2195,80914.97,60,F1,1,,,,,
2026-10-07,2026-10-07,CM,NSE,STK,759093,INE1B3L01017,SHRINGARMS,EQ,,,,,SHRINGAR HOU OF MANGALS L,223.99,225.00,219.20,221.03,221.00,223.32,,221.03,,,376220,83373379.86,6316,F1,1,,,,,
2026-10-07,2026-10-07,CM,NSE,STK,24374,INF680P01422,LIQUIDSHRI,EQ,,,,,SHRIRAM - LIQUIDSHRI,1124.54,1124.56,1124.54,1124.55,1124.54,1124.42,,1124.55,,,599,673608.30,16,F1,1,,,,,
2026-10-07,2026-10-07,CM,NSE,STK,4306,INE721A01047,SHRIRAMFIN,EQ,,,,,SHRIRAM FINANCE LIMITED,959.00,960.00,930.00,948.00,948.00,965.05,,948.00,,,6096545,5749096218.95,138936,F1,1,,,,,
2026-10-07,2026-10-07,CM,NSE,STK,7200,INE217L01019,SHRIRAMPPS,EQ,,,,,SHRIRAM PROPERTIES LTD,68.00,69.05,67.13,68.05,68.35,68.13,,68.08,,,195953,13327800.25,2894,F1,1,,,,,
2026-10-07,2026-10-07,CM,NSE,STK,6451,INE01Z401013,SHUBHLAXMI,SM,,,,,SHUBHLAXMI JEWEL ART LTD,16.80,17.05,16.80,17.00,17.05,16.45,,17.00,,,4000,67950.00,3,F1,1000,,,,,
2026-10-07,2026-10-07,CM,NSE,STK,25240,INE0UL701015,SHUBHSHREE,SM,,,,,SHUBHSHREE BIOFUELS ENE L,353.55,355.10,353.55,355.10,355.10,348.00,,355.10,,,600,212595.00,2,F1,300,,,,,
2026-10-07,2026-10-07,CM,NSE,STK,764537,INE551C01044,SHUKRAPHAR,EQ,,,,,SHUKRA PHARMACEUTICALS L,73.33,74.10,67.61,68.32,69.00,72.58,,68.33,,,7458018,526930118.51,36339,F1,1,,,,,
2026-10-07,2026-10-07,CM,NSE,STK,10188,INE979R01011,SHYAMCENT,EQ,,,,,SHYAM CENTURY FERROUS LTD,4.90,5.00,4.90,4.98,4.99,5.03,,4.99,,,28322,140940.79,120,F1,1,,,,,
2026-10-07,2026-10-07,CM,NSE,STK,761210,INE1CRP01016,SHYAMDHANI,SM,,,,,SHYAM DHANI INDUSTRIES L,53.00,54.00,51.40,54.00,54.00,54.00,,54.00,,,24000,1252300.00,10,F1,2000,,,,,
2026-10-07,2026-10-07,CM,NSE,STK,4693,INE810G01011,SHYAMMETL,EQ,,,,,SHYAM METALICS AND ENGY L,1061.60,1072.00,1043.70,1067.30,1072.00,1054.00,,1067.30,,,514924,545710250.40,30245,F1,1,,,,,
2026-10-07,2026-10-07,CM,NSE,STK,13740,INE635A01023,SHYAMTEL,EQ,,,,,SHYAM TELECOM LIMITED,10.73,11.50,10.73,11.15,11.15,10.73,,11.23,,,12879,142180.93,56,F1,1,,,,,
2026-10-07,2026-10-07,CM,NSE,STK,16875,INE176J01011,SICAGEN,EQ,,,,,SICAGEN INDIA LIMITED,51.10,52.88,51.10,51.53,51.80,51.87,,51.61,,,684,35728.31,41,F1,1,,,,,
2026-10-07,2026-10-07,CM,NSE,STK,19440,INE075B01020,SICALLOG,BE,,,,,SICAL LOGISTICS LIMITED,87.54,89.89,86.80,88.30,87.55,89.33,,88.30,,,33812,2995236.31,118,F1,1,,,,,
2026-10-07,2026-10-07,CM,NSE,STK,3148,INE0A1E01018,SIDDHIKA,SM,,,,,SIDDHIKA COATINGS LIMITED,206.00,208.00,206.00,208.00,208.00,206.55,,208.00,,,1000,207000.00,2,F1,500,,,,,
2026-10-07,2026-10-07,CM,NSE,STK,756871,INE1NPP01017,ENRIN,EQ,,,,,SIEMENS ENERGY INDIA LTD,3300.00,3406.90,3276.30,3344.00,3344.00,3307.50,,3344.05,,,426581,1431158107.80,35715,F1,1,,,,,
2026-10-07,2026-10-07,CM,NSE,STK,3150,INE003A01024,SIEMENS,EQ,,,,,SIEMENS LTD,3848.00,3848.00,3772.00,3793.00,3793.00,3854.00,,3793.09,,,247482,944812573.80,17179,F1,1,,,,,
2026-10-07,2026-10-07,CM,NSE,STK,6663,INE0D0K01022,SIGACHI,EQ,,,,,SIGACHI INDUSTRIES LTD,29.94,30.85,29.10,29.36,29.37,29.89,,29.36,,,1800981,53528084.99,6320,F1,1,,,,,
2026-10-07,2026-10-07,CM,NSE,STK,14797,INE933B01012,SIGMAADV,BE,,,,,SIGMA ADVANCED SYSTEM LTD,1109.00,1145.00,1070.00,1091.60,1095.90,1119.40,,1091.46,,,236310,260251612.10,6395,F1,1,,,,,
2026-10-07,2026-10-07,CM,NSE,STK,16658,INE0A0S01028,SIGMA,EQ,,,,,SIGMA SOLVE LIMITED,45.91,47.50,44.42,45.71,45.50,45.24,,45.72,,,120221,5527653.41,2363,F1,1,,,,,
2026-10-07,2026-10-07,CM,NSE,STK,18743,INE903U01023,SIGNATURE,EQ,,,,,SIGNATUREGLOBAL INDIA LTD,717.60,722.40,710.10,712.50,716.00,719.35,,712.52,,,202718,144882301.70,5710,F1,1,,,,,
2026-10-07,2026-10-07,CM,NSE,STK,4517,INE529F01035,SIGIND,BE,,,,,SIGNET INDUSTRIES LIMITED,63.40,64.90,60.06,61.19,61.01,62.86,,61.16,,,17127,1057575.41,127,F1,1,,,,,
2026-10-07,2026-10-07,CM,NSE,STK,23150,INE0RDE01010,SIGNORIA,ST,,,,,SIGNORIA CREATION LIMITED,144.00,148.00,144.00,148.00,148.00,149.30,,148.00,,,2000,292000.00,2,F1,1000,,,,,
2026-10-07,2026-10-07,CM,NSE,STK,22656,INE0KGZ01021,SIGNPOST,EQ,,,,,SIGNPOST INDIA LIMITED,260.05,273.35,258.45,267.45,266.00,262.10,,267.45,,,64335,17101882.10,1935,F1,1,,,,,
2026-10-07,2026-10-07,CM,NSE,STK,762914,INE438E01032,SIKA,EQ,,,,,SIKA INTERPLANT SYSTEMS L,1034.40,1080.00,1019.10,1068.60,1079.00,1029.30,,1068.65,,,41214,43666263.80,3760,F1,1,,,,,
2026-10-07,2026-10-07,CM,NSE,STK,6226,INE112X01025,SIKKO,BE,,,,,SIKKO INDUSTRIES LIMITED,6.13,6.13,5.95,6.01,5.97,6.16,,6.01,,,247606,1485025.68,476,F1,1,,,,,
2026-10-07,2026-10-07,CM,NSE,STK,4105,INE923A01015,SILINV,EQ,,,,,SIL INVESTMENTS LIMITED,455.00,465.60,455.00,464.10,464.50,459.40,,464.10,,,1814,838852.80,286,F1,1,,,,,
2026-10-07,2026-10-07,CM,NSE,STK,2492,INE01II01013,SILGO,EQ,,,,,SILGO RETAIL LIMITED,68.89,70.50,68.50,70.16,70.50,69.51,,70.16,,,121566,8531176.22,320,F1,1,,,,,
2026-10-07,2026-10-07,CM,NSE,STK,23736,INE0STN01015,SILKFLEX,SM,,,,,SILKFLEX POLYMERS INDIA L,290.45,290.45,281.30,281.30,281.30,290.45,,281.30,,,5000,1421600.00,5,F1,1000,,,,,
2026-10-07,2026-10-07,CM,NSE,STK,757679,INE0SN801015,SILKY,SM,,,,,SILKY OVERSEAS LIMITED,73.85,73.85,68.00,68.00,68.00,69.70,,68.00,,,9600,670480.00,8,F1,800,,,,,
2026-10-07,2026-10-07,CM,NSE,STK,9422,INE625X01026,SILVERTUC,EQ,,,,,SILVER TOUCH TECHNO LTD,138.00,138.69,134.50,135.11,134.55,137.68,,135.11,,,93387,12667213.04,1897,F1,1,,,,,
2026-10-07,2026-10-07,CM,NSE,STK,758836,INE748T01016,SIMBHALS,BZ,,,,,SIMBHAOLI SUGARS LTD.,7.77,7.77,7.77,7.77,7.77,7.40,,7.77,,,8939,69456.03,16,F1,1,,,,,
2026-10-07,2026-10-07,CM,NSE,STK,763378,INE1K4J01018,SIMCA,ST,,,,,SIMCA ADVERTISING LIMITED,326.95,332.95,316.00,321.95,316.00,317.10,,321.95,,,78600,25879260.00,116,F1,600,,,,,
2026-10-07,2026-10-07,CM,NSE,STK,3162,INE059B01024,SIMPLEXINF,EQ,,,,,SIMPLEX INFRASTRUCTURES L,256.62,259.39,251.00,255.77,256.00,259.13,,255.77,,,97421,24963429.57,2368,F1,1,,,,,
2026-10-07,2026-10-07,CM,NSE,STK,764915,INE167H01014,SIMPLXREA,EQ,,,,,SIMPLEX REALTY LTD.,114.03,119.43,114.03,119.43,119.43,113.75,,119.43,,,35,4055.85,5,F1,1,,,,,
2026-10-07,2026-10-07,CM,NSE,STK,23480,INE985A01022,SINCLAIR,EQ,,,,,SINCLAIRS HOTELS LIMITED,74.60,75.70,73.80,75.10,75.30,75.93,,75.10,,,49396,3697742.43,627,F1,1,,,,,
2026-10-07,2026-10-07,CM,NSE,STK,16859,INE325D01025,SINDHUTRAD,EQ,,,,,SINDHU TRADE LINKS LTD,21.99,22.04,21.51,21.68,21.68,22.00,,21.68,,,279761,6098135.52,1254,F1,1,,,,,
2026-10-07,2026-10-07,CM,NSE,STK,761420,INE638A01035,SINGERIND,EQ,,,,,SINGER INDIA LIMITED,75.95,78.00,75.00,77.45,77.00,74.93,,77.44,,,148424,11411310.95,1359,F1,1,,,,,
2026-10-07,2026-10-07,CM,NSE,STK,381,INE129Z01016,SINTERCOM,EQ,,,,,SINTERCOM INDIA LIMITED,76.93,79.09,76.01,76.83,76.05,76.93,,76.83,,,1252,97398.87,49,F1,1,,,,,
2026-10-07,2026-10-07,CM,NSE,STK,11050,INE792Z01011,SIRCA,EQ,,,,,SIRCA PAINT INDIA LIMITED,408.00,418.00,407.00,413.70,413.00,406.60,,413.68,,,164236,68045128.75,3043,F1,1,,,,,
2026-10-07,2026-10-07,CM,NSE,STK,21501,INE285J01028,SIS,EQ,,,,,SIS LIMITED,419.45,419.95,411.55,413.30,419.00,416.70,,413.30,,,68801,28690591.50,6298,F1,1,,,,,
2026-10-07,2026-10-07,CM,NSE,STK,29210,INE965H01011,SITINET,BZ,,,,,SITI NETWORKS LIMITED,0.26,0.26,0.24,0.24,0.25,0.25,,0.24,,,1027060,256736.35,313,F1,1,,,,,
2026-10-07,2026-10-07,CM,NSE,STK,14096,INE076B01028,SIYSIL,EQ,,,,,SIYARAM SILK MILLS LTD,553.45,559.05,547.65,554.45,550.20,553.45,,554.45,,,21674,12004591.80,1836,F1,1,,,,,
2026-10-07,2026-10-07,CM,NSE,STK,6643,INE284S01014,SJS,EQ,,,,,SJS ENTERPRISES LIMITED,1979.30,2012.70,1954.00,1982.60,1976.00,1981.40,,1982.63,,,250455,497404789.90,41664,F1,1,,,,,
2026-10-07,2026-10-07,CM,NSE,STK,18883,INE002L01015,SJVN,EQ,,,,,SJVN LTD,57.42,57.42,56.20,56.36,56.50,57.26,,56.36,,,2057481,116476234.31,19420,F1,1,,,,,
2026-10-07,2026-10-07,CM,NSE,STK,760101,INE2J8701016,SKFINDUS,EQ,,,,,SKF IND (INDUSTRIAL) LTD,2751.00,2771.10,2697.00,2745.10,2769.10,2774.60,,2745.10,,,57387,157710998.30,16236,F1,1,,,,,
2026-10-07,2026-10-07,CM,NSE,STK,3186,INE640A01023,SKFINDIA,EQ,,,,,SKF INDIA LTD,1461.90,1461.90,1420.00,1428.90,1427.90,1461.90,,1428.85,,,25808,37066395.30,4620,F1,1,,,,,
2026-10-07,2026-10-07,CM,NSE,STK,9428,INE439E01022,SKIPPER,EQ,,,,,SKIPPER LIMITED,551.00,563.15,539.20,541.35,541.30,551.50,,541.35,,,546134,300551504.70,23342,F1,1,,,,,
2026-10-07,2026-10-07,CM,NSE,STK,4732,INE411D01023,SKMEGGPROD,EQ,,,,,SKM EGG PROD EXPORT(I) LT,211.98,218.80,208.55,215.37,215.22,210.05,,215.35,,,217480,46611861.39,5713,F1,1,,,,,
2026-10-07,2026-10-07,CM,NSE,STK,10325,INE0KZA01016,SKP,SM,,,,,SKP BEARING INDUSTRI. LTD,164.05,175.45,164.05,171.20,165.00,170.00,,171.20,,,25000,4211275.00,38,F1,500,,,,,
2026-10-07,2026-10-07,CM,NSE,STK,13631,INE01IU01018,SKYGOLD,EQ,,,,,SKY GOLD AND DIAMONDS LTD,864.90,894.80,863.15,876.95,878.90,857.65,,876.95,,,1648118,1450660188.35,62050,F1,1,,,,,
2026-10-07,2026-10-07,CM,NSE,STK,765333,INE0VFE01017,SKYTECH,SM,,,,,SKYTECH INFINITE PLATFM L,39.00,39.00,38.15,38.15,38.15,40.15,,38.15,,,24000,917600.00,15,F1,1600,,,,,
2026-10-07,2026-10-07,CM,NSE,STK,765480,INE0PX301025,SKYWAYS,EQ,,,,,SKYWAYS AIR SERVICES LTD,115.00,116.85,113.90,114.72,115.00,113.51,,114.67,,,1464352,168541698.45,17549,F1,1,,,,,
2026-10-07,2026-10-07,CM,NSE,STK,23689,INE0SMA01017,SLONE,SM,,,,,SLONE INFOSYSTEMS LIMITED,155.05,162.00,145.00,149.45,145.00,157.30,,149.45,,,18000,2822520.00,26,F1,400,,,,,
2026-10-07,2026-10-07,CM,NSE,STK,757619,INE14GK01016,SMARTEN,SM,,,,,SMARTEN POWER SYSTEMS LTD,54.25,55.00,52.00,53.15,52.00,53.95,,53.15,,,18000,951540.00,15,F1,1200,,,,,
2026-10-07,2026-10-07,CM,NSE,STK,9893,INE178C01020,SMARTLINK,BE,,,,,SMARTLINK HOLDINGS LTD,214.12,229.97,214.12,227.30,229.97,221.90,,227.30,,,4988,1130716.94,66,F1,1,,,,,
2026-10-07,2026-10-07,CM,NSE,STK,757965,INE0NAZ01010,SMARTWORKS,EQ,,,,,SMARTWORKS COWORKING SP L,507.95,507.95,487.05,489.35,494.40,503.90,,489.34,,,72760,35929783.90,4063,F1,1,,,,,
2026-10-07,2026-10-07,CM,NSE,STK,760218,INE05NX24023,8SMC29,N1,,,,,SMC 8% 2029 STRPP A,500.00,501.00,500.00,500.02,501.00,501.00,,500.12,,,38,19001.00,11,F1,1,,,,,
2026-10-07,2026-10-07,CM,NSE,STK,2320,INE103C01036,SMCGLOBAL,EQ,,,,,SMC GLOBAL SECURITIES LTD,112.97,114.22,109.10,110.24,109.95,110.55,,110.24,,,6234957,694834050.16,39719,F1,1,,,,,
2026-10-07,2026-10-07,CM,NSE,STK,3387,INE294B01019,SMLMAH,EQ,,,,,SML MAHINDRA LIMITED,6197.00,6199.00,6000.00,6095.00,6138.00,6135.50,,6094.90,,,45255,275242242.00,7989,F1,1,,,,,
2026-10-07,2026-10-07,CM,NSE,STK,14329,INE812G01025,SMSPHARMA,EQ,,,,,SMS PHARMACEUTICALS LTD.,467.95,477.00,465.05,468.85,469.55,472.20,,468.83,,,259092,121830319.45,6956,F1,1,,,,,
2026-10-07,2026-10-07,CM,NSE,STK,758946,INE1OIC01018,SNEHAA,SM,,,,,SNEHAA ORGANICS LIMITED,42.60,43.50,42.60,43.50,43.50,42.00,,43.50,,,4000,173100.00,4,F1,1000,,,,,
2026-10-07,2026-10-07,CM,NSE,STK,4843,INE734N01019,SNOWMAN,EQ,,,,,SNOWMAN LOGISTICS LTD.,33.75,35.00,33.75,34.32,34.50,34.24,,34.30,,,136788,4684605.76,1499,F1,1,,,,,
2026-10-07,2026-10-07,CM,NSE,STK,13826,INE671H01015,SOBHA,EQ,,,,,SOBHA LIMITED,1191.30,1203.10,1183.70,1197.90,1198.90,1190.70,,1197.91,,,45852,54795448.20,5880,F1,1,,,,,
2026-10-07,2026-10-07,CM,NSE,STK,8266,INE728Z01015,SOFTTECH,EQ,,,,,SOFTTECH ENGINEERS LTD,461.55,475.10,452.05,458.05,455.00,461.55,,458.09,,,933,433072.45,60,F1,1,,,,,
2026-10-07,2026-10-07,CM,NSE,STK,13332,INE343H01029,SOLARINDS,EQ,,,,,SOLAR INDUSTRIES (I) LTD,20100.00,20150.00,19770.00,20050.00,20050.00,20071.00,,20049.58,,,158117,3166552886.00,36928,F1,1,,,,,
2026-10-07,2026-10-07,CM,NSE,STK,3672,INE624Z01016,SOLARA,EQ,,,,,SOLARA ACTIVE PHA SCI LTD,682.00,696.00,680.15,683.70,685.00,682.65,,683.70,,,154430,106187542.35,7662,F1,1,,,,,
2026-10-07,2026-10-07,CM,NSE,STK,759929,INE0TY101024,SOLARWORLD,EQ,,,,,SOLARWORLD ENERGY SOL LTD,131.00,134.48,128.51,131.25,131.29,130.39,,131.27,,,268163,35304760.45,4502,F1,1,,,,,
2026-10-07,2026-10-07,CM,NSE,STK,759397,INE880Y01017,SOLEX,EQ,,,,,SOLEX ENERGY LIMITED,697.70,700.00,651.60,670.15,675.00,690.85,,670.11,,,81896,55842673.75,5268,F1,1,,,,,
2026-10-07,2026-10-07,CM,NSE,STK,24879,INE0U0201016,BALCO,SM,,,,,SOLVE PLASTIC PRODUCTS L,19.05,19.05,19.05,19.05,19.05,19.95,,19.05,,,1200,22860.00,1,F1,1200,,,,,
2026-10-07,2026-10-07,CM,NSE,STK,1338,INE480C01038,SDBL,EQ,,,,,SOM DIST & BREW LTD,74.10,74.50,72.97,73.08,73.03,74.02,,73.08,,,340034,24961443.48,3196,F1,1,,,,,
2026-10-07,2026-10-07,CM,NSE,STK,4201,INE314C01013,SOMATEX,EQ,,,,,SOMA TEXTILES & INDUST LT,82.80,82.80,79.30,80.95,81.88,79.09,,80.95,,,6475,522373.73,132,F1,1,,,,,
2026-10-07,2026-10-07,CM,NSE,STK,3880,INE355A01028,SOMANYCERA,EQ,,,,,SOMANY CERAMICS LIMITED,623.15,623.40,611.10,621.15,622.40,625.00,,621.13,,,53562,33110651.65,3306,F1,1,,,,,
2026-10-07,2026-10-07,CM,NSE,STK,17794,INE323J01019,SOMICONVEY,EQ,,,,,SOMI CONVEYOR BELT. LTD.,84.00,85.97,83.00,83.37,83.84,84.05,,83.37,,,4092,342563.98,118,F1,1,,,,,
2026-10-07,2026-10-07,CM,NSE,STK,4684,INE073K01018,SONACOMS,EQ,,,,,SONA BLW PRECISION FRGS L,819.45,826.05,809.10,810.50,810.50,820.00,,810.50,,,1762964,1444649776.65,70390,F1,1,,,,,
2026-10-07,2026-10-07,CM,NSE,STK,23052,INE0Q6H01012,SONAMAC,SM,,,,,SONA MACHINERY LIMITED,32.00,32.00,31.00,31.00,31.00,31.55,,31.00,,,3000,95000.00,3,F1,1000,,,,,
2026-10-07,2026-10-07,CM,NSE,STK,762919,INE321M01017,SONAL,EQ,,,,,SONAL MERCANTILE LTD.,83.20,83.21,80.05,80.46,80.05,83.19,,80.10,,,456,37351.43,30,F1,1,,,,,
2026-10-07,2026-10-07,CM,NSE,STK,8817,INE00LM01029,SONAMLTD,BE,,,,,SONAM LIMITED,72.44,72.90,69.50,70.15,70.85,71.55,,70.15,,,107503,7603205.54,365,F1,1,,,,,
2026-10-07,2026-10-07,CM,NSE,STK,766203,INE0LLZ01011,SONA,BE,,,,,SONASELECTION INDIA LTD,95.88,98.78,94.55,98.78,98.78,94.08,,98.85,,,93761,9192072.47,830,F1,1,,,,,
2026-10-07,2026-10-07,CM,NSE,STK,6596,INE269A01021,SONATSOFTW,EQ,,,,,SONATA SOFTWARE LTD,252.00,252.85,246.50,248.10,248.90,252.05,,248.10,,,451388,112531049.35,12015,F1,1,,,,,
2026-10-07,2026-10-07,CM,NSE,STK,9458,INE0JZA01018,SONUINFRA,SM,,,,,SONU INFRATECH LIMITED,41.40,41.40,39.50,41.00,41.00,41.40,,41.00,,,10500,430050.00,5,F1,1500,,,,,
2026-10-07,2026-10-07,CM,NSE,STK,9678,INE980Y01015,SOUTHWEST,EQ,,,,,SOUTH WEST PINNACLE LTD,200.00,200.00,191.80,193.95,194.45,199.72,,193.94,,,50103,9797524.80,1712,F1,1,,,,,
2026-10-07,2026-10-07,CM,NSE,STK,19372,INE970N01027,SPCENET,EQ,,,,,SPACENET ENTERS IND LTD,3.31,3.60,3.25,3.33,3.36,3.31,,3.33,,,595175,2006026.19,441,F1,1,,,,,
2026-10-07,2026-10-07,CM,NSE,STK,11435,INE572J01011,SPANDANA,EQ,,,,,SPANDANA SPHOORTY FIN LTD,216.60,222.00,213.50,218.19,218.00,218.12,,218.19,,,83177,18206982.42,3096,F1,1,,,,,
2026-10-07,2026-10-07,CM,NSE,STK,27111,INE247M01014,SPECIALITY,BE,,,,,SPECIALITY REST LTD,154.32,156.90,151.20,152.40,154.60,156.32,,152.43,,,16233,2497303.85,108,F1,1,,,,,
2026-10-07,2026-10-07,CM,NSE,STK,766218,INE0GAN01010,SPECTRAA,ST,,,,,SPECTRAA TECH SOLUTIONS L,272.55,272.55,266.00,272.55,272.55,259.60,,272.55,,,141600,38545740.00,89,F1,1200,,,,,
2026-10-07,2026-10-07,CM,NSE,STK,30457,INE01EO01010,SPECTRUM,BE,,,,,SPECTRUM ELECTRIC IND LTD,3918.00,3988.00,3750.00,3903.70,3900.00,3915.90,,3903.78,,,5497,21502227.50,859,F1,1,,,,,
2026-10-07,2026-10-07,CM,NSE,STK,16876,INE0OL001018,SPECTSTM,SM,,,,,SPECTRUM TALENT MGMT LTD,60.10,61.65,60.10,60.10,60.10,60.40,,60.10,,,2400,145480.00,3,F1,800,,,,,
2026-10-07,2026-10-07,CM,NSE,STK,8163,INE020801028,SPENCERS,EQ,,,,,SPENCER S RETAIL LIMITED,28.30,29.70,27.30,27.87,27.85,28.30,,27.87,,,89839,2572451.03,797,F1,1,,,,,
2026-10-07,2026-10-07,CM,NSE,STK,3252,INE147A01011,SPIC,EQ,,,,,SPIC LTD,63.25,63.79,62.56,63.06,62.95,63.05,,63.06,,,186038,11733314.50,1998,F1,1,,,,,
2026-10-07,2026-10-07,CM,NSE,STK,11935,INE978G01016,SPLIL,EQ,,,,,SPL INDUSTRIES LIMITED,29.60,29.62,28.76,29.05,29.05,29.49,,29.04,,,3456,101027.45,65,F1,1,,,,,
2026-10-07,2026-10-07,CM,NSE,STK,3321,INE937A01023,SPMLINFRA,EQ,,,,,SPML INFRA LIMITED,162.25,162.33,159.10,160.02,159.10,162.63,,160.02,,,79572,12771232.23,1610,F1,1,,,,,
2026-10-07,2026-10-07,CM,NSE,STK,10733,INE885H01029,SPORTKING,EQ,,,,,SPORTKING INDIA LIMITED,203.21,205.90,199.43,201.71,202.00,202.80,,201.71,,,167019,33718085.46,4865,F1,1,,,,,
2026-10-07,2026-10-07,CM,NSE,STK,25306,INE0QR801013,SPPPOLY,SM,,,,,SPP POLYMER LIMITED,12.40,12.40,11.80,11.80,11.80,12.40,,11.80,,,8000,95700.00,4,F1,2000,,,,,
2026-10-07,2026-10-07,CM,NSE,STK,17186,INE526E01018,SHRIPISTON,EQ,,,,,SPR AUTO TECHNOLOGIES LTD,4370.00,4475.90,4359.80,4411.60,4395.00,4405.00,,4411.77,,,52243,231132274.00,13490,F1,1,,,,,
2026-10-07,2026-10-07,CM,NSE,STK,757865,INE19QH01010,SPUNWEB,SM,,,,,SPUNWEB NONWOVEN LIMITED,117.95,119.90,110.85,118.55,118.55,114.70,,118.55,,,22800,2691420.00,19,F1,1200,,,,,
2026-10-07,2026-10-07,CM,NSE,STK,14582,INE917H01012,SRHHYPOLTD,EQ,,,,,SREE RAYALSEEMA HHP LTD.,552.45,558.90,545.00,549.15,545.20,548.65,,549.12,,,11610,6403360.75,1269,F1,1,,,,,
2026-10-07,2026-10-07,CM,NSE,STK,31841,INE099F01013,SREEL,BE,,,,,SREELEATHERS LIMITED,291.00,297.40,285.10,287.35,287.10,286.85,,287.35,,,6147,1771291.00,80,F1,1,,,,,
2026-10-07,2026-10-07,CM,NSE,STK,3273,INE647A01010,SRF,EQ,,,,,SRF LTD,2475.00,2475.00,2434.90,2460.00,2460.00,2470.00,,2459.99,,,200571,492855157.90,21168,F1,1,,,,,
2026-10-07,2026-10-07,CM,NSE,STK,18119,INE559N01010,SRGHFL,EQ,,,,,SRG HOUSING FINANCE L,120.00,128.67,120.00,126.61,126.75,122.55,,126.60,,,31389,3933313.86,1118,F1,1,,,,,
2026-10-07,2026-10-07,CM,NSE,STK,7457,INE293B01029,HAVISHA,EQ,,,,,SRI HAVISHA HOSP & INFR L,1.40,1.63,1.40,1.52,1.53,1.36,,1.52,,,501425,760288.55,416,F1,1,,,,,
2026-10-07,2026-10-07,CM,NSE,STK,765168,INE009C01019,SRIKPRIND,BE,,,,,SRI KPR INDUSTRIES LTD.,26.48,26.49,24.53,26.00,26.00,25.23,,26.00,,,1379,35866.34,103,F1,1,,,,,
2026-10-07,2026-10-07,CM,NSE,STK,758147,INE0V9Q01010,LOTUSDEV,BE,,,,,SRI LOTUS DEVLPRS N RTY L,237.30,247.00,237.00,242.92,243.90,244.73,,242.88,,,918484,220524355.99,3633,F1,1,,,,,
2026-10-07,2026-10-07,CM,NSE,STK,761393,INE0TPJ01019,SPCON,SM,,,,,SRINIBAS PRADHAN CONST L,180.00,180.00,180.00,180.00,180.00,182.00,,180.00,,,1200,216000.00,1,F1,1200,,,,,
2026-10-07,2026-10-07,CM,NSE,STK,766421,INE307K01028,SRIT,BE,,,,,SRIT INDIA LIMITED,153.00,153.00,147.34,147.34,147.34,155.09,,147.33,,,785081,117941054.56,5558,F1,1,,,,,
2026-10-07,2026-10-07,CM,NSE,STK,18059,INE0ON201012,SSFL,ST,,,,,SRIVARI SPICES N FOODS L,267.60,289.05,267.60,289.05,289.05,275.30,,289.05,,,9500,2686725.00,18,F1,500,,,,,
2026-10-07,2026-10-07,CM,NSE,STK,14416,INE0NPI01014,SRIVASAVI,ST,,,,,SRIVASAVI ADHESIVE TAPE L,81.25,85.30,79.10,85.15,85.30,81.25,,85.15,,,19000,1585100.00,17,F1,1000,,,,,
2026-10-07,2026-10-07,CM,NSE,STK,23402,INE0R6Z01013,SRM,EQ,,,,,SRM CONTRACTORS LIMITED,418.45,423.00,413.60,421.45,421.00,418.45,,421.44,,,28711,12042980.80,1256,F1,1,,,,,
2026-10-07,2026-10-07,CM,NSE,STK,766176,INE1EQW01028,SSRETAIL,EQ,,,,,SS RETAIL LIMITED,712.75,734.40,710.10,720.30,716.00,712.75,,720.40,,,6037276,4367310410.30,154343,F1,1,,,,,
2026-10-07,2026-10-07,CM,NSE,STK,29205,INE0RYC01010,STALLION,BE,,,,,STALLION IND FLUOROCHEM L,226.35,229.95,220.00,227.81,228.00,225.72,,227.82,,,303243,68022646.88,1952,F1,1,,,,,
2026-10-07,2026-10-07,CM,NSE,STK,29075,INE0M4D01010,SETL,EQ,,,,,STANDARD ENGNG TCNLGY LTD,431.00,437.00,423.30,429.80,430.80,428.30,,429.80,,,300178,129227605.40,8004,F1,1,,,,,
2026-10-07,2026-10-07,CM,NSE,STK,11297,INE173A01025,SIL,EQ,,,,,STANDARD INDUSTRIES LTD.,16.00,16.15,15.36,15.62,15.73,16.00,,15.63,,,45067,706953.24,359,F1,1,,,,,
2026-10-07,2026-10-07,CM,NSE,STK,24226,INE01A001028,STANLEY,EQ,,,,,STANLEY LIFESTYLES LTD,136.54,137.95,134.13,135.00,134.51,136.54,,135.00,,,100560,13621413.34,1095,F1,1,,,,,
2026-10-07,2026-10-07,CM,NSE,STK,21091,INE460H01021,STARCEMENT,EQ,,,,,STAR CEMENT LIMITED,175.13,177.00,174.50,174.88,174.61,176.41,,174.87,,,61630,10810297.89,2413,F1,1,,,,,
2026-10-07,2026-10-07,CM,NSE,STK,7083,INE575P01011,STARHEALTH,EQ,,,,,STAR HEALTH & AL INS CO L,552.00,557.80,545.75,553.85,555.15,550.55,,553.86,,,231180,128053125.70,22670,F1,1,,,,,
2026-10-07,2026-10-07,CM,NSE,STK,3291,INE733A01018,STARPAPER,EQ,,,,,STAR PAPER MILLS LTD,154.98,154.99,150.65,151.50,153.78,154.14,,151.51,,,2332,355406.96,97,F1,1,,,,,
2026-10-07,2026-10-07,CM,NSE,STK,9305,INE992I01013,STARTECK,EQ,,,,,STARTECK FINANCE LIMITED,271.90,278.75,267.00,273.70,275.00,272.50,,273.70,,,1371,369115.70,71,F1,1,,,,,
2026-10-07,2026-10-07,CM,NSE,STK,3045,INE062A01020,SBIN,EQ,,,,,STATE BANK OF INDIA,955.00,966.00,945.60,954.00,954.00,958.75,,954.00,,,12523009,11949213801.10,166004,F1,1,,,,,
2026-10-07,2026-10-07,CM,NSE,STK,766065,INE0FRO01022,STEAMHOUSE,EQ,,,,,STEAMHOUSE INDIA LIMITED,119.85,126.80,117.00,125.17,124.90,118.42,,125.18,,,22137870,2700319348.91,134933,F1,1,,,,,
2026-10-07,2026-10-07,CM,NSE,STK,2963,INE114A01011,SAIL,EQ,,,,,STEEL AUTHORITY OF INDIA,176.72,177.35,173.62,174.31,174.31,178.10,,174.31,,,8859876,1554607575.17,48333,F1,1,,,,,
2026-10-07,2026-10-07,CM,NSE,STK,10406,INE395H01011,STEELCITY,EQ,,,,,STEEL CITY SECURITIES LTD,82.00,82.98,80.16,81.54,81.21,82.72,,81.54,,,2134,173467.20,86,F1,1,,,,,
2026-10-07,2026-10-07,CM,NSE,STK,21339,INE503B01021,STEELXIND,EQ,,,,,STEEL EXCHANGE INDIA LTD,11.49,11.52,10.45,10.90,10.87,11.46,,10.90,,,9407776,101987922.09,9541,F1,1,,,,,
2026-10-07,2026-10-07,CM,NSE,STK,765170,INE205F01016,STLSTRINF,EQ,,,,,STEEL STRIPS INFRA L,22.80,22.94,21.75,22.50,22.50,21.75,,22.31,,,1738,39249.93,33,F1,1,,,,,
2026-10-07,2026-10-07,CM,NSE,STK,11829,INE802C01033,SSWL,EQ,,,,,STEEL STRIPS WHEELS LTD.,427.00,432.25,416.20,424.20,425.50,424.70,,424.20,,,845591,359090698.40,26284,F1,1,,,,,
2026-10-07,2026-10-07,CM,NSE,STK,6803,INE124E01038,STEELCAS,EQ,,,,,STEELCAST LIMITED,369.60,380.00,368.85,373.30,373.50,369.60,,373.29,,,147905,55391779.70,5533,F1,1,,,,,
2026-10-07,2026-10-07,CM,NSE,STK,21484,INE577L01016,STEL,EQ,,,,,STEL HOLDINGS LIMITED,584.80,585.00,565.50,568.60,569.65,575.95,,569.01,,,1840,1054205.60,209,F1,1,,,,,
2026-10-07,2026-10-07,CM,NSE,STK,4299,INE334A01023,STERTOOLS,EQ,,,,,STERLING TOOLS LIMITED,218.45,221.89,218.00,218.79,220.90,218.45,,218.83,,,12744,2800237.26,405,F1,1,,,,,
2026-10-07,2026-10-07,CM,NSE,STK,9313,INE089C01029,STLTECH,BE,,,,,STERLITE TECHNOLOGIES LTD,1014.00,1043.60,989.00,1016.80,1020.00,1016.70,,1016.94,,,1206624,1227654806.25,39357,F1,1,,,,,
2026-10-07,2026-10-07,CM,NSE,STK,13367,INE353H01010,SGL,EQ,,,,,STL GLOBAL LIMITED,8.65,9.27,8.61,9.09,9.12,8.80,,9.09,,,13291,119323.95,101,F1,1,,,,,
2026-10-07,2026-10-07,CM,NSE,STK,758958,INE1VXE01018,STLNETWORK,EQ,,,,,STL NETWORKS LIMITED,48.54,49.43,48.20,49.43,49.43,47.08,,49.46,,,2388042,117233042.18,1337,F1,1,,,,,
2026-10-07,2026-10-07,CM,NSE,STK,2107,INE00IN01015,STOVEKRAFT,EQ,,,,,STOVE KRAFT LIMITED,813.50,829.00,803.95,817.35,811.90,813.45,,817.35,,,146813,119701773.30,7861,F1,1,,,,,
2026-10-07,2026-10-07,CM,NSE,STK,761091,INE1XWN01017,STRIDERS,SM,,,,,STRIDERS IMPEX LIMITED,53.00,53.10,49.50,50.00,50.00,50.15,,50.00,,,89600,4523360.00,20,F1,1600,,,,,
2026-10-07,2026-10-07,CM,NSE,STK,7374,INE939A01011,STAR,EQ,,,,,STRIDES PHARMA SCI LTD,1085.10,1109.00,1076.70,1100.60,1104.60,1088.70,,1100.59,,,202258,222112081.10,22765,F1,1,,,,,
2026-10-07,2026-10-07,CM,NSE,STK,12489,INE00M201021,SWSOLAR,EQ,,,,,STRLNG & WIL REN ENE LTD,172.54,173.55,167.45,168.11,168.20,172.54,,168.12,,,833681,141606766.84,10974,F1,1,,,,,
2026-10-07,2026-10-07,CM,NSE,STK,759587,INE00Q601028,STUDDS,EQ,,,,,STUDDS ACCESSORIES LTD,402.60,425.00,400.10,420.45,417.60,407.05,,420.41,,,66382,27587263.85,3212,F1,1,,,,,
2026-10-07,2026-10-07,CM,NSE,STK,758527,INE17VO01028,STUDIOLSD,SM,,,,,STUDIO LSD LIMITED,8.55,8.55,8.50,8.55,8.55,8.50,,8.55,,,12000,102500.00,5,F1,2000,,,,,
2026-10-07,2026-10-07,CM,NSE,STK,5186,INE239C01020,STYLAMIND,EQ,,,,,STYLAM INDUSTRIES LIMITED,3303.50,3370.00,3282.80,3351.60,3335.80,3303.50,,3351.55,,,20834,69590777.20,5474,F1,1,,,,,
2026-10-07,2026-10-07,CM,NSE,STK,19,INE189B01011,STYRENIX,EQ,,,,,STYRENIX PERFORMANCE LTD,2030.00,2045.00,1990.00,2001.30,1990.00,2042.90,,2001.29,,,27957,56240838.00,2918,F1,1,,,,,
2026-10-07,2026-10-07,CM,NSE,STK,760112,INE0RYR01018,SUBAHOTELS,SM,,,,,SUBA HOTELS LIMITED,87.20,93.85,87.20,92.40,92.55,88.50,,92.40,,,27600,2488860.00,20,F1,1200,,,,,
2026-10-07,2026-10-07,CM,NSE,STK,967,INE754A01055,SUBEXLTD,EQ,,,,,SUBEX LTD,19.58,19.58,19.01,19.15,19.15,19.59,,19.15,,,3615891,69762858.12,6183,F1,1,,,,,
2026-10-07,2026-10-07,CM,NSE,STK,3324,INE287B01021,SUBROS,EQ,,,,,SUBROS LIMITED,679.00,682.90,672.55,675.50,674.15,682.95,,675.36,,,16311,11044565.85,1737,F1,1,,,,,
2026-10-07,2026-10-07,CM,NSE,STK,3327,INE659A01023,SUDARSCHEM,EQ,,,,,SUDARSHAN CHEMICAL INDS L,1244.00,1302.80,1213.00,1226.60,1224.00,1238.60,,1226.61,,,637859,800158746.20,41708,F1,1,,,,,
2026-10-07,2026-10-07,CM,NSE,STK,715,INE492A01029,SUDARCOLOR,EQ,,,,,SUDARSHAN COLORNT IND LTD,377.00,377.00,362.50,364.55,362.60,368.30,,364.18,,,6417,2352852.30,259,F1,1,,,,,
2026-10-07,2026-10-07,CM,NSE,STK,760039,INE0QPI01025,SUDEEPPHRM,EQ,,,,,SUDEEP PHARMA LIMITED,1148.00,1180.00,1118.60,1170.40,1175.00,1158.40,,1170.23,,,204466,235181930.10,13936,F1,1,,,,,
2026-10-07,2026-10-07,CM,NSE,STK,11804,INE450E01029,SUKHJITS,EQ,,,,,SUKHJIT STARCH & CHEM LTD,149.75,152.78,148.57,149.56,150.11,147.84,,149.56,,,7332,1101671.64,228,F1,1,,,,,
2026-10-07,2026-10-07,CM,NSE,STK,13218,INE142Q01026,SULA,EQ,,,,,SULA VINEYARDS LIMITED,134.83,135.00,132.50,133.41,133.50,134.01,,133.42,,,105581,14075330.10,2686,F1,1,,,,,
2026-10-07,2026-10-07,CM,NSE,STK,765507,INE11Z001019,SUMAX,SM,,,,,SUMAX ENGINEERING LIMITED,100.00,109.40,99.10,105.35,105.85,100.50,,105.35,,,144000,15131100.00,92,F1,1200,,,,,
2026-10-07,2026-10-07,CM,NSE,STK,765175,INE886B01012,SUMEDHA,EQ,,,,,SUMEDHA FISCAL SERVICES L,43.00,44.95,42.01,43.05,43.05,43.45,,43.53,,,1640,70336.00,43,F1,1,,,,,
2026-10-07,2026-10-07,CM,NSE,STK,20790,INE235C01036,SUMEETINDS,EQ,,,,,SUMEET IND LIMITED,12.00,12.00,12.00,12.00,12.00,11.43,,12.02,,,927372,11128464.00,351,F1,1,,,,,
2026-10-07,2026-10-07,CM,NSE,STK,11140,INE748Z01013,SUMIT,EQ,,,,,SUMIT WOODS LIMITED,52.98,52.98,50.02,50.48,50.05,51.88,,50.48,,,22368,1131215.22,148,F1,1,,,,,
2026-10-07,2026-10-07,CM,NSE,STK,17105,INE258G01013,SUMICHEM,EQ,,,,,SUMITOMO CHEM INDIA LTD,416.00,426.85,416.00,421.95,421.90,418.05,,421.99,,,221961,93779137.65,13485,F1,1,,,,,
2026-10-07,2026-10-07,CM,NSE,STK,21275,INE519C01017,SUMMITSEC,EQ,,,,,SUMMIT SECURITIES LTD,1330.00,1336.90,1305.00,1320.40,1325.00,1321.00,,1320.40,,,979,1294779.30,219,F1,1,,,,,
2026-10-07,2026-10-07,CM,NSE,STK,14788,INE232I01014,SPARC,EQ,,,,,SUN PHARMA ADV.RES.CO.LTD,196.00,201.49,192.75,196.79,197.00,196.89,,196.86,,,1072170,211159535.38,15307,F1,1,,,,,
2026-10-07,2026-10-07,CM,NSE,STK,3351,INE044A01036,SUNPHARMA,EQ,,,,,SUN PHARMACEUTICAL IND L,1797.10,1804.20,1772.10,1781.00,1781.00,1804.10,,1781.00,,,1150689,2050719353.10,80814,F1,1,,,,,
2026-10-07,2026-10-07,CM,NSE,STK,13404,INE424H01027,SUNTV,EQ,,,,,SUN TV NETWORK LIMITED,633.35,646.80,631.10,636.50,637.05,632.10,,636.49,,,1153473,736000480.10,27941,F1,1,,,,,
2026-10-07,2026-10-07,CM,NSE,STK,4179,INE073D01013,SUNDRMBRAK,EQ,,,,,SUNDARAM BRAK LININGS LTD,675.10,690.00,666.00,667.05,666.05,680.10,,667.05,,,1279,859121.55,127,F1,1,,,,,
2026-10-07,2026-10-07,CM,NSE,STK,20956,INE0Q3R01026,SUNCLAY,EQ,,,,,SUNDARAM CLAYTON LIMITED,1152.90,1152.90,1130.00,1131.80,1130.00,1152.80,,1131.80,,,6000,6822895.80,1195,F1,1,,,,,
2026-10-07,2026-10-07,CM,NSE,STK,3339,INE660A01013,SUNDARMFIN,EQ,,,,,SUNDARAM FINANCE LTD,4377.00,4377.00,4280.00,4301.20,4328.20,4347.80,,4301.14,,,27263,117246462.00,6941,F1,1,,,,,
2026-10-07,2026-10-07,CM,NSE,STK,18931,INE108E01023,SUNDARAM,EQ,,,,,SUNDARAM MULTI PAP LTD,1.10,1.10,1.07,1.07,1.08,1.09,,1.08,,,173216,187336.00,168,F1,1,,,,,
2026-10-07,2026-10-07,CM,NSE,STK,3345,INE387A01021,SUNDRMFAST,EQ,,,,,SUNDRAM FASTENERS LTD,1134.00,1165.90,1120.10,1127.00,1126.00,1140.30,,1127.03,,,163076,185817308.00,19222,F1,1,,,,,
2026-10-07,2026-10-07,CM,NSE,STK,761202,INE0CTB01014,SOCL,SM,,,,,SUNDREX OIL COMPANY LTD,28.10,29.00,28.05,28.80,29.00,29.50,,28.80,,,17600,502560.00,9,F1,1600,,,,,
2026-10-07,2026-10-07,CM,NSE,STK,1663,INE209A01019,SUNDROP,EQ,,,,,SUNDROP BRANDS LIMITED,754.40,755.95,745.00,745.90,745.00,746.80,,745.90,,,6576,4922514.65,534,F1,1,,,,,
2026-10-07,2026-10-07,CM,NSE,STK,3348,INE947A01014,SUNFLAG,EQ,,,,,SUNFLAG IRON AND STEEL CO,460.05,479.10,455.00,474.40,478.00,459.05,,474.42,,,829970,390395943.65,14172,F1,1,,,,,
2026-10-07,2026-10-07,CM,NSE,STK,765180,INE671C01016,SUNLOC,EQ,,,,,SUNIL HEALTHCARE LTD.,70.00,70.00,70.00,70.00,70.00,68.00,,70.00,,,4,280.00,1,F1,1,,,,,
2026-10-07,2026-10-07,CM,NSE,STK,24868,INE0U2N01013,SUNLITE,SM,,,,,SUNLITE RECYCLING IND LTD,621.00,679.00,621.00,671.15,679.00,643.80,,671.15,,,19800,12989865.00,66,F1,300,,,,,
2026-10-07,2026-10-07,CM,NSE,STK,764925,INE671K01027,SUNRAKSHAK,EQ,,,,,SUNRAKSHAKK INDUS IND L,359.25,361.30,355.00,356.90,361.25,356.75,,356.79,,,1331,475290.85,136,F1,1,,,,,
2026-10-07,2026-10-07,CM,NSE,STK,764930,INE199E01014,SUNSHIEL,EQ,,,,,SUNSHIELD CHEMICALS LTD.,1075.00,1109.00,1062.70,1103.50,1104.00,1047.40,,1098.68,,,863,939494.40,217,F1,1,,,,,
2026-10-07,2026-10-07,CM,NSE,STK,765387,INE1B3O01011,SUNSHINE,EQ,,,,,SUNSHINE PICTURES LIMITED,450.70,460.15,448.00,448.90,449.00,447.20,,448.90,,,346574,156672420.85,5435,F1,1,,,,,
2026-10-07,2026-10-07,CM,NSE,STK,757763,INE0SGZ01016,SUNTECH,SM,,,,,SUNTECH INFRA SOLUTIONS L,36.45,36.75,36.45,36.75,36.75,37.25,,36.75,,,3200,117120.00,2,F1,1600,,,,,
2026-10-07,2026-10-07,CM,NSE,STK,17641,INE805D01034,SUNTECK,EQ,,,,,SUNTECK REALTY LIMITED,278.85,280.30,276.60,278.15,277.10,279.60,,278.15,,,31359,8723694.75,1575,F1,1,,,,,
2026-10-07,2026-10-07,CM,NSE,STK,8931,INE662A01027,SUPERSPIN,BE,,,,,SUPER SPINNING MILLS LTD,7.19,7.19,7.01,7.04,7.17,7.14,,7.16,,,9140,64270.18,17,F1,1,,,,,
2026-10-07,2026-10-07,CM,NSE,STK,764938,INE460D01038,SUPTANERY,BE,,,,,SUPER TANNERY LTD.,8.37,8.47,8.26,8.47,8.47,8.07,,8.47,,,66075,557677.53,150,F1,1,,,,,
2026-10-07,2026-10-07,CM,NSE,STK,20616,INE712B01010,SUPERHOUSE,EQ,,,,,SUPERHOUSE LIMITED,158.00,158.00,152.00,154.93,155.95,155.27,,155.51,,,2011,311644.14,121,F1,1,,,,,
2026-10-07,2026-10-07,CM,NSE,STK,3147,INE843L01012,SIEL,EQ,,,,,SUPERIOR INDUSTRIAL ENT L,31.99,31.99,31.31,31.50,31.50,31.00,,31.45,,,28,890.48,10,F1,1,,,,,
2026-10-07,2026-10-07,CM,NSE,STK,11689,INE399C01030,SUPRAJIT,EQ,,,,,SUPRAJIT ENGINEERING LTD,469.80,470.00,462.25,465.15,462.30,471.20,,465.15,,,43978,20501012.75,3326,F1,1,,,,,
2026-10-07,2026-10-07,CM,NSE,STK,758997,INE319Z01021,SUPREMEENG,BZ,,,,,SUPREME ENGINEERING LTD,4.48,4.48,4.48,4.48,4.48,4.40,,4.48,,,237753,1065133.44,89,F1,1,,,,,
2026-10-07,2026-10-07,CM,NSE,STK,28069,INE0U6N01014,SFML,SM,,,,,SUPREME FACILITY MGMT LTD,20.50,20.50,19.65,20.20,19.65,20.95,,20.20,,,9600,194720.00,5,F1,1600,,,,,
2026-10-07,2026-10-07,CM,NSE,STK,29439,INE822E01011,SUPREME,EQ,,,,,SUPREME HOLDIN N HOSP I L,31.35,31.35,29.54,29.98,29.85,30.27,,29.99,,,8982,271866.71,615,F1,1,,,,,
2026-10-07,2026-10-07,CM,NSE,STK,3363,INE195A01028,SUPREMEIND,EQ,,,,,SUPREME INDUSTRIES LTD,3500.00,3631.80,3475.50,3550.00,3550.00,3497.90,,3549.99,,,381975,1369273081.10,43701,F1,1,,,,,
2026-10-07,2026-10-07,CM,NSE,STK,15002,INE550H01011,SUPREMEINF,EQ,,,,,SUPREME INFRA. LTD.,64.45,64.45,53.51,54.67,56.20,61.40,,54.67,,,415360,23803528.50,2849,F1,1,,,,,
2026-10-07,2026-10-07,CM,NSE,STK,9617,INE663A01033,SPLPETRO,EQ,,,,,SUPREME PETROCHEM LIMITED,817.25,826.85,804.35,806.65,806.00,819.60,,806.62,,,88589,72179752.05,7553,F1,1,,,,,
2026-10-07,2026-10-07,CM,NSE,STK,21067,INE0QHG01026,SUPREMEPWR,SM,,,,,SUPREME POWER EQUIPMENT L,240.95,265.00,238.00,260.05,260.00,239.45,,260.05,,,305500,77072400.00,520,F1,500,,,,,
2026-10-07,2026-10-07,CM,NSE,STK,7390,INE07RO01027,SUPRIYA,EQ,,,,,SUPRIYA LIFESCIENCE LTD,923.25,923.25,887.00,889.25,891.00,915.35,,889.28,,,167121,150069892.20,11215,F1,1,,,,,
2026-10-07,2026-10-07,CM,NSE,STK,20822,INE843S01025,SURAJEST,EQ,,,,,SURAJ ESTATE DEVELOPERS L,206.87,212.50,201.05,208.26,206.00,205.53,,208.25,,,71351,14615700.08,1551,F1,1,,,,,
2026-10-07,2026-10-07,CM,NSE,STK,24966,INE713C01016,SURAJLTD,EQ,,,,,SURAJ LIMITED,182.01,186.90,180.01,181.70,184.67,187.40,,181.72,,,1170,212666.61,27,F1,1,,,,,
2026-10-07,2026-10-07,CM,NSE,STK,27334,INE877V01027,SURAKSHA,EQ,,,,,SURAKSHA DIAGNOSTIC LTD,332.00,334.20,320.00,321.70,320.15,332.00,,321.68,,,42345,13759341.15,2090,F1,1,,,,,
2026-10-07,2026-10-07,CM,NSE,STK,21077,INE272L01022,SURANASOL,EQ,,,,,SURANA SOLAR LIMITED,23.67,24.90,23.56,24.36,24.05,23.67,,24.33,,,23472,563641.66,316,F1,1,,,,,
2026-10-07,2026-10-07,CM,NSE,STK,10700,INE130B01031,SURANAT&P,EQ,,,,,SURANA TELECOM AND POW LT,15.76,16.10,15.62,15.76,15.70,15.76,,15.76,,,11832,186942.91,172,F1,1,,,,,
2026-10-07,2026-10-07,CM,NSE,STK,8513,INE01ZJ01015,SURANI,SM,,,,,SURANI STEEL TUBES LTD.,158.45,158.45,145.00,158.45,158.45,144.05,,158.45,,,140800,22231770.00,203,F1,200,,,,,
2026-10-07,2026-10-07,CM,NSE,STK,14139,INE05ST01028,SBGLP,EQ,,,,,SURATWWALA BUS GROUP LTD,23.44,23.44,22.40,22.72,22.90,22.78,,22.72,,,26934,610972.25,252,F1,1,,,,,
2026-10-07,2026-10-07,CM,NSE,STK,3375,INE335A01020,SURYAROSNI,EQ,,,,,SURYA ROSHNI LTD,221.00,221.59,218.01,218.34,218.05,221.35,,218.34,,,273102,59896393.31,4587,F1,1,,,,,
2026-10-07,2026-10-07,CM,NSE,STK,11852,INE713B01026,SURYALAXMI,EQ,,,,,SURYALAKSHMI COT MIL LTD,57.28,58.00,56.14,56.64,56.56,57.00,,56.64,,,478,27075.97,30,F1,1,,,,,
2026-10-07,2026-10-07,CM,NSE,STK,762924,INE132C01027,SURYALA,EQ,,,,,SURYALATA SPINNING MILL L,377.00,381.50,376.25,376.25,376.25,376.30,,376.25,,,406,152783.10,16,F1,1,,,,,
2026-10-07,2026-10-07,CM,NSE,STK,2970,INE428Q01011,SURYODAY,EQ,,,,,SURYODAY SMALL FIN BK LTD,149.64,156.74,149.64,155.54,155.90,151.47,,155.54,,,489416,75695708.14,7753,F1,1,,,,,
2026-10-07,2026-10-07,CM,NSE,STK,21321,INE0R8O23017,SEITINVIT,IV,,,,,SUSTAINABLE ENERGY INFRA,122.50,122.50,122.00,122.00,122.00,122.00,,122.00,,,425000,52050000.00,2,F1,25000,,,,,
2026-10-07,2026-10-07,CM,NSE,STK,13801,INE645H01027,SUTLEJTEX,EQ,,,,,SUTLEJ TEXT & INDUS LTD,37.05,37.45,36.15,36.57,36.25,37.04,,36.66,,,15927,584532.02,135,F1,1,,,,,
2026-10-07,2026-10-07,CM,NSE,STK,11233,INE495B01038,SUVEN,EQ,,,,,SUVEN LIFE SCIENCES LTD,309.00,316.90,305.00,305.55,305.55,309.15,,305.56,,,311351,96406871.95,9742,F1,1,,,,,
2026-10-07,2026-10-07,CM,NSE,STK,2998,INE018401013,SUVIDHAA,EQ,,,,,SUVIDHAA INFOSERVE LTD,2.08,2.11,2.05,2.10,2.11,2.07,,2.10,,,63248,132721.72,163,F1,1,,,,,
2026-10-07,2026-10-07,CM,NSE,STK,24851,INE442P01014,SUYOG,EQ,,,,,SUYOG TELEMATICS LIMITED,667.75,689.95,652.10,672.85,664.00,667.25,,672.83,,,16252,10913939.40,1595,F1,1,,,,,
2026-10-07,2026-10-07,CM,NSE,STK,12018,INE040H01021,SUZLON,EQ,,,,,SUZLON ENERGY LIMITED,39.16,39.19,38.20,38.34,38.34,39.16,,38.34,,,73531474,2840862817.87,109231,F1,1,,,,,
2026-10-07,2026-10-07,CM,NSE,STK,5020,INE308E01029,SVPGLOB,EQ,,,,,SVP GLOBAL TEXTILES LTD,3.15,3.15,2.98,3.00,3.04,3.11,,3.00,,,30415,91415.98,86,F1,1,,,,,
2026-10-07,2026-10-07,CM,NSE,STK,27095,INE665A01038,SWANCORP,EQ,,,,,SWAN CORP LIMITED,268.10,284.00,268.10,271.85,269.10,268.85,,271.85,,,1528441,420923818.90,37592,F1,1,,,,,
2026-10-07,2026-10-07,CM,NSE,STK,29164,INE542F01020,SWANDEF,BE,,,,,SWAN DEFENCE N HEVY IND L,2759.70,2774.90,2660.00,2759.40,2739.60,2760.20,,2753.90,,,15248,41891861.80,816,F1,1,,,,,
2026-10-07,2026-10-07,CM,NSE,STK,3384,INE277A01016,SWARAJENG,EQ,,,,,SWARAJ ENGINES LTD,3565.00,3566.90,3516.60,3546.10,3550.00,3537.80,,3546.14,,,10449,36972665.80,2383,F1,1,,,,,
2026-10-07,2026-10-07,CM,NSE,STK,764496,INE0GMR01016,SWARAJ,BE,,,,,SWARAJ SUITING LIMITED,350.00,365.00,341.00,362.00,365.00,354.70,,361.84,,,60243,21195828.90,198,F1,1,,,,,
2026-10-07,2026-10-07,CM,NSE,STK,765185,INE967A01012,SWARNSAR,EQ,,,,,SWARNSARITA JEWELS IND L,40.62,41.61,39.56,40.01,40.00,40.62,,40.01,,,7872,318135.50,36,F1,1,,,,,
2026-10-07,2026-10-07,CM,NSE,STK,11497,INE0DGC01025,SWASTIK,ST,,,,,SWASTIK PIPE LIMITED,17.50,18.30,17.50,18.30,18.30,18.05,,18.30,,,2400,42960.00,2,F1,1200,,,,,
2026-10-07,2026-10-07,CM,NSE,STK,766301,INE1QJA01015,SWASTIKAIN,BE,,,,,SWASTIKA INFRA LIMITED,209.80,210.13,202.00,210.13,210.13,200.13,,210.13,,,273452,57145007.34,2398,F1,1,,,,,
2026-10-07,2026-10-07,CM,NSE,STK,11909,INE409B01013,SWELECTES,EQ,,,,,SWELECT ENERGY SYS LTD,617.50,619.35,597.00,608.80,611.00,613.80,,608.77,,,24148,14643329.70,1336,F1,1,,,,,
2026-10-07,2026-10-07,CM,NSE,STK,27066,INE00H001014,SWIGGY,EQ,,,,,SWIGGY LIMITED,244.00,253.60,242.60,246.00,246.00,244.20,,246.00,,,16172713,4025873303.95,94945,F1,1,,,,,
2026-10-07,2026-10-07,CM,NSE,STK,765193,INE010C01025,SWISSMLTRY,BE,,,,,SWISS MILITARY CON GOOD L,14.35,14.40,13.96,14.19,14.12,14.07,,14.18,,,50677,720635.82,213,F1,1,,,,,
2026-10-07,2026-10-07,CM,NSE,STK,24267,INE01IH01015,SYLVANPLY,SM,,,,,SYLVAN PLYBOARD (INDIA) L,50.10,50.10,49.40,50.00,50.00,52.00,,50.00,,,18000,891800.00,6,F1,2000,,,,,
2026-10-07,2026-10-07,CM,NSE,STK,765485,INE899I01028,SYMBIOTEC,EQ,,,,,SYMBIOTEC PHARMALAB LTD,1149.40,1165.00,1122.20,1135.60,1128.00,1149.50,,1135.41,,,492318,564668895.90,32122,F1,1,,,,,
2026-10-07,2026-10-07,CM,NSE,STK,24190,INE225D01027,SYMPHONY,EQ,,,,,SYMPHONY LIMITED,557.00,565.65,553.00,558.10,562.00,556.95,,558.18,,,46171,25775600.15,4313,F1,1,,,,,
2026-10-07,2026-10-07,CM,NSE,STK,11992,INE312C01025,SYNCOMF,EQ,,,,,SYNCOM FORMU (I) LTD,23.29,25.49,22.90,24.94,25.00,23.22,,24.94,,,40584346,1008192817.27,92757,F1,1,,,,,
2026-10-07,2026-10-07,CM,NSE,STK,5114,INE00QT01015,SGIL,EQ,,,,,SYNERGY GREEN IND. LTD,612.00,615.60,603.00,604.55,603.35,603.20,,604.58,,,1736,1053151.40,227,F1,1,,,,,
2026-10-07,2026-10-07,CM,NSE,STK,10243,INE398R01022,SYNGENE,EQ,,,,,SYNGENE INTERNATIONAL LTD,362.00,362.00,357.80,360.30,361.90,363.20,,360.30,,,414606,149180886.80,13109,F1,1,,,,,
2026-10-07,2026-10-07,CM,NSE,STK,17203,INE0BTR01012,SYNOPTICS,SM,,,,,SYNOPTICS TECHNOLOGIES L,48.35,48.35,48.35,48.35,48.35,50.85,,48.35,,,1200,58020.00,2,F1,600,,,,,
2026-10-07,2026-10-07,CM,NSE,STK,10793,INE0DYJ01015,SYRMA,EQ,,,,,SYRMA SGS TECHNOLOGY LTD,1690.70,1769.50,1690.70,1746.70,1750.00,1685.10,,1746.68,,,1814188,3164849010.50,83105,F1,1,,,,,
2026-10-07,2026-10-07,CM,NSE,STK,14506,INE0O7R01011,SYSTANGO,SM,,,,,SYSTANGO TECHNOLOGIES LTD,219.25,223.05,215.45,218.65,218.65,219.20,,218.65,,,21600,4724620.00,46,F1,400,,,,,
2026-10-07,2026-10-07,CM,NSE,STK,759358,INE356B01024,SYSTMTXC,BE,,,,,SYSTEMATIX CORP SERVICE L,73.05,73.05,71.59,72.69,72.69,73.05,,72.99,,,11387,824064.87,29,F1,1,,,,,
2026-10-07,2026-10-07,CM,NSE,STK,764955,INE284B01028,TGVSL,EQ,,,,,T G V SRAAC LTD.,125.49,127.00,123.00,126.26,127.00,125.48,,126.27,,,482160,60498119.69,6179,F1,1,,,,,
2026-10-07,2026-10-07,CM,NSE,STK,14314,INE592B01024,TTL,EQ,,,,,T T LIMITED,7.30,7.50,7.25,7.29,7.25,7.38,,7.29,,,99784,734537.42,204,F1,1,,,,,
2026-10-07,2026-10-07,CM,NSE,STK,762929,INE524T01029,TAALTECH,EQ,,,,,TAAL TECH LTD.,1110.60,1130.00,1070.50,1087.90,1098.00,1093.40,,1087.95,,,128291,140646967.10,12818,F1,1,,,,,
2026-10-07,2026-10-07,CM,NSE,STK,23441,INE0SOY01013,TAC,ST,,,,,TAC INFOSEC LIMITED,408.90,427.90,398.00,424.00,420.00,409.20,,424.00,,,42600,17539070.00,196,F1,200,,,,,
2026-10-07,2026-10-07,CM,NSE,STK,3396,INE123C01018,TAINWALCHM,EQ,,,,,TAINWALA CHEMICAL AND PLA,205.00,205.00,196.56,200.40,198.02,201.12,,200.40,,,488,96800.15,28,F1,1,,,,,
2026-10-07,2026-10-07,CM,NSE,STK,9354,INE586B01026,TAJGVK,EQ,,,,,TAJ GVK HOTELS & RESORTS,321.00,329.00,317.50,320.45,319.00,318.30,,320.55,,,67467,21774519.70,2954,F1,1,,,,,
2026-10-07,2026-10-07,CM,NSE,STK,14917,INE142I01023,TAKE,EQ,,,,,TAKE LIMITED,11.89,12.12,11.54,12.12,12.12,11.55,,12.12,,,269087,3226610.45,539,F1,1,,,,,
2026-10-07,2026-10-07,CM,NSE,STK,13648,INE187D01029,TALBROAUTO,EQ,,,,,TALBROS AUTO. COMP. LTD,430.05,432.35,412.25,417.05,417.15,429.45,,417.05,,,181320,75835647.70,6496,F1,1,,,,,
2026-10-07,2026-10-07,CM,NSE,STK,762937,INE864J01012,TAMBOLIIN,BE,,,,,TAMBOLI INDUSTRIES LTD.,308.00,308.00,295.00,295.00,295.00,300.35,,303.73,,,17201,5280920.10,24,F1,1,,,,,
2026-10-07,2026-10-07,CM,NSE,STK,10945,INE668A01016,TMB,EQ,,,,,TAMILNAD MERCA BANK LTD,878.95,884.60,861.05,877.35,880.00,878.95,,877.34,,,153612,134299663.00,12840,F1,1,,,,,
2026-10-07,2026-10-07,CM,NSE,STK,3980,INE107A01015,TNPL,EQ,,,,,TAMILNADU NEWSPRT & PAPER,146.00,146.52,143.00,143.35,143.68,145.94,,143.34,,,74131,10669509.48,2657,F1,1,,,,,
2026-10-07,2026-10-07,CM,NSE,STK,3509,INE148A01019,TNPETRO,EQ,,,,,TAMILNADU PETROPRODUCTS L,126.49,127.39,123.54,125.78,126.00,126.03,,125.78,,,475976,59605647.29,7160,F1,1,,,,,
2026-10-07,2026-10-07,CM,NSE,STK,9884,INE141D01018,TNTELE,BE,,,,,TAMILNADU TELECOMMUNICATI,9.93,9.93,9.93,9.93,9.93,10.45,,9.93,,,21997,218430.21,88,F1,1,,,,,
2026-10-07,2026-10-07,CM,NSE,STK,764945,INE692C01020,TANAA,EQ,,,,,TANEJA AEROSPACE & AVIA L,310.85,363.00,308.00,349.25,349.00,309.30,,349.42,,,447847,155156678.85,20079,F1,1,,,,,
2026-10-07,2026-10-07,CM,NSE,STK,756338,INE0Z7N01017,TANKUP,ST,,,,,TANKUP ENGINEERS LIMITED,1823.45,1823.45,1810.00,1823.45,1823.45,1787.70,,1823.45,,,21500,39199125.00,11,F1,250,,,,,
2026-10-07,2026-10-07,CM,NSE,STK,13976,INE483C01032,TANLA,EQ,,,,,TANLA PLATFORMS LIMITED,491.00,501.60,488.00,494.55,493.95,492.15,,494.56,,,309236,153377244.25,11762,F1,1,,,,,
2026-10-07,2026-10-07,CM,NSE,STK,23512,INE555Z01020,TARACHAND,EQ,,,,,TARA CHAND INFRA SOLN LTD,46.23,47.35,46.23,46.26,46.23,46.42,,46.26,,,48497,2253464.54,1414,F1,1,,,,,
2026-10-07,2026-10-07,CM,NSE,STK,18827,INE747K01017,TARAPUR,EQ,,,,,TARAPUR TRANSFORMERS LTD,11.61,12.25,11.08,11.52,11.64,11.61,,11.52,,,32875,382617.97,323,F1,1,,,,,
2026-10-07,2026-10-07,CM,NSE,STK,1581,INE0EK901012,TARC,EQ,,,,,TARC LIMITED,124.10,124.39,121.23,122.24,121.70,124.10,,122.24,,,240407,29437329.42,2443,F1,1,,,,,
2026-10-07,2026-10-07,CM,NSE,STK,14771,INE924H01018,TARMAT,EQ,,,,,TARMAT LIMITED,56.82,58.78,56.00,56.78,56.94,56.79,,56.78,,,18146,1040753.44,222,F1,1,,,,,
2026-10-07,2026-10-07,CM,NSE,STK,6943,INE144Z01023,TARSONS,EQ,,,,,TARSONS PRODUCTS LIMITED,333.45,352.45,331.25,341.70,340.75,331.65,,341.71,,,230964,79546978.90,7892,F1,1,,,,,
2026-10-07,2026-10-07,CM,NSE,STK,20092,INE488B01017,TASTYBITE,EQ,,,,,TASTY BITE EATABLES LTD,9450.00,9464.50,9328.50,9373.00,9420.00,9413.00,,9372.61,,,402,3774550.50,264,F1,1,,,,,
2026-10-07,2026-10-07,CM,NSE,STK,759265,INE976I01016,TATACAP,EQ,,,,,TATA CAPITAL LIMITED,322.90,322.90,317.30,320.55,320.20,322.10,,320.55,,,1129597,361346142.10,29873,F1,1,,,,,
2026-10-07,2026-10-07,CM,NSE,STK,3405,INE092A01019,TATACHEM,EQ,,,,,TATA CHEMICALS LTD,618.80,618.80,608.80,609.80,610.00,616.55,,609.82,,,451020,276402457.05,11827,F1,1,,,,,
2026-10-07,2026-10-07,CM,NSE,STK,3721,INE151A01013,TATACOMM,EQ,,,,,TATA COMMUNICATIONS LTD,1672.20,1688.00,1622.00,1659.60,1657.00,1681.80,,1659.62,,,612618,1018153348.60,41962,F1,1,,,,,
2026-10-07,2026-10-07,CM,NSE,STK,11536,INE467B01029,TCS,EQ,,,,,TATA CONSULTANCY SERV LT,2085.20,2105.00,2076.00,2080.30,2080.30,2100.00,,2080.32,,,1349758,2819489886.30,62070,F1,1,,,,,
2026-10-07,2026-10-07,CM,NSE,STK,3432,INE192A01025,TATACONSUM,EQ,,,,,TATA CONSUMER PRODUCT LTD,968.00,972.40,962.75,968.50,968.50,976.00,,968.49,,,532061,515503054.45,39148,F1,1,,,,,
2026-10-07,2026-10-07,CM,NSE,STK,3411,INE670A01012,TATAELXSI,EQ,,,,,TATA ELXSI LIMITED,3100.00,3134.00,3077.30,3082.50,3082.50,3093.00,,3082.59,,,178378,552785027.60,22534,F1,1,,,,,
2026-10-07,2026-10-07,CM,NSE,STK,1621,INE672A01026,TATAINVEST,EQ,,,,,TATA INVESTMENT CORP LTD,624.15,625.95,613.70,615.30,615.00,624.15,,615.30,,,221891,137066625.15,10035,F1,1,,,,,
2026-10-07,2026-10-07,CM,NSE,STK,759782,INE1TAE01010,TMCV,EQ,,,,,TATA MOTORS LIMITED,432.50,433.80,424.05,427.90,425.45,433.80,,427.91,,,5489931,2354432484.45,77857,F1,1,,,,,
2026-10-07,2026-10-07,CM,NSE,STK,3456,INE155A01022,TMPV,EQ,,,,,TATA MOTORS PASS VEH LTD,285.60,286.65,280.80,283.00,283.00,285.80,,283.02,,,9266278,2625527269.70,75821,F1,1,,,,,
2026-10-07,2026-10-07,CM,NSE,STK,3426,INE245A01021,TATAPOWER,EQ,,,,,TATA POWER CO LTD,350.90,350.90,341.00,345.15,345.15,351.65,,345.15,,,5227497,1804496539.05,67613,F1,1,,,,,
2026-10-07,2026-10-07,CM,NSE,STK,3499,INE081A01020,TATASTEEL,EQ,,,,,TATA STEEL LIMITED,177.79,178.25,174.60,175.64,175.64,178.69,,175.63,,,18846203,3318060690.67,125202,F1,1,,,,,
2026-10-07,2026-10-07,CM,NSE,STK,20293,INE142M01025,TATATECH,EQ,,,,,TATA TECHNOLOGIES LIMITED,702.50,706.85,695.00,697.60,697.75,703.10,,697.61,,,297761,208643422.25,24215,F1,1,,,,,
2026-10-07,2026-10-07,CM,NSE,STK,8954,INE517B01013,TTML,EQ,,,,,TATA TELESERV(MAHARASTRA),34.08,34.20,33.84,34.01,33.93,34.18,,34.01,,,1417779,48216473.23,8652,F1,1,,,,,
2026-10-07,2026-10-07,CM,NSE,STK,7838,INF277K015R5,NETF,EQ,,,,,TATAAML - NETF,250.98,250.98,246.09,246.55,246.51,247.59,,246.64,,,2948,728031.91,127,F1,1,,,,,
2026-10-07,2026-10-07,CM,NSE,STK,12978,INF277K010X4,NPBET,EQ,,,,,TATAAML - NPBET,279.83,283.20,279.83,281.53,281.53,281.10,,281.53,,,936,263273.19,19,F1,1,,,,,
2026-10-07,2026-10-07,CM,NSE,STK,8882,INF277KA1364,TNIDETF,EQ,,,,,TATAAML - TNIDETF,82.20,85.12,82.20,84.55,83.67,84.01,,84.55,,,55773,4722312.70,361,F1,1,,,,,
2026-10-07,2026-10-07,CM,NSE,STK,21401,INF277KA1976,TATAGOLD,EQ,,,,,TATAAML-TATAGOLD,14.28,14.29,14.23,14.23,14.24,14.28,,14.23,,,34413035,490496692.56,50580,F1,1,,,,,
2026-10-07,2026-10-07,CM,NSE,STK,21428,INF277KA1984,TATSILV,EQ,,,,,TATAAML-TATSILV,21.35,21.40,21.20,21.21,21.27,21.40,,21.21,,,35402176,753313779.89,34276,F1,1,,,,,
2026-10-07,2026-10-07,CM,NSE,STK,5162,INE0GK401011,TATVA,EQ,,,,,TATVA CHIN PHARM CHEM LTD,1880.20,2000.00,1866.70,1991.20,1999.80,1877.40,,1991.38,,,278517,544188991.10,25287,F1,1,,,,,
2026-10-07,2026-10-07,CM,NSE,STK,759759,INE0XWS01018,TAURIAN,ST,,,,,TAURIAN MPS LIMITED,660.00,666.95,655.00,655.50,655.00,645.50,,655.50,,,12800,8442280.00,16,F1,800,,,,,
2026-10-07,2026-10-07,CM,NSE,STK,15112,INE053F07884,735IRFC31,NM,,,,,TAX FREE  7.35% SR. 108,1105.00,1105.00,1105.00,1105.00,1105.00,1110.00,,1105.00,,,14,15470.00,1,F1,1,,,,,
2026-10-07,2026-10-07,CM,NSE,STK,11754,INE053F07835,753IRFC30,NJ,,,,,TAX FREE  7.53% SR. 103 A,1071.75,1071.75,1063.55,1071.00,1071.00,1071.88,,1065.19,,,404,431579.11,12,F1,1,,,,,
2026-10-07,2026-10-07,CM,NSE,STK,15168,INE053F07900,764IRFC31,NO,,,,,TAX FREE  7.64% SR. 108A,1078.20,1080.10,1073.25,1075.98,1076.00,1078.00,,1075.98,,,1413,1518434.13,27,F1,1,,,,,
2026-10-07,2026-10-07,CM,NSE,STK,14529,INE906B07EP5,769NHAI31,NE,,,,,TAX FREE 7.69% SR. IIB,1080.00,1080.00,1076.32,1080.00,1080.00,1077.78,,1080.00,,,672,723951.02,19,F1,1,,,,,
2026-10-07,2026-10-07,CM,NSE,STK,11757,INE053F07843,750IRFC35,NK,,,,,TAX FREE7.50% SR.104 A,1155.00,1156.00,1155.00,1156.00,1156.00,1153.00,,1156.00,,,100,115575.00,3,F1,1,,,,,
2026-10-07,2026-10-07,CM,NSE,STK,12003,INE906B07EJ8,76NHAI31,NA,,,,,TAX FREE7.60% SR.IIB,1113.00,1117.00,1112.61,1114.00,1114.00,1112.06,,1114.00,,,1781,1982595.97,23,F1,1,,,,,
2026-10-07,2026-10-07,CM,NSE,STK,24019,INE0N2D01013,TBI,SM,,,,,TBI CORN LIMITED,71.00,76.00,71.00,74.00,74.00,73.20,,74.00,,,42000,3105720.00,46,F1,600,,,,,
2026-10-07,2026-10-07,CM,NSE,STK,23740,INE673O01025,TBOTEK,EQ,,,,,TBO TEK LIMITED,1682.00,1772.50,1676.40,1704.50,1700.00,1693.20,,1704.51,,,1938711,3337538094.90,75717,F1,1,,,,,
2026-10-07,2026-10-07,CM,NSE,STK,761814,INE887D01024,TCC,EQ,,,,,TCC CONCEPT LIMITED,46.89,47.51,45.65,46.10,46.50,47.09,,46.12,,,360773,16641527.80,3154,F1,1,,,,,
2026-10-07,2026-10-07,CM,NSE,STK,19223,INE586V01016,TCIEXP,EQ,,,,,TCI EXPRESS LIMITED,500.70,509.50,495.00,499.75,499.00,501.40,,499.78,,,25483,12787174.30,1557,F1,1,,,,,
2026-10-07,2026-10-07,CM,NSE,STK,4771,INE911B01018,TCIFINANCE,EQ,,,,,TCI FINANCE LTD,14.49,14.49,14.10,14.21,14.25,14.16,,14.21,,,7931,112815.77,67,F1,1,,,,,
2026-10-07,2026-10-07,CM,NSE,STK,184,INE822C01015,TCPLPACK,EQ,,,,,TCPL PACKAGING LIMITED,4023.00,4055.00,3967.00,4031.50,4055.00,4007.90,,4031.49,,,3112,12488608.20,814,F1,1,,,,,
2026-10-07,2026-10-07,CM,NSE,STK,25178,INE419M01035,TDPOWERSYS,EQ,,,,,TD POWER SYSTEMS LTD.,818.00,834.70,805.15,821.10,820.00,816.00,,821.05,,,2690340,2199981785.15,94487,F1,1,,,,,
2026-10-07,2026-10-07,CM,NSE,STK,10717,INE289C01025,TEAMGTY,EQ,,,,,TEAM INDIA GUARANTY LTD,235.02,240.90,235.02,238.95,238.95,235.02,,238.95,,,206,49263.40,12,F1,1,,,,,
2026-10-07,2026-10-07,CM,NSE,STK,12716,INE985S01024,TEAMLEASE,EQ,,,,,TEAMLEASE SERVICES LTD.,1130.00,1139.50,1093.00,1101.00,1104.80,1130.30,,1100.97,,,19351,21414609.50,3408,F1,1,,,,,
2026-10-07,2026-10-07,CM,NSE,STK,17000,INE065J01024,TPHQ,BE,,,,,TEAMO PRODUCTIONS HQ LTD,0.48,0.49,0.47,0.47,0.47,0.48,,0.47,,,621002,296059.09,293,F1,1,,,,,
2026-10-07,2026-10-07,CM,NSE,STK,763571,INE2OL601013,TEAMTECH,ST,,,,,TEAMTECH FORMWORK SOL LTD,148.00,150.00,144.25,146.30,146.10,151.80,,146.30,,,78000,11337800.00,37,F1,2000,,,,,
2026-10-07,2026-10-07,CM,NSE,STK,13538,INE669C01036,TECHM,EQ,,,,,TECH MAHINDRA LIMITED,1504.00,1513.00,1486.20,1491.10,1491.10,1504.50,,1491.10,,,1254257,1878899025.60,54229,F1,1,,,,,
2026-10-07,2026-10-07,CM,NSE,STK,759138,INE0Y5H01014,TECHD,SM,,,,,TECHD CYBERSECURITY LTD,520.00,539.00,520.00,525.95,529.70,529.80,,525.95,,,32100,16946775.00,100,F1,300,,,,,
2026-10-07,2026-10-07,CM,NSE,STK,25652,INE0JQS01019,TECHERA,SM,,,,,TECHERA ENGINEER (IND) L,153.95,158.95,151.50,155.50,155.35,153.30,,155.50,,,72800,11348160.00,82,F1,800,,,,,
2026-10-07,2026-10-07,CM,NSE,STK,6445,INE285K01026,TECHNOE,EQ,,,,,TECHNO ELEC & ENG CO. LTD,996.70,999.10,980.50,988.30,989.00,996.20,,988.23,,,69665,68893996.00,8396,F1,1,,,,,
2026-10-07,2026-10-07,CM,NSE,STK,14223,INE545H01011,TIIL,EQ,,,,,TECHNOCRAFT IND LTD,2825.50,2825.50,2688.10,2715.40,2713.10,2819.10,,2715.45,,,40230,109673801.80,6470,F1,1,,,,,
2026-10-07,2026-10-07,CM,NSE,STK,764532,INE1D0W01018,TECHNOCRAF,EQ,,,,,TECHNOCRAFT VENTURES LTD,469.00,488.65,467.25,486.40,486.50,467.25,,486.38,,,876756,421374670.20,20444,F1,1,,,,,
2026-10-07,2026-10-07,CM,NSE,STK,762939,INE314H01012,TECHNVISN,EQ,,,,,TECHNVISION VENTURES LTD.,4211.90,4213.50,4080.10,4213.50,4213.50,4012.90,,4218.82,,,581,2444930.50,83,F1,1,,,,,
2026-10-07,2026-10-07,CM,NSE,STK,3453,INE014B01011,TECILCHEM,EQ,,,,,TECIL CHEMICALS,9.78,9.85,9.33,9.40,9.82,9.24,,9.42,,,24062,232992.41,61,F1,1,,,,,
2026-10-07,2026-10-07,CM,NSE,STK,23530,INE0K6601012,TGL,ST,,,,,TEERTH GOPICON LIMITED,13.20,13.45,12.95,12.95,12.95,13.20,,12.95,,,20200,266990.00,60,F1,200,,,,,
2026-10-07,2026-10-07,CM,NSE,STK,7105,INE011K01018,TEGA,EQ,,,,,TEGA INDUSTRIES LIMITED,2108.20,2167.30,2085.50,2123.60,2125.40,2092.50,,2123.62,,,488724,1042532352.10,40850,F1,1,,,,,
2026-10-07,2026-10-07,CM,NSE,STK,763825,INE0R1301019,TEJA,SM,,,,,TEJA ENGINEERING IND L,215.00,218.00,215.00,218.00,218.00,212.05,,218.00,,,1800,388800.00,3,F1,600,,,,,
2026-10-07,2026-10-07,CM,NSE,STK,29723,INE17WC01013,TEJASCARGO,SM,,,,,TEJAS CARGO INDIA LIMITED,410.00,410.00,410.00,410.00,410.00,404.00,,410.00,,,400,164000.00,1,F1,400,,,,,
2026-10-07,2026-10-07,CM,NSE,STK,21131,INE010J01012,TEJASNET,EQ,,,,,TEJAS NETWORKS LIMITED,473.00,477.45,465.00,466.70,466.20,475.85,,466.71,,,1065621,500914791.30,31147,F1,1,,,,,
2026-10-07,2026-10-07,CM,NSE,STK,3275,INE869Y01028,TEMBO,EQ,,,,,TEMBO GLOBAL IND LTD,58.25,58.25,55.35,56.42,56.01,58.25,,56.42,,,1221774,69740485.85,6810,F1,1,,,,,
2026-10-07,2026-10-07,CM,NSE,STK,765426,INE1KZI01025,TEMPSENS,EQ,,,,,TEMPSENS INST (INDIA) LTD,515.70,603.00,514.90,578.00,571.00,515.50,,577.99,,,9435714,5390072972.00,196507,F1,1,,,,,
2026-10-07,2026-10-07,CM,NSE,STK,759880,INE19RI01016,TENNIND,EQ,,,,,TENNECO CLEAN AIR INDIA L,494.15,496.00,479.15,480.40,481.00,494.15,,480.44,,,556746,269029738.55,23494,F1,1,,,,,
2026-10-07,2026-10-07,CM,NSE,STK,19292,INE482B01010,TERASOFT,EQ,,,,,TERA SOFTWARE LIMITED,238.00,242.68,224.61,226.04,225.11,237.77,,225.99,,,32809,7501528.55,1296,F1,1,,,,,
2026-10-07,2026-10-07,CM,NSE,STK,764950,INE390D01011,TERAI,EQ,,,,,TERAI TEA CO. LTD.,122.00,122.00,100.30,113.50,110.20,120.00,,113.32,,,337,37284.38,34,F1,1,,,,,
2026-10-07,2026-10-07,CM,NSE,STK,11549,INE435C01024,TEXINFRA,EQ,,,,,TEXMACO INFRA & HOLDG LTD,127.00,127.00,120.20,121.24,121.33,125.42,,121.25,,,149902,18373619.98,2159,F1,1,,,,,
2026-10-07,2026-10-07,CM,NSE,STK,21828,INE621L01012,TEXRAIL,EQ,,,,,TEXMACO RAIL & ENG. LTD.,117.45,117.70,113.70,114.74,115.00,117.38,,114.74,,,2010213,232527927.27,17674,F1,1,,,,,
2026-10-07,2026-10-07,CM,NSE,STK,18214,INE141K01013,TEXMOPIPES,EQ,,,,,TEXMO PIPE & PRODUCTS LTD,54.00,54.50,52.23,52.58,52.78,53.80,,52.57,,,93443,4999645.77,1414,F1,1,,,,,
2026-10-07,2026-10-07,CM,NSE,STK,10751,INE733E07JW2,762NTPC35F,ND,,,,,TFB 7.62% 2035 SR. 3B,1184.00,1184.00,1155.10,1155.10,1155.10,1184.00,,1155.10,,,186,219031.10,6,F1,1,,,,,
2026-10-07,2026-10-07,CM,NSE,STK,14607,INE797H01018,TGBHOTELS,EQ,,,,,TGB BANQUETS&HOTELS LTD,9.70,9.70,9.35,9.40,9.40,9.37,,9.40,,,3766,35861.78,45,F1,1,,,,,
2026-10-07,2026-10-07,CM,NSE,STK,22777,INE0QJL01014,TCL,SM,,,,,THAAI CASTING LIMITED,132.70,139.00,132.70,133.95,133.95,137.45,,133.95,,,146400,19890440.00,56,F1,800,,,,,
2026-10-07,2026-10-07,CM,NSE,STK,762944,INE077P01034,THACKER,EQ,,,,,THACKER & CO. LTD.,939.65,1000.00,939.65,980.00,980.00,939.65,,960.00,,,39,38403.50,6,F1,1,,,,,
2026-10-07,2026-10-07,CM,NSE,STK,762949,INE403F01017,THAKDEV,EQ,,,,,THAKKERS DEVELOPERS LTD.,134.39,134.39,134.39,134.39,134.39,135.06,,134.39,,,2,268.78,2,F1,1,,,,,
2026-10-07,2026-10-07,CM,NSE,STK,18118,INE085J01014,THANGAMAYL,EQ,,,,,THANGAMAYIL JEWELLERY LTD,4758.50,4870.00,4666.00,4803.00,4818.00,4758.50,,4802.93,,,51777,248949721.50,13152,F1,1,,,,,
2026-10-07,2026-10-07,CM,NSE,STK,9014,INE294Z01018,ANUP,EQ,,,,,THE ANUP ENGINEERING LTD,1575.00,1577.00,1535.00,1547.00,1546.00,1575.90,,1547.11,,,11000,17098875.10,2538,F1,1,,,,,
2026-10-07,2026-10-07,CM,NSE,STK,7919,INE319B01014,BYKE,EQ,,,,,THE BYKE HOSPITALITY LTD,29.98,30.20,29.16,30.01,30.00,29.46,,30.01,,,32011,957981.83,274,F1,1,,,,,
2026-10-07,2026-10-07,CM,NSE,STK,13776,INE017A01032,GESHIP,EQ,,,,,THE GE SHPG.LTD,1530.60,1572.00,1530.60,1567.90,1569.90,1532.60,,1567.80,,,464716,724239576.70,28127,F1,1,,,,,
2026-10-07,2026-10-07,CM,NSE,STK,17770,INE646C01018,GROBTEA,EQ,,,,,THE GROB TEA COMPANY LTD,882.00,899.50,870.30,899.50,899.50,873.95,,899.50,,,8,7109.05,6,F1,1,,,,,
2026-10-07,2026-10-07,CM,NSE,STK,8568,INE127B01011,HITECHGEAR,BE,,,,,THE HI-TECH GEARS LIMITED,568.90,581.30,560.00,565.00,565.00,568.90,,565.00,,,2607,1491389.25,64,F1,1,,,,,
2026-10-07,2026-10-07,CM,NSE,STK,1515,INE383A01012,INDIACEM,EQ,,,,,THE INDIA CEMENTS LIMITED,295.25,305.00,289.20,303.05,303.00,295.25,,303.05,,,252820,75472333.75,14765,F1,1,,,,,
2026-10-07,2026-10-07,CM,NSE,STK,1512,INE053A01029,INDHOTEL,EQ,,,,,THE INDIAN HOTELS CO. LTD,736.65,743.00,728.50,731.30,731.30,736.00,,731.29,,,3190796,2343155519.70,52434,F1,1,,,,,
2026-10-07,2026-10-07,CM,NSE,STK,21427,INE924D01017,THEINVEST,EQ,,,,,THE INVEST TRUST OF IND L,91.26,92.63,89.90,90.20,92.50,90.81,,90.20,,,4177,378549.97,118,F1,1,,,,,
2026-10-07,2026-10-07,CM,NSE,STK,399,INE470Y01017,NIACL,EQ,,,,,THE NEW INDIA ASSU CO LTD,161.50,161.73,158.30,159.29,159.00,160.72,,159.29,,,767464,122655045.19,11806,F1,1,,,,,
2026-10-07,2026-10-07,CM,NSE,STK,10318,INE431F01018,PKTEA,BE,,,,,THE P K TEA PROD CO LTD,980.00,980.00,940.00,944.40,943.00,983.20,,944.40,,,484,462353.30,74,F1,1,,,,,
2026-10-07,2026-10-07,CM,NSE,STK,14552,INE211B01039,PHOENIXLTD,EQ,,,,,THE PHOENIX MILLS LTD,1861.00,1886.30,1845.00,1845.50,1845.50,1883.50,,1845.50,,,277954,517305904.70,31460,F1,1,,,,,
2026-10-07,2026-10-07,CM,NSE,STK,2043,INE331A01037,RAMCOCEM,EQ,,,,,THE RAMCO CEMENTS LIMITED,850.25,850.25,833.50,845.00,846.90,848.25,,844.99,,,165100,138858260.60,7610,F1,1,,,,,
2026-10-07,2026-10-07,CM,NSE,STK,2939,INE301D01026,RUBYMILLS,EQ,,,,,THE RUBY MILLS LTD,510.05,523.80,490.00,509.80,509.90,512.80,,509.82,,,12360,6333539.30,1087,F1,1,,,,,
2026-10-07,2026-10-07,CM,NSE,STK,5948,INE683A01023,SOUTHBANK,EQ,,,,,THE SOUTH INDIAN BANK LTD,47.00,47.80,46.11,47.47,47.40,47.23,,47.47,,,16144912,760131784.23,50731,F1,1,,,,,
2026-10-07,2026-10-07,CM,NSE,STK,10948,INE655A01013,STCINDIA,EQ,,,,,THE STATE TRADING CORPN,106.38,106.38,104.23,104.50,104.31,105.86,,104.50,,,10396,1091152.69,397,F1,1,,,,,
2026-10-07,2026-10-07,CM,NSE,STK,19582,INE071E01023,UGARSUGAR,BE,,,,,THE UGAR SUGAR WORKS LTD,59.40,60.99,56.90,58.45,58.80,59.26,,58.46,,,129567,7563932.39,708,F1,1,,,,,
2026-10-07,2026-10-07,CM,NSE,STK,20481,INE215F01023,WIPL,EQ,,,,,THE WESTERN INDIA PLY LTD,163.21,166.64,162.00,163.27,163.25,161.65,,163.27,,,1223,200445.95,142,F1,1,,,,,
2026-10-07,2026-10-07,CM,NSE,STK,19279,INE121N01019,THEJO,EQ,,,,,THEJO ENGINEERING LIMITED,2074.20,2120.00,2074.20,2100.40,2098.00,2098.90,,2100.40,,,3998,8392755.40,451,F1,1,,,,,
2026-10-07,2026-10-07,CM,NSE,STK,14485,INE083B01024,THEMISMED,EQ,,,,,THEMIS MEDICARE LTD.,114.05,117.98,113.40,115.47,114.35,113.49,,115.47,,,77738,8992873.13,1586,F1,1,,,,,
2026-10-07,2026-10-07,CM,NSE,STK,3475,INE152A01029,THERMAX,EQ,,,,,THERMAX LTD,3262.00,3277.20,3200.00,3230.40,3229.20,3225.10,,3230.45,,,103486,335977955.20,22726,F1,1,,,,,
2026-10-07,2026-10-07,CM,NSE,STK,25651,INE0SHE01019,THESL,ST,,,,,THINKING HATS ENTER SOL L,15.50,15.50,15.50,15.50,15.50,14.80,,15.50,,,3000,46500.00,1,F1,3000,,,,,
2026-10-07,2026-10-07,CM,NSE,STK,3496,INE338A01024,TIRUMALCHM,EQ,,,,,THIRUMALAI CHEMICALS LTD,148.90,152.90,146.80,147.91,148.04,148.53,,147.89,,,270559,40373343.71,4468,F1,1,,,,,
2026-10-07,2026-10-07,CM,NSE,STK,3481,INE332A01027,THOMASCOOK,EQ,,,,,THOMAS COOK (INDIA) LTD,100.80,101.61,99.89,100.54,100.60,101.09,,100.53,,,327879,32981443.07,4835,F1,1,,,,,
2026-10-07,2026-10-07,CM,NSE,STK,31017,INE480M01011,THOMASCOTT,EQ,,,,,THOMAS SCOTT (INDIA) LTD,281.65,287.65,272.50,278.85,280.00,280.80,,278.83,,,29314,8235440.30,973,F1,1,,,,,
2026-10-07,2026-10-07,CM,NSE,STK,17032,INE594H01019,THYROCARE,EQ,,,,,THYROCARE TECH LTD,532.40,532.40,510.50,513.05,513.40,529.80,,513.05,,,315757,162904631.10,30020,F1,1,,,,,
2026-10-07,2026-10-07,CM,NSE,STK,759176,INE906O01029,TIGERLOGS,EQ,,,,,TIGER LOGISTICS (INDIA) L,25.99,26.30,25.11,26.17,26.18,25.86,,26.15,,,52827,1370837.60,682,F1,1,,,,,
2026-10-07,2026-10-07,CM,NSE,STK,25486,INE440L01017,TIJARIA,BE,,,,,TIJARIA POLYPIPES LTD,6.55,6.73,6.40,6.47,6.50,6.42,,6.48,,,3915,25553.22,41,F1,1,,,,,
2026-10-07,2026-10-07,CM,NSE,STK,9802,INE806C01018,TIL,BE,,,,,TIL LTD,242.25,246.10,232.20,239.90,240.40,242.25,,239.90,,,47307,11338060.40,335,F1,1,,,,,
2026-10-07,2026-10-07,CM,NSE,STK,19196,INE133E01013,TI,EQ,,,,,TILAKNAGAR INDUSTRIES LTD,543.10,563.15,542.60,551.55,550.80,547.80,,551.54,,,1058902,586645428.30,41115,F1,1,,,,,
2026-10-07,2026-10-07,CM,NSE,STK,14707,INE508G01029,TIMETECHNO,EQ,,,,,TIME TECHNOPLAST LTD.,183.00,185.22,180.64,183.62,184.07,183.07,,183.63,,,2467633,452573955.33,23191,F1,1,,,,,
2026-10-07,2026-10-07,CM,NSE,STK,7800,INE0IJY01014,TIMESCAN,SM,,,,,TIMESCAN LOGISTICS IND L,42.00,42.00,42.00,42.00,42.00,40.00,,42.00,,,12000,504000.00,3,F1,2000,,,,,
2026-10-07,2026-10-07,CM,NSE,STK,762954,INE064A01026,TIMEX,EQ,,,,,TIMEX GROUP INDIA LTD.,733.70,744.60,715.00,724.45,724.00,731.70,,724.43,,,336138,244506580.45,21334,F1,1,,,,,
2026-10-07,2026-10-07,CM,NSE,STK,14198,INE325A01013,TIMKEN,EQ,,,,,TIMKEN INDIA LTD.,3157.00,3178.80,3096.00,3132.00,3163.90,3156.90,,3132.04,,,39160,122583993.70,10243,F1,1,,,,,
2026-10-07,2026-10-07,CM,NSE,STK,756020,INE015C01016,TINNARUBR,EQ,,,,,TINNA RUBBER AND INFR LTD,954.95,957.75,926.00,930.55,932.85,950.25,,930.66,,,25287,23701879.35,2675,F1,1,,,,,
2026-10-07,2026-10-07,CM,NSE,STK,11374,INE0LQS01015,TIPSFILMS,EQ,,,,,TIPS FILMS LIMITED,338.70,342.00,325.15,328.75,326.20,334.55,,328.80,,,6753,2244827.60,374,F1,1,,,,,
2026-10-07,2026-10-07,CM,NSE,STK,9117,INE716B01029,TIPSMUSIC,EQ,,,,,TIPS MUSIC LIMITED,653.10,657.90,638.00,639.90,638.40,653.10,,639.94,,,226714,146464761.45,12133,F1,1,,,,,
2026-10-07,2026-10-07,CM,NSE,STK,22284,INE319Y01024,TIRUPATIFL,BE,,,,,TIRUPATI FORGE LIMITED,70.75,71.20,70.75,70.80,70.80,72.19,,70.80,,,408182,28882802.85,375,F1,1,,,,,
2026-10-07,2026-10-07,CM,NSE,STK,15414,INE615H01020,TITAGARH,EQ,,,,,TITAGARH RAIL SYSTEMS LTD,804.85,808.45,796.65,799.75,800.00,804.85,,799.74,,,199471,159961989.60,10653,F1,1,,,,,
2026-10-07,2026-10-07,CM,NSE,STK,3506,INE280A01028,TITAN,EQ,,,,,TITAN COMPANY LIMITED,4439.00,4440.00,4335.60,4377.00,4377.00,4550.00,,4377.03,,,2951280,12913301459.20,172614,F1,1,,,,,
2026-10-07,2026-10-07,CM,NSE,STK,3837,INE932C01012,TOKYOPLAST,EQ,,,,,TOKYO PLAST INTL LTD,73.69,73.69,70.00,70.87,70.87,71.10,,70.87,,,771,54924.70,39,F1,1,,,,,
2026-10-07,2026-10-07,CM,NSE,STK,25262,INE0RWQ01014,TOLINS,EQ,,,,,TOLINS TYRES LIMITED,90.00,90.95,88.00,90.08,90.50,90.19,,90.08,,,55327,4955313.67,1228,F1,1,,,,,
2026-10-07,2026-10-07,CM,NSE,STK,3518,INE685A01028,TORNTPHARM,EQ,,,,,TORRENT PHARMACEUTICALS L,4765.00,4791.30,4679.00,4716.20,4716.20,4772.00,,4716.17,,,241200,1136898582.70,28212,F1,1,,,,,
2026-10-07,2026-10-07,CM,NSE,STK,13786,INE813H01021,TORNTPOWER,EQ,,,,,TORRENT POWER LTD,1238.90,1247.80,1223.20,1236.50,1238.30,1234.90,,1236.49,,,175635,216466441.60,13283,F1,1,,,,,
2026-10-07,2026-10-07,CM,NSE,STK,22425,INE336X01012,TOTAL,BE,,,,,TOTAL TRANSPORT SYS LTD,70.00,71.45,69.80,69.81,69.81,71.54,,69.81,,,1140,79899.95,37,F1,1,,,,,
2026-10-07,2026-10-07,CM,NSE,STK,16908,INE486Y01013,TOUCHWOOD,EQ,,,,,TOUCHWOOD ENTERTAIN LTD.,60.37,60.37,59.01,59.61,59.01,58.95,,59.61,,,951,57193.28,12,F1,1,,,,,
2026-10-07,2026-10-07,CM,NSE,STK,3466,INE305A01023,TFCILTD,EQ,,,,,TOURISM FINANCE CORP. OF,141.29,154.00,141.26,152.24,152.68,140.65,,152.24,,,19824302,2976590013.82,93150,F1,1,,,,,
2026-10-07,2026-10-07,CM,NSE,STK,765195,INE457P01020,TOYAMSL,EQ,,,,,TOYAM SPORTS LTD.,0.69,0.71,0.69,0.71,0.71,0.68,,0.72,,,374839,265953.57,145,F1,1,,,,,
2026-10-07,2026-10-07,CM,NSE,STK,9219,INE413G01022,TPLPLASTEH,EQ,,,,,TPL PLASTECH LIMITED,69.64,69.80,68.16,68.60,68.30,69.18,,68.60,,,108731,7502879.15,850,F1,1,,,,,
2026-10-07,2026-10-07,CM,NSE,STK,11582,INE0HMF01019,TRACXN,EQ,,,,,TRACXN TECHNOLOGIES LTD,35.00,35.00,33.02,33.89,34.18,34.34,,33.89,,,357771,12182589.32,2693,F1,1,,,,,
2026-10-07,2026-10-07,CM,NSE,STK,15174,INE763I01026,TARIL,EQ,,,,,TRANS & RECTI. LTD,283.95,294.15,278.35,289.15,289.95,283.65,,289.14,,,3041176,879685188.85,50162,F1,1,,,,,
2026-10-07,2026-10-07,CM,NSE,STK,765200,INE330E01023,TRANSCOR,EQ,,,,,TRANSCORP INTERNATIONAL L,24.54,25.50,24.16,25.38,25.38,23.91,,25.38,,,12826,320122.81,65,F1,1,,,,,
2026-10-07,2026-10-07,CM,NSE,STK,17795,INE0O3901029,TREL,EQ,,,,,TRANSINDIA REAL ESTATE L,27.00,27.33,26.00,26.71,26.65,26.64,,26.69,,,85309,2277100.18,808,F1,1,,,,,
2026-10-07,2026-10-07,CM,NSE,STK,7669,INE687A01016,TRANSPEK,BE,,,,,TRANSPEK INDUSTRIES LTD,1345.10,1425.00,1345.10,1398.10,1405.00,1379.50,,1394.43,,,1763,2473400.10,92,F1,1,,,,,
2026-10-07,2026-10-07,CM,NSE,STK,10580,INE688A01022,TCI,EQ,,,,,TRANSPORT CORPN OF INDIA,890.00,897.95,882.90,885.60,884.00,888.00,,885.62,,,69647,61904164.05,5106,F1,1,,,,,
2026-10-07,2026-10-07,CM,NSE,STK,28714,INE454P01035,TRANSRAILL,EQ,,,,,TRANSRAIL LIGHTING LTD,485.00,486.90,476.00,479.30,479.80,482.40,,479.28,,,770841,371834988.55,24076,F1,1,,,,,
2026-10-07,2026-10-07,CM,NSE,STK,19801,INE0NVI01020,TRANSTEEL,SM,,,,,TRANSTEEL SEATING TECH L,80.95,85.00,80.10,82.45,81.35,80.95,,82.45,,,45000,3697600.00,40,F1,1000,,,,,
2026-10-07,2026-10-07,CM,NSE,STK,14319,INE804H01012,TFL,EQ,,,,,TRANSWARRANTY FIN. LTD.,11.99,12.21,11.65,12.16,12.20,11.99,,12.16,,,3999,48553.82,51,F1,1,,,,,
2026-10-07,2026-10-07,CM,NSE,STK,21260,INE792X01016,TRANSWIND,SM,,,,,TRANSWIND INFRA LIMITED,11.30,11.30,11.30,11.30,11.30,11.30,,11.30,,,4000,45200.00,1,F1,4000,,,,,
2026-10-07,2026-10-07,CM,NSE,STK,8619,INE757B01015,TRANSWORLD,BE,,,,,TRANSWORLD SHIP LINES LTD,152.50,156.99,152.50,155.05,155.05,153.70,,156.03,,,2195,340669.99,37,F1,1,,,,,
2026-10-07,2026-10-07,CM,NSE,STK,757545,INE103V01028,TRAVELFOOD,EQ,,,,,TRAVEL FOOD SERVICES LTD,1191.30,1197.10,1180.20,1189.60,1187.30,1197.90,,1189.60,,,67434,80211902.00,10999,F1,1,,,,,
2026-10-07,2026-10-07,CM,NSE,STK,25082,INE040M01013,TREEHOUSE,EQ,,,,,TREE HOUSE EDU LTD,5.80,6.00,5.70,5.78,5.79,5.82,,5.78,,,10445,60782.00,53,F1,1,,,,,
2026-10-07,2026-10-07,CM,NSE,STK,7518,INE00CA01015,TREJHARA,EQ,,,,,TREJHARA SOLUTIONS LTD,135.81,135.81,125.75,127.48,130.00,130.39,,127.48,,,22107,2854008.02,558,F1,1,,,,,
2026-10-07,2026-10-07,CM,NSE,STK,1964,INE849A01020,TRENT,EQ,,,,,TRENT LTD,2897.00,2909.00,2876.80,2890.30,2890.30,2906.00,,2890.30,,,1317846,3812990377.20,60619,F1,1,,,,,
2026-10-07,2026-10-07,CM,NSE,STK,17987,INE391D01019,TRF,EQ,,,,,TRF LIMITED,197.03,198.95,193.07,198.02,198.95,196.30,,197.85,,,5575,1091165.64,289,F1,1,,,,,
2026-10-07,2026-10-07,CM,NSE,STK,27041,INE760L01018,TBZ,BE,,,,,TRIB BHIMJI ZAVERI LTD,591.00,618.00,588.00,594.25,597.00,608.85,,594.30,,,130826,78514360.50,2244,F1,1,,,,,
2026-10-07,2026-10-07,CM,NSE,STK,9685,INE064C01022,TRIDENT,EQ,,,,,TRIDENT LIMITED,22.56,22.68,22.26,22.31,22.35,22.56,,22.31,,,2433694,54453179.51,11612,F1,1,,,,,
2026-10-07,2026-10-07,CM,NSE,STK,21078,INE0QD201012,TECHLABS,SM,,,,,TRIDENT TECHLABS LIMITED,114.95,114.95,110.00,111.85,112.40,113.25,,111.85,,,12250,1362350.00,66,F1,125,,,,,
2026-10-07,2026-10-07,CM,NSE,STK,5428,INE948A01012,TRIGYN,EQ,,,,,TRIGYN TECHNOLOGIES LTD,51.00,52.45,51.00,51.63,52.04,51.70,,51.62,,,9705,501483.43,238,F1,1,,,,,
2026-10-07,2026-10-07,CM,NSE,STK,764960,INE440G01017,TRITONV,EQ,,,,,TRITON VALVES LTD.,1070.10,1099.00,1042.90,1050.20,1050.00,1093.00,,1049.33,,,3421,3626181.30,333,F1,1,,,,,
2026-10-07,2026-10-07,CM,NSE,STK,13081,INE256C01024,TRIVENI,EQ,,,,,TRIVENI ENGG. & INDS. LTD,243.00,249.04,240.64,245.13,243.85,241.97,,245.12,,,621686,152792762.94,17337,F1,1,,,,,
2026-10-07,2026-10-07,CM,NSE,STK,25584,INE152M01016,TRITURBINE,EQ,,,,,TRIVENI TURBINE LIMITED,530.10,543.00,528.90,531.45,529.00,536.10,,531.46,,,337921,180891578.30,26994,F1,1,,,,,
2026-10-07,2026-10-07,CM,NSE,STK,24642,INE0SYV01018,TROM,SM,,,,,TROM INDUSTRIES LIMITED,53.95,57.20,53.85,56.05,57.20,52.05,,56.05,,,12000,661740.00,17,F1,600,,,,,
2026-10-07,2026-10-07,CM,NSE,STK,759210,INE0MWH01014,TRUALT,EQ,,,,,TRUALT BIOENERGY LIMITED,445.35,456.95,439.95,448.85,449.00,444.35,,448.85,,,132449,59505760.10,4913,F1,1,,,,,
2026-10-07,2026-10-07,CM,NSE,STK,9378,INE615R01029,TRU,EQ,,,,,TRUCAP FINANCE LIMITED,4.30,4.30,4.15,4.25,4.28,4.12,,4.25,,,29133,123921.36,123,F1,1,,,,,
2026-10-07,2026-10-07,CM,NSE,STK,23417,INE0SWN01019,TRUST,SM,,,,,TRUST FINTECH LIMITED,25.70,25.70,24.15,24.70,24.70,25.55,,24.70,,,22200,555720.00,32,F1,600,,,,,
2026-10-07,2026-10-07,CM,NSE,STK,2183,INE202Z01029,TSFINV,EQ,,,,,TSF INVESTMENTS LIMITED,415.00,416.40,407.20,409.60,407.95,417.95,,409.60,,,59688,24602219.50,2672,F1,1,,,,,
2026-10-07,2026-10-07,CM,NSE,STK,27448,INE1C3207065,935TSI30,N0,,,,,TSI 9.35% 30 SR I-D,104784.93,104784.93,104784.93,104784.93,104784.93,104657.53,,104784.93,,,29,3038762.97,2,F1,1,,,,,
2026-10-07,2026-10-07,CM,NSE,STK,11369,INE910C01018,TTKHLTCARE,EQ,,,,,TTK HEALTHCARE LIMITED,1040.40,1050.50,1026.70,1046.60,1045.60,1033.70,,1046.60,,,13651,14203606.20,1337,F1,1,,,,,
2026-10-07,2026-10-07,CM,NSE,STK,3546,INE690A01028,TTKPRESTIG,EQ,,,,,TTK PRESTIGE LTD,521.00,521.75,515.30,517.85,517.80,522.85,,517.90,,,16239,8412625.20,1885,F1,1,,,,,
2026-10-07,2026-10-07,CM,NSE,STK,312,INE974X01010,TIINDIA,EQ,,,,,TUBE INVEST OF INDIA LTD,2470.30,2472.00,2355.50,2388.00,2388.00,2472.70,,2388.00,,,556889,1333722743.70,44242,F1,1,,,,,
2026-10-07,2026-10-07,CM,NSE,STK,24520,INE0OXV01027,TUNWAL,SM,,,,,TUNWAL E-MOTORS LIMITED,26.05,26.05,25.50,25.75,25.80,26.10,,25.75,,,16000,412000.00,8,F1,2000,,,,,
2026-10-07,2026-10-07,CM,NSE,STK,756090,INE0OC301013,TURTLEMINT,EQ,,,,,TURTLEMINT FINTECH SOLS L,68.91,72.35,67.88,72.28,72.35,68.91,,72.28,,,1668511,118251836.25,11391,F1,1,,,,,
2026-10-07,2026-10-07,CM,NSE,STK,765205,INE400A01014,TUTIALKA,EQ,,,,,TUTICORIN ALKAL CH & FE L,54.00,54.95,54.00,54.70,54.95,54.00,,54.79,,,2110,115119.01,38,F1,1,,,,,
2026-10-07,2026-10-07,CM,NSE,STK,11275,INE038F01029,TVTODAY,EQ,,,,,TV TODAY NETWORK LTD,101.15,103.00,100.62,101.30,101.20,101.48,,101.30,,,15356,1560014.03,413,F1,1,,,,,
2026-10-07,2026-10-07,CM,NSE,STK,18508,INE871L01013,TVVISION,BE,,,,,TV VISION LIMITED,2.63,2.63,2.47,2.59,2.59,2.59,,2.59,,,33766,86009.97,59,F1,1,,,,,
2026-10-07,2026-10-07,CM,NSE,STK,11265,INE236G01019,TVSELECT,EQ,,,,,TVS ELECTRONICS LTD,404.05,404.05,395.00,397.00,395.00,404.20,,397.02,,,27384,10942411.05,1273,F1,1,,,,,
2026-10-07,2026-10-07,CM,NSE,STK,29008,INE105A01035,TVSHLTD,EQ,,,,,TVS HOLDINGS LIMITED,11722.00,11809.00,11600.00,11735.00,11765.00,11763.00,,11735.12,,,4318,50616010.00,1389,F1,1,,,,,
2026-10-07,2026-10-07,CM,NSE,STK,8479,INE494B01023,TVSMOTOR,EQ,,,,,TVS MOTOR COMPANY  LTD,3982.80,3995.00,3870.80,3926.00,3926.00,3981.00,,3925.97,,,673718,2655781863.90,47052,F1,1,,,,,
2026-10-07,2026-10-07,CM,NSE,STK,14245,INE421C01016,TVSSRICHAK,EQ,,,,,TVS SRICHAKRA LIMITED,4367.20,4419.10,4321.30,4354.10,4341.20,4390.10,,4353.99,,,3851,16870049.60,1284,F1,1,,,,,
2026-10-07,2026-10-07,CM,NSE,STK,18151,INE395N01027,TVSSCS,EQ,,,,,TVS SUPPLY CHAIN SOL L,131.00,132.60,128.13,130.40,130.99,130.67,,130.48,,,475200,62089248.31,7320,F1,1,,,,,
2026-10-07,2026-10-07,CM,NSE,STK,19503,INE388G01026,TICL,BE,,,,,TWAMEV CONS AND INFRA LTD,8.99,8.99,8.99,8.99,8.99,8.57,,8.99,,,37230,334697.70,21,F1,1,,,,,
2026-10-07,2026-10-07,CM,NSE,STK,25629,INE152C01025,UYFINCORP,BE,,,,,U. Y. FINCORP LIMITED,21.82,23.49,21.81,22.93,22.80,22.95,,22.91,,,223056,5062720.67,570,F1,1,,,,,
2026-10-07,2026-10-07,CM,NSE,STK,7739,INE139B01016,UCAL,BE,,,,,UCAL LIMITED,144.95,145.99,140.61,141.57,140.80,142.37,,141.57,,,17699,2527072.02,64,F1,1,,,,,
2026-10-07,2026-10-07,CM,NSE,STK,755996,INE583D07562,10UCL26,ND,,,,,UCL 10.00% SR I,1001.01,1001.01,1001.01,1001.01,1001.01,1002.76,,1001.01,,,5,5005.05,1,F1,1,,,,,
2026-10-07,2026-10-07,CM,NSE,STK,756004,INE583D07596,1050UCL28,NH,,,,,UCL 10.50% SR V,1011.00,1011.00,1007.00,1007.00,1007.00,1025.00,,1005.05,,,72,72577.60,5,F1,1,,,,,
2026-10-07,2026-10-07,CM,NSE,STK,11223,INE691A01018,UCOBANK,EQ,,,,,UCO BANK,23.20,23.53,22.95,23.40,23.44,23.27,,23.40,,,3707604,86254007.34,15370,F1,1,,,,,
2026-10-07,2026-10-07,CM,NSE,STK,764965,INE551B01012,UDAYJEW,EQ,,,,,UDAY JEWELLERY INDS. LTD.,168.00,168.01,160.50,161.13,160.50,160.33,,161.10,,,7798,1269242.88,396,F1,1,,,,,
2026-10-07,2026-10-07,CM,NSE,STK,14871,INE0N0Y01013,USK,EQ,,,,,UDAYSHIVAKUMAR INFRA LTD,19.36,19.36,18.00,18.40,18.40,18.64,,18.37,,,11444,209830.91,186,F1,1,,,,,
2026-10-07,2026-10-07,CM,NSE,STK,1053,INE516A01017,UFLEX,EQ,,,,,UFLEX LIMITED,641.55,655.00,633.10,643.15,639.10,641.25,,643.17,,,115503,74167239.40,5105,F1,1,,,,,
2026-10-07,2026-10-07,CM,NSE,STK,9039,INE527H01019,UFO,EQ,,,,,UFO MOVIEZ INDIA LTD.,58.47,58.48,56.55,56.88,56.90,57.38,,56.87,,,20402,1169063.97,388,F1,1,,,,,
2026-10-07,2026-10-07,CM,NSE,STK,5313,INE583D01011,UGROCAP,EQ,,,,,UGRO CAPITAL LIMITED,82.90,82.90,80.76,81.28,81.70,82.97,,81.28,,,212716,17335774.94,6615,F1,1,,,,,
2026-10-07,2026-10-07,CM,NSE,STK,23507,INE899L01030,UEL,EQ,,,,,UJAAS ENERGY LIMITED,179.62,183.80,176.05,177.64,179.22,179.62,,177.60,,,7247,1298279.70,528,F1,1,,,,,
2026-10-07,2026-10-07,CM,NSE,STK,15228,INE551W01018,UJJIVANSFB,EQ,,,,,UJJIVAN SMALL FINANC BANK,65.20,67.19,64.72,64.94,64.94,65.19,,64.93,,,15595871,1026348158.82,54217,F1,1,,,,,
2026-10-07,2026-10-07,CM,NSE,STK,5945,INE00F301010,UWCSL,SM,,,,,ULTRA WIRING CONN SYS LTD,120.00,120.00,114.95,114.95,114.95,121.00,,114.95,,,2000,234950.00,2,F1,1000,,,,,
2026-10-07,2026-10-07,CM,NSE,STK,762961,INE405A01021,ULTRAMAR,EQ,,,,,ULTRAMARINE & PIGMENTS L,409.30,411.95,405.10,409.60,407.80,408.80,,409.60,,,24466,9973886.45,1046,F1,1,,,,,
2026-10-07,2026-10-07,CM,NSE,STK,11532,INE481G01011,ULTRACEMCO,EQ,,,,,ULTRATECH CEMENT LIMITED,10730.00,10812.00,10595.00,10658.00,10658.00,10750.00,,10658.30,,,287808,3073166641.00,44241,F1,1,,,,,
2026-10-07,2026-10-07,CM,NSE,STK,13349,INE067901012,UMA,SM,,,,,UMA CONVERTER LIMITED,18.40,18.40,18.40,18.40,18.40,16.60,,18.40,,,4000,73600.00,1,F1,4000,,,,,
2026-10-07,2026-10-07,CM,NSE,STK,8845,INE0GIU01018,UMAEXPORTS,BE,,,,,UMA EXPORTS LIMITED,21.40,21.43,20.05,20.07,20.05,21.09,,20.07,,,79271,1605079.86,162,F1,1,,,,,
2026-10-07,2026-10-07,CM,NSE,STK,8998,INE398B01018,UMIYA-MRO,EQ,,,,,UMIYA BUILDCON LIMITED,93.69,93.69,92.10,92.22,92.16,92.55,,92.22,,,4126,381356.92,99,F1,1,,,,,
2026-10-07,2026-10-07,CM,NSE,STK,3579,INE351A01035,UNICHEMLAB,EQ,,,,,UNICHEM LABORATORIES LTD,552.85,557.90,541.35,546.20,548.00,548.10,,546.18,,,44644,24581420.90,2954,F1,1,,,,,
2026-10-07,2026-10-07,CM,NSE,STK,24809,INE00U401027,UNIECOM,EQ,,,,,UNICOMMERCE ESOLUTIONS L,82.00,83.24,81.72,82.61,82.41,81.84,,82.60,,,138686,11451060.68,1817,F1,1,,,,,
2026-10-07,2026-10-07,CM,NSE,STK,18582,INE0PRF01011,UNIHEALTH,SM,,,,,UNIHEALTH HOSPITALS LTD,558.00,559.95,541.05,554.35,556.95,550.00,,554.35,,,16500,9079925.00,28,F1,500,,,,,
2026-10-07,2026-10-07,CM,NSE,STK,7791,INE481Z01011,UNIINFO,EQ,,,,,UNIINFO TELECOM SERVI LTD,11.02,11.50,10.53,11.45,11.50,11.00,,11.45,,,8580,97223.90,47,F1,1,,,,,
2026-10-07,2026-10-07,CM,NSE,STK,25633,INE0B2801011,UNILEX,SM,,,,,UNILEX COLOURS AND CHEM L,31.00,31.00,30.75,30.75,30.75,30.40,,30.75,,,3200,98800.00,2,F1,1600,,,,,
2026-10-07,2026-10-07,CM,NSE,STK,28960,INE0U3I01011,UNIMECH,EQ,,,,,UNIMECH AEROSPACE N MFG L,1892.50,1892.50,1840.10,1854.50,1850.00,1873.10,,1854.60,,,143988,268734520.90,16891,F1,1,,,,,
2026-10-07,2026-10-07,CM,NSE,STK,10753,INE692A01016,UNIONBANK,EQ,,,,,UNION BANK OF INDIA,167.67,174.90,165.44,173.15,173.15,168.44,,173.15,,,13484976,2315832905.40,76751,F1,1,,,,,
2026-10-07,2026-10-07,CM,NSE,STK,29687,INF582M01KS4,UNIONGOLD,EQ,,,,,UNIONAMC - UNIONGOLD,143.75,144.00,143.15,143.50,143.55,143.35,,143.50,,,2520,361573.40,151,F1,1,,,,,
2026-10-07,2026-10-07,CM,NSE,STK,13057,INE244O01017,UNIPARTS,EQ,,,,,UNIPARTS INDIA LIMITED,825.00,832.10,806.20,812.30,814.00,824.70,,812.24,,,59608,48726378.60,7965,F1,1,,,,,
2026-10-07,2026-10-07,CM,NSE,STK,11293,INE037A01022,UNIENTER,EQ,,,,,UNIPHOS ENTERPRISES LTD,87.10,89.85,86.12,86.72,87.70,87.09,,86.82,,,2646,230555.45,57,F1,1,,,,,
2026-10-07,2026-10-07,CM,NSE,STK,3594,INE694A01020,UNITECH,EQ,,,,,UNITECH LTD,3.98,4.21,3.95,4.10,4.10,4.00,,4.10,,,5044354,20757719.85,3099,F1,1,,,,,
2026-10-07,2026-10-07,CM,NSE,STK,16713,INE686F01025,UBL,EQ,,,,,UNITED BREWERIES LTD,1192.00,1192.00,1178.40,1185.70,1188.60,1178.30,,1185.79,,,48162,57071340.90,6634,F1,1,,,,,
2026-10-07,2026-10-07,CM,NSE,STK,201,INE961D01019,UNIDT,EQ,,,,,UNITED DRILLING TOOLS LTD,230.00,235.01,226.00,227.34,228.00,226.13,,227.89,,,32104,7353462.47,1225,F1,1,,,,,
2026-10-07,2026-10-07,CM,NSE,STK,3133,INE382M01027,UFBL,BE,,,,,UNITED FOODBRANDS LIMITED,695.20,700.00,681.25,687.65,692.95,695.20,,687.55,,,20133,13958467.70,417,F1,1,,,,,
2026-10-07,2026-10-07,CM,NSE,STK,25938,INE0SMR01011,UHTL,ST,,,,,UNITED HEAT TRANSFER LTD,203.75,203.75,203.75,203.75,203.75,199.80,,203.75,,,4000,815000.00,2,F1,2000,,,,,
2026-10-07,2026-10-07,CM,NSE,STK,17999,INE458F01011,UNITEDTEA,EQ,,,,,UNITED NILGIRI TEA LTD,415.95,418.00,401.60,408.85,411.95,415.95,,408.85,,,4211,1730362.05,138,F1,1,,,,,
2026-10-07,2026-10-07,CM,NSE,STK,7560,INE368U01029,UNITEDPOLY,EQ,,,,,UNITED POLYFAB GUJ. LTD.,49.99,49.99,47.61,48.10,49.05,48.49,,48.10,,,98385,4766493.76,732,F1,1,,,,,
2026-10-07,2026-10-07,CM,NSE,STK,10447,INE854D01024,UNITDSPR,EQ,,,,,UNITED SPIRITS LIMITED,1348.30,1355.40,1338.00,1344.00,1344.00,1358.00,,1344.00,,,998614,1342735035.40,34920,F1,1,,,,,
2026-10-07,2026-10-07,CM,NSE,STK,18979,INE562X01013,UNIVASTU,BE,,,,,UNIVASTU INDIA LIMITED,134.84,134.84,126.50,129.81,130.55,131.63,,129.81,,,25581,3287832.61,240,F1,1,,,,,
2026-10-07,2026-10-07,CM,NSE,STK,3607,INE279A01012,UNIVCABLES,EQ,,,,,UNIVERSAL CABLES LTD,1667.00,1669.50,1597.70,1633.10,1628.20,1649.20,,1632.86,,,99488,162120029.20,12788,F1,1,,,,,
2026-10-07,2026-10-07,CM,NSE,STK,17661,INE03V001013,UNIVPHOTO,BE,,,,,UNIVERSUS IMAGINGS LTD,465.55,488.00,452.00,479.95,479.95,470.25,,482.28,,,776,355945.20,42,F1,1,,,,,
2026-10-07,2026-10-07,CM,NSE,STK,14154,INE405E01023,UNOMINDA,EQ,,,,,UNO MINDA LIMITED,1115.70,1123.90,1100.00,1104.80,1104.80,1120.00,,1104.81,,,277168,307246958.00,18536,F1,1,,,,,
2026-10-07,2026-10-07,CM,NSE,STK,2871,INE530B08094,10IIFL28A,NE,,,,,UNSE RE NCD 10% SR.I,1047.00,1055.00,1047.00,1055.00,1055.00,1050.00,,1055.00,,,404,425365.00,12,F1,1,,,,,
2026-10-07,2026-10-07,CM,NSE,STK,2877,INE530B08102,96IIFL28A,NF,,,,,UNSE RE NCD 9.6% SR.II,1000.50,1002.50,1000.40,1001.77,1002.00,1000.23,,1001.91,,,1051,1052853.60,16,F1,1,,,,,
2026-10-07,2026-10-07,CM,NSE,STK,5214,INE477L08154,96IIFL28,N5,,,,,UNSEC RE NCD 9.60% SR.II,1001.00,1001.77,1000.00,1000.44,1001.00,1000.99,,1000.48,,,4402,4403878.11,24,F1,1,,,,,
2026-10-07,2026-10-07,CM,NSE,STK,19045,INE866I08279,10IIFL29,N6,,,,,UNSEC RED NCD 10.0% SR. V,1026.00,1026.00,1026.00,1026.00,1026.00,1026.00,,1000.53,,,6,6156.00,2,F1,1,,,,,
2026-10-07,2026-10-07,CM,NSE,STK,21225,INE306N08292,910TCAP28,NA,,,,,UNSERENCD9.1%SRIIICIII&IV,1040.00,1040.00,1034.00,1034.00,1034.00,1035.00,,1032.00,,,108,111700.70,9,F1,1,,,,,
2026-10-07,2026-10-07,CM,NSE,STK,19113,INE851I01011,UDS,EQ,,,,,UPDATER SERVICES LIMITED,215.40,219.70,213.01,218.11,218.70,215.40,,218.12,,,108092,23506534.48,2342,F1,1,,,,,
2026-10-07,2026-10-07,CM,NSE,STK,11287,INE628A01036,UPL,EQ,,,,,UPL LIMITED,510.00,510.00,494.60,495.00,495.00,509.55,,495.00,,,2175673,1086555434.15,42923,F1,1,,,,,
2026-10-07,2026-10-07,CM,NSE,STK,17081,INE568Z01015,URAVIDEF,BE,,,,,URAVI DEFENCE &TECH LTD,101.49,102.00,101.00,102.00,102.00,102.00,,102.60,,,1118,113550.91,26,F1,1,,,,,
2026-10-07,2026-10-07,CM,NSE,STK,759084,INE0CAZ01013,URBANCO,EQ,,,,,URBAN COMPANY LIMITED,170.50,173.01,167.75,168.23,167.80,173.54,,168.23,,,6144587,1042508417.07,56997,F1,1,,,,,
2026-10-07,2026-10-07,CM,NSE,STK,16888,INE0O0201019,URBAN,SM,,,,,URBAN ENVIRO WASTE MGMT L,119.10,122.90,118.70,121.75,121.75,122.65,,121.75,,,13600,1647960.00,16,F1,800,,,,,
2026-10-07,2026-10-07,CM,NSE,STK,20203,INE550C01020,URJA,EQ,,,,,URJA GLOBAL LIMITED,8.51,8.70,8.48,8.51,8.50,8.60,,8.51,,,491846,4207243.64,2036,F1,1,,,,,
2026-10-07,2026-10-07,CM,NSE,STK,25955,INE0LS001014,USHAFIN,ST,,,,,USHA FINANCIAL SERVICES L,50.40,50.75,49.50,49.55,49.50,48.35,,49.55,,,22400,1128240.00,12,F1,1600,,,,,
2026-10-07,2026-10-07,CM,NSE,STK,19142,INE240C01028,UMESLTD,EQ,,,,,USHA MARTIN EDU & SOL LTD,4.39,4.70,4.39,4.51,4.57,4.45,,4.51,,,58235,264490.57,115,F1,1,,,,,
2026-10-07,2026-10-07,CM,NSE,STK,8840,INE228A01035,USHAMART,EQ,,,,,USHA MARTIN LTD.,519.00,523.40,510.00,520.25,518.35,516.70,,520.25,,,962383,495627814.15,22008,F1,1,,,,,
2026-10-07,2026-10-07,CM,NSE,STK,527,INE094J01016,UTIAMC,EQ,,,,,UTI ASSET MNGMT CO LTD,889.00,901.00,879.05,892.30,890.10,888.20,,892.36,,,71137,63261214.70,9432,F1,1,,,,,
2026-10-07,2026-10-07,CM,NSE,STK,765431,INF789F1AG76,NIF500BETA,EQ,,,,,UTIAMC - NIF500BETA,35.27,36.49,35.27,35.36,35.27,35.99,,35.36,,,8319,298484.78,70,F1,1,,,,,
2026-10-07,2026-10-07,CM,NSE,STK,766104,INF789F1AH42,SECLEDBETA,EQ,,,,,UTIAMC - SECLEDBETA,13.97,13.97,13.85,13.89,13.88,13.97,,13.89,,,4846,67158.80,26,F1,1,,,,,
2026-10-07,2026-10-07,CM,NSE,STK,22440,INF789F1AUV1,BANKBETA,EQ,,,,,UTIAMC-BANKBETA,57.45,57.45,56.49,57.03,57.20,56.88,,57.03,,,325999,18593410.07,1519,F1,1,,,,,
2026-10-07,2026-10-07,CM,NSE,STK,22524,INF789F1AZF3,GILT10BETA,EQ,,,,,UTIAMC-GILT10BETA,26.50,26.50,25.98,26.15,26.15,26.45,,26.15,,,1280,33352.95,12,F1,1,,,,,
2026-10-07,2026-10-07,CM,NSE,STK,22521,INF789F1AZE6,GILT5BETA,EQ,,,,,UTIAMC-GILT5BETA,66.29,66.29,65.14,66.25,66.25,66.00,,66.25,,,2576,168515.72,18,F1,1,,,,,
2026-10-07,2026-10-07,CM,NSE,STK,22488,INF789F1AZD8,ITBETA,EQ,,,,,UTIAMC-ITBETA,295.00,296.25,291.46,291.72,291.46,295.00,,291.72,,,214,63076.55,9,F1,1,,,,,
2026-10-07,2026-10-07,CM,NSE,STK,18347,INF789F1AYX9,MIDCAPBETA,EQ,,,,,UTIAMC-MIDCAPBETA,222.62,223.50,220.66,223.50,223.50,222.14,,223.50,,,341,75632.26,20,F1,1,,,,,
2026-10-07,2026-10-07,CM,NSE,STK,21478,INF789F1AUW9,NEXT50BETA,EQ,,,,,UTIAMC-NEXT50BETA,75.40,75.80,74.72,75.08,75.50,75.50,,75.08,,,50862,3825904.51,652,F1,1,,,,,
2026-10-07,2026-10-07,CM,NSE,STK,10511,INF789F1AZC0,NIFTYBETA,EQ,,,,,UTIAMC-NIFTYBETA,252.40,252.42,250.54,250.97,250.90,252.39,,250.97,,,31322,7871572.20,514,F1,1,,,,,
2026-10-07,2026-10-07,CM,NSE,STK,10515,INF789FB1X58,SENSEXBETA,EQ,,,,,UTIAMC-SENSEXBETA,812.54,812.54,801.30,804.11,807.10,809.72,,804.11,,,1318,1062403.32,109,F1,1,,,,,
2026-10-07,2026-10-07,CM,NSE,STK,15085,INF789F1AYK6,SILVERBETA,EQ,,,,,UTIAMC-SILVERBETA,212.69,212.69,210.84,210.93,211.01,212.69,,210.94,,,171833,36321256.89,2857,F1,1,,,,,
2026-10-07,2026-10-07,CM,NSE,STK,9168,INF789F1AUU3,SNXT50BETA,EQ,,,,,UTIAMC-SNXT50BETA,89.62,90.83,89.34,89.63,89.35,90.07,,89.63,,,2278,204831.87,76,F1,1,,,,,
2026-10-07,2026-10-07,CM,NSE,STK,14535,INF789F1AUX7,GOLDBETA,EQ,,,,,UTIAMC-UTIGOLDBETA,124.00,124.00,123.15,123.25,123.25,123.75,,123.25,,,591386,72920765.45,2081,F1,1,,,,,
2026-10-07,2026-10-07,CM,NSE,STK,751587,INE1V1R01014,UTKAL,ST,,,,,UTKAL SPEC INDUS INDIA L,50.25,50.25,48.60,48.60,48.60,50.50,,48.60,,,12000,589600.00,6,F1,2000,,,,,
2026-10-07,2026-10-07,CM,NSE,STK,17358,INE735W01017,UTKARSHBNK,EQ,,,,,UTKARSH SMALL FIN BANK L,14.30,14.43,13.85,13.98,13.98,13.52,,13.98,,,21411872,299694965.45,22244,F1,1,,,,,
2026-10-07,2026-10-07,CM,NSE,STK,24726,INE06IJ01010,UTSSAV,SM,,,,,UTSSAV CZ GOLD JEWELS LTD,870.00,881.00,848.00,855.00,858.00,860.75,,855.00,,,37800,32590080.00,61,F1,600,,,,,
2026-10-07,2026-10-07,CM,NSE,STK,13376,INE786F01031,UTTAMSUGAR,EQ,,,,,UTTAM SUGAR MILLS LTD.,302.35,312.70,299.40,308.30,308.30,302.80,,308.29,,,345726,106519640.05,9258,F1,1,,,,,
2026-10-07,2026-10-07,CM,NSE,STK,3188,INE0GXK01018,VMARCIND,SM,,,,,V MARC INDIA LIMITED,320.00,329.00,318.50,326.95,326.00,323.05,,326.95,,,178500,57581625.00,113,F1,1500,,,,,
2026-10-07,2026-10-07,CM,NSE,STK,765220,INE222F01029,VTMLTD,EQ,,,,,V T M LTD.,35.98,36.28,33.55,34.11,34.00,35.92,,34.11,,,174164,6111466.09,1370,F1,1,,,,,
2026-10-07,2026-10-07,CM,NSE,STK,15362,INE951I01027,VGUARD,EQ,,,,,V-GUARD IND LTD.,304.90,305.30,301.20,302.15,301.60,306.30,,302.15,,,223851,67919027.55,8639,F1,1,,,,,
2026-10-07,2026-10-07,CM,NSE,STK,24606,INE0QXL01015,VLINFRA,SM,,,,,V.L.INFRAPROJECTS LIMITED,25.80,25.80,24.20,24.85,24.85,24.75,,24.85,,,12000,296700.00,7,F1,1500,,,,,
2026-10-07,2026-10-07,CM,NSE,STK,14766,INE945H01021,V2RETAIL,EQ,,,,,V2 RETAIL LIMITED,171.34,171.97,157.35,163.95,161.40,172.19,,163.99,,,3074441,515350101.57,37809,F1,1,,,,,
2026-10-07,2026-10-07,CM,NSE,STK,20188,INE956G01038,WABAG,EQ,,,,,VA TECH WABAG LTD,2009.50,2053.60,1990.80,1998.30,2001.00,2006.90,,1998.34,,,363620,732577622.10,28418,F1,1,,,,,
2026-10-07,2026-10-07,CM,NSE,STK,764975,INE693D01018,VADILENT,EQ,,,,,VADILAL ENTERPRISES LTD.,9860.00,9910.00,9860.00,9910.00,9910.00,9860.00,,9880.00,,,2,19770.00,2,F1,1,,,,,
2026-10-07,2026-10-07,CM,NSE,STK,24196,INE694D01016,VADILALIND,EQ,,,,,VADILAL INDUSTRIES LTD,7309.50,7309.50,7198.00,7247.00,7295.00,7309.50,,7246.97,,,2509,18197133.50,1087,F1,1,,,,,
2026-10-07,2026-10-07,CM,NSE,STK,11364,INE884A01027,VAIBHAVGBL,EQ,,,,,VAIBHAV GLOBAL LIMITED,201.43,201.89,199.01,200.75,201.09,202.43,,200.74,,,92278,18494174.66,3101,F1,1,,,,,
2026-10-07,2026-10-07,CM,NSE,STK,8262,INE0JR301013,MADHAVBAUG,ST,,,,,VAIDYA SANE AYUR LAB LTD,165.00,172.80,165.00,168.95,172.80,173.00,,168.95,,,4800,798580.00,10,F1,400,,,,,
2026-10-07,2026-10-07,CM,NSE,STK,16589,INE972X01022,VAISHALI,EQ,,,,,VAISHALI PHARMA LIMITED,8.40,8.40,7.76,8.10,8.30,8.17,,8.10,,,181758,1467820.46,393,F1,1,,,,,
2026-10-07,2026-10-07,CM,NSE,STK,13342,INE051B01021,VAKRANGEE,EQ,,,,,VAKRANGEE LIMITED,5.19,5.22,5.15,5.19,5.22,5.19,,5.19,,,577018,2986973.04,966,F1,1,,,,,
2026-10-07,2026-10-07,CM,NSE,STK,19220,INE0JWS01017,VALIANTLAB,BE,,,,,VALIANT LABORATORIES LTD,126.00,126.00,120.65,123.21,124.25,124.37,,122.71,,,45361,5570846.22,275,F1,1,,,,,
2026-10-07,2026-10-07,CM,NSE,STK,330,INE565V01010,VALIANTORG,EQ,,,,,VALIANT ORGANICS LIMITED,496.80,505.00,477.00,479.85,477.00,496.80,,479.92,,,109561,53677035.75,3326,F1,1,,,,,
2026-10-07,2026-10-07,CM,NSE,STK,18124,INE879I01012,DBREALTY,EQ,,,,,VALOR ESTATE LIMITED,90.18,91.48,88.08,88.79,88.93,90.08,,88.79,,,632706,56762884.46,7435,F1,1,,,,,
2026-10-07,2026-10-07,CM,NSE,STK,763304,INE1E7Y01018,VALUE360,SM,,,,,VALUE 360 COMMUNICATION L,68.00,73.85,68.00,73.85,73.85,61.55,,73.85,,,195600,14346780.00,61,F1,1200,,,,,
2026-10-07,2026-10-07,CM,NSE,STK,11220,INE116G01013,VARDHACRLC,EQ,,,,,VARDHAMAN ACRYLICS LTD,44.00,44.49,43.35,43.72,43.75,43.63,,43.72,,,29518,1293511.80,109,F1,1,,,,,
2026-10-07,2026-10-07,CM,NSE,STK,11892,INE701A01023,VHL,EQ,,,,,VARDHMAN HOLDINGS LIMITED,3599.00,3611.00,3528.00,3598.80,3600.00,3574.20,,3598.80,,,611,2193345.40,175,F1,1,,,,,
2026-10-07,2026-10-07,CM,NSE,STK,3646,INE835A01029,VARDMNPOLY,EQ,,,,,VARDHMAN POLYTEX LTD.,5.31,5.60,5.24,5.40,5.38,5.44,,5.38,,,164823,889364.36,494,F1,1,,,,,
2026-10-07,2026-10-07,CM,NSE,STK,27067,INE050M01012,VSSL,EQ,,,,,VARDHMAN SPC STEEL LTD,389.75,395.00,382.90,393.75,395.00,389.75,,393.73,,,60271,23475237.80,2892,F1,1,,,,,
2026-10-07,2026-10-07,CM,NSE,STK,2073,INE825A01020,VTL,EQ,,,,,VARDHMAN TEXTILES LIMITED,549.40,551.45,533.70,536.40,536.00,549.40,,536.40,,,192444,103701806.45,9563,F1,1,,,,,
2026-10-07,2026-10-07,CM,NSE,STK,766255,INE0M5301040,VARMORA,EQ,,,,,VARMORA GRANITO LIMITED,132.84,137.30,130.35,136.31,136.70,132.84,,136.31,,,1844068,247527816.29,17770,F1,1,,,,,
2026-10-07,2026-10-07,CM,NSE,STK,3857,INE665L01035,VARROC,EQ,,,,,VARROC ENGINEERING LTD.,814.45,826.80,810.00,823.75,826.30,814.45,,823.73,,,166445,136135852.20,13502,F1,1,,,,,
2026-10-07,2026-10-07,CM,NSE,STK,18921,INE200M01039,VBL,EQ,,,,,VARUN BEVERAGES LIMITED,438.00,444.05,435.00,440.75,440.75,439.30,,440.75,,,3591044,1583796856.75,34518,F1,1,,,,,
2026-10-07,2026-10-07,CM,NSE,STK,13771,INE273D01027,VGL,EQ,,,,,VARVEE GLOBAL LIMITED,64.98,65.86,62.51,62.92,63.00,63.76,,62.92,,,23868,1517465.52,340,F1,1,,,,,
2026-10-07,2026-10-07,CM,NSE,STK,16454,INE0N5801013,DENTALKART,SM,,,,,VASA DENTICITY LIMITED,496.30,496.30,472.00,475.25,472.00,490.15,,475.25,,,8750,4244587.50,29,F1,250,,,,,
2026-10-07,2026-10-07,CM,NSE,STK,18110,INE893I01013,VASCONEQ,EQ,,,,,VASCON ENGINEERS LTD,32.12,32.51,32.05,32.33,32.26,32.31,,32.33,,,206540,6664850.63,984,F1,1,,,,,
2026-10-07,2026-10-07,CM,NSE,STK,25340,INE590L01019,VASWANI,EQ,,,,,VASWANI IND LTD,43.66,44.24,43.20,43.80,43.41,43.41,,43.66,,,13762,598679.23,101,F1,1,,,,,
2026-10-07,2026-10-07,CM,NSE,STK,9027,INE098201036,VCL,BE,,,,,VAXTEX COTFAB LIMITED,1.57,1.57,1.49,1.55,1.57,1.50,,1.55,,,649613,1008206.00,262,F1,1,,,,,
2026-10-07,2026-10-07,CM,NSE,STK,757413,INE04HY07294,1025VCCL28,N0,,,,,VCCL 10.25% 2028,97800.00,98447.34,97800.00,98137.95,98447.34,97800.00,,98137.95,,,14,1373931.38,4,F1,1,,,,,
2026-10-07,2026-10-07,CM,NSE,STK,758533,INE04HY07302,118VCCL27A,N0,,,,,VCCL 11.8% 2027 SR B,97749.73,97749.73,97749.73,97749.73,97749.73,99999.99,,97749.73,,,1,97749.73,1,F1,1,,,,,
2026-10-07,2026-10-07,CM,NSE,STK,759394,INE04HY07336,118VCCL27B,N0,,,,,VCCL 11.8% 2027 SR B,99765.00,99765.00,99765.00,99765.00,99765.00,99731.34,,99765.00,,,2,199530.00,1,F1,1,,,,,
2026-10-07,2026-10-07,CM,NSE,STK,757721,INE04HY07278,12VCCL29C,N0,,,,,VCCL 12% 2029 SR I,99001.00,99001.00,98999.00,98999.00,98999.00,100000.00,,98999.00,,,2,198000.00,2,F1,1,,,,,
2026-10-07,2026-10-07,CM,NSE,STK,764503,INE04HY07419,115VCCL31B,N0,,,,,VCCL31B 11.50% 2031,10404.41,10404.41,10404.41,10404.41,10404.41,10088.87,,10404.41,,,1,10404.41,1,F1,1,,,,,
2026-10-07,2026-10-07,CM,NSE,STK,25054,INE0U2M01015,VDEAL,SM,,,,,VDEAL SYSTEM LIMITED,105.05,109.00,105.05,108.95,108.95,110.35,,108.95,,,4200,446490.00,7,F1,600,,,,,
2026-10-07,2026-10-07,CM,NSE,STK,8167,INE825V01034,MANYAVAR,EQ,,,,,VEDANT FASHIONS LIMITED,507.40,509.85,491.65,500.20,496.00,505.40,,500.21,,,276295,138287495.50,29585,F1,1,,,,,
2026-10-07,2026-10-07,CM,NSE,STK,750174,INE1CDF01017,VAML,EQ,,,,,VEDANTA ALUMINIUM METAL L,401.25,401.80,393.05,394.00,393.05,401.05,,394.00,,,3370906,1337514098.20,102095,F1,1,,,,,
2026-10-07,2026-10-07,CM,NSE,STK,750290,INE1CLE01013,VISL,EQ,,,,,VEDANTA IRON AND STEEL L,30.50,30.71,29.22,29.44,29.50,30.75,,29.44,,,35144526,1039526888.50,50138,F1,1,,,,,
2026-10-07,2026-10-07,CM,NSE,STK,3063,INE205A01025,VEDL,EQ,,,,,VEDANTA LIMITED,264.50,265.20,258.80,261.40,261.40,265.60,,261.40,,,10190251,2661812694.30,69569,F1,1,,,,,
2026-10-07,2026-10-07,CM,NSE,STK,750368,INE704J01044,VOGL,EQ,,,,,VEDANTA OIL AND GAS LTD,31.32,31.38,30.75,31.11,31.14,31.41,,31.11,,,10673746,331620332.91,32582,F1,1,,,,,
2026-10-07,2026-10-07,CM,NSE,STK,750518,INE694L01019,VEDPOWER,EQ,,,,,VEDANTA POWER LIMITED,32.39,32.63,31.87,32.42,32.40,32.53,,32.42,,,7685828,247931323.66,31204,F1,1,,,,,
2026-10-07,2026-10-07,CM,NSE,STK,764980,INE359B01010,VEDAVAAG,EQ,,,,,VEDAVAAG SYSTEMS LTD.,23.50,23.51,22.11,22.84,22.88,23.24,,22.83,,,60838,1380860.49,367,F1,1,,,,,
2026-10-07,2026-10-07,CM,NSE,STK,14019,INE484C01030,VEEDOL,EQ,,,,,VEEDOL CORPORATION LTD,1390.00,1401.00,1361.00,1383.00,1372.50,1392.40,,1382.99,,,6459,8956927.00,850,F1,1,,,,,
2026-10-07,2026-10-07,CM,NSE,STK,766097,INE1JTV01015,VEEGALAND,EQ,,,,,VEEGALAND DEVELOPERS LTD,149.95,153.00,141.10,143.63,142.70,148.64,,143.63,,,2096377,308615487.10,17982,F1,1,,,,,
2026-10-07,2026-10-07,CM,NSE,STK,10710,INE0KTW01013,VEEKAYEM,SM,,,,,VEEKAYEM FASH & APP LTD,103.15,111.00,103.15,103.50,103.50,108.35,,103.50,,,4000,420100.00,8,F1,500,,,,,
2026-10-07,2026-10-07,CM,NSE,STK,762969,INE232E01013,VELJAN,BE,,,,,VELJAN DENISON LTD.,2657.90,2657.90,2580.00,2657.90,2657.90,2531.40,,2657.90,,,4352,11546055.20,274,F1,1,,,,,
2026-10-07,2026-10-07,CM,NSE,STK,3757,INE398A01010,VENKEYS,EQ,,,,,VENKY S (INDIA) LIMITED,1687.90,1692.90,1649.80,1655.60,1654.00,1694.80,,1655.94,,,40836,68004906.10,4584,F1,1,,,,,
2026-10-07,2026-10-07,CM,NSE,STK,28847,INE781S01027,VENTIVE,EQ,,,,,VENTIVE HOSPITALITY LTD,587.90,587.90,575.05,582.40,577.00,582.35,,582.31,,,12530,7289388.00,1201,F1,1,,,,,
2026-10-07,2026-10-07,CM,NSE,STK,9592,INE0JA001018,VENUSPIPES,EQ,,,,,VENUS PIPES & TUBES LTD,2243.00,2269.80,2185.70,2238.50,2264.00,2240.30,,2237.99,,,114368,254172715.80,9589,F1,1,,,,,
2026-10-07,2026-10-07,CM,NSE,STK,13856,INE411B01019,VENUSREM,BE,,,,,VENUS REMEDIES LIMITED,1721.00,1800.50,1670.60,1769.40,1784.00,1746.70,,1769.07,,,24817,43296643.70,1067,F1,1,,,,,
2026-10-07,2026-10-07,CM,NSE,STK,8904,INE0IQ001011,VERANDA,BE,,,,,VERANDA LEARNING SOL LTD,30.99,31.20,30.00,31.20,31.20,29.72,,31.20,,,164637,5105016.74,561,F1,1,,,,,
2026-10-07,2026-10-07,CM,NSE,STK,14503,INE0NLB01018,VERTEXPLUS,ST,,,,,VERTEXPLUS TECHNOLOGIES L,72.80,72.80,72.80,72.80,72.80,69.35,,72.80,,,1200,87360.00,2,F1,600,,,,,
2026-10-07,2026-10-07,CM,NSE,STK,10757,INE0KXY23015,VERTIS,IV,,,,,VERTIS INFRASTRUCTURE TST,115.50,115.75,115.50,115.75,115.75,114.00,,115.75,,,225000,26000000.00,7,F1,25000,,,,,
2026-10-07,2026-10-07,CM,NSE,STK,18863,INE188Y01031,VERTOZ,EQ,,,,,VERTOZ LIMITED,33.49,34.93,32.10,33.06,32.83,33.52,,33.06,,,65720,2226333.06,648,F1,1,,,,,
2026-10-07,2026-10-07,CM,NSE,STK,3676,INE386A01023,VESUVIUS,EQ,,,,,VESUVIUS INDIA LTD,403.00,415.55,399.10,409.70,412.60,404.40,,409.73,,,176659,72304377.15,8752,F1,1,,,,,
2026-10-07,2026-10-07,CM,NSE,STK,8652,INE918N01018,VETO,EQ,,,,,VETO SWITCHGEAR CABLE LTD,140.00,140.80,138.00,138.49,139.00,138.54,,138.44,,,42720,5930338.22,1324,F1,1,,,,,
2026-10-07,2026-10-07,CM,NSE,STK,14316,INE0MO401019,VIAZ,SM,,,,,VIAZ TYRES LIMITED,83.50,85.40,82.00,84.90,84.90,81.75,,84.90,,,48000,4025400.00,15,F1,2000,,,,,
2026-10-07,2026-10-07,CM,NSE,STK,22730,INE0QTF01015,VSTL,EQ,,,,,VIBHOR STEEL TUBES LTD,108.56,108.56,106.25,106.84,106.65,108.56,,106.84,,,21084,2267719.48,498,F1,1,,,,,
2026-10-07,2026-10-07,CM,NSE,STK,765252,INE761Q01015,VGCL,EQ,,,,,VIBRANT GLOBAL CAPITAL L,47.58,49.98,47.58,49.98,49.98,47.60,,50.79,,,5350,264983.63,25,F1,1,,,,,
2026-10-07,2026-10-07,CM,NSE,STK,23386,INE048C01025,VHLTD,BE,,,,,VICEROY HOTELS LIMITED,130.90,131.55,129.00,129.62,129.33,128.97,,129.61,,,79381,10328533.71,392,F1,1,,,,,
2026-10-07,2026-10-07,CM,NSE,STK,760691,INE0F8901022,VICTORYEV,SM,,,,,VICTORY ELEC VEHICL INT L,13.75,13.75,13.75,13.75,13.75,13.75,,13.75,,,3000,41250.00,1,F1,3000,,,,,
2026-10-07,2026-10-07,CM,NSE,STK,13536,INE632C01026,VIDHIING,EQ,,,,,VIDHI SPCLTY F INGRDNTS L,353.05,354.00,348.00,348.20,348.40,352.30,,348.20,,,4118,1441006.50,456,F1,1,,,,,
2026-10-07,2026-10-07,CM,NSE,STK,760224,INE14UN01029,VIDYAWIRES,EQ,,,,,VIDYA WIRES LIMITED,96.90,100.62,95.60,100.62,100.62,95.83,,100.67,,,4647269,461889834.85,20362,F1,1,,,,,
2026-10-07,2026-10-07,CM,NSE,STK,758898,INE1DM601016,VIGOR,SM,,,,,VIGOR PLAST INDIA LIMITED,74.40,74.40,70.35,70.35,70.35,74.05,,70.35,,,41600,2976640.00,23,F1,1600,,,,,
2026-10-07,2026-10-07,CM,NSE,STK,764985,INE362D01010,VIJSOLX,EQ,,,,,VIJAY SOLVEX LTD.,614.05,617.65,614.05,615.85,615.85,620.00,,623.55,,,43,26434.40,8,F1,1,,,,,
2026-10-07,2026-10-07,CM,NSE,STK,5585,INE043W01024,VIJAYA,EQ,,,,,VIJAYA DIAGNOSTIC CEN LTD,1470.00,1490.60,1445.30,1462.40,1455.30,1466.70,,1462.40,,,86569,126741258.30,13167,F1,1,,,,,
2026-10-07,2026-10-07,CM,NSE,STK,760121,INE0WL901019,VIJAYPD,SM,,,,,VIJAYPD CEUTICAL LIMITED,82.05,97.00,82.05,96.10,96.00,83.70,,96.10,,,210000,19202100.00,95,F1,2000,,,,,
2026-10-07,2026-10-07,CM,NSE,STK,17695,INE159N01027,VIJIFIN,BE,,,,,VIJI FINANCE LIMITED,13.01,13.01,13.01,13.01,13.01,13.69,,13.01,,,49009,637607.09,102,F1,1,,,,,
2026-10-07,2026-10-07,CM,NSE,STK,25756,INE806A01020,VIKASECO,EQ,,,,,VIKAS ECOTECH LIMITED,1.02,1.03,1.01,1.02,1.03,1.02,,1.02,,,1107129,1132728.15,875,F1,1,,,,,
2026-10-07,2026-10-07,CM,NSE,STK,9931,INE161L01027,VIKASLIFE,EQ,,,,,VIKAS LIFECARE LIMITED,1.19,1.21,1.19,1.19,1.20,1.20,,1.19,,,1837662,2202140.12,7119,F1,1,,,,,
2026-10-07,2026-10-07,CM,NSE,STK,759453,INE078V01014,VIKRAMSOLR,EQ,,,,,VIKRAM SOLAR LIMITED,151.50,151.89,148.51,148.94,150.00,151.50,,148.94,,,1900464,284668736.47,18979,F1,1,,,,,
2026-10-07,2026-10-07,CM,NSE,STK,758973,INE01R501028,VIKRAN,EQ,,,,,VIKRAN ENGINEERING LTD,57.99,59.09,57.47,57.85,58.00,58.13,,57.85,,,651511,37915618.05,4958,F1,1,,,,,
2026-10-07,2026-10-07,CM,NSE,STK,23909,INE0AZY01017,VILAS,SM,,,,,VILAS TRANSCORE LIMITED,388.50,396.95,385.00,386.65,385.00,394.75,,386.65,,,16500,6448462.50,51,F1,250,,,,,
2026-10-07,2026-10-07,CM,NSE,STK,16960,INE0L4V01013,VILINBIO,ST,,,,,VILIN BIO MED LIMITED,54.75,55.00,51.00,51.25,51.00,52.95,,51.25,,,56000,2933400.00,14,F1,4000,,,,,
2026-10-07,2026-10-07,CM,NSE,STK,13101,INE579C01029,VIMTALABS,EQ,,,,,VIMTA LABS LIMITED,579.90,582.90,564.85,567.20,569.00,577.40,,567.23,,,140574,80336958.90,9554,F1,1,,,,,
2026-10-07,2026-10-07,CM,NSE,STK,17364,INE410B01037,VINATIORGA,EQ,,,,,VINATI ORGANICS LTD,1191.00,1195.80,1138.50,1142.30,1141.30,1179.50,,1142.43,,,71386,82226057.20,11789,F1,1,,,,,
2026-10-07,2026-10-07,CM,NSE,STK,3694,INE707A01012,VINDHYATEL,EQ,,,,,VINDHYA TELELINKS LTD,2822.50,2907.10,2779.00,2810.10,2809.00,2829.70,,2810.09,,,74369,211413233.00,9737,F1,1,,,,,
2026-10-07,2026-10-07,CM,NSE,STK,3807,INE505Y01010,VINEETLAB,EQ,,,,,VINEET LABORATORIES LTD,37.20,38.15,36.50,36.65,36.82,36.52,,36.65,,,113429,4170450.16,362,F1,1,,,,,
2026-10-07,2026-10-07,CM,NSE,STK,763821,INE27V201011,VMOBILE,SM,,,,,VINIT MOBILE LIMITED,53.30,55.80,53.20,55.80,55.80,56.00,,55.80,,,8800,472400.00,11,F1,800,,,,,
2026-10-07,2026-10-07,CM,NSE,STK,12490,INE01KI01027,VINNY,EQ,,,,,VINNY OVERSEAS LIMITED,0.91,0.92,0.88,0.89,0.88,0.90,,0.89,,,283034,254535.70,218,F1,1,,,,,
2026-10-07,2026-10-07,CM,NSE,STK,766061,INE1A5U01014,VINOD,SM,,,,,VINOD TEXWORLD LIMITED,39.20,39.20,39.20,39.20,39.20,41.25,,39.20,,,36000,1411200.00,13,F1,1200,,,,,
2026-10-07,2026-10-07,CM,NSE,STK,17905,INE0OSJ01014,VINSYS,ST,,,,,VINSYS IT SERVICES IND LT,576.00,576.00,572.00,572.00,572.00,576.00,,572.00,,,1250,717500.00,5,F1,250,,,,,
2026-10-07,2026-10-07,CM,NSE,STK,25835,INE498Q01014,VINCOFE,EQ,,,,,VINTAGE COFFEE N BVRGS L,187.21,187.26,181.60,184.19,184.70,187.21,,184.20,,,740150,136319086.57,11941,F1,1,,,,,
2026-10-07,2026-10-07,CM,NSE,STK,19206,INE0OLS01010,VINYAS,SM,,,,,VINYAS INNOVATIVE TECH L,1412.00,1441.00,1380.05,1440.00,1440.00,1412.10,,1440.00,,,7800,11054905.00,62,F1,100,,,,,
2026-10-07,2026-10-07,CM,NSE,STK,16821,INE250B01029,VINYLINDIA,EQ,,,,,VINYL CHEMICALS (I) LTD.,213.00,220.00,211.80,215.53,215.01,212.77,,215.24,,,2527,544106.51,197,F1,1,,,,,
2026-10-07,2026-10-07,CM,NSE,STK,14843,INE450G01024,VIPCLOTHNG,EQ,,,,,VIP CLOTHING LIMITED,20.20,20.78,19.97,20.02,20.01,20.30,,20.02,,,24616,494457.93,175,F1,1,,,,,
2026-10-07,2026-10-07,CM,NSE,STK,3703,INE054A01027,VIPIND,EQ,,,,,VIP INDUSTRIES LTD,287.90,287.90,279.95,281.10,280.85,288.10,,281.07,,,110534,31301149.90,4652,F1,1,,,,,
2026-10-07,2026-10-07,CM,NSE,STK,8437,INE946H01037,VIPULLTD,BE,,,,,VIPUL LIMITED,10.20,10.71,9.69,9.85,9.80,10.20,,9.85,,,295796,2922322.48,684,F1,1,,,,,
2026-10-07,2026-10-07,CM,NSE,STK,764990,INE467D01017,VIRAT,EQ,,,,,VIRAT INDUSTRIES LTD.,347.70,382.45,338.05,382.45,382.45,347.70,,382.45,,,11252,4208520.10,464,F1,1,,,,,
2026-10-07,2026-10-07,CM,NSE,STK,15295,INE539B01017,VIRINCHI,EQ,,,,,VIRINCHI LIMITED,13.33,14.40,12.73,12.97,13.04,13.16,,12.97,,,67989,895276.72,331,F1,1,,,,,
2026-10-07,2026-10-07,CM,NSE,STK,757060,INE0VRH01015,VGINFOTECH,SM,,,,,VIRTUAL GALAXY INFOTECH L,136.00,138.50,136.00,136.60,136.60,136.85,,136.60,,,25000,3437450.00,20,F1,1000,,,,,
2026-10-07,2026-10-07,CM,NSE,STK,765218,INE247C01023,VIRTUALG,BE,,,,,VIRTUAL GLOBAL EDU LTD,0.44,0.44,0.40,0.44,0.44,0.42,,0.44,,,227968,95990.29,189,F1,1,,,,,
2026-10-07,2026-10-07,CM,NSE,STK,761916,INE0I0T01010,VOEPL,EQ,,,,,VIRTUOSO OPTOELECTRONIC L,510.00,534.85,503.55,526.90,528.00,511.15,,526.89,,,108377,56712149.05,5281,F1,1,,,,,
2026-10-07,2026-10-07,CM,NSE,STK,13295,INE286H01012,VISACHROME,EQ,,,,,VISA CHROME LIMITED,36.00,36.00,35.01,35.22,35.50,35.22,,35.22,,,8536,302775.79,94,F1,1,,,,,
2026-10-07,2026-10-07,CM,NSE,STK,29877,INE370E01029,VIVIDHA,EQ,,,,,VISAGAR POLYTEX LTD,0.51,0.52,0.50,0.50,0.51,0.51,,0.50,,,268981,137539.35,144,F1,1,,,,,
2026-10-07,2026-10-07,CM,NSE,STK,8150,INE392A01021,VISAKAIND,BE,,,,,VISAKA INDUSTRIES LTD,82.25,84.40,81.50,83.83,84.00,81.63,,83.83,,,54269,4519138.65,400,F1,1,,,,,
2026-10-07,2026-10-07,CM,NSE,STK,24274,INE0BHK01012,VISAMAN,SM,,,,,VISAMAN GLOBAL SALES LTD,25.55,25.80,25.00,25.70,25.80,24.60,,25.70,,,170000,4304850.00,51,F1,1000,,,,,
2026-10-07,2026-10-07,CM,NSE,STK,18708,INE0OWX01025,VISDEM,SM,,,,,VISDEM TECHNOSYS LIMITED,95.10,95.10,93.20,95.10,95.10,95.10,,95.10,,,4800,454200.00,4,F1,1200,,,,,
2026-10-07,2026-10-07,CM,NSE,STK,11773,INE755Q01025,VISHAL,EQ,,,,,VISHAL FABRICS LTD.,17.99,17.99,17.01,17.13,17.19,17.50,,17.13,,,50885,882978.57,344,F1,1,,,,,
2026-10-07,2026-10-07,CM,NSE,STK,27969,INE01EA01019,VMM,EQ,,,,,VISHAL MEGA MART LIMITED,100.95,101.60,99.78,100.50,100.50,100.95,,100.48,,,11200804,1128517288.55,44116,F1,1,,,,,
2026-10-07,2026-10-07,CM,NSE,STK,6908,INE270I01022,VISHNU,EQ,,,,,VISHNU CHEMICALS LIMITED,693.70,693.80,680.00,683.40,680.00,695.55,,683.40,,,58238,39958048.20,4509,F1,1,,,,,
2026-10-07,2026-10-07,CM,NSE,STK,18341,INE0AE001013,VPRPL,EQ,,,,,VISHNU PRAKASH R PUNGLI L,28.66,28.70,28.01,28.32,28.40,28.77,,28.28,,,214064,6081408.85,1491,F1,1,,,,,
2026-10-07,2026-10-07,CM,NSE,STK,19300,INE0PQ001012,VISHNUINFR,SM,,,,,VISHNUSURYA PROJ N INFR L,142.30,145.80,140.70,141.35,140.70,146.40,,141.35,,,5000,711950.00,10,F1,500,,,,,
2026-10-07,2026-10-07,CM,NSE,STK,13702,INE430N01022,VISHWARAJ,EQ,,,,,VISHWARAJ SUGAR IND LTD,5.72,5.82,5.46,5.51,5.51,5.72,,5.51,,,363908,2032569.98,987,F1,1,,,,,
2026-10-07,2026-10-07,CM,NSE,STK,23370,INE0S2E01016,VISHWAS,SM,,,,,VISHWAS AGRI SEEDS LTD,44.35,44.35,44.35,44.35,44.35,42.25,,44.35,,,1600,70960.00,1,F1,1600,,,,,
2026-10-07,2026-10-07,CM,NSE,STK,25231,INE0TR001017,VIESL,SM,,,,,VISION INFRA EQUIP SOL L,367.00,370.00,364.40,364.95,364.95,369.90,,364.95,,,8800,3222480.00,11,F1,800,,,,,
2026-10-07,2026-10-07,CM,NSE,STK,761148,INE0L4K01016,VITAL,EQ,,,,,VITAL CHEMTECH LIMITED,50.53,53.11,50.53,52.87,52.87,53.18,,52.87,,,2966,149977.18,28,F1,1,,,,,
2026-10-07,2026-10-07,CM,NSE,STK,763636,INE0MEG01014,VIVIANA,EQ,,,,,VIVIANA POWER TECH LTD,827.65,844.00,800.00,817.85,815.00,824.20,,817.85,,,36092,29754718.70,2648,F1,1,,,,,
2026-10-07,2026-10-07,CM,NSE,STK,761768,INE24H301028,VIVIDEL,SM,,,,,VIVID ELECTROMECH LIMITED,1680.00,1753.50,1680.00,1750.00,1750.00,1713.00,,1750.00,,,18240,31427844.00,65,F1,240,,,,,
2026-10-07,2026-10-07,CM,NSE,STK,11968,INE526G01021,VIVIMEDLAB,BE,,,,,VIVIMED LABS LIMITED,6.59,6.59,6.59,6.59,6.59,6.28,,6.59,,,62809,413911.31,57,F1,1,,,,,
2026-10-07,2026-10-07,CM,NSE,STK,764995,INE380K01017,VIVOBIOT,EQ,,,,,VIVO BIO TECH LTD.,13.87,16.00,12.80,15.10,15.50,13.87,,15.06,,,116917,1637753.99,511,F1,1,,,,,
2026-10-07,2026-10-07,CM,NSE,STK,7620,INE0IA701014,VIVO,ST,,,,,VIVO COLLAB SOLUTIONS LTD,146.00,146.00,146.00,146.00,146.00,147.00,,146.00,,,3200,467200.00,2,F1,1600,,,,,
2026-10-07,2026-10-07,CM,NSE,STK,14296,INE807F01027,VIYASH,EQ,,,,,VIYASH SCIENTIFIC LIMITED,234.00,242.67,232.16,240.77,241.70,233.23,,240.78,,,3081129,737712798.68,36879,F1,1,,,,,
2026-10-07,2026-10-07,CM,NSE,STK,18012,INE03HW01020,VLEGOV,EQ,,,,,VL E GOV AND IT SOL LTD,9.70,9.70,9.25,9.37,9.40,9.37,,9.37,,,46813,440233.77,366,F1,1,,,,,
2026-10-07,2026-10-07,CM,NSE,STK,3715,INE709A01018,VLSFINANCE,EQ,,,,,VLS FINANCE LTD,228.00,238.10,228.00,229.97,229.90,233.90,,230.03,,,9462,2180897.90,491,F1,1,,,,,
2026-10-07,2026-10-07,CM,NSE,STK,29284,INE665J01013,VMART,EQ,,,,,VMART RETAIL LTD,795.90,813.55,781.15,806.20,805.00,793.00,,806.31,,,85019,68020431.80,9113,F1,1,,,,,
2026-10-07,2026-10-07,CM,NSE,STK,759152,INE0SJA01013,VMSTMT,EQ,,,,,VMS TMT LIMITED,45.75,46.44,45.32,45.76,46.30,46.58,,45.77,,,16555,757507.09,348,F1,1,,,,,
2026-10-07,2026-10-07,CM,NSE,STK,14366,INE669E01016,IDEA,EQ,,,,,VODAFONE IDEA LIMITED,13.18,13.40,13.09,13.18,13.18,13.21,,13.18,,,377013597,4982770461.99,361768,F1,1,,,,,
2026-10-07,2026-10-07,CM,NSE,STK,765000,INE285C01015,VOITHPAPR,EQ,,,,,VOITH PAPER FABRICS IND L,1413.00,1444.90,1410.00,1410.80,1410.00,1425.00,,1410.81,,,561,791603.10,28,F1,1,,,,,
2026-10-07,2026-10-07,CM,NSE,STK,13577,INE540H01012,VOLTAMP,EQ,,,,,VOLTAMP TRANSFORMERS LTD,10525.00,10639.00,10380.00,10512.00,10492.00,10539.00,,10511.96,,,10933,115129343.00,5479,F1,1,,,,,
2026-10-07,2026-10-07,CM,NSE,STK,3718,INE226A01021,VOLTAS,EQ,,,,,VOLTAS LTD,1071.90,1072.70,1052.30,1056.80,1056.80,1067.90,,1056.71,,,316203,335649522.30,15525,F1,1,,,,,
2026-10-07,2026-10-07,CM,NSE,STK,24321,INE0S2V01010,VRAJ,EQ,,,,,VRAJ IRON AND STEEL LTD,121.10,124.51,119.80,121.86,121.58,121.60,,121.82,,,8639,1051095.15,494,F1,1,,,,,
2026-10-07,2026-10-07,CM,NSE,STK,8696,INE366I01010,VRLLOG,EQ,,,,,VRL LOGISTICS LIMITED,284.95,287.65,283.50,285.10,285.00,284.95,,285.10,,,135316,38558184.25,4019,F1,1,,,,,
2026-10-07,2026-10-07,CM,NSE,STK,3724,INE710A01016,VSTIND,EQ,,,,,VST INDUSTRIES LTD,202.51,202.87,200.10,201.33,201.38,202.64,,201.33,,,67992,13680421.49,2568,F1,1,,,,,
2026-10-07,2026-10-07,CM,NSE,STK,24292,INE764D01017,VSTTILLERS,EQ,,,,,VST TILLERS TRACTORS LTD,4392.90,4462.10,4342.50,4375.60,4385.00,4426.30,,4375.59,,,5439,23890301.00,1395,F1,1,,,,,
2026-10-07,2026-10-07,CM,NSE,STK,765005,INE855A01019,WHBRADY,EQ,,,,,W H BRADY & CO. LTD.,487.40,492.25,451.00,467.80,485.90,485.00,,470.47,,,255,122094.65,35,F1,1,,,,,
2026-10-07,2026-10-07,CM,NSE,STK,762978,INE765D01022,WPIL,EQ,,,,,W P I L LTD.,440.00,444.50,434.00,435.50,434.05,444.15,,435.45,,,26484,11624647.30,1963,F1,1,,,,,
2026-10-07,2026-10-07,CM,NSE,STK,14828,INE100D01014,WSI,EQ,,,,,W.S.INDUSTRIES (I) LTD.,51.79,52.89,51.07,52.10,51.75,51.79,,52.10,,,39915,2073413.86,385,F1,1,,,,,
2026-10-07,2026-10-07,CM,NSE,STK,25907,INE377N01017,WAAREEENER,EQ,,,,,WAAREE ENERGIES LIMITED,2389.90,2426.00,2362.30,2401.00,2401.00,2398.00,,2400.38,,,429460,1030442268.30,32053,F1,1,,,,,
2026-10-07,2026-10-07,CM,NSE,STK,756038,INE299N01021,WAAREERTL,EQ,,,,,WAAREE RENEWABLE TECH LTD,824.00,824.85,810.00,812.45,813.00,825.95,,812.50,,,89013,72562723.50,8195,F1,1,,,,,
2026-10-07,2026-10-07,CM,NSE,STK,760259,INE0E7301029,WAKEFIT,EQ,,,,,WAKEFIT INNOVATIONS LTD,136.10,136.76,133.70,134.42,133.93,135.98,,134.44,,,406287,54881339.23,6854,F1,1,,,,,
2026-10-07,2026-10-07,CM,NSE,STK,3736,INE711A01022,WALCHANNAG,EQ,,,,,WALCHANDNAGAR INDUSTRIES,203.00,230.00,201.02,223.99,226.13,204.17,,224.02,,,8077353,1807440018.45,107564,F1,1,,,,,
2026-10-07,2026-10-07,CM,NSE,STK,14063,INE107F01022,WANBURY,EQ,,,,,WANBURY LIMITED,197.50,207.37,195.89,198.70,201.31,197.87,,198.70,,,462234,93144408.51,8764,F1,1,,,,,
2026-10-07,2026-10-07,CM,NSE,STK,766360,INE945P01024,WARDINMOBI,BZ,,,,,WARDWIZARD INNO & MOB L,5.20,5.20,5.05,5.15,5.11,5.11,,5.14,,,102283,523632.46,321,F1,1,,,,,
2026-10-07,2026-10-07,CM,NSE,STK,3745,INE054C01015,WATERBASE,EQ,,,,,WATERBASE LTD.,44.80,46.00,44.11,45.07,44.91,44.80,,45.03,,,25171,1125804.11,198,F1,1,,,,,
2026-10-07,2026-10-07,CM,NSE,STK,762163,INE0LZF01039,CORDELIA,EQ,,,,,WATERWAYS LEISURE TOUR L,104.60,109.53,103.62,109.52,109.53,104.32,,109.52,,,1704234,185367074.89,6911,F1,1,,,,,
2026-10-07,2026-10-07,CM,NSE,STK,9862,INE082W01014,WEWIN,EQ,,,,,WE WIN LIMITED,52.85,52.85,50.75,52.85,52.85,51.92,,52.85,,,3048,159947.53,65,F1,1,,,,,
2026-10-07,2026-10-07,CM,NSE,STK,760482,INF2F0001370,TWCGOLDETF,EQ,,,,,WEALTH - TWCGOLDETF,147.00,147.00,145.50,145.99,146.04,146.53,,145.99,,,3563,520163.48,168,F1,1,,,,,
2026-10-07,2026-10-07,CM,NSE,STK,1923,INE658T01017,WEALTH,EQ,,,,,WEALTH FRST PORT. MG. LTD,855.25,866.30,820.10,833.45,832.50,855.15,,833.45,,,1099,919358.25,195,F1,1,,,,,
2026-10-07,2026-10-07,CM,NSE,STK,14602,INE855C01023,WEBELSOLAR,EQ,,,,,WEBSOL ENERGY SYSTEM LTD,70.26,72.36,68.44,69.13,68.95,70.89,,69.10,,,2402205,168553328.75,16689,F1,1,,,,,
2026-10-07,2026-10-07,CM,NSE,STK,3748,INE080A01014,WEIZMANIND,EQ,,,,,WEIZMANN LTD,73.00,73.84,71.00,73.52,73.84,70.39,,73.51,,,3781,275846.88,97,F1,1,,,,,
2026-10-07,2026-10-07,CM,NSE,STK,11821,INE191B01025,WELCORP,EQ,,,,,WELSPUN CORP LIMITED,2660.90,2720.00,2625.30,2704.60,2698.30,2660.90,,2704.60,,,1200738,3220981960.60,67451,F1,1,,,,,
2026-10-07,2026-10-07,CM,NSE,STK,11626,INE625G01013,WELENT,EQ,,,,,WELSPUN ENTERPRISES LTD.,716.15,749.20,713.50,740.75,741.00,718.30,,740.78,,,323309,239653276.20,20739,F1,1,,,,,
2026-10-07,2026-10-07,CM,NSE,STK,19804,INE389K01018,WELINV,BE,,,,,WELSPUN INV & COMM LTD,2400.00,2400.00,2400.00,2400.00,2400.00,2440.00,,2379.45,,,4,9600.00,3,F1,1,,,,,
2026-10-07,2026-10-07,CM,NSE,STK,11253,INE192B01031,WELSPUNLIV,EQ,,,,,WELSPUN LIVING LIMITED,237.86,245.50,232.43,235.86,235.51,237.86,,235.86,,,5454238,1299559587.07,62470,F1,1,,,,,
2026-10-07,2026-10-07,CM,NSE,STK,762971,INE731F01037,WELSPLSOL,EQ,,,,,WELSPUN SPECIALTY SOL L,52.00,52.40,50.64,51.31,51.20,51.99,,51.32,,,572744,29318783.39,3603,F1,1,,,,,
2026-10-07,2026-10-07,CM,NSE,STK,4235,INE274C01019,WENDT,EQ,,,,,WENDT (INDIA) LIMITED,8070.50,8134.50,7953.50,7991.00,8003.00,8097.50,,7990.54,,,4727,37984070.50,1370,F1,1,,,,,
2026-10-07,2026-10-07,CM,NSE,STK,3799,INE976A01021,WSTCSTPAPR,EQ,,,,,WEST COAST PAPER MILLS LT,758.00,765.65,728.00,732.30,728.10,753.05,,732.30,,,210582,157614166.80,12244,F1,1,,,,,
2026-10-07,2026-10-07,CM,NSE,STK,25403,INE0CJF01024,WCIL,EQ,,,,,WESTERN CARRIERS (IND) L,87.67,93.40,87.60,92.54,92.64,87.76,,92.56,,,265462,24254595.22,2632,F1,1,,,,,
2026-10-07,2026-10-07,CM,NSE,STK,11580,INE274F01020,WESTLIFE,EQ,,,,,WESTLIFE FOODWORLD LTD,595.05,603.95,581.30,586.40,582.70,594.60,,586.39,,,86911,51560806.65,6762,F1,1,,,,,
2026-10-07,2026-10-07,CM,NSE,STK,759434,INE085001019,WEWORK,EQ,,,,,WEWORK INDIA MANAGEMENT L,657.65,683.25,657.65,673.15,666.30,664.90,,673.15,,,134408,90469096.80,10256,F1,1,,,,,
2026-10-07,2026-10-07,CM,NSE,STK,3766,INE715A01015,WHEELS,EQ,,,,,WHEELS INDIA LTD,2295.90,2315.80,2242.00,2283.90,2296.00,2289.00,,2283.93,,,62357,142422570.80,7446,F1,1,,,,,
2026-10-07,2026-10-07,CM,NSE,STK,18011,INE716A01013,WHIRLPOOL,EQ,,,,,WHIRLPOOL OF INDIA LTD,865.80,865.80,840.10,845.50,843.70,867.80,,845.39,,,242471,207408189.60,15910,F1,1,,,,,
2026-10-07,2026-10-07,CM,NSE,STK,3772,INE210A01017,WILLAMAGOR,EQ,,,,,WILLIAMSON MAGOR,22.40,22.40,20.91,21.63,21.67,21.88,,21.63,,,2518,53699.65,80,F1,1,,,,,
2026-10-07,2026-10-07,CM,NSE,STK,5366,INE0H5O01029,WINDLAS,EQ,,,,,WINDLAS BIOTECH LIMITED,1038.50,1042.20,1011.70,1022.00,1029.00,1036.20,,1021.99,,,78586,80559726.40,6922,F1,1,,,,,
2026-10-07,2026-10-07,CM,NSE,STK,24969,INE052A01021,WINDMACHIN,EQ,,,,,WINDSOR MACHINES LIMITED,296.50,305.00,291.05,303.05,303.50,294.85,,303.03,,,131722,39584035.75,2809,F1,1,,,,,
2026-10-07,2026-10-07,CM,NSE,STK,24173,INE0S9101013,WINNY,SM,,,,,WINNY IMMIGRA & EDU SER L,35.75,35.75,35.75,35.75,35.75,34.05,,35.75,,,500,17875.00,1,F1,500,,,,,
2026-10-07,2026-10-07,CM,NSE,STK,23714,INE0S3D01016,WINSOL,SM,,,,,WINSOL ENGINEERS LIMITED,104.20,111.00,104.20,106.55,106.50,107.95,,106.55,,,13600,1481060.00,23,F1,400,,,,,
2026-10-07,2026-10-07,CM,NSE,STK,3787,INE075A01022,WIPRO,EQ,,,,,WIPRO LTD,160.60,162.20,158.70,159.60,159.60,161.84,,159.60,,,12404246,1985519566.87,70047,F1,1,,,,,
2026-10-07,2026-10-07,CM,NSE,STK,22725,INE623Y01011,WTICAB,SM,,,,,WISE TRAVEL INDIA LIMITED,99.65,99.65,96.00,96.50,96.50,99.40,,96.50,,,12000,1158350.00,20,F1,500,,,,,
2026-10-07,2026-10-07,CM,NSE,STK,7506,INE049B01025,WOCKPHARMA,EQ,,,,,WOCKHARDT LIMITED,2175.00,2197.00,2130.40,2150.40,2151.00,2176.40,,2150.34,,,463533,1000635211.80,32036,F1,1,,,,,
2026-10-07,2026-10-07,CM,NSE,STK,25602,INE0OO201011,WOL3D,SM,,,,,WOL 3D INDIA LIMITED,139.00,140.70,139.00,140.00,140.00,134.00,,140.00,,,10000,1404400.00,10,F1,1000,,,,,
2026-10-07,2026-10-07,CM,NSE,STK,19632,INE0Q9601016,WOMANCART,ST,,,,,WOMANCART LIMITED,94.40,95.70,90.05,91.10,91.90,93.60,,91.10,,,15200,1400420.00,38,F1,400,,,,,
2026-10-07,2026-10-07,CM,NSE,STK,7835,INE02WG01024,WEL,EQ,,,,,WONDER ELECTRICALS LTD,76.00,76.20,74.82,74.96,75.97,74.62,,74.96,,,212210,15974658.80,1368,F1,1,,,,,
2026-10-07,2026-10-07,CM,NSE,STK,3002,INE066O01014,WONDERLA,EQ,,,,,WONDERLA HOLIDAYS LTD.,513.45,524.00,509.35,519.60,517.80,509.70,,519.58,,,102613,53049168.65,6268,F1,1,,,,,
2026-10-07,2026-10-07,CM,NSE,STK,22277,INE196Y01018,WORTHPERI,EQ,,,,,WORTH PERIPHERALS LIMITED,136.55,147.30,136.55,143.26,142.99,141.09,,143.26,,,41500,5942776.18,94,F1,1,,,,,
2026-10-07,2026-10-07,CM,NSE,STK,11705,INE692G01013,XCHANGING,EQ,,,,,XCHANGING SOLUTIONS LTD,62.25,62.25,60.55,61.04,61.22,61.86,,61.03,,,38682,2372101.47,777,F1,1,,,,,
2026-10-07,2026-10-07,CM,NSE,STK,8477,INE01P501012,XELPMOC,EQ,,,,,XELPMOC DESIGN & TECH LTD,85.70,93.45,83.21,91.32,93.40,85.62,,91.27,,,23701,2109212.61,426,F1,1,,,,,
2026-10-07,2026-10-07,CM,NSE,STK,11407,INE445C01015,XPROINDIA,EQ,,,,,XPRO INDIA LIMITED,1143.80,1148.10,1121.00,1130.00,1121.00,1136.10,,1129.93,,,20541,23250827.90,2598,F1,1,,,,,
2026-10-07,2026-10-07,CM,NSE,STK,25235,INE547B01028,XTGLOBAL,EQ,,,,,XTGLOBAL INFOTECH LIMITED,28.10,28.29,27.12,27.20,27.20,27.61,,27.21,,,46806,1294496.25,154,F1,1,,,,,
2026-10-07,2026-10-07,CM,NSE,STK,764312,INE0NG701011,XTRANET,EQ,,,,,XTRANET TECHNOLOGIES LTD,304.00,315.30,294.55,302.65,301.00,300.30,,302.67,,,787101,242109752.25,13899,F1,1,,,,,
2026-10-07,2026-10-07,CM,NSE,STK,760870,INE0U0J01015,YAAP,SM,,,,,YAAP DIGITAL LIMITED,125.00,125.00,119.00,122.90,122.90,125.00,,122.90,,,24000,2905550.00,24,F1,1000,,,,,
2026-10-07,2026-10-07,CM,NSE,STK,23451,INE0TO601017,YASHOPTICS,SM,,,,,YASH OPTICS & LENS LTD,130.95,131.50,128.00,130.00,130.00,127.00,,130.00,,,13600,1766000.00,16,F1,800,,,,,
2026-10-07,2026-10-07,CM,NSE,STK,18131,INE616Z01012,YASHO,EQ,,,,,YASHO INDUSTRIES LIMITED,4339.60,4468.60,4294.90,4337.60,4320.00,4282.80,,4337.64,,,60414,264328691.00,13117,F1,1,,,,,
2026-10-07,2026-10-07,CM,NSE,STK,17627,INE08S201019,YCCL,SM,,,,,YASONS CHEMEX CARE LTD,8.65,8.70,7.90,8.15,8.15,8.50,,8.15,,,12000,100200.00,4,F1,3000,,,,,
2026-10-07,2026-10-07,CM,NSE,STK,17738,INE0JO301016,YATHARTH,EQ,,,,,YATHARTH HOSP & TRA C S L,1058.90,1068.40,1022.30,1032.70,1035.00,1058.80,,1032.73,,,271988,283706871.40,20351,F1,1,,,,,
2026-10-07,2026-10-07,CM,NSE,STK,18760,INE0JR601024,YATRA,EQ,,,,,YATRA ONLINE LIMITED,101.00,102.19,100.36,101.59,100.50,101.48,,101.59,,,417216,42285362.09,4040,F1,1,,,,,
2026-10-07,2026-10-07,CM,NSE,STK,11915,INE528G01035,YESBANK,EQ,,,,,YES BANK LIMITED,20.89,20.93,20.63,20.79,20.79,20.86,,20.79,,,73908969,1534759983.55,64222,F1,1,,,,,
2026-10-07,2026-10-07,CM,NSE,STK,765010,INE290E01011,YOGI,EQ,,,,,YOGI LTD.,161.00,162.00,161.00,161.86,162.00,161.00,,162.05,,,345,55621.94,25,F1,1,,,,,
2026-10-07,2026-10-07,CM,NSE,STK,18040,INE09FA01019,YUDIZ,SM,,,,,YUDIZ SOLUTIONS LIMITED,22.85,22.85,22.85,22.85,22.85,24.05,,22.85,,,1600,36560.00,2,F1,800,,,,,
2026-10-07,2026-10-07,CM,NSE,STK,5501,INE384C01016,YUKEN,EQ,,,,,YUKEN INDIA LIMITED,1251.00,1263.30,1213.30,1216.50,1215.00,1238.60,,1216.51,,,14333,17645335.60,1977,F1,1,,,,,
2026-10-07,2026-10-07,CM,NSE,STK,4229,INE116C01012,ZFSTEERING,EQ,,,,,Z F STEERING GEAR (I) LTD,715.00,718.55,685.50,691.70,693.75,710.25,,691.77,,,2425,1694577.65,249,F1,1,,,,,
2026-10-07,2026-10-07,CM,NSE,STK,23976,INE0ISZ01012,ZTECH,SM,,,,,Z-TECH (INDIA) LIMITED,470.00,485.50,470.00,471.50,471.50,488.15,,471.50,,,9300,4460640.00,22,F1,300,,,,,
2026-10-07,2026-10-07,CM,NSE,STK,18608,INE07K301024,ZAGGLE,EQ,,,,,ZAGGLE PREPA OCEAN SER L,172.28,175.02,170.26,172.22,171.73,171.88,,172.22,,,1255445,216564230.67,13618,F1,1,,,,,
2026-10-07,2026-10-07,CM,NSE,STK,17766,INE0PPS01018,ZEAL,SM,,,,,ZEAL GLOBAL SERVICES LTD,70.70,70.70,70.70,70.70,70.70,70.70,,70.70,,,600,42420.00,1,F1,600,,,,,
2026-10-07,2026-10-07,CM,NSE,STK,3812,INE256A01028,ZEEL,EQ,,,,,ZEE ENTERTAINMENT ENT LTD,72.50,72.69,69.83,70.12,70.25,72.42,,70.12,,,16790305,1191048970.54,57989,F1,1,,,,,
2026-10-07,2026-10-07,CM,NSE,STK,20852,INE565L01011,ZEELEARN,EQ,,,,,ZEE LEARN LIMITED,6.40,6.45,6.19,6.29,6.23,6.37,,6.28,,,281457,1785652.91,551,F1,1,,,,,
2026-10-07,2026-10-07,CM,NSE,STK,14003,INE966H01019,ZEEMEDIA,EQ,,,,,ZEE MEDIA CORPORATION LTD,7.27,7.27,7.15,7.21,7.24,7.22,,7.21,,,668835,4814933.60,769,F1,1,,,,,
2026-10-07,2026-10-07,CM,NSE,STK,7508,INE251B01027,ZENTEC,EQ,,,,,ZEN TECHNOLOGIES LIMITED,1608.00,1608.00,1572.00,1580.20,1579.00,1614.30,,1580.20,,,157459,250354060.10,13372,F1,1,,,,,
2026-10-07,2026-10-07,CM,NSE,STK,22803,INE0QWN01013,ZENITHDRUG,SM,,,,,ZENITH DRUGS LIMITED,42.05,42.30,42.05,42.15,42.15,42.05,,42.15,,,5600,235880.00,4,F1,800,,,,,
2026-10-07,2026-10-07,CM,NSE,STK,4176,INE058B01018,ZENITHEXPO,EQ,,,,,ZENITH EXPORTS LTD,188.00,188.00,186.63,186.63,186.63,187.56,,187.12,,,20,3746.38,5,F1,1,,,,,
2026-10-07,2026-10-07,CM,NSE,STK,14562,INE318D01020,ZENITHSTL,EQ,,,,,ZENITH STEEL PIP IND LTD,5.32,5.32,5.11,5.28,5.29,5.25,,5.28,,,10316,53814.59,120,F1,1,,,,,
2026-10-07,2026-10-07,CM,NSE,STK,1076,INE520A01027,ZENSARTECH,EQ,,,,,ZENSAR TECHNOLOGIES  LTD,445.75,446.45,436.25,439.30,440.60,445.45,,439.31,,,485832,213639727.60,20321,F1,1,,,,,
2026-10-07,2026-10-07,CM,NSE,STK,22901,INF0R8F01042,GOLDCASE,EQ,,,,,ZERODHAAMC - GOLDCASE,23.14,23.16,23.04,23.05,23.08,23.14,,23.05,,,18245796,421290951.57,10665,F1,1,,,,,
2026-10-07,2026-10-07,CM,NSE,STK,21750,INF0R8F01034,LIQUIDCASE,EQ,,,,,ZERODHAAMC - LIQUIDCASE,116.25,116.27,116.25,116.25,116.26,116.23,,116.25,,,19441650,2260261912.08,12356,F1,1,,,,,
2026-10-07,2026-10-07,CM,NSE,STK,758705,INF0R8F01133,LTGILTCASE,EQ,,,,,ZERODHAAMC - LTGILTCASE,30.16,30.16,29.98,30.06,30.10,30.08,,30.06,,,305490,9182230.52,254,F1,1,,,,,
2026-10-07,2026-10-07,CM,NSE,STK,24077,INF0R8F01059,MID150CASE,EQ,,,,,ZERODHAAMC - MID150CASE,11.15,11.15,10.90,11.02,11.03,11.06,,11.02,,,1101337,12154083.64,3099,F1,1,,,,,
2026-10-07,2026-10-07,CM,NSE,STK,759302,INF0R8F01166,NIFTYCASE,EQ,,,,,ZERODHAAMC - NIFTYCASE,9.33,9.33,9.06,9.09,9.13,9.11,,9.09,,,547456,4981122.82,1851,F1,1,,,,,
2026-10-07,2026-10-07,CM,NSE,STK,30274,INF0R8F01091,SILVERCASE,EQ,,,,,ZERODHAAMC - SILVERCASE,22.21,22.31,22.12,22.14,22.20,22.32,,22.14,,,7131280,158472597.54,5372,F1,1,,,,,
2026-10-07,2026-10-07,CM,NSE,STK,758955,INF0R8F01141,SML100CASE,EQ,,,,,ZERODHAAMC - SML100CASE,10.99,11.10,10.90,11.06,11.09,10.99,,11.06,,,1414994,15633206.04,1274,F1,1,,,,,
2026-10-07,2026-10-07,CM,NSE,STK,24081,INF0R8F01067,TOP100CASE,EQ,,,,,ZERODHAAMC - TOP100CASE,10.10,10.10,9.92,9.97,10.00,10.03,,9.97,,,452981,4523061.04,1271,F1,1,,,,,
2026-10-07,2026-10-07,CM,NSE,STK,16915,INE342J01019,ZFCVINDIA,EQ,,,,,ZF COM VE CTR SYS IND LTD,2190.10,2208.00,2134.10,2172.20,2175.00,2187.40,,2172.16,,,62876,136095788.20,11995,F1,1,,,,,
2026-10-07,2026-10-07,CM,NSE,STK,12384,INE518E01015,ZIMLAB,EQ,,,,,ZIM LABORATORIES LIMITED,140.00,152.50,136.47,146.61,146.00,138.57,,146.61,,,846341,124486557.30,14670,F1,1,,,,,
2026-10-07,2026-10-07,CM,NSE,STK,3821,INE206B01013,ZODIACLOTH,EQ,,,,,ZODIAC CLOTHING CO. LTD.,66.97,68.97,66.70,67.71,67.01,66.67,,67.56,,,518,34834.50,59,F1,1,,,,,
2026-10-07,2026-10-07,CM,NSE,STK,7129,INE761Y01019,ZODIAC,EQ,,,,,ZODIAC ENERGY LIMITED,211.00,221.19,205.05,214.34,212.65,212.65,,214.37,,,8614,1850897.27,597,F1,1,,,,,
2026-10-07,2026-10-07,CM,NSE,STK,11394,INE358U01012,ZOTA,EQ,,,,,ZOTA HEALTH CARE LIMITED,1278.00,1358.60,1251.60,1342.10,1330.00,1278.60,,1342.10,,,166584,219654513.60,7500,F1,1,,,,,
2026-10-07,2026-10-07,CM,NSE,STK,29050,INE840M01016,ZUARI,EQ,,,,,ZUARI AGRO CHEMICALS LTD,217.90,219.46,213.35,216.19,216.10,218.28,,216.19,,,34045,7366672.44,1274,F1,1,,,,,
2026-10-07,2026-10-07,CM,NSE,STK,3827,INE217A01012,ZUARIIND,EQ,,,,,ZUARI INDUSTRIES LIMITED,289.90,289.90,279.60,281.45,281.50,288.45,,281.46,,,53991,15277823.85,2103,F1,1,,,,,
2026-10-07,2026-10-07,CM,NSE,STK,7929,INE010B01027,ZYDUSLIFE,EQ,,,,,ZYDUS LIFESCIENCES LTD,1165.00,1167.40,1147.60,1153.00,1153.00,1159.50,,1153.01,,,1143059,1321716157.00,25945,F1,1,,,,,
2026-10-07,2026-10-07,CM,NSE,STK,17635,INE768C01028,ZYDUSWELL,EQ,,,,,ZYDUS WELLNESS LIMITED,505.70,513.00,498.30,507.55,505.00,502.40,,507.55,,,147985,74762249.95,12482,F1,1,,,,,
